IUPAC,AAL (0.01 ug/ml),AAL (0.1ug/ml),AAL (1ug/ml),AAL (10ug/ml),AAL (100 ug/ml)
Gal(a1-Sp8,32.14354999999999,12.400250000000005,15.102775,12.556749999999996,72.36732500000002
Glc(a1-Sp8,11.702475,11.707924999999996,26.4062,13.13925,55.572325000000006
Man(a1-Sp8,13.544074999999998,26.35055,45.14219999999999,17.456525,18.856099999999994
GalNAc(a1-Sp8,-2.4079999999999977,13.690100000000005,23.9211,-0.4513249999999971,9.264475000000004
GalNAc(a1-Sp15,12.806600000000005,30.71627500000001,30.881225000000004,24.567824999999992,40.372825
Fuc(a1-Sp8,794.74585,7252.564800000003,33896.72940000001,42160.755025,36437.64317500001
Fuc(a1-Sp9,411.373425,5168.231099999999,24960.579650000003,40822.40447499999,35450.275825000004
Rha(a1-Sp8,-3.0725750000000005,14.915775,6.624374999999987,9.933025000000004,3.164475000000003
Neu5Ac(a1-Sp8,-0.6815750000000023,7.681950000000002,1.7929000000000013,28.80572500000001,8.449200000000005
Neu5Ac(a1-Sp11,9.048875000000002,-2.2078250000000046,-2.694449999999998,3.3498750000000013,-19.9445
Neu5Ac(b1-Sp8,3.695149999999998,14.147749999999995,1.789875000000002,13.712225000000005,-8.571524999999994
Gal(b1-Sp8,9.779674999999996,39.0626,73.46837500000002,97.606675,77.71635
Glc(b1-Sp8,-3.7225,20.751199999999994,20.072775,9.054724999999994,46.37430000000001
Man(b1-Sp8,0.465799999999998,5.012100000000002,-5.522299999999998,4.3917,24.20747500000001
GalNAc(b1-Sp8,4.085374999999999,13.13195,2.957899999999998,1.672975000000001,13.055450000000004
GlcNAc(b1-Sp0,-1.6413249999999984,20.955225,11.298250000000005,-0.7192249999999979,15.476400000000005
GlcNAc(b1-Sp8,11.836050000000007,30.307399999999994,6.161350000000002,2.2620749999999994,59.06202499999999
GlcN[Gc](b1-Sp8,-3.788099999999994,14.948549999999996,9.881825000000003,-2.1468000000000025,-14.041075000000005
Gal(b1-4)GlcNAc(b1-6)[Gal(b1-4)GlcNAc(b1-3)]GalNAc(a1-Sp8,-1.2190249999999985,-3.351275000000001,11.323225000000004,22.288549999999994,10.838775000000002
Gal(b1-4)GlcNAc(b1-6)[Gal(b1-4)GlcNAc(b1-3)]GalNAc(a1-Sp14,-5.342874999999992,16.642249999999983,-6.575274999999998,8.319175000000001,-16.631449999999994
GlcNAc(b1-6)[GlcNAc(b1-4)][GlcNAc(b1-3)]GlcNAc(a1-Sp8,0.3409499999999994,-1.315324999999998,17.783375,10.033425000000003,-1.5704000000000031
6S(3S)Gal(b1-4)(6S)GlcNAc(b1-Sp0,-1.0147499999999958,-18.745549999999994,-19.217825,28.65195,-61.63589999999998
6S(3S)Gal(b1-4)GlcNAc(b1-Sp0,-14.236449999999998,15.447325,-9.574750000000003,10.071324999999998,-11.362000000000002
(3S)Gal(b1-4)[Fuc(a1-3)](6S)Glc(a1-Sp0,60.95475,2353.24355,10496.513825,26339.8427,39517.38245000001
(3S)Gal(b1-4)Glc(b1-Sp8,3.74555,-1.4851750000000008,19.896025,3.832225000000003,16.009750000000004
(3S)Gal(b1-4)(6S)Glc(b1-Sp0,2.3077749999999995,5.8486249999999975,12.4208,51.04075,18.3729
(3S)Gal(b1-4)(6S)Glc(b1-Sp8,2.078574999999999,28.053574999999995,16.405499999999996,3.288400000000003,23.238549999999986
(3S)Gal(b1-3)[Fuc(a1-4)]GlcNAc(b1-Sp8,329.7933,6667.409324999999,27446.446150000003,35462.266075,34343.09655
(3S)Gal(b1-3)GalNAc(a1-Sp8,-0.3701749999999997,0.4027249999999985,-0.6821250000000028,-12.431774999999998,0.861975000000001
(3S)Gal(b1-3)GlcNAc(b1-Sp0,0.7666000000000004,-9.3364,-0.6715,-12.580775,-12.968549999999995
(3S)Gal(b1-3)GlcNAc(b1-Sp8,-6.5063999999999975,-7.2026,-0.07602500000000313,-0.29572499999999025,-17.836025000000006
(3S)Gal(b1-4)[Fuc(a1-3)]GlcNAc(a1-Sp0 ,331.84777500000007,4469.08055,29811.06235,32708.621100000004,32845.0039
(3S)Gal(b1-4)[Fuc(a1-3)]GlcNAc(a1-Sp8,142.73017499999997,3531.9610500000013,21664.715475000005,38789.688999999984,33711.376775
(3S)Gal(b1-4)(6S)GlcNAc(b1-Sp0,7.6309749999999985,-3.8416749999999986,-0.12737499999999358,-12.914825,-16.62945
(3S)Gal(b1-4)(6S)GlcNAc(b1-Sp8,7.360949999999999,8.883074999999998,22.158500000000004,-5.460825,39.18917499999999
(3S)Gal(b1-4)GlcNAc(b1-Sp0,-2.3373250000000025,9.481575,-15.324325000000002,-8.965924999999997,-29.68815
(3S)Gal(b1-4)GlcNAc(b1-Sp8,-11.29245,15.456875,4.65535,19.495125,34.11777500000001
(3S)Gal(b1-Sp8,-3.021474999999999,2.1020749999999992,2.684099999999999,13.399975,21.91415
(6S)(4S)Gal(b1-4)GlcNAc(b1-Sp0,-6.291875,35.128975,-4.933200000000005,-6.942724999999999,8.117349999999998
(4S)Gal(b1-4)GlcNAc(b1-Sp8,-9.026450000000004,-4.521275000000001,1.2905750000000005,-1.720750000000001,-0.4471249999999962
(6P)Man(a1-Sp8,0.7523999999999944,44.76944999999999,27.54969999999999,36.609075,41.97740000000001
(6S)Gal(b1-4)Glc(b1-Sp0,3.8524749999999983,-0.016875000000002416,-0.051350000000002886,-2.3163500000000035,-19.02220000000001
(6S)Gal(b1-4)Glc(b1-Sp8,-8.298825000000003,16.781400000000005,12.650699999999993,22.555175,0.16632499999999695
(6S)Gal(b1-4)GlcNAc(b1-Sp8,-17.274925,-8.919225,-4.305524999999999,-20.3308,-38.51712499999999
(6S)Gal(b1-4)(6S)Glc(b1-Sp8,3.5734499999999976,12.906599999999996,0.9332749999999947,20.4748,4.973374999999997
Neu5Ac(a2-3)(6S)Gal(b1-4)GlcNAc(b1-Sp8,16.53902500000001,4032.221750000001,29730.975125,35557.0099,33184.4969
(6S)GlcNAc(b1-Sp8,-9.488150000000003,-1.4582499999999996,14.06295,-3.050924999999996,-27.428175000000003
"Neu5,9Ac2(a1-Sp8",-26.898325,-19.486950000000004,0.33049999999999713,7.327525000000005,-64.84215
"Neu5,9Ac2(a2-6)Gal(b1-4)GlcNAc(b1-Sp8",-4.398125,-6.156425000000002,-2.327250000000003,-8.8102,5.240099999999998
Man(a1-6)[Man(a1-3)]Man(b1-4)GlcNAc(b1-4)GlcNAc(b1-Sp12,3.019425,14.86705,18.53705,16.3926,19.38375
Man(a1-6)[Man(a1-3)]Man(b1-4)GlcNAc(b1-4)GlcNAc(b1-Sp13,1.0629500000000007,14.748125,43.92914999999999,71.90132500000001,89.19810000000004
GlcNAc(b1-2)Man(a1-6)[GlcNAc(b1-2)Man(a1-3)]Man(b1-4)GlcNAc(b1-4)GlcNAc(b1-Sp12,-5.634175000000001,13.245500000000005,17.176224999999995,8.85125,9.425175
GlcNAc(b1-2)Man(a1-6)[GlcNAc(b1-2)Man(a1-3)]Man(b1-4)GlcNAc(b1-4)GlcNAc(b1-Sp13,-0.8123499999999986,1.4973499999999973,1.4598000000000009,-10.179349999999996,1.5297999999999978
Gal(b1-4)GlcNAc(b1-2)Man(a1-6)[Gal(b1-4)GlcNAc(b1-2)Man(a1-3)]Man(b1-4)GlcNAc(b1-4)GlcNAc(b1-Sp12,11.564625,-0.6873749999999994,11.582425,-6.099225000000002,-4.2398500000000015
Neu5Ac(a2-6)Gal(b1-4)GlcNAc(b1-2)Man(a1-6)[Neu5Ac(a2-6)Gal(b1-4)GlcNAc(b1-2)Man(a1-3)]Man(b1-4)GlcNAc(b1-4)GlcNAc(b1-Sp12,0.5371250000000014,0.10547500000000554,0.8407250000000026,2.2316499999999984,26.96270000000002
Neu5Ac(a2-6)Gal(b1-4)GlcNAc(b1-2)Man(a1-6)[Neu5Ac(a2-6)Gal(b1-4)GlcNAc(b1-2)Man(a1-3)]Man(b1-4)GlcNAc(b1-4)GlcNAc(b1-Sp13,-7.640849999999999,-8.867024999999998,-1.3847499999999986,-7.438525000000002,1.3952749999999978
Neu5Ac(a2-6)Gal(b1-4)GlcNAc(b1-2)Man(a1-6)[Neu5Ac(a2-6)Gal(b1-4)GlcNAc(b1-2)M(an-a)(a1-3)]Man(b1-4)GlcNAc(b1-4)GlcNAc(b1-Sp21,1.2164499999999985,15.857425000000005,12.247925000000002,12.18945,0.03509999999999991
Neu5Ac(a2-6)Gal(b1-4)GlcNAc(b1-2)Man(a1-6)[Neu5Ac(a2-6)Gal(b1-4)GlcNAc(b1-2)Man(a1-3)]Man(b1-4)GlcNAc(b1-4)GlcNAc(b1-Sp24,1.2530500000000018,19.762475,46.83172499999999,50.64190000000002,20.9827
Fuc(a1-2)Gal(b1-3)GalNAc(b1-3)Gal(a1-Sp9,2.9516749999999945,459.0169,929.73735,4623.31335,3814.471725
Fuc(a1-2)Gal(b1-3)GalNAc(b1-3)Gal(a1-4)Gal(b1-4)Glc(b1-Sp9,19.874325,299.088425,1705.2545750000006,16335.047449999998,10994.486775
Fuc(a1-2)Gal(b1-3)[Fuc(a1-4)]GlcNAc(b1-Sp8,98.79035,4382.71005,15174.226075,28981.133225000005,27550.59460000001
Fuc(a1-2)Gal(b1-3)GalNAc(a1-Sp8,-4.657275000000002,1718.3493999999994,7313.55335,23430.74592500001,25659.120275
Fuc(a1-2)Gal(b1-3)GalNAc(a1-Sp14,7.503800000000003,69.215,759.8159750000003,6382.678799999999,3676.313925
Fuc(a1-2)Gal(b1-3)GalNAc(b1-4)[Neu5Ac(a2-3)]Gal(b1-4)Glc(b1-Sp0,-20.846525,12.701224999999996,21.61545000000001,47.73,37.787925
Fuc(a1-2)Gal(b1-3)GalNAc(b1-4)[Neu5Ac(a2-3)]Gal(b1-4)Glc(b1-Sp9,15.818324999999998,9.214350000000003,20.686775,126.49395,28.311425000000003
Fuc(a1-2)Gal(b1-3)GlcNAc(b1-3)Gal(b1-4)Glc(b1-Sp8,3.5136499999999984,2010.906575,8310.983575,25456.79835,25453.79935
Fuc(a1-2)Gal(b1-3)GlcNAc(b1-3)Gal(b1-4)Glc(b1-Sp10,61.38767499999999,3079.9107000000013,11985.882425000005,25414.54992500001,26506.461575
Fuc(a1-2)Gal(b1-3)GlcNAc(b1-Sp0,10.993674999999996,2541.112425,11853.73255,30575.02225,29278.86510000001
Fuc(a1-2)Gal(b1-3)GlcNAc(b1-Sp8,31.497325000000004,2898.3339,10701.57305,23731.848825,28124.261175000003
Fuc(a1-2)Gal(b1-4)[Fuc(a1-3)]GlcNAc(b1-3)Gal(b1-4)[Fuc(a1-3)]GlcNAc(b1-Sp0,524.94865,6464.5577,33868.239174999995,36679.72215,33218.451424999985
Fuc(a1-2)Gal(b1-4)[Fuc(a1-3)]GlcNAc(b1-3)Gal(b1-4)[Fuc(a1-3)]GlcNAc(b1-3)Gal(b1-4)[Fuc(a1-3)]GlcNAc(b1-Sp0,870.9278999999997,11088.217749999998,40278.574625,37829.31165,38400.946625
Fuc(a1-2)Gal(b1-4)[Fuc(a1-3)]GlcNAc(b1-Sp0,539.08305,7380.975075,36420.738349999985,38339.282325000015,36950.96547500001
Fuc(a1-2)Gal(b1-4)[Fuc(a1-3)]GlcNAc(b1-Sp8,690.4860000000001,6666.1469000000025,29720.036850000004,32460.162974999992,29176.882325000013
Fuc(a1-2)Gal(b1-4)GlcNAc(b1-3)Gal(b1-4)GlcNAc(b1-Sp0,572.288725,6732.568500000002,30996.612750000004,30687.058925,29864.158775000004
Fuc(a1-2)Gal(b1-4)GlcNAc(b1-3)Gal(b1-4)GlcNAc(b1-3)Gal(b1-4)GlcNAc(b1-Sp0,441.173525,5973.218500000001,33597.845225000005,37089.32567499999,34681.58025
Fuc(a1-2)Gal(b1-4)GlcNAc(b1-Sp0,489.9116,5695.61045,31375.7516,37707.8422,31828.636
Fuc(a1-2)Gal(b1-4)GlcNAc(b1-Sp8,535.6634000000001,7249.497524999999,32893.67260000001,37732.404575000015,36694.15304999999
Fuc(a1-2)Gal(b1-4)Glc(b1-Sp0,723.3071500000003,7593.859649999998,27144.493175000003,34014.611374999986,32578.4128
Fuc(a1-2)Gal(b1-Sp8,691.1114000000001,7346.658800000001,29521.281724999993,37576.74935,35663.927599999995
Fuc(a1-3)GlcNAc(b1-Sp8,757.8349750000003,8140.294450000001,31117.463300000003,35766.10935,33263.125675
Fuc(a1-4)GlcNAc(b1-Sp8,688.1668500000003,7300.712125,31475.330875,39220.91039999999,35907.322725000005
Fuc(b1-3)GlcNAc(b1-Sp8,744.624775,8610.303425,29396.869625,35537.355599999995,33168.979925
GalNAc(a1-3)[Fuc(a1-2)]Gal(b1-3)GlcNAc(b1-Sp0,6.1455249999999975,11.270100000000005,3.3026250000000026,-2.7888000000000046,9.3783
GalNAc(a1-3)[Fuc(a1-2)]Gal(b1-4)[Fuc(a1-3)]GlcNAc(b1-Sp0,8.477899999999995,116.55365000000002,453.2266,3351.161575,1863.1934
(3S)Gal(b1-4)[Fuc(a1-3)]Glc(b1-Sp0,103.46644999999998,4208.966425,17442.591525,27784.328875,25883.38447500001
GalNAc(a1-3)[Fuc(a1-2)]Gal(b1-4)GlcNAc(b1-Sp0,-1.55565,7.876325000000002,9.065575,106.75337499999998,68.4912
GalNAc(a1-3)[Fuc(a1-2)]Gal(b1-4)GlcNAc(b1-Sp8,-0.8319499999999955,-0.11404999999999887,213.565575,1397.6452250000002,1410.462175
GalNAc(a1-3)[Fuc(a1-2)]Gal(b1-4)Glc(b1-Sp0,-20.046600000000005,47.80205000000001,45.07957500000001,642.057875,409.479075
GlcNAc(b1-3)Gal(b1-3)GalNAc(a1-Sp8,-9.598249999999991,28.64657500000001,44.801925,67.01717500000001,80.22355
GalNAc(a1-3)[Fuc(a1-2)]Gal(b1-Sp8,1.7292500000000004,2638.76055,11387.82695,27102.464150000003,29296.331575
GalNAc(a1-3)[Fuc(a1-2)]Gal(b1-Sp18,516.3050249999999,5792.888500000001,26816.50745,32026.151,28770.570250000004
GalNAc(a1-3)GalNAc(b1-Sp8,-32.59385,-11.825375,-7.432225000000002,-21.289800000000003,-50.753075
GalNAc(a1-3)Gal(b1-Sp8,-2.654600000000002,-3.385625,-0.8417250000000003,11.056575000000002,-24.689124999999994
GalNAc(a1-4)[Fuc(a1-2)]Gal(b1-4)GlcNAc(b1-Sp8,453.05545,6344.7295749999985,31970.515374999995,37291.34892500001,34693.433875
GalNAc(b1-3)GalNAc(a1-Sp8,3.902375000000003,11.7206,9.289725,-1.1629999999999896,-23.07522499999999
GalNAc(b1-3)[Fuc(a1-2)]Gal(b1-Sp8,9.457900000000002,1150.614375,7717.051175,28565.653,31476.65685
GalNAc(b1-3)Gal(a1-4)Gal(b1-4)GlcNAc(b1-Sp0,4.623100000000001,4.9157749999999965,20.674249999999994,19.188825,-6.4995250000000055
GalNAc(b1-4)[Fuc(a1-3)]GlcNAc(b1-Sp0,75.3287,4729.503325,21166.47495,33364.557425,34666.34615000001
GalNAc(b1-4)GlcNAc(b1-Sp0,-9.215875,0.18,7.209275000000002,0.7720750000000011,-7.590374999999994
GalNAc(b1-4)GlcNAc(b1-Sp8,-10.49125,-1.8683750000000003,-2.6941750000000013,4.539449999999999,-16.309975
Gal(a1-2)Gal(b1-Sp8,8.239024999999998,19.520325,28.28645,30.249800000000004,39.034875
Gal(a1-3)[Fuc(a1-2)]Gal(b1-3)GlcNAc(b1-Sp0,11.335775000000002,17.765274999999995,11.026950000000005,20.163475000000005,48.86175000000001
Gal(a1-3)[Fuc(a1-2)]Gal(b1-3)GlcNAc(b1-Sp8,11.461600000000004,16.342424999999995,33.077925,83.97597500000003,110.342125
Gal(a1-3)[Fuc(a1-2)]Gal(b1-4)[Fuc(a1-3)]GlcNAc(b1-Sp0,-3.366425,80.52815,557.7049499999998,4037.590525,3239.94895
Gal(a1-3)[Fuc(a1-2)]Gal(b1-4)[Fuc(a1-3)]GlcNAc(b1-Sp8,9.5879,485.896375,3342.3387,19253.136375,20873.872525
Gal(a1-3)[Fuc(a1-2)]Gal(b1-4)GlcNAc(a1-Sp0,0.1188500000000019,30.306550000000005,500.14830000000006,5610.096250000001,3827.0301500000014
Gal(a1-3)[Fuc(a1-2)]Gal(b1-4)Glc(b1-Sp0,-9.830175,46.78472500000001,195.93415000000005,2333.05915,1095.0668749999998
Gal(a1-3)[Fuc(a1-2)]Gal(b1-Sp8,536.586625,6494.551675000002,16469.25475,37849.5981,26591.62630000001
Gal(a1-3)[Fuc(a1-2)]Gal(b1-Sp18,673.2147249999998,11056.938875,35416.11815000002,29442.2767,37969.20449999999
Gal(a1-4)[Gal(a1-3)]Gal(b1-4)GlcNAc(b1-Sp8,26.038425,-3.646625000000004,9.992750000000004,18.560399999999994,-48.94712500000001
Gal(a1-3)GalNAc(a1-Sp8,31.2017,21.98962500000001,11.858900000000002,37.4208,-43.949525
Gal(a1-3)GalNAc(a1-Sp16,-2.73655,9.1268,13.231375,28.70332499999999,46.61802499999999
Gal(a1-3)GalNAc(b1-Sp8,14.1317,5.5493000000000015,3.6194500000000014,1.840625,7.9993250000000025
Gal(a1-3)Gal(b1-4)[Fuc(a1-3)]GlcNAc(b1-Sp8,47.72127500000001,1282.5350999999996,15013.97785,32695.428174999994,26823.225774999995
Gal(a1-3)Gal(b1-3)GlcNAc(b1-Sp0,-5.1971500000000015,0.12204999999999976,6.950324999999999,37.4374,1.2409249999999972
Gal(a1-3)Gal(b1-4)GlcNAc(b1-Sp8,-9.753374999999998,5.704475,22.6914,3.2835500000000053,5.465374999999997
Gal(a1-3)Gal(b1-4)Glc(b1-Sp0,20.118325000000006,4.990099999999998,-0.8323750000000043,3.8375999999999806,-23.3967
Gal(a1-3)Gal(b1-4)Glc(a1-Sp10,1.2636000000000038,19.15405,14.207124999999996,26.53400000000001,27.08020000000002
Gal(a1-3)Gal(b1-Sp8,-1.5508500000000045,6.53435,-1.1804750000000048,3.1275250000000017,-56.233225
Gal(a1-4)[Fuc(a1-2)]Gal(b1-4)GlcNAc(b1-Sp8,673.4932750000003,8928.5641,31414.374974999984,35891.929374999985,34706.360475000016
Gal(a1-4)Gal(b1-4)GlcNAc(b1-Sp0,17.028250000000003,27.37634999999999,6.243324999999999,13.804799999999993,19.573775000000012
Gal(a1-4)Gal(b1-4)GlcNAc(b1-Sp8,3.659899999999997,-7.416899999999997,6.953600000000002,33.171525,13.585424999999995
Gal(a1-4)Gal(b1-4)Glc(b1-Sp0,4.429375,18.835700000000013,28.40405000000001,111.76625,25.61655
Gal(a1-4)GlcNAc(b1-Sp8,4.0683250000000015,19.668225,28.52975000000001,9.820924999999997,37.241725
Gal(a1-6)Glc(b1-Sp8,6.444950000000002,-2.0790500000000005,14.567824999999996,-1.5358499999999928,11.465
Gal(b1-2)Gal(b1-Sp8,2.9442999999999984,10.782950000000005,1.9754749999999959,-2.032875000000004,23.212575
Gal(b1-3)[Fuc(a1-4)]GlcNAc(b1-3)Gal(b1-4)[Fuc(a1-3)]GlcNAc(b1-Sp0,369.4923,7173.339400000003,28612.239875,36757.1952,33540.732424999995
Gal(b1-3)[Fuc(a1-4)]GlcNAc(b1-3)Gal(b1-4)GlcNAc(b1-Sp0,29.59144999999999,2878.4831500000005,18271.51525,41573.138525,35503.33325000002
Gal(b1-3)[Fuc(a1-4)]GlcNAc(a1-Sp0,237.445625,5748.080125,25607.53950000001,36818.16125000001,31345.623000000003
Gal(b1-3)[Fuc(a1-4)]GlcNAc(a1-Sp8 ,388.4051999999999,7130.927349999997,31128.3122,39034.075575,37561.17855
Fuc(a1-4)[Gal(b1-3)]GlcNAc(b1-Sp8,371.62855,7496.105325,26742.198975,33533.027175,31266.497799999986
Gal(b1-4)GlcNAc(b1-6)GalNAc(a1-Sp8,-11.869075,-2.1910500000000006,-3.154774999999997,7.1889,-49.49340000000001
Gal(b1-4)GlcNAc(b1-6)GalNAc(a1-Sp14,10.841499999999995,15.250449999999995,18.128724999999992,12.178425000000004,-16.14875
GlcNAc(b1-6)[Gal(b1-3)]GalNAc(a1-Sp8,0.4608000000000043,31.301625,17.68044999999999,70.52185,-43.1871
GlcNAc(b1-6)[Gal(b1-3)]GalNAc(a1-Sp14,-16.801800000000004,-4.8528,-8.036275000000002,-11.503574999999998,-6.778974999999999
Neu5Ac(a2-6)[Gal(b1-3)]GalNAc(a1-Sp8,0.9208749999999988,1.4831000000000003,-6.018374999999999,-6.7713,0.4898000000000007
Neu5Ac(a2-6)[Gal(b1-3)]GalNAc(a1-Sp14,-5.204324999999992,15.268199999999993,-1.8261499999999968,9.749499999999998,17.529375
Neu5Ac(b2-6)[Gal(b1-3)]GalNAc(a1-Sp8,-13.233474999999995,0.3553750000000022,-5.802174999999997,9.45195,-13.69635
Neu5Ac(a2-6)[Gal(b1-3)]GlcNAc(b1-4)Gal(b1-4)Glc(b1-Sp10,3.2232750000000063,1.5040499999999977,4.752174999999999,-0.15662499999999824,-15.199674999999992
Gal(b1-3)GalNAc(a1-Sp8,-2.2701249999999966,-1.8399249999999967,-6.551674999999998,36.790650000000014,-43.873425
Gal(b1-3)GalNAc(a1-Sp14,-2.4843249999999983,22.40695,16.237125,5.507575000000003,2.960850000000008
Gal(b1-3)GalNAc(a1-Sp16,-10.439499999999992,-2.2394250000000024,-0.6910750000000051,3.9015749999999976,-124.15942499999998
Gal(b1-3)GalNAc(b1-Sp8,-5.033274999999996,-1.3332500000000032,6.458175000000002,11.415200000000004,9.0257
Gal(b1-3)GalNAc(b1-3)Gal(a1-4)Gal(b1-4)Glc(b1-Sp0,12.921975,37.233925,37.30037499999999,63.08525000000001,45.33005
Gal(b1-3)GalNAc(b1-4)[Neu5Ac(a2-3)]Gal(b1-4)Glc(b1-Sp0,18.37305,-1.943175,-5.534675,-11.61145,-0.36439999999999984
Gal(b1-3)GalNAc(b1-4)Gal(b1-4)Glc(b1-Sp8,4.896349999999996,5.7635000000000005,15.151725,13.599950000000007,-2.9148499999999977
Gal(b1-3)Gal(b1-Sp8,10.546449999999997,-11.24045,-4.305325,8.808049999999994,10.788699999999993
Gal(b1-3)GlcNAc(b1-3)Gal(b1-4)GlcNAc(b1-Sp0,15.270025,5.038449999999999,3.4892000000000043,6.501275,17.010225000000002
Gal(b1-3)GlcNAc(b1-3)Gal(b1-4)Glc(b1-Sp10,12.155224999999998,16.710274999999996,-3.462575000000001,40.266425,35.291775
Gal(b1-3)GlcNAc(b1-Sp0,-1.1156000000000006,2.7563750000000016,-0.8595000000000006,-3.996599999999997,11.03175
Gal(b1-3)GlcNAc(b1-Sp8,1.124925000000001,7.277925,-4.076925000000001,-10.593525,0.3886499999999984
Gal(b1-4)[Fuc(a1-3)]GlcNAc(b1-Sp0,17.07825,2187.69295,21756.5538,34308.32895000002,32505.896175
Gal(b1-4)[Fuc(a1-3)]GlcNAc(b1-Sp8,39.61745,2476.38725,18671.841200000006,34194.30015,34238.57165
Gal(b1-4)[Fuc(a1-3)]GlcNAc(b1-4)Gal(b1-4)[Fuc(a1-3)]GlcNAc(b1-Sp0,283.06707499999993,5332.617675,32848.071675,38928.52605,36126.224549999984
Gal(b1-4)[Fuc(a1-3)]GlcNAc(b1-4)Gal(b1-4)[Fuc(a1-3)]GlcNAc(b1-4)Gal(b1-4)[Fuc(a1-3)]GlcNAc(b1-Sp0,689.7735,9116.29435,35856.8376,40369.688750000016,38777.484275
Gal(b1-4)(6S)Glc(b1-Sp0,-4.119050000000001,-10.09215,-5.028625000000002,0.10495000000000232,-63.52217499999999
Gal(b1-4)(6S)Glc(b1-Sp8,0.31852500000000106,1.4987750000000022,13.7382,9.264625000000002,-30.06372499999999
Gal(b1-4)GalNAc(a1-3)[Fuc(a1-2)]Gal(b1-4)GlcNAc(b1-Sp8,-5.9332249999999975,88.2696,776.09745,4136.59865,3376.4927749999993
Gal(b1-4)GalNAc(b1-3)[Fuc(a1-2)]Gal(b1-4)GlcNAc(b1-Sp8,-13.632725,2.9935000000000014,33.69129999999999,155.41054999999997,134.894475
Gal(b1-4)GlcNAc(b1-3)GalNAc(a1-Sp8,21.527474999999995,1.3139750000000028,3.213775000000002,-7.546899999999994,8.1038
Gal(b1-4)GlcNAc(b1-3)GalNAc(a1-Sp14,-10.8927,14.241525000000005,-0.3962749999999993,4.189575000000003,13.294725000000005
Gal(b1-4)GlcNAc(b1-3)Gal(b1-4)[Fuc(a1-3)]GlcNAc(b1-3)Gal(b1-4)[Fuc(a1-3)]GlcNAc(b1-Sp0,18.62445,2977.3671,19568.716075000004,38388.1673,34104.3526
Gal(b1-4)GlcNAc(b1-3)Gal(b1-4)GlcNAc(b1-3)Gal(b1-4)GlcNAc(b1-Sp0,-4.6124499999999955,3.5531749999999995,-5.108300000000002,1.5953249999999954,-10.046349999999991
Gal(b1-4)GlcNAc(b1-3)Gal(b1-4)GlcNAc(b1-Sp0,-5.7240499999999965,10.923249999999989,21.17925000000001,15.9625,-0.3121000000000009
Gal(b1-4)GlcNAc(b1-3)Gal(b1-4)Glc(b1-Sp0,1.4944750000000009,3.1942500000000003,1.3875,-1.38185,-23.031924999999994
Gal(b1-4)GlcNAc(b1-3)Gal(b1-4)Glc(b1-Sp8,-4.488974999999996,8.272974999999986,44.74597499999999,12.827749999999995,16.326025
Gal(b1-4)GlcNAc(b1-6)[Gal(b1-3)]GalNAc(a1-Sp8,1.4072750000000005,16.034325,15.855375,21.844075,6.773525000000008
Gal(b1-4)GlcNAc(b1-6)[Gal(b1-3)]GalNAc(a1-Sp14,16.442025,6.117224999999998,11.720225,8.946275,-16.878600000000006
Gal(b1-4)GlcNAc(b1-Sp0,-3.9997500000000015,3.2271,-7.572424999999999,7.537125,-7.132525000000005
Gal(b1-4)GlcNAc(b1-Sp8,-6.719850000000001,7.912699999999999,-0.74375,-7.324200000000001,2.857375
Gal(b1-4)GlcNAc(b1-Sp23,0.5739500000000017,1.6251249999999988,-1.553125,-4.071724999999999,3.546075000000002
Gal(b1-4)Glc(b1-Sp0,0.9520750000000024,10.628925,11.863175000000012,38.35810000000001,10.30745
Gal(b1-4)Glc(b1-Sp8,4.224174999999997,7.766324999999997,14.288349999999998,38.38565000000001,21.695975
GlcNAc(a1-3)Gal(b1-4)GlcNAc(b1-Sp8,0.4631000000000007,-0.2525500000000047,-10.320275,-8.414675000000003,-6.174200000000001
GlcNAc(a1-6)Gal(b1-4)GlcNAc(b1-Sp8,-13.111,-2.0875250000000007,-5.933975000000002,-15.773775,-6.2949
GlcNAc(b1-2)Gal(b1-3)GalNAc(a1-Sp8,-3.1506000000000043,-1.2623999999999995,-6.648775000000002,-18.589775,-7.690775000000002
GlcNAc(b1-6)[GlcNAc(b1-3)]GalNAc(a1-Sp8,9.082524999999997,-12.4021,-7.874550000000003,-11.257925000000006,-10.628499999999997
GlcNAc(b1-6)[GlcNAc(b1-3)]GalNAc(a1-Sp14,-2.586850000000002,-1.1318499999999982,6.3858,32.05132500000001,-54.11552500000002
GlcNAc(b1-6)[GlcNAc(b1-3)]Gal(b1-4)GlcNAc(b1-Sp8,-6.031100000000002,-6.296949999999999,3.203599999999998,-11.685025000000005,-44.45015
GlcNAc(b1-3)GalNAc(a1-Sp8,-3.99075,-3.537899999999997,15.075275000000007,4.005575000000004,-25.565099999999994
GlcNAc(b1-3)GalNAc(a1-Sp14,-8.336125000000001,21.1572,3.0653250000000014,5.199574999999999,22.665275
GlcNAc(b1-3)Gal(b1-Sp8,-4.259425,2.6282249999999987,0.13637500000000102,0.06637499999999719,-2.1122250000000005
GlcNAc(b1-3)Gal(b1-4)GlcNAc(b1-Sp0,-2.232550000000004,26.97407500000001,3.5632749999999973,-7.593424999999997,-3.0000250000000013
GlcNAc(b1-3)Gal(b1-4)GlcNAc(b1-Sp8,-21.060949999999995,-1.3646999999999991,7.302875,-5.155674999999999,3.4825
GlcNAc(b1-3)Gal(b1-4)GlcNAc(b1-3)Gal(b1-4)GlcNAc(b1-Sp0,-4.883700000000005,4.817450000000001,-3.794525000000004,5.965924999999999,15.441750000000004
GlcNAc(b1-3)Gal(b1-4)Glc(b1-Sp0,5.8895000000000035,-4.1384000000000025,4.7447250000000025,-6.667900000000002,-24.657525
GlcNAc(b1-4)(a1-MDPLys,-14.104149999999995,79.690425,-2.131700000000002,10.244799999999994,1.483674999999991
GlcNAc(b1-6)[GlcNAc(b1-4)]GalNAc(a1-Sp8,10.065925000000004,-13.070074999999996,-8.298875,-18.634450000000005,-39.07315
GlcNAc(b1-4)Gal(b1-4)GlcNAc(b1-Sp8,-14.010200000000005,-1.132900000000003,-10.256325000000002,-4.405875000000004,-2.9820249999999864
GlcNAc(b1-4)GlcNAc(b1-4)GlcNAc(b1-4)GlcNAc(b1-4)GlcNAc(b1-4)GlcNAc(b1-Sp8,9.962475000000003,19.683875,18.331775,19.07415,8.800974999999998
GlcNAc(b1-4)GlcNAc(b1-4)GlcNAc(b1-4)GlcNAc(b1-4)GlcNAc(b1-Sp8,-4.421125000000002,11.518475000000002,17.301325,-10.237374999999991,7.223400000000005
GlcNAc(b1-4)GlcNAc(b1-4)GlcNAc(b1-Sp8,-9.403975,24.15864999999999,7.286825000000008,19.027400000000007,-5.074199999999999
GlcNAc(b1-6)GalNAc(a1-Sp8,-2.381324999999997,1.2696249999999978,-4.05125,-34.92765,-26.233974999999994
GlcNAc(b1-6)GalNAc(a1-Sp14,-3.116299999999999,1.4243250000000032,-2.1728500000000044,0.007350000000005963,-35.39145
GlcNAc(b1-6)Gal(b1-4)GlcNAc(b1-Sp8,-0.3244249999999997,-3.8097749999999984,-9.44385,-19.895975000000004,-21.32445
Glc(a1-4)Glc(b1-Sp8,0.06792500000000068,-1.2860750000000003,14.321775,36.63985,-25.534074999999994
Glc(a1-4)Glc(a1-Sp8,19.535625,-0.0904500000000006,4.590725000000001,5.5854250000000025,19.224075
Glc(a1-6)Glc(a1-6)Glc(b1-Sp8,1.091800000000001,3.915,14.434350000000002,6.469275,13.029524999999996
Glc(b1-4)Glc(b1-Sp8,7.899500000000002,3.769549999999999,8.02945,15.278824999999998,17.616925
Glc(b1-6)Glc(b1-Sp8,0.2728999999999999,22.79214999999999,27.231325000000005,25.67322500000001,15.316525
G-ol(a1-Sp8,15.594549999999993,38.63865000000001,89.299375,191.18675,275.90869999999995
GlcA(a1-Sp8,3.715724999999996,28.078025,0.9624749999999976,-7.656125000000001,-46.958849999999984
GlcA(b1-Sp8,7.014575000000013,55.1225,51.52185000000001,59.21377499999999,63.21435000000001
GlcA(b1-3)Gal(b1-Sp8,15.899349999999993,-13.69375,-1.7180000000000035,-2.892924999999998,-61.820375
GlcA(b1-6)Gal(b1-Sp8,-0.6991500000000029,16.8657,39.8009,16.149724999999997,-38.7425
KDN(a2-3)Gal(b1-3)GlcNAc(b1-Sp0,-7.323375000000002,-14.164475000000005,-0.31540000000000035,-12.892424999999996,-56.2503
KDN(a2-3)Gal(b1-4)GlcNAc(b1-Sp0,-0.4171250000000004,-4.133649999999999,1.477525,-3.5916499999999982,-32.68165000000001
Man(a1-2)Man(a1-2)Man(a1-3)Man(a1-Sp9,-0.9665499999999998,0.7847249999999999,8.136024999999998,-5.2669,4.180024999999997
Man(a1-2)Man(a1-6)[Man(a1-2)Man(a1-3)]Man(a1-Sp9,-2.9927499999999987,-1.4255500000000012,4.319274999999998,12.358949999999995,7.402799999999997
Man(a1-2)Man(a1-3)Man(a1-Sp9,-8.291124999999997,1.5432250000000014,2.284675,9.659274999999981,18.304599999999994
Man(a1-6)[Man(a1-2)Man(a1-3)]Man(a1-6)[Man(a1-2)Man(a1-3)]Man(b1-4)GlcNAc(b1-4)GlcNAc(b1-Sp12,5.594125000000003,25.597849999999994,13.267425000000005,38.5812,62.33395000000001
Man(a1-2)Man(a1-6)[Man(a1-3)]Man(a1-6)[Man(a1-2)Man(a1-2)Man(a1-3)]Man(b1-4)GlcNAc(b1-4)GlcNAc(b1-Sp12,-11.301575000000005,31.83035000000001,11.643025000000005,20.144150000000003,39.516175
Man(a1-2)Man(a1-6)[Man(a1-2)Man(a1-3)]Man(a1-6)[Man(a1-2)Man(a1-2)Man(a1-3)]Man(b1-4)GlcNAc(b1-4)GlcNAc(b1-Sp12,5.820499999999994,34.880300000000005,29.49635,29.47255000000001,78.539925
Man(a1-6)[Man(a1-3)]Man(a1-Sp9,-0.644400000000001,9.941575000000004,23.795275,21.862725000000005,3.9067250000000087
Man(a1-2)Man(a1-2)Man(a1-6)[Man(a1-3)]Man(a1-Sp9,19.569900000000004,18.011674999999997,150.660075,31.486699999999995,74.28807499999998
Man(a1-6)[Man(a1-3)]Man(a1-6)[Man(a1-2)Man(a1-3)]Man(b1-4)GlcNAc(b1-4)GlcNAc(b1-Sp12,50.418850000000006,55.686675,120.34147499999996,48.31255,62.53035
Man(a1-6)[Man(a1-3)]Man(a1-6)[Man(a1-3)]Man(b1-4)GlcNAc(b1-4)GlcNAc(b1-Sp12,7.016599999999998,20.696975000000005,23.712450000000004,36.4638,50.072575
Man(b1-4)GlcNAc(b1-Sp0,-4.774774999999998,-5.389075000000003,-2.040499999999998,17.605325,-9.14265
Neu5Ac(a2-3)Gal(b1-4)GlcNAc(b1-3)Gal(b1-4)[Fuc(a1-3)]GlcNAc(b1-Sp0,-6.730925000000003,-4.145525000000001,5.751149999999996,1.5488749999999991,-69.75594999999998
(3S)Gal(b1-4)[Fuc(a1-3)](6S)GlcNAc(b1-Sp8,67.1869,3081.633475,23832.004050000003,37379.10642499998,27767.359525
Fuc(a1-2)(6S)Gal(b1-4)GlcNAc(b1-Sp0,499.6496000000001,6457.57165,28275.013074999984,34484.4891,31836.978975
Fuc(a1-2)Gal(b1-4)(6S)GlcNAc(b1-Sp8,235.424475,4937.963774999998,28197.336700000003,34486.83227500001,33052.48877499998
Fuc(a1-2)(6S)Gal(b1-4)(6S)Glc(b1-Sp0,405.943025,5280.46785,33039.805825,30441.88545,29654.432575
Neu5Ac(a2-3)Gal(b1-3)GalNAc(a1-Sp8,-9.804350000000008,9.5268,3.718150000000005,-0.12027500000000302,-36.90425
Neu5Ac(a2-3)Gal(b1-3)GalNAc(a1-Sp14,2.726100000000006,15.515300000000005,-6.416499999999999,-15.357375,-89.89482500000004
GalNAc(b1-4)[Neu5Ac(a2-8)Neu5Ac(a2-8)Neu5Ac(a2-8)Neu5Ac(a2-3)]Gal(b1-4)Glc(b1-Sp0,-3.3364999999999974,13.200824999999998,2.8020750000000056,12.963775000000005,-3.9405499999999734
GalNAc(b1-4)[Neu5Ac(a2-8)Neu5Ac(a2-8)Neu5Ac(a2-3)]Gal(b1-4)Glc(b1-Sp0,-5.136624999999995,-22.0461,-1.96875,-4.921774999999997,-41.488599999999984
Neu5Ac(a2-8)Neu5Ac(a2-8)Neu5Ac(a2-3)Gal(b1-4)Glc(b1-Sp0,-3.026475000000005,-13.122225,1.6458749999999966,-9.852725,-77.672925
GalNAc(b1-4)[Neu5Ac(a2-8)Neu5Ac(a2-3)]Gal(b1-4)Glc(b1-Sp0,-20.158675,-25.589575,1.1327500000000033,0.8391999999999982,-80.45807500000002
Neu5Ac(a2-8)Neu5Ac(a2-8)Neu5Ac(a1-Sp8,-19.109025000000006,-13.508200000000002,-3.8989499999999992,-16.242974999999994,-36.56557499999997
Neu5Ac(a2-3)(6S)Gal(b1-4)[Fuc(a1-3)]GlcNAc(b1-Sp8,63.748900000000006,3427.6329,28541.691599999995,30963.4328,28279.1549
GalNAc(b1-4)[Neu5Ac(a2-3)]Gal(b1-4)GlcNAc(b1-Sp0,5.790625,-1.9065999999999967,-1.0569250000000014,1.6355750000000002,-0.9389999999999984
GalNAc(b1-4)[Neu5Ac(a2-3)]Gal(b1-4)GlcNAc(b1-Sp8,-1.7599249999999955,-4.260675000000001,-1.3678749999999995,-2.7251499999999957,-4.6738
GalNAc(b1-4)[Neu5Ac(a2-3)]Gal(b1-4)Glc(b1-Sp0,-12.86225,-10.443450000000002,-0.4568499999999993,6.5481750000000005,-3.0345250000000017
Neu5Ac(a2-3)Gal(b1-3)GalNAc(b1-4)[Neu5Ac(a2-3)]Gal(b1-4)Glc(b1-Sp0,8.863025,3.2256,-4.5886999999999984,14.945400000000017,-16.376200000000004
Neu5Ac(a2-6)[Neu5Ac(a2-3)]GalNAc(a1-Sp8,-11.8753,-11.843425,-15.507649999999995,-9.691724999999998,-13.793924999999998
Neu5Ac(a2-3)GalNAc(a1-Sp8,-2.813225000000001,4.562299999999997,-15.622675000000005,-18.674950000000006,-26.339849999999995
Neu5Ac(a2-3)GalNAc(b1-4)GlcNAc(b1-Sp0,-3.0730249999999995,3.8289499999999954,7.9367750000000115,1.19,-16.354949999999995
Neu5Ac(a2-3)Gal(b1-3)(6S)GlcNAc(a1-Sp8,-0.4676500000000026,25.10507499999999,15.384900000000002,16.112000000000002,80.974875
Neu5Ac(a2-3)Gal(b1-3)[ Fuc(a1-4)]GlcNAc(b1-Sp8,33.83154999999999,3970.740400000001,21183.586025,38484.503725,39946.7592
Neu5Ac(a2-3)Gal(b1-3)[Fuc(a1-4)]GlcNAc(b1-3)Gal(b1-4)[Fuc(a1-3)]GlcNAc(b1-Sp0,17.459924999999995,3448.5177499999986,26024.4805,38713.276325,34453.30132500001
Neu5Ac(a2-3)Gal(b1-4)[Neu5Ac(a2-3)Gal(b1-3)]GlcNAc(b1-Sp8,-8.271225,-11.0707,5.021275000000006,19.53315,-32.16267500000001
Neu5Ac(a2-3)Gal(b1-3)(6S)GalNAc(a1-Sp8,1.93,3.3001250000000013,-4.9558,-6.9874750000000025,0.2389500000000017
Neu5Ac(a2-6)[Neu5Ac(a2-3)Gal(b1-3)]GalNAc(a1-Sp8,5.3985,-1.227525,1.5677499999999984,-8.831574999999997,10.571074999999997
Neu5Ac(a2-6)[Neu5Ac(a2-3)Gal(b1-3)]GalNAc(a1-Sp14,-7.3064750000000025,38.067475,78.81552500000002,173.48825,295.5945250000001
Neu5Ac(a2-3)Gal(b1-Sp8,0.4258999999999986,8.911349999999997,5.495599999999998,-1.903624999999998,23.07375
Neu5Ac(a2-3)Gal(b1-3)GalNAc(b1-3)Gal(a1-4)Gal(b1-4)Glc(b1-Sp0,5.487624999999998,19.862900000000003,40.62055,52.3716,59.43382499999999
Neu5Ac(a2-3)Gal(b1-3)GlcNAc(b1-3)Gal(b1-4)GlcNAc(b1-Sp0,16.448100000000004,-3.739574999999999,-8.703975000000002,-5.066149999999996,-42.8651
Fuc(a1-2)(6S)Gal(b1-4)Glc(b1-Sp0,539.3388500000002,12979.540250000002,31720.26965,34116.416275,33889.273625
Neu5Ac(a2-3)Gal(b1-3)GlcNAc(b1-Sp0,-17.968725,-9.064925,-14.79525,-3.4893999999999887,-127.990725
Neu5Ac(a2-3)Gal(b1-3)GlcNAc(b1-Sp8,-1.2436250000000015,1.1318500000000018,-2.7900750000000016,18.803375000000006,-48.91794999999999
Neu5Ac(a2-3)Gal(b1-4)(6S)GlcNAc(b1-Sp8,-23.854575,-26.953575,-17.010749999999998,-25.582975,-80.31790000000002
Neu5Ac(a2-3)Gal(b1-4)[Fuc(a1-3)](6S)GlcNAc(b1-Sp8,53.3605,5247.644875,24786.345450000004,38191.031475,37970.009725
Neu5Ac(a2-3)Gal(b1-4)[Fuc(a1-3)]GlcNAc(b1-3)Gal(b1-4)[Fuc(a1-3)]GlcNAc(b1-3)Gal(b1-4)[Fuc(a1-3)]GlcNAc(b1-Sp0,152.54552500000003,4395.8022,32058.318475,34167.758299999994,26336.7901
Neu5Ac(a2-3)Gal(b1-4)[Fuc(a1-3)]GlcNAc(b1-Sp0,8.976175000000003,1600.0491249999993,13288.226249999994,29763.372225,28001.545125000004
Neu5Ac(a2-3)Gal(b1-4)[Fuc(a1-3)]GlcNAc(b1-Sp8,54.6951,2164.07245,25035.84075000001,37018.386675,28420.478325
Neu5Ac(a2-3)Gal(b1-4)[Fuc(a1-3)]GlcNAc(b1-3)Gal(b1-Sp8,48.56522500000003,2257.80155,12451.740125,29040.203325,29803.529575
Neu5Ac(a2-3)Gal(b1-4)[Fuc(a1-3)]GlcNAc(b1-3)Gal(b1-4)GlcNAc(b1-Sp8,19.452700000000004,1900.52385,13817.23485,39303.412,33963.443675
Neu5Ac(a2-3)Gal(b1-4)GlcNAc(b1-3)Gal(b1-4)GlcNAc(b1-3)Gal(b1-4)GlcNAc(b1-Sp0,-3.8772,-4.940625,-0.07254999999999967,-2.6634249999999966,-9.561924999999997
Neu5Ac(a2-3)Gal(b1-4)GlcNAc(b1-Sp0,-1.3140749999999954,76.13402500000002,6.214649999999999,-23.22117499999999,186.0877
Neu5Ac(a2-3)Gal(b1-4)GlcNAc(b1-Sp8,7.704800000000002,8.215474999999998,-0.24735000000000085,11.201149999999998,3.1240000000000068
Neu5Ac(a2-3)Gal(b1-4)GlcNAc(b1-3)Gal(b1-4)GlcNAc(b1-Sp0,-4.8997999999999955,-2.9234250000000017,5.326425,-20.317975,-14.767274999999994
Fuc(a1-2)Gal(b1-4)(6S)Glc(b1-Sp0,767.3610000000003,11281.739925000002,29688.702949999995,35187.931125,34970.754299999986
Neu5Ac(a2-3)Gal(b1-4)Glc(b1-Sp0,-2.802525000000003,-4.227424999999997,10.24905,12.233824999999996,14.587125000000004
Neu5Ac(a2-3)Gal(b1-4)Glc(b1-Sp8,19.359325,53.23990000000001,211.949175,542.0862,834.61175
Neu5Ac(a2-6)GalNAc(a1-Sp8,-5.388200000000002,-6.173874999999999,-16.975975000000002,-6.630375000000001,3.873575
Neu5Ac(a2-6)GalNAc(b1-4)GlcNAc(b1-Sp0,-2.1758249999999992,8.858225000000003,12.396050000000002,-3.771625,-7.911849999999998
Neu5Ac(a2-6)Gal(b1-4)(6S)GlcNAc(b1-Sp8,-8.686150000000001,-1.7671249999999985,7.449449999999999,-5.1985500000000044,0.8799250000000001
Neu5Ac(a2-6)Gal(b1-4)GlcNAc(b1-Sp0,-0.3822500000000025,-3.679899999999998,-3.758075,27.33675,23.53885
Neu5Ac(a2-6)Gal(b1-4)GlcNAc(b1-Sp8,1.3216249999999974,9.21589999999999,9.527974999999998,18.8862,-3.5563499999999983
Neu5Ac(a2-6)Gal(b1-4)GlcNAc(b1-3)Gal(b1-4)[Fuc(a1-3)]GlcNAc(b1-3)Gal(b1-4)[Fuc(a1-3)]GlcNAc(b1-Sp0,15.382250000000004,755.3329750000001,10599.716775,37432.11845,34991.486825
Neu5Ac(a2-6)Gal(b1-4)GlcNAc(b1-3)Gal(b1-4)GlcNAc(b1-Sp0,-0.15309999999999846,16.405324999999998,2.019449999999999,16.676150000000003,-18.001224999999994
Neu5Ac(a2-6)Gal(b1-4)Glc(b1-Sp0,-4.496600000000008,1.918224999999996,0.5663999999999979,11.013975000000006,-75.372725
Neu5Ac(a2-6)Gal(b1-4)Glc(b1-Sp8,-3.042100000000005,22.02225,43.04302500000002,23.8483,-16.337424999999996
Neu5Ac(a2-6)Gal(b1-Sp8,3.5403750000000085,-7.1357250000000025,-3.2921750000000003,-6.482774999999991,-61.67677499999999
Neu5Ac(a2-8)Neu5Ac(a1-Sp8,-6.6441250000000025,14.76765,-1.9184749999999973,6.276499999999995,-57.326125
Neu5Ac(a2-8)Neu5Ac(a2-3)Gal(b1-4)Glc(b1-Sp0,-15.972974999999995,-10.39205,2.842725,-7.315324999999998,-4.860300000000001
Gal(b1-3)[Fuc(a1-4)]GlcNAc(b1-3)Gal(b1-3)[Fuc(a1-4)]GlcNAc(b1-Sp0,34.08862499999999,3058.32165,16575.689925,30692.23885,27826.487075
Neu5Ac(b2-6)GalNAc(a1-Sp8,0.9689749999999968,-3.1604749999999946,-2.188175,1.7633999999999992,-12.890325
Neu5Ac(b2-6)Gal(b1-4)GlcNAc(b1-Sp8,-2.7458750000000016,6.381450000000001,-1.0977250000000025,5.396899999999999,-11.471575
Neu5Gc(a2-3)Gal(b1-3)[Fuc(a1-4)]GlcNAc(b1-Sp0,-0.2087750000000046,795.3626000000003,6178.4258249999975,36057.80785000001,32236.530625
Neu5Gc(a2-3)Gal(b1-3)GlcNAc(b1-Sp0,3.811949999999996,1.3678249999999963,-4.605575000000002,-13.6215,4.2505500000000005
Neu5Gc(a2-3)Gal(b1-4)[Fuc(a1-3)]GlcNAc(b1-Sp0,13.256500000000004,1062.3588750000004,10685.771999999999,36627.62095000001,35103.12015
Neu5Gc(a2-3)Gal(b1-4)GlcNAc(b1-Sp0,3.7951250000000014,-6.305625,1.9008499999999984,-6.704424999999992,-3.788300000000003
Neu5Gc(a2-3)Gal(b1-4)Glc(b1-Sp0,-4.050074999999996,13.526300000000004,6.3941750000000015,4.161750000000005,46.224575000000016
Neu5Gc(a2-6)GalNAc(a1-Sp0,-1.463924999999998,-4.893275000000003,1.6523500000000055,20.979825,-2.284150000000004
Neu5Gc(a2-6)Gal(b1-4)GlcNAc(b1-Sp0,14.312374999999996,1.3880250000000025,9.935224999999997,3.6921250000000008,-12.393975000000005
Neu5Gc(a1-Sp8,2.951125,17.281125,3.162524999999995,31.09492500000001,7.531699999999994
Neu5Ac(a2-3)Gal(b1-4)GlcNAc(b1-6)[Gal(b1-3)]GalNAc(a1-Sp14,4.986074999999996,7.972024999999999,-0.6267000000000014,-1.662824999999998,7.237850000000003
Gal(b1-3)GlcNAc(b1-3)Gal(b1-3)GlcNAc(b1-Sp0,23.206499999999995,24.969425000000005,24.79880000000001,16.270924999999995,21.07645
Gal(b1-4)[Fuc(a1-3)](6S)GlcNAc(b1-Sp0 ,141.720525,4801.1614,31607.693475,38257.186875,38863.903225
Gal(b1-4)[Fuc(a1-3)](6S)Glc(b1-Sp0,42.470575,2878.1545250000013,13308.409075,27176.96855,25654.07015
Gal(b1-4)[Fuc(a1-3)]GlcNAc(b1-3)Gal(b1-3)[Fuc(a1-4)]GlcNAc(b1-Sp0,257.47015,4637.4690249999985,27180.55437500001,33761.57242500001,33353.05235
Gal(b1-4)GlcNAc(b1-3)Gal(b1-3)GlcNAc(b1-Sp0,6.628949999999996,12.657524999999994,-7.177900000000001,-14.05705,-7.474900000000009
Neu5Ac(a2-3)Gal(b1-3)GlcNAc(b1-3)Gal(b1-3)GlcNAc(b1-Sp0,-5.688224999999999,2.4247750000000003,8.842875000000003,4.894950000000005,4.762725000000003
Neu5Ac(a2-3)Gal(b1-4)GlcNAc(b1-3)Gal(b1-3)GlcNAc(b1-Sp0,-20.039125,8.286475,-6.6932750000000025,-11.846825,-34.902275
4S(3S)Gal(b1-4)GlcNAc(b1-Sp0,-11.976099999999995,-14.067125000000004,-2.5956500000000027,6.1828,-39.50665
(6S)Gal(b1-4)(6S)GlcNAc(b1-Sp0,-9.797775,-22.4427,-15.318524999999996,-16.615924999999994,-57.4281
(6P)Glc(b1-Sp10,17.596125000000004,22.053725,4.68655,21.426300000000005,-3.4801749999999885
Neu5Ac(a2-3)Gal(b1-4)[Fuc(a1-3)]GlcNAc(b1-6)[Gal(b1-3)]GalNAc(a1-Sp14,131.287475,53.82977500000001,119.57850000000002,1597.4052749999994,4658.5308
Gal(b1-3)Gal(b1-4)GlcNAc(b1-Sp8,-10.984475000000005,33.699025000000006,41.12900000000001,84.04410000000001,36.38697500000001
Neu5Ac(a2-6)Gal(b1-4)GlcNAc(b1-2)Man(a1-6)[Gal(b1-4)GlcNAc(b1-2)Man(a1-3)]Man(b1-4)GlcNAc(b1-4)GlcNAc(b1-Sp12,-2.49175,-10.38755,-8.213899999999999,-9.640275000000004,-62.23672499999999
Gal(b1-4)GlcNAc(b1-6)[Gal(b1-4)GlcNAc(b1-3)]Gal(b1-4)GlcNAc(a1-Sp0,-5.005600000000003,3.510374999999998,8.732875000000009,8.591024999999998,-54.51207500000002
GlcNAc(b1-6)[Gal(b1-4)GlcNAc(b1-3)]Gal(b1-4)GlcNAc(a1-Sp0,-3.356774999999999,-1.060299999999998,-4.430399999999997,-6.3179000000000025,-8.8325
Gal(b1-4)GlcNAc(a1-6)Gal(b1-4)GlcNAc(b1-Sp0,1.941200000000002,1.598824999999998,-5.469700000000002,-11.5744,-1.1287250000000029
Gal(b1-4)GlcNAc(b1-6)Gal(b1-4)GlcNAc(b1-Sp0,0.031625000000000014,-3.975050000000003,-4.65935,-6.002850000000002,16.1545
GalNAc(b1-3)Gal(b1-Sp8,7.869799999999998,11.3816,13.34385,-6.6918500000000085,-4.183724999999999
GlcA(b1-3)GlcNAc(b1-Sp8,-8.614350000000002,7.384599999999999,20.318125,2.582900000000002,-5.583749999999991
Neu5Ac(a2-6)Gal(b1-4)GlcNAc(b1-2)Man(a1-6)[GlcNAc(b1-2)Man(a1-3)]Man(b1-4)GlcNAc(b1-4)GlcNAc(b1-Sp12,8.600700000000002,14.332725,-5.2681749999999985,2.5478749999999977,-7.70345
GlcNAc(b1-3)Ma(n1-Sp10,9.096725000000003,8.529775000000004,9.51265,1.6397750000000002,11.112875000000004
GlcNAc(b1-4)GlcNAc(b1-Sp10,2.224425,8.112874999999999,0.4274249999999995,-4.685775000000003,-8.606574999999996
GlcNAc(b1-4)GlcNAc(b1-Sp12,28.52685000000001,-7.215550000000002,8.953349999999997,-1.7841500000000003,-11.282249999999998
MurNAc(b1-4)GlcNAc(b1-Sp10,2.6167749999999987,9.602575000000002,-14.93995,9.206175000000002,-28.831125000000004
Man(a1-6)Man(b1-Sp10,23.5336,7.446024999999999,24.59747500000001,3.5827250000000035,54.08922500000003
Man(a1-6)[Man(a1-3)]Man(a1-6)[Man(a1-3)]Man(b1-Sp10,3.6765749999999984,19.375025,25.0708,43.37380000000001,6.926474999999987
Man(a1-2)Man(a1-6)[Man(a1-3)]Man(a1-6)[Man(a1-2)Man(a1-2)Man(a1-3)]Man(a1-Sp9,0.024924999999999642,3.9623500000000007,3.09075,14.364149999999995,6.395024999999998
Man(a1-2)Man(a1-6)[Man(a1-2)Man(a1-3)]Man(a1-6)[Man(a1-2)Man(a1-2)Man(a1-3)]Man(a1-Sp9,-0.29154999999999376,-2.66165,5.475849999999998,2.996125,-31.005075
Neu5Ac(a2-3)Gal(b1-4)GlcNAc(b1-6)[Neu5Ac(a2-3)Gal(b1-3)]GalNAc(a1-Sp14,-8.353550000000002,1.6159749999999953,4.9181750000000015,-1.2286499999999947,-24.732475000000004
Neu5Ac(a2-6)Gal(b1-4)GlcNAc(b1-2)Man(a1-6)[Neu5Ac(a2-3)Gal(b1-4)GlcNAc(b1-2)Man(a1-3)]Man(b1-4)GlcNAc(b1-4)GlcNAc(b1-Sp12,-2.8627999999999934,-6.176750000000004,-12.373175000000005,-16.204949999999997,-51.76075
Gal(b1-4)GlcNAc(b1-2)Man(a1-6)[Neu5Ac(a2-6)Gal(b1-4)GlcNAc(b1-2)Man(a1-3)]Man(b1-4)GlcNAc(b1-4)GlcNAc(b1-Sp12,5.011850000000003,8.803575000000002,3.36875,-7.044975000000001,-18.001899999999996
GlcNAc(b1-2)Man(a1-6)[Neu5Ac(a2-6)Gal(b1-4)GlcNAc(b1-2)Man(a1-3)]Man(b1-4)GlcNAc(b1-4)GlcNAc(b1-Sp12,17.717450000000007,-10.169725,-13.591699999999998,-14.804249999999998,-58.96960000000002
Neu5Ac(a2-8)Neu5Ac(b1-Sp17,5.140500000000003,5.520775,10.318724999999997,44.574025000000006,-11.693825000000004
Neu5Ac(a2-8)Neu5Ac(a2-8)Neu5Ac(b1-Sp8,-8.552624999999995,-14.717624999999998,-16.406200000000005,-9.856025000000002,-92.093575
Neu5Gc(b2-6)Gal(b1-4)GlcNAc(a1-Sp8,7.546899999999997,13.3525,17.741025,29.41017500000001,-55.22427499999999
Gal(b1-3)GlcNAc(b1-2)Man(a1-6)[Gal(b1-3)GlcNAc(b1-2)Man(a1-3)]Man(b1-4)GlcNAc(b1-4)GlcNAc(b1-Sp19,-2.4189999999999934,-7.130849999999999,8.132449999999995,4.851099999999999,-59.23442499999999
Neu5Ac(a2-3)Gal(b1-4)GlcNAc(b1-2)Man(a1-6)[Neu5Ac(a2-3)Gal(b1-4)GlcNAc(b1-2)Man(a1-3)]Man(b1-4)GlcNAc(b1-4)GlcNAc(b1-Sp12,2.4916,-2.0864499999999992,-4.650875000000003,2.4225,-47.730825
Neu5Ac(a2-3)Gal(b1-4)GlcNAc(b1-2)Man(a1-6)[Neu5Ac(a2-6)Gal(b1-4)GlcNAc(b1-2)Man(a1-3)]Man(b1-4)GlcNAc(b1-4)GlcNAc(b1-Sp12,1.700549999999998,3.917150000000003,-7.456200000000001,-17.413675,-14.448674999999998
Gal(b1-4)[Fuc(a1-3)]GlcNAc(b1-2)Man(a1-6)[Gal(b1-4)[Fuc(a1-3)]GlcNAc(b1-2)Man(a1-3)]Man(b1-4)GlcNAc(b1-4)GlcNAc(b1-Sp20,107.54820000000002,3660.8197,12048.94815,28162.225725,24443.2581
"Neu5,9Ac2(a2-3)Gal(b1-4)GlcNAc(b1-Sp0",9.018249999999988,5.829050000000006,2.0372750000000037,3.589525000000002,3.7486
"Neu5,9Ac2(a2-3)Gal(b1-4)GlcNAc(b1-Sp0",3.328175,-2.231775,-4.079099999999997,-18.8002,4.322775
Neu5Ac(a2-6)Gal(b1-4)GlcNAc(b1-3)Gal(b1-3)GlcNAc(b1-Sp0,-2.7952749999999966,-3.4689999999999976,2.426024999999999,-8.702224999999999,19.278474999999982
Neu5Ac(a2-3)Gal(b1-3)[Fuc(a1-4)]GlcNAc(b1-3)Gal(b1-3)[Fuc(a1-4)]GlcNAc(b1-Sp0,24.788125,1531.80315,8598.3608,32676.58845000001,26287.879750000004
Neu5Ac(a2-6)Gal(b1-4)GlcNAc(b1-3)Gal(b1-4)GlcNAc(b1-3)Gal(b1-4)GlcNAc(b1-Sp0,2.316274999999999,6.654475000000005,9.837700000000002,-6.847225000000009,-16.967425
Gal(a1-4)Gal(b1-4)GlcNAc(b1-3)Gal(b1-4)Glc(b1-Sp0,0.6939250000000001,14.536474999999996,22.510900000000003,8.589849999999998,-11.925525000000007
GalNAc(b1-3)Gal(a1-4)Gal(b1-4)GlcNAc(b1-3)Gal(b1-4)Glc(b1-Sp0,-0.03460000000000464,-3.243400000000001,5.723324999999999,-11.413975,-9.674725000000006
GalNAc(a1-3)[Fuc(a1-2)]Gal(b1-4)GlcNAc(b1-3)Gal(b1-4)GlcNAc(b1-Sp0,-3.657124999999997,27.9442,511.840225,2711.441475,1926.739675
GalNAc(a1-3)[Fuc(a1-2)]Gal(b1-4)GlcNAc(b1-3)Gal(b1-4)GlcNAc(b1-3)Gal(b1-4)GlcNAc(b1-Sp0,7.129225,34.244225,107.34795,61.331075,86.39615
Neu5Ac(a2-3)Gal(b1-4)[Fuc(a1-3)]GlcNAc(b1-6)[Neu5Ac(a2-3)Gal(b1-3)]GalNAc(a1-Sp14,17.736924999999996,67.87467500000002,300.60510000000005,1380.1813,2893.6793250000014
GlcNAc(a1-4)Gal(b1-4)GlcNAc(b1-3)Gal(b1-4)GlcNAc(b1-3)Gal(b1-4)GlcNAc(b1-Sp0,-13.694475000000002,1.5458499999999995,7.238400000000002,0.1887000000000114,-10.989449999999998
GlcNAc(a1-4)Gal(b1-4)GlcNAc(b1-Sp0,10.291775,-14.482824999999995,-5.626125000000003,29.15935,-42.63912499999999
GlcNAc(a1-4)Gal(b1-3)GlcNAc(b1-Sp0,-14.372850000000005,-3.3539999999999957,21.949425000000005,15.674350000000004,-14.896174999999996
GlcNAc(a1-4)Gal(b1-4)GlcNAc(b1-3)Gal(b1-4)Glc(b1-Sp0,-8.913749999999991,-6.946300000000004,-5.6583999999999985,5.826700000000002,-87.578575
GlcNAc(a1-4)Gal(b1-4)GlcNAc(b1-3)Gal(b1-4)[Fuc(a1-3)]GlcNAc(b1-3)Gal(b1-4)[Fuc(a1-3)]GlcNAc(b1-Sp0,123.394325,3939.6568250000014,17871.3418,30624.206574999986,31440.172025000003
GlcNAc(a1-4)Gal(b1-4)GlcNAc(b1-3)Gal(b1-4)GlcNAc(b1-Sp0,6.684400000000004,38.80592499999999,83.81809999999996,193.265925,115.46339999999998
GlcNAc(a1-4)Gal(b1-3)GalNAc(a1-Sp14,6.997425,14.286324999999994,7.863050000000005,35.139025000000004,-8.295124999999999
Neu5Ac(a2-6)Gal(b1-4)GlcNAc(b1-2)Man(a1-6)[Man(a1-3)]Man(b1-4)GlcNAc(b1-4)GlcNAc(a1-Sp12,-13.685625,-11.661549999999998,11.380524999999974,-17.024799999999995,-79.601625
Man(a1-6)[Neu5Ac(a2-6)Gal(b1-4)GlcNAc(b1-2)Man(a1-3)]Man(b1-4)GlcNAc(b1-4)GlcNAc(a1-Sp12,-7.0520749999999985,-11.54675,15.765,7.964375,-62.41120000000002
Neu5Ac(a2-6)Gal(b1-4)GlcNAc(b1-2)Man(a1-6)Man(b1-4)GlcNAc(b1-4)GlcNAc(a1-Sp12,-12.723400000000007,-11.995900000000002,14.729074999999998,-7.220174999999998,-70.966625
Neu5Ac(a2-6)Gal(b1-4)GlcNAc(b1-2)Man(a1-3)Man(b1-4)GlcNAc(b1-4)GlcNAc(a1-Sp12,8.040474999999997,-10.033725000000002,12.424125000000005,-2.277525000000006,-56.715875
Gal(b1-4)GlcNAc(b1-2)Man(a1-3)Man(b1-4)GlcNAc(b1-4)GlcNAc(a1-Sp12,-4.852224999999999,34.3062,30.88445,76.14059999999998,107.5626
Gal(b1-4)GlcNAc(b1-2)Man(a1-6)Man(b1-4)GlcNAc(b1-4)GlcNAc(a1-Sp12,-2.440499999999997,0.5125500000000011,-5.132925,-4.941625000000002,1.7658250000000033
Man(a1-6)[Gal(b1-4)GlcNAc(b1-2)Man(a1-3)]Man(b1-4)GlcNAc(b1-4)GlcNAc(b1-Sp12,1.8890999999999991,5.9530749999999975,9.817225,100.51592500000002,115.28295
GlcNAc(b1-2)Man(a1-6)[GlcNAc(b1-2)Man(a1-3)]Man(b1-4)GlcNAc(b1-4)[Fuc(a1-6)]GlcNAc(b1-Sp22,36.49955,1208.4717,4068.102225000001,13307.841375,10518.380975
Gal(b1-4)GlcNAc(b1-2)Man(a1-6)[Gal(b1-4)GlcNAc(b1-2)Man(a1-3)]Man(b1-4)GlcNAc(b1-4)[Fuc(a1-6)]GlcNAc(b1-Sp22,24.740875,1729.8326499999994,7373.4467250000025,19608.7172,19009.03275
Gal(b1-3)GlcNAc(b1-2)Man(a1-6)[Gal(b1-3)GlcNAc(b1-2)Man(a1-3)]Man(b1-4)GlcNAc(b1-4)[Fuc(a1-6)]GlcNAc(b1-Sp22,101.62135000000002,2394.847725,6076.925175,15746.2915,14969.698475
(6S)GlcNAc(b1-3)Gal(b1-4)GlcNAc(b1-Sp0,9.3832,4.536825000000004,20.048250000000003,-1.0579499999999982,0.2721250000000026
KDN(a2-3)Gal(b1-4)[Fuc(a1-3)]GlcNAc(a1-Sp0,8.5875,77.72717499999997,647.8519000000001,4626.376750000001,4950.4834249999985
KDN(a2-6)Gal(b1-4)GlcNAc(a1-Sp0,4.141199999999998,-8.450524999999999,27.698974999999976,26.164975,7.593175000000002
KDN(a2-3)Gal(b1-4)Glc(a1-Sp0,2.71725,13.888375000000005,22.387699999999995,62.22075,-9.306224999999998
KDN(a2-3)Gal(b1-3)GalNAc(a1-Sp14,7.688099999999999,88.081525,208.972525,448.505075,578.5476500000002
Fuc(a1-2)Gal(b1-3)GlcNAc(b1-2)Man(a1-6)[Fuc(a1-2)Gal(b1-3)GlcNAc(b1-2)Man(a1-3)]Man(b1-4)GlcNAc(b1-4)GlcNAc(b1-Sp20,16.748699999999996,430.08757500000013,3460.3691,16398.701824999996,24113.797200000005
Fuc(a1-2)Gal(b1-4)GlcNAc(b1-2)Man(a1-6)[Fuc(a1-2)Gal(b1-4)GlcNAc(b1-2)Man(a1-3)]Man(b1-4)GlcNAc(b1-4)GlcNAc(b1-Sp20,591.9339000000001,6720.325499999999,30346.347075000005,38288.400699999984,31422.000775
Fuc(a1-2)Gal(b1-4)[Fuc(a1-3)]GlcNAc(b1-2)Man(a1-6)[Fuc(a1-2)Gal(b1-4)[Fuc(a1-3)]GlcNAc(b1-2)Man(a1-3)]Man(b1-4)GlcNAc(b1-4)GlcNA(b1-Sp20,61.30512499999999,1611.041525,5082.139675,6798.048925000001,10459.579725
Gal(a1-3)Gal(b1-4)GlcNAc(b1-2)Man(a1-6)[Gal(a1-3)Gal(b1-4)GlcNAc(b1-2)Man(a1-3)]Man(b1-4)GlcNAc(b1-4)GlcNAc(b1-Sp20,2.149300000000008,45.63507499999999,53.576025,73.449375,70.20095
Gal(b1-4)GlcNAc(b1-2)Man(a1-6)[Man(a1-3)]Man(b1-4)GlcNAc(b1-4)GlcNAc(b1-Sp12,-2.886374999999993,0.9324000000000012,-1.515575000000002,3.724325,-66.685225
Fuc(a1-4)[Gal(b1-3)]GlcNAc(b1-2)Man(a1-6)[Fuc(a1-4)[Gal(b1-3)]GlcNAc(b1-2)Man(a1-3)]Man(b1-4)GlcNAc(b1-4)[Fuc(a1-6)]GlcNAc(b1-Sp22,33.956375,1018.1563,3225.535925,10416.18905,10394.842949999998
Neu5Ac(a2-6)GlcNAc(b1-4)GlcNAc(a1-Sp21,-3.879325000000009,-18.99745,-15.793625,-2.848025,-90.014675
Neu5Ac(a2-6)GlcNAc(b1-4)GlcNAc(b1-4)GlcNAc(a1-Sp21,17.769399999999994,-8.088475000000003,-11.335475000000002,-12.284549999999996,-41.728725
Gal(b1-4)[Fuc(a1-3)]GlcNAc(b1-6)[Fuc(a1-2)Gal(b1-4)GlcNAc(b1-3)]Gal(b1-4)Glc(a1-Sp21,144.48192500000005,4502.615899999999,27620.631125,36545.050325,44289.794525
Gal(b1-4)GlcNAc(b1-2)Man(a1-6)[Gal(b1-4)GlcNAc(b1-4)[Gal(b1-4)GlcNAc(b1-2)]Man(a1-3)]Man(b1-4)GlcNAc(b1-4)GlcNAc(a1-Sp21,14.90835,92.224075,246.320375,684.6317750000002,1180.2176499999996
GalNAc(a1-3)[Fuc(a1-2)]Gal(b1-4)GlcNAc(b1-2)Man(a1-6)[GalNAc(a1-3)[Fuc(a1-2)]Gal(b1-4)GlcNAc(b1-2)Man(a1-3)]Man(b1-4)GlcNAc(b1-4)GlcNAc(b1-Sp20,-13.988224999999993,-15.103149999999992,7.907074999999999,82.89507500000002,15.148674999999995
Gal(a1-3)[Fuc(a1-2)]Gal(b1-4)GlcNAc(b1-2)Man(a1-6)[Gal(a1-3)[Fuc(a1-2)]Gal(b1-4)GlcNAc(b1-2)Man(a1-3)]Man(b1-4)GlcNAc(b1-4)GlcNAc(b1-Sp20,-1.681924999999996,35.66244999999999,148.62055,874.8859,1217.9613
Gal(a1-3)Gal(b1-4)[Fuc(a1-3)]GlcNAc(b1-2)Man(a1-6)[Gal(a1-3)Gal(b1-4)[Fuc(a1-3)]GlcNAc(b1-2)Man(a1-3)]Man(b1-4)GlcNAc(b1-4)GlcNAc(b1-Sp20,-22.435500000000005,111.130925,2025.14415,10194.376175,11886.457525000002
GalNAc(a1-3)[Fuc(a1-2)]Gal(b1-3)GlcNAc(b1-2)Man(a1-6)[GalNAc(a1-3)[Fuc(a1-2)]Gal(b1-3)GlcNAc(b1-2)Man(a1-3)]Man(b1-4)GlcNAc(b1-4)GlcNAc(b1-Sp20,3.9185500000000015,11.19835,15.3343,35.86797499999999,20.811925000000006
Gal(a1-3)[Fuc(a1-2)]Gal(b1-3)GlcNAc(b1-2)Man(a1-6)[Gal(a1-3)[Fuc(a1-2)]Gal(b1-3)GlcNAc(b1-2)Man(a1-3)]Man(b1-4)GlcNAc(b1-4)GlcNAc(b1-Sp20,-3.376925,7.31325,13.067125000000004,33.886375,35.65904999999999
Fuc(a1-4)[Fuc(a1-2)Gal(b1-3)]GlcNAc(b1-2)Man(a1-3)[Fuc(a1-4)[Fuc(a1-2)Gal(b1-3)]GlcNAc(b1-2)Man(a1-3)]Man(b1-4)GlcNAc(b1-4)GlcNAc(b1-Sp19,1.6218000000000004,57.42465000000002,76.577225,347.6161999999998,147.8719500000002
Neu5Ac(a2-3)Gal(b1-4)GlcNAc(b1-3)GalNAc(a1-Sp14,-9.100849999999998,3.7088999999999714,33.64569999999999,33.1707,53.27977499999997
Neu5Ac(a2-6)Gal(b1-4)GlcNAc(b1-3)GalNAc(a1-Sp14,-1.5413749999999968,-2.588300000000004,-6.13205,3.92435,14.803150000000002
Neu5Ac(a2-3)Gal(b1-4)[Fuc(a1-3)]GlcNAc(b1-3)GalNAc(a1-Sp14,18.290875,91.147325,1431.83965,9385.49095,13141.109300000006
GalNAc(b1-4)GlcNAc(b1-2)Man(a1-6)[GalNAc(b1-4)GlcNAc(b1-2)Man(a1-3)]Man(b1-4)GlcNAc(b1-4)GlcNAc(a1-Sp12,72.835625,91.229375,110.90595,138.27817499999998,117.19917499999998
Gal(b1-3)GalNAc(a1-3)[Fuc(a1-2)]Gal(b1-4)Glc(a1-Sp0,-2.522624999999996,10.552100000000003,4.647449999999999,16.136300000000002,1.0475500000000153
Gal(b1-3)GalNAc(a1-3)[Fuc(a1-2)]Gal(b1-4)GlcNAc(a1-Sp0,-7.7133,-3.193399999999997,21.79782499999999,56.83052500000001,50.19207500000002
Gal(b1-3)GlcNac(b1-3)Gal(b1-4)GlcNac(b1-6)[Gal(b1-3)GlcNac(b1-3)]Gal(b1-4)Glc(b1-Sp0,-3.4621500000000083,12.56782500000001,15.835275000000005,48.901675,29.875575
Gal(b1-4)[Fuc(a1-3)]GlcNAc(b1-6)[Gal(b1-3)GlcNAc(b1-3)]Gal(b1-4)Glc(a1-Sp21,47.976375,3709.2075,14801.9362,37734.82199999999,35846.119349999986
Gal(b1-4)GlcNAc(b1-6)[Fuc(a1-4)[Fuc(a1-2)Gal(b1-3)]GlcNAc(b1-3)]Gal(b1-4)Glc(a1-Sp21,9.411649999999998,1230.8105,6397.2365,22642.56270000001,18904.9485
Gal(b1-4)[Fuc(a1-3)]GlcNAc(b1-6)[Fuc(a1-4)[Fuc(a1-2)Gal(b1-3)]GlcNAc(b1-3)]Gal(b1-4)Glc(a1-Sp21,30.04955,4729.246875000002,22475.129975,37326.5221,29081.17435
Gal(b1-3)GlcNAc(b1-3)Gal(b1-4)[Fuc(a1-3)]GlcNAc(b1-6)[Gal(b1-3)GlcNAc(b1-3)]Gal(b1-4)Glc(a1-Sp21,11.135899999999992,280.054425,2874.43955,14697.316,14253.452699999998
Gal(b1-4)GlcNac(b1-6)[Gal(b1-4)GlcNac(b1-2)]Man(a1-6)[Gal(b1-4)GlcNac(b1-4)[Gal(b1-4)GlcNac(b1-2)]Man(a1-3)]Man(b1-4)GlcNac(b1-4)GlcNac(b1-Sp21,12.354299999999995,12.684250000000004,23.1954,203.7798,73.93195
GlcNac(b1-2)Man(a1-6)[GlcNac(b1-4)[GlcNac(b1-2)]Man(a1-3)]Man(b1-4)GlcNac(b1-4)GlcNac(a1-Sp21,-9.633449999999996,0.5457500000000017,26.98840000000001,15.390874999999996,29.20612499999993
Fuc(a1-2)Gal(b1-3)GalNAc(a1-3)[Fuc(a1-2)]Gal(b1-4)Glc(b1-Sp0,12.366625,252.362875,2566.95195,14047.91385,12429.092700000005
Fuc(a1-2)Gal(b1-3)GalNAc(a1-3)[Fuc(a1-2)]Gal(b1-4)GlcNAc(b1-Sp0,6.894749999999995,156.99085,809.734625,4878.997975,3359.9578999999994
Gal(b1-3)GlcNAc(b1-3)GalNAc(a1-Sp14,19.306925000000007,21.7667,12.080174999999995,46.09,-3.302475000000001
GalNAc(b1-4)[Neu5Ac(a2-3)]Gal(b1-4)GlcNAc(b1-3)GalNAc(a1-Sp14,36.16247499999999,134.49407499999998,84.32345000000002,136.21090000000004,144.285975
GalNAc(a1-3)[Fuc(a1-2)]Gal(b1-3)GalNAc(a1-3)[Fuc(a1-2)]Gal(b1-4)GlcNAc(b1-Sp0,15.286375,5.8188,30.102874999999994,10.183225,-30.707525000000004
Gal(a1-3)Gal(b1-3)GlcNAc(b1-2)Man(a1-6)[Gal(a1-3)Gal(b1-3)GlcNAc(b1-2)Man(a1-3)]Man(b1-4)GlcNAc(b1-4)GlcNAc(a1-Sp19,0.578125,177.351625,171.27960000000004,150.04112500000005,401.2547
Gal(a1-3)Gal(b1-3)[Fuc(a1-4)]GlcNAc(b1-2)Man(a1-6)[Gal(a1-3)Gal(b1-3)[Fuc(a1-4)]GlcNAc(b1-2)Man(a1-3)]Man(b1-4)GlcNAc(b1-4)GlcNAc(a1-Sp19,43.80025,87.17612500000001,222.68765,636.3013,927.9843500000003
Neu5Ac(a2-3)Gal(b1-3)GlcNAc(b1-2)Man(a1-6)[Neu5Ac(a2-3)Gal(b1-3)GlcNAc(b1-2)Man(a1-3)]Man(b1-4)GlcNAc(b1-4)GlcNAc(a1-Sp19,-17.574924999999993,-5.8029499999999885,25.666225,-18.975649999999995,39.8868
GlcNAc(b1-2)Man(a1-6)[Gal(b1-4)GlcNAc(b1-2)Man(a1-3)]Man(b1-4)GlcNAc(b1-4)GlcNAc(a1-Sp12,3.5779999999999985,-2.0573250000000005,2.453699999999996,-3.938125,13.944149999999993
Gal(b1-4)GlcNAc(b1-2)Man(a1-6)[GlcNAc(b1-2)Man(a1-3)]Man(b1-4)GlcNAc(b1-4)GlcNAc(a1-Sp12,-3.802475,18.427125000000004,39.192475,28.307200000000005,45.08307500000001
Neu5Ac(a2-3)Gal(b1-3)GlcNAc(b1-3)GalNAc(a1-Sp14,-1.5958750000000013,25.098725,42.053275000000006,41.9003,67.082425
Fuc(a1-2)Gal(b1-4)GlcNac(b1-3)GalNac(a1-Sp14,8.488674999999997,493.59905,4219.39285,20918.037375,17009.3889
Gal(b1-4)[Fuc(a1-3)]GlcNac(b1-3)GalNac(a1-Sp14,29.186475,1236.9509,9100.893475,22552.93045,22865.571875
GalNac(a1-3)GalNac(b1-3)Gal(a1-4)Gal(b1-4)GlcNac(b1-Sp0,6.261375000000001,0.9471500000000006,0.03629999999999711,-6.074674999999999,-14.946199999999996
Gal(a1-4)Gal(b1-3)GlcNac(b1-2)Man(a1-6)[Gal(a1-4)Gal(b1-3)GlcNac(b1-2)Man(a1-3)]Man(b1-4)GlcNac(b1-4)GlcNac(b1-Sp19,14.485974999999998,22.4998,33.853625,24.9194,55.31785000000002
Gal(a1-4)Gal(b1-4)GlcNac(b1-2)Man(a1-6)[Gal(a1-4)Gal(b1-4)GlcNac(b1-2)Man(a1-3)]Man(b1-4)GlcNac(b1-4)GlcNac(b1-Sp24,4.180900000000005,40.60295000000001,36.41217500000001,6.531649999999999,36.82942499999999
Gal(a1-3)Gal(b1-4)GlcNac(b1-3)GalNac(a1-Sp14,-11.037025000000002,21.805975,11.038625,4.5692749999999975,2.158850000000001
Gal(b1-3)GlcNAc(b1-6)Gal(b1-4)GlcNAc(b1-Sp0,7.58625,-0.18495000000000414,7.075650000000002,-0.476700000000001,-7.849224999999998
Gal(b1-3)GlcNAc(a1-6)Gal(b1-4)GlcNAc(b1-Sp0,3.3617249999999963,3.183074999999995,8.753924999999995,-1.5245499999999763,-14.269224999999995
GalNAc(b1-3)Gal(a1-6)Gal(b1-4)Glc(b1-Sp8,-2.140599999999999,53.89535000000001,23.834425,26.6855,59.573875
Gal(a1-3)[Fuc(a1-2)]Gal(b1-4)[Fuc(a1-3)]Glc(b1-Sp21,2.915150000000001,2327.139675,7920.980375,18898.4873,18032.99805
Gal(b1-4)GlcNAc(b1-6)[Neu5Ac(a2-6)Gal(b1-3)GlcNAc(b1-3)]Gal(b1-4)Glc(a1-Sp21,10.691374999999997,-0.3319500000000044,2.0160999999999945,4.50125,7.68805
Gal(b1-3)GalNAc(b1-4)[Neu5Ac(a2-8)Neu5Ac(a2-3)]Gal(b1-4)Glc(b1-Sp0,-16.160750000000004,6.1708249999999945,6.4022000000000014,10.569074999999984,28.25375
Neu5Ac(a2-3)Gal(b1-3)GalNAc(b1-4)[Neu5Ac(a2-8)Neu5Ac(a2-3)]Gal(b1-4)Glc(b1-Sp0,-8.258375000000001,21.106425,5.966700000000002,69.07144999999998,17.6908
Gal(a1-3)[Fuc(a1-2)]Gal(b1-4)GlcNAc(b1-3)GalNAc(a1-Sp14,20.093475000000005,373.134425,552.333975,958.9678,1200.8477750000004
GalNAc(a1-3)[Fuc(a1-2)]Gal(b1-4)GlcNAc(b1-3)GalNAc(a1-Sp14,-8.830875000000002,24.79387500000001,11.128699999999998,29.05017500000001,12.990250000000005
GalNAc(a1-3)GalNAc(b1-3)Gal(a1-4)Gal(b1-4)Glc(b1-Sp0,-5.743475,6.7316,-6.6141000000000005,2.1559500000000007,-43.46545
Fuc(a1-2)Gal(b1-4)[Fuc(a1-3)]GlcNAc(b1-3)GalNAc(a1-Sp14,6.6550249999999975,262.928875,343.94350000000014,637.1690999999997,563.1032250000002
Gal(a1-3)[Fuc(a1-2)]Gal(b1-4)[Fuc(a1-3)]GlcNAc(b1-3)GalNAc(a1-Sp14,41.419325,79.42805,323.33657499999987,2471.109000000001,2587.686725
GalNAc(a1-3)[Fuc(a1-2)]Gal(b1-4)[Fuc(a1-3)]GlcNAc(b1-3)GalNAc(a1-Sp14,23.21059999999999,200.34410000000003,277.990625,320.030525,510.59080000000006
Gal(b1-4)[Fuc(a1-3)]GlcNAc(b1-2)Man(a1-6)[Gal(b1-4)[Fuc(a1-3)]GlcNAc(b1-2)Man(a1-3)]Man(b1-4)GlcNAc(b1-4)[Fuc(a1-6)]GlcNAc(b1-Sp22,54.79507500000001,60.55,455.42605,1440.019675,2128.5475
Fuc(a1-2)Gal(b1-4)GlcNAc(b1-2)Man(a1-6)[Fuc(a1-2)Gal(b1-4)GlcNAc(b1-2)Man(a1-3)]Man(b1-4)GlcNAc(b1-4)[Fuc(a1-6)]GlcNAc(b1-Sp22,404.64595,6667.987350000001,21764.918675000008,36789.594575,30783.832225
GlcNAc(b1-2)[GlcNAc(b1-6)]Man(a1-6)[GlcNAc(b1-2)Man(a1-3)]Man(b1-4)GlcNAc(b1-4)GlcNAc(b1-Sp19,-2.7194999999999965,12.436550000000004,31.0945,27.768025,43.06315000000002
Fuc(a1-2)Gal(b1-3)GlcNAc(b1-3)GalNAc(a1-Sp14,-3.0814999999999984,76.57507500000001,318.632425,3316.637825,987.0353
Gal(a1-3)[Fuc(a1-2)]Gal(b1-3)GlcNAc(b1-3)GalNAc(a1-Sp14,-3.6552749999999983,13.883975,-4.235650000000003,-9.226174999999998,4.2000249999999975
GalNAc(a1-3)[Fuc(a1-2)]Gal(b1-3)GlcNAc(b1-3)GalNAc(a1-Sp14,0.8611249999999995,27.298400000000004,19.13085,8.414249999999996,7.179400000000001
Gal(a1-3)Gal(b1-3)GlcNAc(b1-3)GalNAc(a1-Sp14,-9.12345,-3.801875,4.984050000000007,0.7651749999999993,-4.984000000000004
Fuc(a1-2)Gal(b1-3)GlcNAc(b1-2)Man(a1-6)[Fuc(a1-2)Gal(b1-3)GlcNAc(b1-2)Man(a1-3)]Man(b1-4)GlcNAc(b1-4)[Fuc(a1-6)]GlcNAc(b1-Sp22,2.6196750000000044,495.458525,2721.3597,13179.68285,14666.682674999995
Gal(a1-3)[Fuc(a1-2)]Gal(b1-4)GlcNAc(b1-2)Man(a1-6)[Gal(a1-3)[Fuc(a1-2)]Gal(b1-4)GlcNAc(b1-2)Man(a1-3)]Man(b1-4)GlcNAc(b1-4)[Fuc(a1-6)]GlcNAc(b1-Sp22,30.628625,1503.3431750000002,5486.037125000002,17622.965624999993,16424.099725
Gal(b1-3)GlcNAc(b1-6)[Gal(b1-3)GlcNAc(b1-2)]Man(a1-6)[Gal(b1-3)GlcNAc(b1-2)Man(a1-3)]Man(b1-4)GlcNAc(b1-4)GlcNAc(b1-Sp19,-2.931925,21.543225000000003,11.154375,-7.494224999999997,34.4069
Gal(b1-4)GlcNAc(b1-6)[Fuc(a1-2)Gal(b1-3)GlcNAc(b1-3)]Gal(b1-4)Glc(a1-Sp21,4.848099999999999,1277.0643,6114.935725000001,25203.799575,19239.0684
Fuc(a1-3)GlcNAc(b1-6)[Gal(b1-4)GlcNAc(b1-3)]Gal(b1-4)Glc(a1-Sp21,-5.661349999999998,1500.1295249999994,8574.545575,33577.924175,34203.213625
GlcNAc(b1-2)Man(a1-6)[GlcNAc(b1-4)][GlcNAc(b1-2)Man(a1-3)]Man(b1-4)GlcNac(b1-4)GlcNAc(a1-Sp21,-2.2957750000000043,11.120674999999995,12.540775,44.31087500000001,19.068900000000014
GlcNAc(b1-2)Man(a1-6)[GlcNAc(b1-4)][GlcNAc(b1-4)[GlcNAc(b1-2)]Man(a1-3)]Man(b1-4)GlcNAc(b1-4)GlcNAc(a1-Sp21,-3.7185500000000014,-3.766875,-3.1317999999999966,0.8989750000000001,-1.568550000000002
GlcNAc(b1-6)[GlcNAc(b1-2)]Man(a1-6)[GlcNAc(b1-4)][GlcNAc(b1-2)Man(a1-3)]Man(b1-4)GlcNAc(b1-4)GlcNAc(a1-Sp21,-13.5084,-8.612075,-11.313775,-11.319024999999995,-10.959625000000004
GlcNAc(b1-6)[GlcNAc(b1-2)]Man(a1-6)[GlcNAc(b1-4)][GlcNAc(b1-4)[GlcNAc(b1-2)]Man(a1-3)]Man(b1-4)GlcNAc(b1-4)GlcNAc(a1-Sp21,-13.08775,17.110799999999998,6.927749999999996,-10.575499999999998,-3.206225
Gal(b1-4)GlcNAc(b1-2)Man(a1-6)[GlcNAc(b1-4)][Gal(b1-4)GlcNAc(b1-2)Man(a1-3)]Man(b1-4)GlcNAc(b1-4)GlcNAc(a1-Sp21,16.71767500000001,-3.726049999999997,-5.502399999999998,-13.042000000000005,-0.4269999999999961
Gal(b1-4)GlcNAc(b1-2)Man(a1-6)[GlcNAc(b1-4)][Gal(b1-4)GlcNAc(b1-4)[Gal(b1-4)GlcNAc(b1-2)]Man(a1-3)]Man(b1-4)GlcNAc(b1-4)GlcNAc(a1-Sp21,-10.627574999999991,-7.660674999999999,10.289099999999998,72.971575,4.858199999999994
Gal(b1-4)GlcNAc(b1-6)[Gal(b1-4)GlcNAc(b1-2)]Man(a1-6)[GlcNAc(b1-4)][Gal(b1-4)GlcNAc(b1-2)Man(a1-3)]Man(b1-4)GlcNAc(b1-4)GlcNAc(a1-Sp21,6.571525000000001,-1.919525,-2.5904249999999944,-3.2686500000000014,-23.78952499999999
Gal(b1-4)GlcNAc(b1-6)[Gal(b1-4)GlcNAc(b1-2)]Man(a1-6)[GlcNAc(b1-4)][Gal(b1-4)GlcNAc(b1-4)[Gal(b1-4)GlcNAc(b1-2)]Man(a1-3)]Man(b1-4)GlcNAc(b1-4)GlcNAc(a1-Sp21,-1.4676250000000015,77.65742499999998,98.922875,111.22737499999998,176.34475
Gal(b1-4)Gal(b1-Sp10,30.16669999999999,2.4511750000000028,12.635825000000004,1.2,-46.19127499999999
Gal(b1-6)Gal(b1-Sp10,16.449650000000002,12.494899999999996,20.584700000000012,43.235725,-19.451925000000006
Neu5Ac(a2-3)Gal(b1-4)GlcNAc(b1-3)Gal(b1-Sp8,14.458325000000002,649.64355,4110.477025,10744.88235,11469.139525000002
GalNAc(b1-6)GalNAc(b1-Sp8,-5.567650000000001,3.555299999999999,-0.8476499999999979,-14.159,-50.72
(6S)Gal(b1-3)GlcNAc(b1-Sp0,-13.510425000000005,-23.21967500000001,-21.059900000000006,-33.47855,-131.93205
(6S)Gal(b1-3)(6S)GlcNAc(a1-Sp0,-20.706200000000006,-14.46355,-19.1927,-17.15125,2.6845999999999983
Fuc(a1-2)Gal(b1-4) GlcNAc(b1-2)Man(a1-6)[Fuc(a1-2)Gal(b1-4)GlcNAc(b1-2)[Fuc(a1-2)Gal(b1-4)GlcNAc(b1-4)]Man(a1-3)]Man(b1-4)GlcNAc(b1-4)GlcNAc(b1-N,420.13170000000014,5805.044,27784.225275,35801.653675,30579.13645
Fuc(a1-2)Gal(b1-4)[Fuc(a1-3)]GlcNAc(b1-2)Man(a1-6)[Fuc(a1-2)Gal(b1-4)[Fuc(a1-3)]GlcNAc(b1-4)[Fuc(a1-2)Gal(b1-4)[Fuc(a1-3)]GlcNAc(b1-2)]Man(a1-3)]Man(b1-4)GlcNAc(b1-4)GlcNAc(b1-N,67.90507499999998,1597.3872499999998,5012.1587,10722.56845,10344.830725
Gal(b1-4)[Fuc(a1-3)]GlcNAc(b1-6)GalNAc(a1-Sp14,0.8268500000000003,54.34785000000001,128.38097499999998,559.9591999999999,407.008425
Gal(b1-4)GlcNAc(b1-2)Man(a1-Sp0,-9.39245,-0.24827499999999605,8.989525,4.360999999999997,36.861975
Fuc(a1-2)Gal(b1-4)GlcNAc(b1-6)[Fuc(a1-2)Gal(b1-4)GlcNAc(b1-3)]GalNAc(a1-Sp14,469.288575,6635.958325000001,22050.740350000004,32144.157449999984,30897.980625
Gal(a1-3)Fuc(a1-2)Gal(b1-4)GlcNAc(b1-6)[Gal(a1-3)Fuc(a1-2)Gal(b1-4)GlcNAc(b1-3)]GalNAc(a1-Sp14,-10.823950000000005,33.37585,88.9714,903.0734,605.800575
GalNAc(a1-3)[Fuc(a1-2)]Gal(b1-4)GlcNAc(b1-6)[GalNAc(a1-3)[Fuc(a1-2)]Gal(b1-4)GlcNAc(b1-3)]GalNAc(a1-Sp14,0.8663999999999987,67.96889999999999,388.86347500000005,3689.45325,2937.4497750000005
Neu5Ac(a2-8)Neu5Ac(a2-3)Gal(b1-3)GalNAc(b1-4)[Neu5Ac(a2-8)Neu5Ac(a2-3)]Gal(b1-4)Glc(b1-Sp0,-7.033075,0.9195999999999992,3.3833749999999974,-4.119450000000004,-5.453049999999994
GalNAc(b1-4)Gal(b1-4)Glc(b1-Sp0,-7.091774999999995,19.604225,17.174825000000006,82.68240000000003,68.58227500000001
GalNAc(a1-3)[Fuc(a1-2)]Gal(b1-4)GlcNAc(b1-2)Man(a1-6)[GalNAc(a1-3)[Fuc(a1-2)]Gal(b1-4)GlcNAc(b1-2)Man(a1-3)]Man(b1-4)GlcNAc(b1-4)[Fuc(a1-6)]GlcNAc(b1-Sp22,-2.436049999999998,374.475125,1704.0348500000002,7073.331475000001,6167.400450000001
Gal(a1-3)[Fuc(a1-2)]Gal(b1-3)GlcNAc(b1-2)Man(a1-6)[Gal(a1-3)[Fuc(a1-2)]Gal(b1-3)GlcNAc(b1-2)Man(a1-3)]Man(b1-4)GlcNAc(b1-4)[Fuc(a1-6)]GlcNAc(b1-Sp22,0.06640000000000157,557.26725,2003.443,9419.363875000005,7587.383899999998
Neu5Ac(a2-6)Gal(b1-4)GlcNAc(b1-6)[Fuc(a1-2)Gal(b1-3)GlcNAc(b1-3)]Gal(b1-4)Glc(a1-Sp21,-2.908275,544.8427750000002,3712.151225,19265.121675,17366.1415
GalNAc(a1-3)[Fuc(a1-2)]Gal(b1-3)GlcNAc(b1-2)Man(a1-6)[GalNAc(a1-3)[Fuc(a1-2)]Gal(b1-3)GlcNAc(b1-2)Man(a1-3)]Man(b1-4)GlcNAc(b1-4)[Fuc(a1-6)]GlcNAc(b1-Sp22,-9.738975,1202.68475,5653.6877,14661.702475,13846.4786
Gal(b1-4)GlcNAc(b1-6)[Gal(b1-4)GlcNAc(b1-2)]Man(a1-6)[Gal(b1-4)GlcNAc(b1-2)Man(a1-3)]Man(b1-4)GlcNAc(b1-4)GlcNAc(b1-Sp19,-21.701374999999995,3.9473750000000014,15.277000000000005,2.0541499999999933,14.492425000000004
Neu5Ac(a2-3)Gal(b1-4)GlcNAc(b1-2)Man(a1-6)[GlcNAc(b1-4)][Neu5Ac(a2-3)Gal(b1-4)GlcNAc(b1-2)Man(a1-3)]Man(b1-4)GlcNAc(b1-4)GlcNAc(b1-Sp21,-7.264699999999994,4.696349999999999,14.523650000000005,41.91235,103.94577500000004
Neu5Ac(a2-3)Gal(b1-4)GlcNAc(b1-4)Man(a1-6)[GlcNAc(b1-4)][Neu5Ac(a2-3)Gal(b1-4)GlcNAc(b1-4)[Neu5Ac(a2-3)Gal(b1-4)GlcNAc(b1-2)]Man(a1-3)]Man(b1-4)GlcNAc(b1-4)GlcNAc(b1-Sp21,-10.74055,-4.808450000000004,-5.014650000000003,35.31027500000001,-14.6711
Neu5Ac(a2-3)Gal(b1-4)GlcNAc(b1-6)[Neu5Ac(a2-3)Gal(b1-4)GlcNAc(b1-2)]Man(a1-6)[GlcNAc(b1-4)][Neu5Ac(a2-3)Gal(b1-4)GlcNAc(b1-2)Man(a1-3)]Man(b1-4)GlcNAc(b1-4)GlcNAc(b1-Sp21,1.2117000000000004,-28.59065,-23.768699999999995,13.691199999999926,-59.52275
Neu5Ac(a2-3)Gal(b1-4)GlcNAc(b1-6)[Neu5Ac(a2-3)Gal(b1-4)GlcNAc(b1-2)]Man(a1-6)[GlcNAc(b1-4)][Neu5Ac(a2-3)Gal(b1-4)GlcNAc(b1-4)[Neu5Ac(a2-3)Gal(b1-4)GlcNAc(b1-2)]Man(a1-3)]Man(b1-4)GlcNAc(b1-4)GlcNAc(b1-Sp21,-19.022925,-2.346075000000006,-11.719675000000002,-0.7116749999999996,12.98375
Neu5Ac(a2-6)Gal(b1-4)GlcNAc(b1-2)Man(a1-6)[GlcNAc(b1-4)][Neu5Ac(a2-6)Gal(b1-4)GlcNAc(b1-2)Man(a1-3)]Man(b1-4)GlcNAc(b1-4)GlcNAc(b1-Sp21,0.31817500000000365,-11.837725000000002,-4.9114,-26.532325,-103.58405
Neu5Ac(a2-6)Gal(b1-4)GlcNAc(b1-4)Man(a1-6)[GlcNAc(b1-4)][Neu5Ac(a2-6)Gal(b1-4)GlcNAc(b1-4)[Neu5Ac(a2-6)Gal(b1-4)GlcNAc(b1-2)]Man(a1-3)]Man(b1-4)GlcNAc(b1-4)GlcNAc(b1-Sp21,-1.6453000000000024,41.41834999999999,118.73515,225.88435,270.57837499999994
Neu5Ac(a2-6)Gal(b1-4)GlcNAc(b1-6)[Neu5Ac(a2-6)Gal(b1-4)GlcNAc(b1-2)]Man(a1-6)[GlcNAc(b1-4)][Neu5Ac(a2-6)Gal(b1-4)GlcNAc(b1-2)Man(a1-3)]Man(b1-4)GlcNAc(b1-4)GlcNAc(b1-Sp21,5.050125000000001,-7.664774999999999,-2.260749999999998,-14.002924999999998,-121.671525
Neu5Ac(a2-6)Gal(b1-4)GlcNAc(b1-6)[Neu5Ac(a2-6)Gal(b1-4)GlcNAc(b1-2)]Man(a1-6)[GlcNAc(b1-4)][Neu5Ac(a2-6)Gal(b1-4)GlcNAc(b1-4)[Neu5Ac(a2-6)Gal(b1-4)GlcNAc(b1-2)]Man(a1-3)]Man(b1-4)GlcNAc(b1-4)GlcNAc(b1-Sp21,-16.599024999999994,73.17599999999999,149.66895,234.063575,274.9046
Gal(a1-3)[Fuc(a1-2)]Gal(b1-3)GalNAc(a1-Sp8,11.67555,-23.44525,-4.860849999999999,3.9246250000000074,-137.0759
Gal(a1-3)[Fuc(a1-2)]Gal(b1-3)GalNAc(b1-Sp8,-5.1035750000000055,6.647324999999999,22.135775,37.4739,29.442125
Glc(a1-6)Glc(a1-6)Glc(a1-6)Glc(b1-Sp10,-9.947700000000003,38.126525,17.911325,79.1789,85.70165000000003
Glc(a1-4)Glc(a1-4)Glc(a1-4)Glc(b1-Sp10,-4.720200000000002,-8.885750000000002,30.13385000000001,0.05602500000001953,43.45185000000001
Neu5Ac(a2-3)Gal(b1-4)GlcNAc(b1-6)[Neu5Ac(a2-3)Gal(b1-4)GlcNAc(b1-3)]GalNAc(a1-Sp14,-8.494225,-12.772925,-6.944875,18.177825,-47.67862499999999
Fuc(a1-2)Gal(b1-4)[Fuc(a1-3)]GlcNAc(b1-2)Man(a1-6)[Fuc(a1-2)Gal(b1-4)[Fuc(a1-3)]GlcNAc(b1-2)Man(a1-3)]Man(b1-4)GlcNAc(b1-4)[Fuc(a1-6)]GlcNAc(b1-Sp24,452.8205499999999,6296.748975000001,32028.402350000004,37401.198225000015,34505.026450000005
Fuc(a1-2)Gal(b1-3)[Fuc(a1-4)]GlcNAc(b1-2)Man(a1-6)[Fuc(a1-2)Gal(b1-3)[Fuc(a1-4)]GlcNAc(b1-2)Man(a1-3)]Man(b1-4)GlcNAc(b1-4)[Fuc(a1-6)]GlcNA(cb-S)p(1-4)[Fuc(a1-6)]GlcNAc(b1-Sp19,54.466800000000006,3363.995525,9990.786275,23891.14755,22956.23915
Neu5Ac(a2-3)Gal(b1-3)GlcNAc(b1-6)[Neu5Ac(a2-3)Gal(b1-4)GlcNAc(b1-2)]Man(a1-6)[Neu5Ac(a2-3)Gal(b1-3)GlcNAc(b1-2)Man(a1-3)]Man(b1-4)GlcNAc(b1-4)GlcNAc(b1-Sp19,-2.7806749999999987,0.16430000000000256,-13.519925000000008,-3.5916999999999994,2.949900000000003
GlcNAc(b1-6)[GlcNAc(b1-2)]Man(a1-6)[GlcNAc(b1-2)Man(a1-3)]Man(b1-4)GlcNAc(b1-4)[Fuc(a1-6)]GlcNAc(b1-Sp24,141.7765,4088.05475,32109.4305,36860.755575,34196.201775
Gal(b1-3)GlcNAc(b1-2)Man(a1-6)[GlcNAc(b1-4)][Gal(b1-3)GlcNAc(b1-2)Man(a1-3)]Man(b1-4)GlcNAc(b1-4)GlcNAc(b1-Sp21,-0.5451499999999978,5.924749999999992,12.455524999999994,-5.9665250000000025,9.438600000000003
Neu5Ac(a2-6)Gal(b1-4)GlcNAc(b1-6)[Gal(b1-3)GlcNAc(b1-3)]Gal(b1-4)Glc(b1-Sp21,-7.625525000000002,14.672475,4.590174999999995,136.0314,60.37414999999999
Neu5Ac(a2-3)Gal(b1-4)GlcNAc(b1-2)Man(a1-Sp0,8.213175000000003,-0.9201750000000004,-3.8678750000000046,7.007675000000013,7.844275000000002
Neu5Ac(a2-3)Gal(b1-4)GlcNAc(b1-6)GalNAc(a1-Sp14,-1.9430000000000007,-3.3943999999999974,5.256425,23.454475,2.143849999999997
Neu5Ac(a2-6)Gal(b1-4)GlcNAc(b1-6)GalNAc(a1-Sp14,7.427825000000002,8.110300000000002,28.937700000000003,13.866274999999998,-20.64952500000001
Neu5Ac(a2-6)Gal(b1-4)GlcNAc(b1-6)[Neu5Ac(a2-6)Gal(b1-4)GlcNAc(b1-3)]GalNAc(a1-Sp14,-5.6215250000000045,-15.2665,21.703775,7.32287500000001,-108.24067499999998
Neu5Ac(a2-6)Gal(b1-4)GlcNAc(b1-2)Man(a1-6)[Neu5Ac(a2-6)Gal(b1-4)GlcNAc(b1-2)Man(a1-3)]Man(b1-4)GlcNAc(b1-4)[Fuc(a1-6)]GlcNAc(b1-Sp24,39.387075,5303.146125000001,36151.7182,39176.97515,42492.5109
Neu5Ac(a2-3)Gal(b1-4)GlcNAc(b1-2)Man(a1-6)[Neu5Ac(a2-3)Gal(b1-4)GlcNAc(b1-2)Man(a1-3)]Man(b1-4)GlcNAc(b1-4)[Fuc(a1-6)]GlcNAc(b1-Sp24,4.905749999999999,2534.1766499999994,28414.82335,40738.78205,33122.91525
Man(a1-6)[Man(a1-3)]Man(b1-4)GlcNAc(b1-4)[Fuc(a1-6)]GlcNAc(b1-Sp19,174.422475,2944.6994000000004,15507.069724999998,27086.106974999995,25863.581000000002
Gal(b1-4)GlcNAc(b1-6)[Gal(b1-4)GlcNAc(b1-2)]Man(a1-6)[Gal(b1-4)GlcNAc(b1-2)Man(a1-3)]Man(b1-4)GlcNAc(b1-4)[Fuc(a1-6)]GlcNAc(b1-Sp24,61.882250000000006,2381.892700000001,27520.62707499999,38988.13962500002,31177.173650000004
Neu5Ac(a2-3)Gal(b1-3)GlcNAc(b1-2)Man(a1-6)[GlcNAc(b1-4)][Neu5Ac(a2-3)Gal(b1-3)GlcNAc(b1-2)Man(a1-3)]Man(b1-4)GlcNAc(b1-4)GlcNAc(a1-Sp21,2.7167249999999936,8.2015,-0.7114499999999992,-6.820850000000008,5.69625
Neu5Ac(a2-6)Gal(b1-4)GlcNAc(b1-6)[Fuc(a1-2)Gal(b1-4)[Fuc(a1-3)]GlcNAc(b1-3)]Gal(b1-4)Glc(a1-Sp21,-14.412325,363.503525,2714.8092500000007,11001.886,9073.48115
Gal(b1-3)GlcNAc(b1-6)GalNAc(a1-Sp14,3.6330500000000043,-12.958850000000002,-7.575800000000003,-15.997175,-115.6347
Gal(a1-3)Gal(b1-3)GlcNAc(b1-6)GalNAc(a1-Sp14,-14.049974999999995,6.5957250000000025,9.950950000000002,23.128975000000004,2.538000000000011
Gal(b1-3)[Fuc(a1-4)]GlcNAc(b1-6)GalNAc(a1-Sp14,48.5247,138.90519999999998,504.821575,2796.314875,2310.9743499999995
Neu5Ac(a2-3)Gal(b1-3)GlcNAc(b1-6)GalNAc(a1-Sp14,-10.77105,-13.490549999999995,-0.8713750000000005,-2.5997750000000046,-17.7027
(3S)Gal(b1-3)[Fuc(a1-4)]GlcNAc(b1-Sp0,33.924525,4753.1806,23726.247675,33224.339799999994,34557.851224999984
Gal(b1-4)[Fuc(a1-3)]GlcNAc(b1-6)[Neu5Ac(a2-6)[Neu5Ac(a2-3)Gal(b1-3)]GlcNAc(b1-3)]Gal(b1-4)Glc(a1-Sp21,-3.8138500000000017,306.2064,4725.426949999999,30680.754375,33003.418049999986
Fuc(a1-2)Gal(b1-4)GlcNAc(b1-6)GalNAc(a1-Sp14,690.8058000000003,10728.154149999997,22569.069625,30596.812549999995,34580.06242500002
Gal(a1-3)Gal(b1-4)GlcNAc(b1-6)GalNAc(a1-Sp14,-10.671125000000002,-5.502274999999997,14.804900000000005,6.878199999999938,62.56262499999997
Gal(b1-4)[Fuc(a1-3)]GlcNAc(b1-2)Man(a1-Sp0,-4.3537,37.655150000000006,112.75835000000002,1541.350375,536.861725
Fuc(a1-2)(6S)Gal(b1-3)GlcNAc(b1-Sp0,11.3548,2680.3805,12923.222325,36339.394325,31983.41075000001
Gal(a1-3)[Fuc(a1-2)]Gal(b1-4)GlcNAc(b1-6)GalNAc(a1-Sp14,2.105450000000004,5.533050000000002,9.023074999999997,0.8968000000000025,4.3761250000000045
Fuc(a1-2)Gal(b1-4)GlcNAc(b1-2)Man(a1-Sp0,0.4977500000000034,74.27435,29.73865000000001,153.56879999999995,149.5414
Fuc(a1-2)Gal(b1-3)(6S)GlcNAc(b1-Sp0,152.11195,4447.05775,16502.252625,37623.28064999999,29139.231525
Fuc(a1-2)(6S)Gal(b1-3)(6S)GlcNAc(b1-Sp0,126.090375,4169.249525000001,23902.146,34020.338025000005,33430.046525000005
Neu5Ac(a2-6)GalNAc(b1-4)(6S)GlcNAc(b1-Sp8,1.7571500000000029,-5.3803249999999965,9.914025000000002,9.348775,-5.814924999999999
GalNAc(b1-4)[Fuc(a1-3)](6S)GlcNAc(b1-Sp8,200.29505000000003,6252.118550000001,26961.86157500001,34567.571849999986,36546.638275
(3S)GalNAc(b1-4)[Fuc(a1-3)]GlcNAc(b1-Sp8,-16.289749999999994,5508.51245,20131.53485,36842.12105,34937.818374999995
Fuc(a1-2)Gal(b1-3)GlcNAc(b1-6)[Fuc(a1-2)Gal(b1-3)GlcNAc(b1-3)]GalNAc(a1-Sp14,-5.424400000000002,52.79634999999999,108.140875,230.54455,109.6375
GalNAc(a1-3)[Fuc(a1-2)]Gal(b1-3)GlcNAc(b1-6)GalNAc(a1-Sp14,-6.937924999999996,-12.580425,7.541524999999997,-16.701175,-18.593375
GlcNAc(b1-6)[GlcNAc(b1-2)]Man(a1-6)[GlcNAc(b1-4)][GlcNAc(b1-4)[GlcNAc(b1-2)]Man(a1-3)]Man(b1-4)GlcNAc(b1-4)[Fuc(a1-6)]GlcNAc(a1-Sp21,23.97577499999999,2240.84965,12360.157749999995,35206.88020000001,29895.986675000015
Gal(b1-4)GlcNAc(b1-6)[Gal(b1-4)GlcNAc(b1-2)]Man(a1-6)[GlcNAc(b1-4)]Gal(b1-4)GlcNAc(b1-4)[Gal (b1-4)GlcNAc(b1-2)]Man(a1-3)]Man(b1-4)GlcNAc(b1-4)[Fuc(a1-6)]GlcNAc(a1-Sp21,8.448675000000005,1192.100375,5761.3315,26319.06592500001,20180.90155
Gal(b1-3)GlcNAc(a1-3)Gal(b1-4)GlcNAc(b1-Sp8 ,-13.00855,-13.84465,-22.524075000000003,-21.036725,-72.55584999999998
Gal(b1-3)(6S)GlcNAc(b1-Sp8 ,-14.077575,-6.635374999999996,-2.755274999999997,8.588275000000003,-30.45270000000001
(6S)(4S)GalNAc(b1-4)GlcNAc(a1-Sp8,-18.721775,-13.170175,-17.613799999999994,-22.95887500000001,-97.3099
(6S)GalNAc(b1-4)GlcNAc(a1-Sp8 ,-22.035125000000004,-4.784974999999998,-22.256875,-12.5341,-26.039175
(3S)GalNAc(b1-4)(3S)GlcNAc(a1-Sp8,-8.162299999999998,-16.566924999999998,-27.2596,-20.8899,-210.34865
GalNAc(b1-4)(6S)GlcNAc(a1-Sp8 ,-26.8875,-19.81855,8.662399999999998,-24.911725000000004,-22.81982500000001
(3S)GalNAc(b1-4)GlcNAc(a1-Sp8 ,-0.1682750000000066,-4.002600000000001,-10.88915,-8.065650000000002,-49.35934999999999
(4S)GalNac(b1-Sp10,-10.58175,-23.80275000000001,-3.555600000000002,-19.2625,-18.232375
Gal(b1-4)(6P)GlcNAc(b1-Sp0 ,-8.058200000000003,-6.097275,14.228775000000002,28.09330000000001,-48.32819999999999
(6P)Gal(b1-4)GlcNAc(b1-SP0 ,-22.81275,-28.618649999999995,-29.224150000000005,-32.54932500000001,-15.772700000000004
GalNAc(a1-3)[Fuc(a1-2)]Gal(b1-4)GlcNAc(b1-6)GalNAc(a1-Sp14,-8.007375,46.61899999999999,114.29795000000004,693.9948999999997,803.486525
Neu5Ac(a2-6)Gal(b1-4)GlcNAc(b1-2)Ma(n1-Sp0,4.879474999999999,-3.6225,20.402100000000004,0.93375,2.06335
Gal(a1-3)Gal(b1-4)GlcNAc(b1-2)Man(a1-Sp0,8.803550000000003,15.531299999999998,-1.050099999999997,-17.7867,3.9596750000000007
Gal(a1-3)[Fuc(a1-2)]Gal(b1-4)GlcNAc(b1-2)Man(a1-Sp0,-1.6003500000000024,31.9072,6.513699999999992,4.475175,8.642650000000017
GalNAc(a1-3)[Fuc(a1-2)]Gal(b1-4) GlcNAc(b1-2)Man(a1-Sp0,4.801199999999998,1.543924999999998,-2.8876250000000137,-0.16535000000000366,17.193649999999998
 Gal(b1-3)GlcNAc(b1-2)Man(a1-Sp0,-1.5116499999999995,10.1406,3.862375,12.837849999999996,2.7849249999999977
Gal(a1-3)[Fuc(a1-2)]Gal(b1-3)GlcNAc(b1-6)GalNAc(a1-Sp14,7.236499999999999,17.268449999999994,1.5739750000000008,5.258324999999996,3.3660749999999986
Neu5Ac(a2-3)Gal(b1-3)GlcNAc(b1-2)Man(a1-Sp0,39.02200000000001,1180.350875,2632.333175,4167.632375000001,5686.77795
Gal(a1-3)Gal(b1-3)GlcNAc(b1-2)Man(a1-Sp0,-18.2532,-22.76895,0.3640250000000016,-12.560974999999996,-84.96517499999999
GalNAc(b1-4)GlcNAc(b1-2)Man(a1-Sp0,-4.610924999999996,-1.8854999999999933,-3.489725,0.7156750000000011,-98.29695
Neu5Ac(a2-3)Gal(b1-3)GlcNAc(b1-4)Gal(b1-4)Glc(b1-Sp0,-9.683800000000003,5.461699999999999,-0.8365749999999998,-4.372550000000007,5.55405
GlcNAc(b1-2) Man(a1-6)[GlcNAc(b1-4)][GlcNAc(b1-2)Man(a1-3)]Man(b1-4)GlcNAc(b1-4)[Fuc(a1-6)]GlcNAc(a1-Sp21,489.100775,9872.432975000003,34480.1028,40088.4651,31779.081575000004
Gal(b1-4)GlcNAc(b1-2)Man(a1-6)[GlcNAc(b1-4)][Gal(b1-4)GlcNAc(b1-2)Man(a1-3)]Man(b1-4)GlcNAc(b1-4)[Fuc(a1-6)]GlcNAc(a1-Sp21,101.62955,4993.4176,35316.560425,36756.56855,31673.637125000016
Gal(b1-4)GlcNAc(b1-2)Man(a1-6)[Gal(b1-4)GlcNAc(b1-4)][Gal(b1-4)GlcNAc(b1-2)Man(a1-3)]Man(b1-4)GlcNAc(b1-4)[Fuc(a1-6)]GlcNAc(a1-Sp21,248.06457500000008,7357.977000000001,23203.135325,38950.9783,32405.204875000003
Fuc(a1-4)[Gal(b1-3)]GlcNAc(b1-2)Man(a1-Sp0,17.752425000000006,303.81067499999995,508.35365,687.6521249999997,920.7545249999997
Neu5Ac(a2-3)Gal(b1-4)[Fuc(a1-3)]GlcNAc(b1-2)Man(a1-Sp0,12.418650000000005,3891.4144,23420.252525,33238.70775,32206.925475
GlcNAc(b1-3)Gal(b1-4)GlcNAc(b1-6)[GlcNAc(b1-3)]Gal(b1-4)GlcNAc(a1-Sp0,7.582074999999996,15.248824999999995,12.853775000000002,3.2946000000000017,-5.721749999999991
GalNAc(a1-3)[Fuc(a1-2)]Gal(b1-3)GalNAc(b1-3)Gal(a1-4)Gal(b1-4)Glc(a1-Sp21,-26.442125,26.036875,56.49002500000001,156.4876749999999,167.03277500000004
Gal(a1-3)[Fuc(a1-2)]Gal(b1-3)GalNAc(b1-3)Gal(a1-4)Gal(b1-4)Glc(a1-Sp21,-2.9156000000000013,17.342750000000002,13.940950000000004,14.028849999999998,-5.903424999999999
Gal(b1-3)GalNAc(b1-3)Ga(l1-Sp21,-21.050675,-18.572000000000006,4.8948000000000045,-11.085375,-27.436050000000005
GlcNAc(b1-3)Gal(b1-4)GlcNAc(b1-2)Man(a1-6)[GlcNAc(b1-3)Gal(b1-4)GlcNAc(b1-2)Man(a1-3)]Man(b1-4)GlcNAc(b1-4)GlcNAc(b1-Sp12,-20.992325,-11.263049999999994,-11.591924999999994,-19.876224999999994,-8.385549999999999
GlcNAc(b1-3)Gal(b1-4)GlcNAc(b1-2)Man(a1-6)[GlcNAc(b1-3)Gal(b1-4)GlcNAc(b1-2)Man(a1-3)]Man(b1-4)GlcNAc(b1-4)GlcNAc(b1-Sp25,0.2978500000000004,8.327100000000002,70.7905,59.55154999999999,-46.929025
Gal(b1-4)GlcNAc(b1-3)Gal(b1-4)GlcNAc(b1-2)Man(a1-6)[Gal(b1-4)GlcNAc(b1-3)Gal(b1-4)GlcNAc(b1-2)Man(a1-3)]Man(b1-4)GlcNAc(b1-4)GlcNAc(b1-Sp12,103.36507500000002,347.5733,339.178825,371.25795000000005,664.8976250000002
Gal(b1-4)GlcNAc(b1-3)Gal(b1-4)GlcNAc(b1-2)Man(a1-6)[Gal(b1-4)GlcNAc(b1-3)Gal(b1-4)GlcNAc(b1-2)Man(a1-3)]Man(b1-4)GlcNAc(b1-4)GlcNAc(b1-Sp24,14.103425,16.729749999999996,20.9848,8.673049999999995,40.68659999999999
Neu5Gc(a2-3)Gal(b1-4)GlcNAc(b1-3)Gal(b1-4)GlcNAc(b1-2)Man(a1-6)[Neu5Gc(a2-3)Gal(b1-4)GlcNAc(b1-3)Gal(b1-4)GlcNAc(b1-2)Man(a1-3)]Man(b1-4)GlcNAc(b1-4)GlcNAc(b1-Sp24,0.07695000000000185,1.912924999999997,7.7059250000000015,14.287200000000002,19.17735
Fuc(a1-2)Gal(b1-4)GlcNAc(b1-3)Gal(b1-4)GlcNAc(b1-2)Man(a1-6)[Fuc(a1-2)Gal(b1-4)GlcNAc(b1-3)Gal(b1-4)GlcNAc(b1-2)Man(a1-3)]Man(b1-4)GlcNAc(b1-4)GlcNAc(b1-Sp24,479.56595,7123.5212999999985,33922.569575,41366.63095000001,41458.763925000014
GlcNAc(b1-3)Gal(b1-4)GlcNAc(b1-3)Gal(b1-4)GlcNAc(b1-2)Man(a1-6)[GlcNAc(b1-3)Gal(b1-4)GlcNAc(b1-3)Gal(b1-4)GlcNAc(b1-2)Man(a1-3)]Man(b1-4)GlcNAc(b1-4)GlcNAc(b1-Sp12,83.88177499999998,202.8871,174.98459999999997,211.6625,378.493275
GlcNAc(b1-3)Gal(b1-4)GlcNAc(b1-3)Gal(b1-4)GlcNAc(b1-2)Man(a1-6)[GlcNAc(b1-3)Gal(b1-4)GlcNAc(b1-3)Gal(b1-4)GlcNAc(b1-2)Man(a1-3)]Man(b1-4)GlcNAc(b1-4)GlcNAc(b1-Sp25,3.1178500000000007,48.22625,44.61189999999999,8.385625,5.8827500000000015
Gal(b1-4)GlcNAc(b1-3)Gal(b1-4)GlcNAc(b1-3)Gal(b1-4)GlcNAc(b1-2)Man(a1-6)[Gal(b1-4)GlcNAc(b1-3)Gal(b1-4)GlcNAc(b1-3)Gal(b1-4)GlcNAc(b1-2)Man(a1-3)]Man(b1-4)GlcNAc(b1-4)GlcNAc(b1-Sp12,116.93935000000002,169.92575,346.18300000000005,255.10367499999992,287.23660000000007
Gal(b1-4)GlcNAc(b1-3)Gal(b1-4)GlcNAc(b1-3)Gal(b1-4)GlcNAc(b1-2)Man(a1-6)[Gal(b1-4)GlcNAc(b1-3)Gal(b1-4)GlcNAc(b1-3)Gal(b1-4)GlcNAc(b1-2)Man(a1-3)]Man(b1-4)GlcNAc(b1-4)GlcNAc(b1-Sp24,-0.34490000000000265,47.721875,86.06137500000004,28.653625000000005,31.09875
GlcNAc(b1-3)Gal(b1-4)GlcNAc(b1-3)Gal(b1-4)GlcNAc(b1-3)Gal(b1-4)GlcNAc(b1-2)Man(a1-6)[GlcNAc(b1-3)Gal(b1-4)GlcNAc(b1-3)Gal(b1-4)GlcNAc(b1-3)Gal(b1-4)GlcNAc(b1-2)Man(a1-3)]Man(b1-4)GlcNAc(b1-4)GlcNAc(b1-Sp25,-17.3231,-21.898025000000004,0.6861000000000033,-24.7905,-90.32085
Gal(b1-4)GlcNAc(b1-3)Gal(b1-4)GlcNAc(b1-3)Gal(b1-4)GlcNAc(b1-3)Gal(b1-4)GlcNAc(b1-2)Man(a1-6)[Gal(b1-4)GlcNAc(b1-3)Gal(b1-4)GlcNAc(b1-3)Gal(b1-4)GlcNAc(b1-3)Gal(b1-4)GlcNAc(b1-2)Man(a1-3)]Man(b1-4)GlcNAc(b1-4)GlcNAc(b1-Sp25,-3.1059249999999987,6.771124999999994,54.32477500000002,28.88117500000001,-142.28975
Gal(b1-3)GlcNAc(b1-3)Gal(b1-4)GlcNAc(b1-2)Man(a1-6)[Gal(b1-3)GlcNAc(b1-3)Gal(b1-4)GlcNAc(b1-2)Man(a1-3)]Man(b1-4)GlcNAc(b1-4)GlcNAc(a1-Sp25,-3.5057499999999986,25.63445,27.90490000000001,21.272925000000004,69.70575000000001
Neu5Gc(a2-8)Neu5Gc(a2-3)Gal(b1-4)GlcNAc(a1-Sp0,-23.693825000000004,-14.4598,-11.114375,-12.154875,-16.476049999999994
Neu5Ac(a2-8)Neu5Gc(a2-3)Gal(b1-4)GlcNAc(a1-Sp0,-20.4158,-1.611750000000001,-3.9081999999999972,-9.500899999999998,1.655825
Neu5Gc(a2-8)Neu5Ac(a2-3)Gal(b1-4)GlcNAc(a1-Sp0,-29.15905,-6.559450000000003,-5.777725,-11.599899999999998,-7.776075000000002
Neu5Gc(a2-8)Neu5Gc(a2-3)Gal(b1-4)GlcNAc(b1-3)Gal(b1-4)GlcNAc(a1-Sp0,6.155625,-1.7636750000000043,1.746175000000001,58.94024999999999,-11.980125
Neu5Gc(a2-8)Neu5Gc(a2-6)Gal(b1-4)GlcNAc(a1-Sp0,37.13600000000001,8.848799999999997,-7.68675,-20.297425,-26.42565
Neu5Ac(a2-8)Neu5Ac(a2-3)Gal(b1-4)GlcNAc(a1-Sp0,0.03144999999999598,6.27525,-13.3016,-4.422650000000001,-14.70135
GlcNAc(b1-3)Gal(b1-4)GlcNAc(b1-6)[GlcNAc(b1-3)Gal(b1-4)GlcNAc(b1-2)]Man(a1-6)[GlcNAc(b1-3)Gal(b1-4)GlcNAc(b1-2)]Man(a1-3)]Man(b1-4)GlcNAc(b1-4)GlcNAc(a1-Sp24,35.996225,45.11709999999999,67.06487500000001,55.32270000000001,96.00462499999998
Gal(b1-4)GlcNAc(b1-3)Gal(b1-4)GlcNAc(b1-6)[Gal(b1-4)GlcNAc(b1-3)Gal(b1-4)GlcNAc(b1-2)]Man(a1-6)[Gal(b1-4)GlcNAc(b1-3)Gal(b1-4)GlcNAc(b1-2)Man(a1-3)]Man(a1-4)GlcNAc(b1-4)GlcNAc(a1-Sp24,16.345425000000006,49.23950000000001,30.199775,78.30065,96.359425
Gal(a1-3)Gal(b1-4)GlcNAc(b1-2)Man(a1-6)[Gal(a1-3)Gal(b1-4)GlcNAc(b1-2)Man(a1-3)]Man(b1-4)GlcNAc(b1-4)GlcNAc(a1-Sp24,1.6383999999999972,114.5975,128.75559999999996,154.263125,194.10802500000003
GlcNAc(b1-3)Gal(b1-4)GlcNAc(b1-6)[GlcNAc(b1-3)Gal(b1-3)]GalNAc(a1-Sp14,-10.713449999999996,70.525875,71.64355,130.7695,150.733275
GalNAc(b1-3)GlcNAc(b1-Sp0 ,2.6468999999999987,24.263925,4.539225000000002,10.082649999999996,19.24992500000001
GalNAc(b1-4)GlcNAc(b1-3)GalNAc(b1-4)GlcNAc(b1-Sp0 ,-11.359499999999995,-2.831925000000002,-0.773225,-8.660700000000002,-12.500625
GlcNAc(b1-3)Gal(b1-4)GlcNAc(b1-3)Gal(b1-4)GlcNAc(b1-3)Gal(b1-4)GlcNAc(b1-3)Gal(b1-4)GlcNAc(b1-2)Man(a1-6)[GlcNAc(b1-3)Gal(b1-4)GlcNAc(b1-3)Gal(b1-4)GlcNAc(b1-3)Gal(b1-4)GlcNAc(b1-3)Gal(b1-4)GlcNAc(b1-2)Man(a1-3)]Man(b1-4)GlcNAc(b1-4)GlcNAc(b1-Sp25,-3.660449999999999,58.759075,89.60295,54.1253,58.63185
Gal(b1-4)GlcNAc(b1-3)Gal(b1-4)GlcNAc(b1-3)Gal(b1-4)GlcNAc(b1-3)Gal(b1-4)GlcNAc(b1-3)Gal(b1-4)GlcNAc(b1-2)Man(a1-6)[Gal(b1-4)GlcNAc(b1-3)Gal(b1-4)GlcNAc(b1-3)Gal(b1-4)GlcNAc(b1-3)Gal(b1-4)GlcNAc(b1-3)Gal(b1-4)GlcNAc(b1-2)Man(a1-3)]Man(b1-4)GlcNAc(b1-4)GlcNAc(b1-Sp25,-3.8583749999999988,-9.535050000000002,2.6854250000000057,-14.680049999999996,26.38135
GlcNA(b1-3)Gal(b1-3)GalNAc(a1-Sp14,-4.764400000000002,6.310825000000005,24.38842500000001,39.52169999999999,-61.19457499999999
Gal(b1-3)GlcNAc(b1-6)[Gal(b1-3)]GalNAc(a1-Sp14,-9.91135,34.81352500000001,28.480400000000003,78.16055,34.21302500000001
Gal(b1-4)GlcNAc(b1-3)Gal(b1-4)GlcNAc(b1-3)Gal(b1-4)GlcNAc(b1-3)Gal(b1-4)GlcNAc(b1-3)Gal(b1-4)GlcNAc(b1-3)Gal(b1-4)GlcNAc(b1-2)Man(a1-6)[Gal(b1-4)GlcNAc(b1-3)Gal(b1-4)GlcNAc(b1-3)Gal(b1-4)GlcNAc(b1-3)Gal(b1-4)GlcNAc(b1-3)Gal(b1-4)GlcNAc(b1-3)Gal(b1-4)GlcNAc(b1-2)Man(a1-3)]Man(b1-4)GlcNAc(b1-4)GlcNAc(b1-Sp25,45.54467499999999,-7.336974999999992,-8.663650000000002,-17.774275000000006,-109.105325
(3S)GlcA(b1-3)Gal(b1-4)GlcNAc(b1-3)Gal(b1-4)Glc(a1-Sp0,-9.964825000000003,-1.2401750000000042,2.1023,19.30405000000001,-71.65889999999997
(3S)GlcA(b1-3)Gal(b1-4)GlcNAc(b1-2)Man(a1-Sp0,-3.295675000000003,-40.189425,-25.85565,-27.095675000000004,-128.55914999999996
Gal(b1-3)GlcNAc(b1-3)Gal(b1-4)GlcNAc(b1-3)Gal(b1-4)GlcNAc(b1-6)[Gal(b1-3)GlcNAc(b1-3)Gal(b1-4)GlcNAc(b1-3)Gal(b1-4)GlcNA(b1-2)]Man(a1-6)[Gal(b1-3)GlcNAc(b1-3)Gal(b1-4)GlcNAc(b1-3)Gal(b1-4)GlcNAc(b1-2)Man(a1-3)]Man(b1-4)GlcNAc(b1-4)[Fuc(a1-6)]GlcNAc(b1-Sp24,46.12815000000001,917.83215,7802.106575,23777.6325,29773.936875000014
Gal(b1-3)GlcNAc(b1-3)Gal(b1-4)GlcNAc(b1-6)[Gal(b1-3)GlcNAc(b1-3)Gal(b1-4)GlcNA(b1-2)]Man(a1-6)[Gal(b1-3)GlcNAc(b1-3)Gal(b1-4)GlcNAc(b1-2)Man(a1-3)]Man(b1-4)GlcNAc(b1-4)[Fuc(a1-6)]GlcNAc(b1-Sp24,-12.712599999999995,71.658525,320.58855000000005,553.276975,1354.764075
Neu5Ac(a2-8)Neu5Ac(a2-3)Gal(b1-3)GalNAc(b1-4)[Neu5Ac(a2-3)]Gal(b1-4)Glc(a1-Sp21,-3.2270249999999976,-27.424625,-17.206300000000002,-19.491725,-92.4434
GlcNAc(b1-3)Gal(b1-4)GlcNAc(b1-2)Man(a1-6)[GlcNAc(b1-3)Gal(b1-4)GlcNAc(b1-2)Man(a1-3)]Man(b1-4)GlcNAc(b1-4)[Fuc(a1-6)]GlcNAc(b1-Sp24,99.224025,4787.69895,36173.307875,40632.8467,38616.4121
Gal(b1-4)GlcNAc(b1-3)Gal(b1-4)GlcNAc(b1-2)Man(a1-6)[Gal(b1-4)GlcNAc(b1-3)Gal(b1-4)GlcNAc(b1-2)Man(a1-3)]Man(b1-4)GlcNAc(b1-4)[Fuc(a1-6)]GlcNAc(b1-Sp24,108.787675,5283.199399999999,30171.0083,39797.031675,35728.471374999994
GlcNAc(b1-3)Gal(b1-4)GlcNAc(b1-3)Gal(b1-4)GlcNAc(b1-2)Man(a1-6)[GlcNAc(b1-3)Gal(b1-4)GlcNAc(b1-3)Gal(b1-4)GlcNAc(b1-2)Man(a1-3)]Man(b1-4)GlcNAc(b1-4)[Fuc(a1-6)]GlcNAc(b1-Sp24,85.29005000000002,4806.166324999999,32735.7255,40380.672225,40706.424325
Gal(b1-4)GlcNAc(b1-3)Gal(b1-4)GlcNAc(b1-3)Gal(b1-4)GlcNAc(b1-2)Man(a1-6)[Gal(b1-4)GlcNAc(b1-3)Gal(b1-4)GlcNAc(b1-3)Gal(b1-4)GlcNAc(b1-2)Man(a1-3)]Man(b1-4)GlcNAc(b1-4)[Fuc(a1-6)]GlcNAc(b1-Sp24,99.98685,5841.730500000002,32111.979575000005,39992.59545,44616.023
GlcNAc(b1-3)Gal(b1-4)GlcNAc(b1-3)Gal(b1-4)GlcNAc(b1-3)Gal(b1-4)GlcNAc(b1-2)Man(a1-6)[GlcNAc(b1-3)Gal(b1-4)GlcNAc(b1-3)Gal(b1-4)GlcNAc(b1-3)Gal(b1-4)GlcNAc(b1-2)Man(a1-3)]Man(b1-4)GlcNAc(b1-4)[Fuc(a1-6)]GlcNAc(b1-Sp24,78.3985,4206.335625,29828.862425,45410.72887500001,44182.30454999999
Gal(b1-4)GlcNAc(b1-3)Gal(b1-4)GlcNAc(b1-3)Gal(b1-4)GlcNAc(b1-3)Gal(b1-4)GlcNAc(b1-2)Man(a1-6)[Gal(b1-4)GlcNAc(b1-3)Gal(b1-4)GlcNAc(b1-3)Gal(b1-4)GlcNAc(b1-3)Gal(b1-4)GlcNAc(b1-2)Man(a1-3)]Man(b1-4)GlcNAc(b1-4)[Fuc(a1-6)]GlcNAc(b1-Sp24,49.802975,4814.3293250000015,30507.271,39688.904175,48867.06345
GlcNAc(b1-3)Gal(b1-4)GlcNAc(b1-3)Gal(b1-4)GlcNAc(b1-3)Gal(b1-4)GlcNAc(b1-3)Gal(b1-4)GlcNAc(b1-2)Man(a1-6)[GlcNAc(b1-3)Gal(b1-4)GlcNAc(b1-3)Gal(b1-4)GlcNAc(b1-3)Gal(b1-4)GlcNAc(b1-3)Gal(b1-4)GlcNAc(b1-2)Man(a1-3)]Man(b1-4)GlcNAc(b1-4)[Fuc(a1-6)]GlcNAc(b1-Sp19,36.0529,5210.071725,35321.112799999995,41032.701724999984,43494.24290000001
Gal(b1-4)GlcNAc(b1-3)Gal(b1-4)GlcNAc(b1-3)Gal(b1-4)GlcNAc(b1-3)Gal(b1-4)GlcNAc(b1-3)Gal(b1-4)GlcNAc(b1-2)Man(a1-6)[Gal(b1-4)GlcNAc(b1-3)Gal(b1-4)GlcNAc(b1-3)Gal(b1-4)GlcNAc(b1-3)Gal(b1-4)GlcNAc(b1-3)Gal(b1-4)GlcNAc(b1-2)Man(a1-3)]Man(b1-4)GlcNAc(b1-4)[Fuc(a1-6)]GlcNAc(b1-Sp19,34.600225,6042.4411,31465.833625,45729.50275,44568.68605
Gal(b1-4)GlcNAc(b1-3)Gal(b1-4)GlcNAc(b1-6)[Gal(b1-4)GlcNAc(b1-3)Gal(b1-4)GlcNA(b1-2)]Man(a1-6)[Gal(b1-4)GlcNAc(b1-3)Gal(b1-4)GlcNAc(b1-2)Man(a1-3)]Man(b1-4)GlcNAc(b1-4)[Fuc(a1-6)]GlcNAc(b1-Sp24,49.11455000000002,1867.6846750000007,16910.945275,33935.754149999986,36441.3517
GlcNAc(b1-3)Gal(b1-4)GlcNAc(b1-3)Gal(b1-4)GlcNAc(b1-6)[GlcNAc(b1-3)Gal(b1-4)GlcNAc(b1-3)Gal(b1-4)GlcNA(b1-2)]Man(a1-6)[GlcNAc(b1-3)Gal(b1-4)GlcNAc(b1-3)Gal(b1-4)GlcNAc(b1-2)Man(a1-3)]Man(b1-4)GlcNAc(b1-4)[Fuc(a1-6)]GlcNAc(b1-Sp24,52.912575,856.316175,12416.624075,28696.764725,33090.841125000006
Gal(b1-4)GlcNAc(b1-3)Gal(b1-4)GlcNAc(b1-3)Gal(b1-4)GlcNAc(b1-6)[Gal(b1-4)GlcNAc(b1-3)Gal(b1-4)GlcNAc(b1-3)Gal(b1-4)GlcNA(b1-2)]Man(a1-6)[Gal(b1-4)GlcNAc(b1-3)Gal(b1-4)GlcNAc(b1-3)Gal(b1-4)GlcNAc(b1-2)Man(a1-3)]Man(b1-4)GlcNAc(b1-4)[Fuc(a1-6)]GlcNAc(b1-Sp24,3.6220750000000015,1089.0276,12285.70675,31563.039925000005,34841.099875
GlcNAc(b1-3)Gal(b1-4)GlcNAc(b1-3)Gal(b1-4)GlcNAc(b1-3)Gal(b1-4)GlcNAc(b1-6)[GlcNAc(b1-3)Gal(b1-4)GlcNAc(b1-3)Gal(b1-4)GlcNAc(b1-3)Gal(b1-4)GlcNA(b1-2)]Man(a1-6)[GlcNAc(b1-3)Gal(b1-4)GlcNAc(b1-3)Gal(b1-4)GlcNAc(b1-3)Gal(b1-4)GlcNAc(b1-2)Man(a1-3)]Man(b1-4)GlcNAc(b1-4)[Fuc(a1-6)]GlcNAc(b1-Sp24,30.60575,381.31605,7625.099474999999,24412.333374999995,36530.25725
Gal(b1-4)GlcNAc(b1-3)Gal(b1-4)GlcNAc(b1-3)Gal(b1-4)GlcNAc(b1-3)Gal(b1-4)GlcNAc(b1-6)[Gal(b1-4)GlcNAc(b1-3)Gal(b1-4)GlcNAc(b1-3)Gal(b1-4)GlcNAc(b1-3)Gal(b1-4)GlcNA(b1-2)]Man(a1-6)[Gal(b1-4)GlcNAc(b1-3)Gal(b1-4)GlcNAc(b1-3)Gal(b1-4)GlcNAc(b1-3)Gal(b1-4)GlcNAc(b1-2)Man(a1-3)]Man(b1-4)GlcNAc(b1-4)[Fuc(a1-6)]GlcNAc(b1-Sp24,-5.3183250000000015,617.189075,9531.256425,26349.561925,34793.215124999995
GlcNAc(b1-3)Gal(b1-4)GlcNAc(b1-3)Gal(b1-4)GlcNAc(b1-3)Gal(b1-4)GlcNAc(b1-3)Gal(b1-4)GlcNAc(b1-6)[GlcNAc(b1-3)Gal(b1-4)GlcNAc(b1-3)Gal(b1-4)GlcNAc(b1-3)Gal(b1-4)GlcNAc(b1-3)Gal(b1-4)GlcNA(b1-2)]Man(a1-6)[GlcNAc(b1-3)Gal(b1-4)GlcNAc(b1-3)Gal(b1-4)GlcNAc(b1-3)Gal(b1-4)GlcNAc(b1-3)Gal(b1-4)GlcNAc(b1-2)Man(a1-3)]Man(b1-4)GlcNAc(b1-4)[Fuc(a1-6)]GlcNAc(b1-Sp24,-39.379175,412.48705,9607.339475,26904.22425,40262.2739
Gal(b1-4)GlcNAc(b1-3)Gal(b1-4)GlcNAc(b1-3)Gal(b1-4)GlcNAc(b1-3)Gal(b1-4)GlcNAc(b1-3)Gal(b1-4)GlcNAc(b1-6)[Gal(b1-4)GlcNAc(b1-3)Gal(b1-4)GlcNAc(b1-3)Gal(b1-4)GlcNAc(b1-3)Gal(b1-4)GlcNAc(b1-3)Gal(b1-4)GlcNA(b1-2)]Man(a1-6)[Gal(b1-4)GlcNAc(b1-3)Gal(b1-4)GlcNAc(b1-3)Gal(b1-4)GlcNAc(b1-3)Gal(b1-4)GlcNAc(b1-3)Gal(b1-4)GlcNAc(b1-2)Man(a1-3)]Man(b1-4)GlcNAc(b1-4)[Fuc(a1-6)]GlcNAc(b1-Sp24,-11.304724999999996,597.95005,12860.438700000002,35039.703,44958.658025
Gal(b1-4)GlcNAc(b1-3)Gal(b1-4)GlcNAc(b1-3)GalNAc(a1-Sp14,23.420075000000004,171.64695,114.422675,141.95209999999997,288.95717499999995
Gal(b1-4)GlcNAc(b1-3)Gal(b1-4)GlcNAc(b1-6)[Gal(b1-3)]GalNAc(a1-Sp14,63.966075,121.9108,140.34549999999996,119.44325,159.57702500000005
Gal(b1-4)GlcNAc(b1-3)Gal(b1-4)GlcNAc(b1-6)[Gal(b1-4)GlcNAc(b1-3)Gal(b1-4)GlcNAc(b1-3)]GalNAc(a1-Sp14,44.972225,207.77310000000003,194.209025,157.27569999999997,365.3494
Neu5Ac(a2-3)Gal(b1-4)GlcNAc(b1-3)Gal(b1-4)GlcNAc(b1-3)GalNAc(a1-Sp14,-7.7554250000000025,15.290649999999992,15.656999999999993,5.410575000000024,-0.946399999999997
GlcNAc(b1-3)Gal(b1-4)GlcNAc(b1-3)GalNAc(a1-Sp14,-17.243149999999996,-2.9224249999999934,8.181449999999998,-0.5608250000000012,-5.739849999999998
GlcNAc(b1-3)Gal(b1-4)GlcNAc(b1-6)[Gal(b1-3)]GalNAc(a1-Sp14,2.3054999999999954,7.834799999999998,7.641199999999998,16.743775000000007,2.1818500000000043
GlcNAc(b1-3)Gal(b1-4)GlcNAc(b1-6)[GlcNAc(b1-3)Gal(b1-4)GlcNAc(b1-3)]GalNAc(a1-Sp14,-33.36434999999999,-8.7528,-0.5658999999999956,23.93519999999999,31.961375
Neu5Ac(a2-3)Gal(b1-4)GlcNAc(b1-3)Gal(b1-4)GlcNAc(b1-6)[Neu5Ac(a2-3)Gal(b1-4)GlcNAc(b1-3)Gal(b1-4)GlcNAc(b1-3)]GalNAc(a1-Sp14,33.049725,142.29635,297.369075,452.52759999999984,504.978
Neu5Ac(a2-6)Gal(b1-4)GlcNAc(b1-3)Gal(b1-4)GlcNAc(b1-3)GalNAc(a1-Sp14,-1.3975749999999998,13.896924999999996,37.5549,62.57044999999998,9.236475000000002
GlcNAc(b1-3)Gal(b1-4)GlcNAc(b1-3)Gal(b1-4)GlcNAc(b1-3)GalNAc(a1-Sp14,24.82875,26.557475000000004,0.013849999999994369,14.536100000000005,-77.41427499999998
Gal(b1-4)GlcNAc(b1-3)Gal(b1-3)GalNAc(a1-Sp14,0.10850000000000116,26.611475,32.75415,11.113925000000002,-0.3865000000000052
Neu5Ac(a2-3)Gal(b1-4)GlcNAc(b1-3)Gal(b1-4)GlcNAc(b1-6)[Gal(b1-3)]GalNAc(a1-Sp14,22.49342499999999,34.550725,78.02615,106.21825,-11.324599999999993
Neu5Ac(a2-6)Gal(b1-4)GlcNAc(b1-3)Gal(b1-4)GlcNAc(b1-6)[Gal(b1-3)]GalNAc(a1-Sp14,19.696425000000005,-16.995425,26.304325,15.308925000000016,-99.541475
Neu5Ac(a2-6)Gal(b1-4)GlcNAc(b1-6)[Gal(b1-3)]GalNAc(a1-Sp14,0.7399750000000012,6.049350000000004,48.4572,82.39505,-145.3759
Neu5Ac(a2-3)Gal(b1-4)GlcNAc(b1-3)Gal(b1-4)GlcNAc(b1-2)Man(a1-6)[Neu5Ac(a2-3)Gal(b1-4)GlcNAc(b1-3)Gal(b1-4)GlcNAc(b1-2)Man(a1-3)]Man(b1-4)GlcNAc(b1-4)GlcNAc(b1-Sp12,97.10195,409.0036000000002,463.0298250000001,719.8622,1100.18385
GlcNAc(b1-6)[Neu5Ac(a2-3)Gal(b1-3)]GalNAc(a1-Sp14,-12.806325000000005,4.046325,1.7198500000000043,23.61510000000001,-4.795200000000001
Neu5Ac(a2-6)Gal(b1-4)GlcNAc(b1-3)Gal(b1-4)GlcNAc(b1-6)[Neu5Ac(a2-6)Gal(b1-4)GlcNAc(b1-3)Gal(b1-4)GlcNAc(b1-3)]GalNAc(a1-Sp14,28.564000000000004,132.63677499999997,182.3845,271.492475,445.604375
Neu5Ac(a2-6)Gal(b1-4)GlcNAc(b1-3)Gal(b1-4)GlcNAc(b1-3)Gal(b1-4)GlcNAc(b1-2)Man(a1-6)[Neu5Ac(a2-6)Gal(b1-4)GlcNAc(b1-3)Gal(b1-4)GlcNAc(b1-3)Gal(b1-4)GlcNAc(b1-2)Man(a1-3)]Man(b1-4)GlcNAc(b1-4)GlcNAc(b1-Sp12,77.34547499999998,149.89282500000004,184.911025,466.1857,601.2395
Neu5Ac(a2-3)Gal(b1-4)GlcNAc(b1-3)Gal(b1-4)GlcNAc(b1-3)Gal(b1-4)GlcNAc(b1-2)Man(a1-6)[Neu5Ac(a2-3)Gal(b1-4)GlcNAc(b1-3)Gal(b1-4)GlcNAc(b1-3)Gal(b1-4)GlcNAc(b1-2)Man(a1-3)]Man(b1-4)GlcNAc(b1-4)GlcNAc(b1-Sp12,70.256675,178.42807500000004,326.71397499999995,546.549025,863.9860749999997
Neu5Ac(a2-6)Gal(b1-4)GlcNAc(b1-3)Gal(b1-4)GlcNAc(b1-2)Man(a1-6)[Neu5Ac(a2-6)Gal(b1-4)GlcNAc(b1-3)Gal(b1-4)GlcNAc(b1-2)Man(a1-3)]Man(b1-4)GlcNAc(b1-4)GlcNAc(b1-Sp12,-3.5672750000000018,91.376025,165.12165000000005,385.14447500000006,427.113475
GlcNAc(b1-3)Fuc(a1-Sp21,839.989075,7665.955474999999,32818.37095,36886.382474999984,33790.51012500001
Gal(b1-3)GalNAc(b1-4)[Neu5Ac(a2-8)Neu5Ac(a2-8)Neu5Ac(a2-3)]Gal(b1-4)Glc(b1-Sp21,24.28289999999999,60.78274999999999,43.378275,45.97345000000002,58.33800000000001
