IUPAC,ABA 1ug/ml,ABA 10ug/ml,ABA 100ug/ml
Gal(a1-Sp8,25.54600776512516,26.220647500268,242.0913965077427
Glc(a1-Sp8,6.114575902437353,16.053612210002985,219.7868157727544
Man(a1-Sp8,39.15561322325522,52.18040134702563,125.46742126741863
GalNAc(a1-Sp8,9.168382778149406,21.24618927735434,61.37792269966999
GalNAc(a1-Sp15,8.23582053916534,13.962344943573553,33.26855024627862
Fuc(a1-Sp8,18.13451273364317,13.664240285839774,13.08071757766632
Fuc(a1-Sp9,31.486100163127517,20.11521749994269,43.70433724527998
Rha(a1-Sp8,30.505566976031872,11.90244305244375,55.43930814180951
Neu5Ac(a1-Sp8,25.617052616616537,40.807393966820996,71.80995772998686
Neu5Ac(a1-Sp11,5.09061222930667,9.176886467052244,69.31561976320104
Neu5Ac(b1-Sp8,10.59609726094156,10.62291803398043,18.631918507228203
Gal(b1-Sp8,25.591768559880773,22.42693448081256,13.034153542992918
Glc(b1-Sp8,14.59586250917249,38.0248449326118,99.67061173015196
Man(b1-Sp8,22.09025746422691,24.63001539240292,16.815081387552105
GalNAc(b1-Sp8,16.206966311332504,17.64813582780535,21.73184322576356
GlcNAc(b1-Sp0,33.64261985759276,26.121630290798567,65.62900763519038
GlcNAc(b1-Sp8,23.0514723946758,9.191528201329367,203.47796173214348
GlcN[Gc](b1-Sp8,34.87027562408992,23.87229366092277,31.36163321608109
Gal(b1-4)GlcNAc(b1-6)[Gal(b1-4)GlcNAc(b1-3)]GalNAc(a1-Sp8,12.370794400084685,8.31419280843506,15.356817470073885
Gal(b1-4)GlcNAc(b1-6)[Gal(b1-4)GlcNAc(b1-3)]GalNAc(a1-Sp14,22.45336350191587,12.274023123213013,29.16346439422677
GlcNAc(b1-6)[GlcNAc(b1-4)][GlcNAc(b1-3)]GlcNAc(a1-Sp8,11.985903750100233,10.410611202358199,155.58245719959166
6S(3S)Gal(b1-4)(6S)GlcNAc(b1-Sp0,9.325899088157671,16.77999741803219,7.790050468118504
6S(3S)Gal(b1-4)GlcNAc(b1-Sp0,10.08583215687565,5.126242947162521,18.30092351847768
(3S)Gal(b1-4)[Fuc(a1-3)](6S)Glc(a1-Sp0,4.689912332780541,21.19567289682417,10.930723019506402
(3S)Gal(b1-4)Glc(b1-Sp8,22.270582569445725,6.0276379602624015,90.33718148636379
(3S)Gal(b1-4)(6S)Glc(b1-Sp0,12.306276130867813,17.22758542125585,171.1092681846507
(3S)Gal(b1-4)(6S)Glc(b1-Sp8,16.35754425629553,9.369745833043355,16.435267107351834
(3S)Gal(b1-3)[Fuc(a1-4)]GlcNAc(b1-Sp8,2.1826862873914497,3.465010882618793,72.76234997640722
(3S)Gal(b1-3)GalNAc(a1-Sp8,7.999120643545762,14.428643867321696,5064.380334578086
(3S)Gal(b1-3)GlcNAc(b1-Sp0,6.517720873127352,10.321283316203145,28.18711008249159
(3S)Gal(b1-3)GlcNAc(b1-Sp8,15.380886526763241,29.118604070364817,15.773339018630988
(3S)Gal(b1-4)[Fuc(a1-3)]GlcNAc(a1-Sp0 ,59.12904646488615,58.611917893626156,29.21434289572806
(3S)Gal(b1-4)[Fuc(a1-3)]GlcNAc(a1-Sp8,16.93888819511678,16.248851143055223,20.08159450099765
(3S)Gal(b1-4)(6S)GlcNAc(b1-Sp0,24.735102890022503,126.28118387591765,141.47626569117426
(3S)Gal(b1-4)(6S)GlcNAc(b1-Sp8,3.7251528957435567,3.163907796143868,8.657347391811191
(3S)Gal(b1-4)GlcNAc(b1-Sp0,9.125847642228454,9.640956437511788,7.578232025292356
(3S)Gal(b1-4)GlcNAc(b1-Sp8,8.135682627577504,22.268404758162045,17.636513161242085
(3S)Gal(b1-Sp8,7.459508677296825,8.15461024308745,15.720935206781812
(6S)(4S)Gal(b1-4)GlcNAc(b1-Sp0,30.6418300426476,12.381026631469885,137.37609350584506
(4S)Gal(b1-4)GlcNAc(b1-Sp8,2.329787677557766,4.26515798300603,10.806211558481843
(6P)Man(a1-Sp8,26.028357041423718,1.9125744700103475,236.50823482318745
(6S)Gal(b1-4)Glc(b1-Sp0,10.998859529211789,12.672155398615752,16.517584377868335
(6S)Gal(b1-4)Glc(b1-Sp8,8.727681796588366,8.841887564881159,17.017767785562633
(6S)Gal(b1-4)GlcNAc(b1-Sp8,15.203310106108473,7.6350936584519635,13.354735219732625
(6S)Gal(b1-4)(6S)Glc(b1-Sp8,5.389499631072768,7.334541436472592,31.389915729365484
Neu5Ac(a2-3)(6S)Gal(b1-4)GlcNAc(b1-Sp8,14.756732575788368,19.41115574688946,4.883427414821832
(6S)GlcNAc(b1-Sp8,7.462979751357148,9.999255304771452,8.296536649711067
"Neu5,9Ac2(a1-Sp8",12.436397769048725,19.109840354295656,6.718066091269625
"Neu5,9Ac2(a2-6)Gal(b1-4)GlcNAc(b1-Sp8",3.742453789850543,7.448091504092396,9.374799080691457
Man(a1-6)[Man(a1-3)]Man(b1-4)GlcNAc(b1-4)GlcNAc(b1-Sp12,69.05378629109825,11.819170012315018,21.90193687924664
Man(a1-6)[Man(a1-3)]Man(b1-4)GlcNAc(b1-4)GlcNAc(b1-Sp13,23.969083934153552,46.43926366860877,392.9386524101844
GlcNAc(b1-2)Man(a1-6)[GlcNAc(b1-2)Man(a1-3)]Man(b1-4)GlcNAc(b1-4)GlcNAc(b1-Sp12,34.37650080985559,127.3122273702867,545.3556679929535
GlcNAc(b1-2)Man(a1-6)[GlcNAc(b1-2)Man(a1-3)]Man(b1-4)GlcNAc(b1-4)GlcNAc(b1-Sp13,15.477691955735589,226.93659133439425,1004.9866239233268
Gal(b1-4)GlcNAc(b1-2)Man(a1-6)[Gal(b1-4)GlcNAc(b1-2)Man(a1-3)]Man(b1-4)GlcNAc(b1-4)GlcNAc(b1-Sp12,29.42786446588505,19.108442142915962,66.69052112217048
Neu5Ac(a2-6)Gal(b1-4)GlcNAc(b1-2)Man(a1-6)[Neu5Ac(a2-6)Gal(b1-4)GlcNAc(b1-2)Man(a1-3)]Man(b1-4)GlcNAc(b1-4)GlcNAc(b1-Sp12,12.74769482334616,2.6200551762637865,54.57370936830142
Neu5Ac(a2-6)Gal(b1-4)GlcNAc(b1-2)Man(a1-6)[Neu5Ac(a2-6)Gal(b1-4)GlcNAc(b1-2)Man(a1-3)]Man(b1-4)GlcNAc(b1-4)GlcNAc(b1-Sp13,10.049742502629961,12.738390618650904,7.123877983701477
Neu5Ac(a2-6)Gal(b1-4)GlcNAc(b1-2)Man(a1-6)[Neu5Ac(a2-6)Gal(b1-4)GlcNAc(b1-2)M(an-a)(a1-3)]Man(b1-4)GlcNAc(b1-4)GlcNAc(b1-Sp21,13.645156660240286,18.340483386668588,48.54025277056146
Neu5Ac(a2-6)Gal(b1-4)GlcNAc(b1-2)Man(a1-6)[Neu5Ac(a2-6)Gal(b1-4)GlcNAc(b1-2)Man(a1-3)]Man(b1-4)GlcNAc(b1-4)GlcNAc(b1-Sp24,21.866484529907122,32.54056128961718,22.16550884209894
Fuc(a1-2)Gal(b1-3)GalNAc(b1-3)Gal(a1-Sp9,2.8872972067317297,10.365854077852587,28.13003585890593
Fuc(a1-2)Gal(b1-3)GalNAc(b1-3)Gal(a1-4)Gal(b1-4)Glc(b1-Sp9,7.1620398888864,26.10425439585153,37.798282429794384
Fuc(a1-2)Gal(b1-3)[Fuc(a1-4)]GlcNAc(b1-Sp8,16.501558803640336,5.964770553284787,14.86760002208382
Fuc(a1-2)Gal(b1-3)GalNAc(a1-Sp8,4.5751807406010325,7.4338387335099805,9.775113496527807
Fuc(a1-2)Gal(b1-3)GalNAc(a1-Sp14,10.019467178572897,5.424292730854418,50.42936017800758
Fuc(a1-2)Gal(b1-3)GalNAc(b1-4)[Neu5Ac(a2-3)]Gal(b1-4)Glc(b1-Sp0,13.739794171766126,8.891046987231984,5.7954716681790925
Fuc(a1-2)Gal(b1-3)GalNAc(b1-4)[Neu5Ac(a2-3)]Gal(b1-4)Glc(b1-Sp9,14.788610972073519,6.111643568563753,30.610555268880137
Fuc(a1-2)Gal(b1-3)GlcNAc(b1-3)Gal(b1-4)Glc(b1-Sp8,10.800638795113004,20.3893381606458,16.709911352747117
Fuc(a1-2)Gal(b1-3)GlcNAc(b1-3)Gal(b1-4)Glc(b1-Sp10,16.71228158171908,11.429162052508467,20.70374632910673
Fuc(a1-2)Gal(b1-3)GlcNAc(b1-Sp0,24.457714979037465,20.49930671565505,27.385266698293535
Fuc(a1-2)Gal(b1-3)GlcNAc(b1-Sp8,10.87305037803716,16.093004199004213,13.743948296614047
Fuc(a1-2)Gal(b1-4)[Fuc(a1-3)]GlcNAc(b1-3)Gal(b1-4)[Fuc(a1-3)]GlcNAc(b1-Sp0,23.1134956704952,3.9449493730380696,6.530976928964508
Fuc(a1-2)Gal(b1-4)[Fuc(a1-3)]GlcNAc(b1-3)Gal(b1-4)[Fuc(a1-3)]GlcNAc(b1-3)Gal(b1-4)[Fuc(a1-3)]GlcNAc(b1-Sp0,20.93808814758011,34.74300334575775,7.962151479081098
Fuc(a1-2)Gal(b1-4)[Fuc(a1-3)]GlcNAc(b1-Sp0,17.228324581218914,7.371088190355616,12.253943500597416
Fuc(a1-2)Gal(b1-4)[Fuc(a1-3)]GlcNAc(b1-Sp8,13.035533666354704,13.186620340930169,8.790243593325599
Fuc(a1-2)Gal(b1-4)GlcNAc(b1-3)Gal(b1-4)GlcNAc(b1-Sp0,3.736921380851713,19.76734295936945,6.561034598039148
Fuc(a1-2)Gal(b1-4)GlcNAc(b1-3)Gal(b1-4)GlcNAc(b1-3)Gal(b1-4)GlcNAc(b1-Sp0,15.90210089474552,21.35701702477822,6.038111129249498
Fuc(a1-2)Gal(b1-4)GlcNAc(b1-Sp0,10.800547389638801,12.654686890107827,32.600442138821776
Fuc(a1-2)Gal(b1-4)GlcNAc(b1-Sp8,6.4883445615323625,11.746604318837571,4.179505993934386
Fuc(a1-2)Gal(b1-4)Glc(b1-Sp0,14.779643786641088,32.32999454443713,40.40781370086025
Fuc(a1-2)Gal(b1-Sp8,22.01664167283463,32.91054433531398,19.80938188014289
Fuc(a1-3)GlcNAc(b1-Sp8,10.386262454158704,11.601158393453646,3.0459307700329274
Fuc(a1-4)GlcNAc(b1-Sp8,3.2858810857972287,1.6611072599824959,21.39907843576448
Fuc(b1-3)GlcNAc(b1-Sp8,9.099544591718132,17.397918809132516,220.45647722863583
GalNAc(a1-3)[Fuc(a1-2)]Gal(b1-3)GlcNAc(b1-Sp0,11.387281067489289,15.072660892573015,30.723591470670627
GalNAc(a1-3)[Fuc(a1-2)]Gal(b1-4)[Fuc(a1-3)]GlcNAc(b1-Sp0,37.01212396728932,30.460692464702106,42.93782123346113
(3S)Gal(b1-4)[Fuc(a1-3)]Glc(b1-Sp0,6.128176204154598,6.906524165055819,39.074785946044116
GalNAc(a1-3)[Fuc(a1-2)]Gal(b1-4)GlcNAc(b1-Sp0,9.681399041245713,16.096117444148863,4.204225221825458
GalNAc(a1-3)[Fuc(a1-2)]Gal(b1-4)GlcNAc(b1-Sp8,12.249407993041954,10.19677200474086,9.658290138873783
GalNAc(a1-3)[Fuc(a1-2)]Gal(b1-4)Glc(b1-Sp0,27.433809544839004,9.051345782580253,4.209828470377386
GlcNAc(b1-3)Gal(b1-3)GalNAc(a1-Sp8,4.7083401536530065,114.72532760357932,641.5714815882247
GalNAc(a1-3)[Fuc(a1-2)]Gal(b1-Sp8,15.207799901667787,8.756230426387837,4.4042068921846225
GalNAc(a1-3)[Fuc(a1-2)]Gal(b1-Sp18,33.000381406533265,13.521540110351072,12.58667477639209
GalNAc(a1-3)GalNAc(b1-Sp8,10.920123343740213,8.09417035011413,2.4170490720435667
GalNAc(a1-3)Gal(b1-Sp8,11.520606454089124,14.758297628791745,8.071499836409991
GalNAc(a1-4)[Fuc(a1-2)]Gal(b1-4)GlcNAc(b1-Sp8,13.468546886821162,9.898001199232086,17.756308473891753
GalNAc(b1-3)GalNAc(a1-Sp8,9.222477657829627,7.539851268869079,487.034130480192
GalNAc(b1-3)[Fuc(a1-2)]Gal(b1-Sp8,11.146819832692199,7.5539193855463775,9.586911982141759
GalNAc(b1-3)Gal(a1-4)Gal(b1-4)GlcNAc(b1-Sp0,10.239515017934195,24.425889065275932,6.358437738613922
GalNAc(b1-4)[Fuc(a1-3)]GlcNAc(b1-Sp0,8.337886808768328,5.068827956819325,15.788667554372655
GalNAc(b1-4)GlcNAc(b1-Sp0,6.340521143144839,15.526871755631694,14.858219845902571
GalNAc(b1-4)GlcNAc(b1-Sp8,8.09341556122424,5.337246233389768,8.163071504597179
Gal(a1-2)Gal(b1-Sp8,4.020355897492164,16.645134348586687,39.41175288162782
Gal(a1-3)[Fuc(a1-2)]Gal(b1-3)GlcNAc(b1-Sp0,17.652827996362692,6.502593870654125,59.992507164054956
Gal(a1-3)[Fuc(a1-2)]Gal(b1-3)GlcNAc(b1-Sp8,81.46828514939128,38.986273110758646,184.617310004459
Gal(a1-3)[Fuc(a1-2)]Gal(b1-4)[Fuc(a1-3)]GlcNAc(b1-Sp0,18.66279157941449,15.383619920443568,5.7799664684003575
Gal(a1-3)[Fuc(a1-2)]Gal(b1-4)[Fuc(a1-3)]GlcNAc(b1-Sp8,12.060354128161693,22.350168766775198,36.86805578772317
Gal(a1-3)[Fuc(a1-2)]Gal(b1-4)GlcNAc(a1-Sp0,4.584632127281318,7.406208952178803,266.1356888038302
Gal(a1-3)[Fuc(a1-2)]Gal(b1-4)Glc(b1-Sp0,8.75915378156875,13.42110202637995,63.3699764754243
Gal(a1-3)[Fuc(a1-2)]Gal(b1-Sp8,8.897345608429116,19.00096859785486,37.30757672801415
Gal(a1-3)[Fuc(a1-2)]Gal(b1-Sp18,10.520145305515825,7.227207708836569,16.820548425066292
Gal(a1-4)[Gal(a1-3)]Gal(b1-4)GlcNAc(b1-Sp8,13.15754254182748,12.695980694561039,8.818650324170935
Gal(a1-3)GalNAc(a1-Sp8,4.899375668643908,10.976181975038807,95.99448771182834
Gal(a1-3)GalNAc(a1-Sp16,33.93352678442328,15.900149203597698,11.077869749301954
Gal(a1-3)GalNAc(b1-Sp8,16.759263263913677,3.409914331646272,8.462061239241104
Gal(a1-3)Gal(b1-4)[Fuc(a1-3)]GlcNAc(b1-Sp8,7.092769518789308,10.589889607978302,6.583316492974228
Gal(a1-3)Gal(b1-3)GlcNAc(b1-Sp0,14.160273418852706,22.37961663702041,5.3532726391587735
Gal(a1-3)Gal(b1-4)GlcNAc(b1-Sp8,9.773445216333243,3.1417554810169435,259.1127246716812
Gal(a1-3)Gal(b1-4)Glc(b1-Sp0,12.742178752310519,7.790025688019259,7.210790716234492
Gal(a1-3)Gal(b1-4)Glc(a1-Sp10,5.002042437844752,13.186731871942351,17.501717296954006
Gal(a1-3)Gal(b1-Sp8,8.710623910681374,6.404750748402883,16.118629576647223
Gal(a1-4)[Fuc(a1-2)]Gal(b1-4)GlcNAc(b1-Sp8,10.743918689309842,12.780239608962741,14.069036085762956
Gal(a1-4)Gal(b1-4)GlcNAc(b1-Sp0,9.064464503764146,13.536639632093575,13.616344752294346
Gal(a1-4)Gal(b1-4)GlcNAc(b1-Sp8,5.588144790834737,14.527111785296487,12.511523998398447
Gal(a1-4)Gal(b1-4)Glc(b1-Sp0,14.155673565629664,12.61314398458343,18.24473952394683
Gal(a1-4)GlcNAc(b1-Sp8,7.900901234247483,13.116540146192005,185.48442440264355
Gal(a1-6)Glc(b1-Sp8,11.652831744937984,12.0893397750525,29.94869938359873
Gal(b1-2)Gal(b1-Sp8,19.43300269513604,29.75438309700481,55.450367762771045
Gal(b1-3)[Fuc(a1-4)]GlcNAc(b1-3)Gal(b1-4)[Fuc(a1-3)]GlcNAc(b1-Sp0,5.756540705652436,29.429377126266214,7.682594283617139
Gal(b1-3)[Fuc(a1-4)]GlcNAc(b1-3)Gal(b1-4)GlcNAc(b1-Sp0,12.198899906958818,12.990865538106634,23.60322596021923
Gal(b1-3)[Fuc(a1-4)]GlcNAc(a1-Sp0,11.441376200731582,2.8732373628597565,81.65200669601846
Gal(b1-3)[Fuc(a1-4)]GlcNAc(a1-Sp8 ,28.59412165479414,4.841890739076969,20.186779864616856
Fuc(a1-4)[Gal(b1-3)]GlcNAc(b1-Sp8,13.671320949223109,9.867587676158056,12.733366290282392
Gal(b1-4)GlcNAc(b1-6)GalNAc(a1-Sp8,15.383190246174555,8.845891574199849,29.134026104997247
Gal(b1-4)GlcNAc(b1-6)GalNAc(a1-Sp14,24.64949692164123,3.2398378553819085,12.539304208334961
GlcNAc(b1-6)[Gal(b1-3)]GalNAc(a1-Sp8,18.03074392225679,14.807067845007868,144.84310638228325
GlcNAc(b1-6)[Gal(b1-3)]GalNAc(a1-Sp14,5.622296010453981,10.672962362710432,698.6916939407632
Neu5Ac(a2-6)[Gal(b1-3)]GalNAc(a1-Sp8,9.140730551584305,2.9783510309117966,19.51093784641489
Neu5Ac(a2-6)[Gal(b1-3)]GalNAc(a1-Sp14,26.3077152206186,15.050818408395614,92.31889094699119
Neu5Ac(b2-6)[Gal(b1-3)]GalNAc(a1-Sp8,4.413779726417405,5.612787170604283,3.016107561079349
Neu5Ac(a2-6)[Gal(b1-3)]GlcNAc(b1-4)Gal(b1-4)Glc(b1-Sp10,6.018842968267792,7.62193623016269,9.473154407939683
Gal(b1-3)GalNAc(a1-Sp8,11.108772381921119,33.63842293017264,308.3584185618708
Gal(b1-3)GalNAc(a1-Sp14,5.752477571374503,18.91973832738361,202.99301999893345
Gal(b1-3)GalNAc(a1-Sp16,15.519157885739176,16.25462403000041,81.75441081731694
Gal(b1-3)GalNAc(b1-Sp8,9.45098307668748,14.37836973428606,268.412557182117
Gal(b1-3)GalNAc(b1-3)Gal(a1-4)Gal(b1-4)Glc(b1-Sp0,13.847036779127142,11.01888878335737,16.534674473032958
Gal(b1-3)GalNAc(b1-4)[Neu5Ac(a2-3)]Gal(b1-4)Glc(b1-Sp0,10.965098543408839,5.2306336932854816,4.488395813929514
Gal(b1-3)GalNAc(b1-4)Gal(b1-4)Glc(b1-Sp8,2.7133821458037546,6.7603312372003375,17.27641292581691
Gal(b1-3)Gal(b1-Sp8,7.9805111400105675,6.425265617012768,33.38547065629743
Gal(b1-3)GlcNAc(b1-3)Gal(b1-4)GlcNAc(b1-Sp0,16.09744240482529,7.801305984844247,22.0143150082509
Gal(b1-3)GlcNAc(b1-3)Gal(b1-4)Glc(b1-Sp10,19.059656814066717,5.295069985687942,10.194211802578623
Gal(b1-3)GlcNAc(b1-Sp0,23.443450790128285,2.08034549133872,6.117681533813824
Gal(b1-3)GlcNAc(b1-Sp8,6.608220109517642,12.21387742024076,8.006164358948684
Gal(b1-4)[Fuc(a1-3)]GlcNAc(b1-Sp0,15.56477169473317,14.207640190727199,15.160724793140044
Gal(b1-4)[Fuc(a1-3)]GlcNAc(b1-Sp8,23.0461398863237,12.698738294019606,3.506138994202407
Gal(b1-4)[Fuc(a1-3)]GlcNAc(b1-4)Gal(b1-4)[Fuc(a1-3)]GlcNAc(b1-Sp0,3.2617762966161097,13.264424555774493,30.851163741907662
Gal(b1-4)[Fuc(a1-3)]GlcNAc(b1-4)Gal(b1-4)[Fuc(a1-3)]GlcNAc(b1-4)Gal(b1-4)[Fuc(a1-3)]GlcNAc(b1-Sp0,10.217458584697086,15.962645134396329,17.10992751153551
Gal(b1-4)(6S)Glc(b1-Sp0,5.286708450680816,7.959392646217845,2.639033310860877
Gal(b1-4)(6S)Glc(b1-Sp8,17.697116213854365,17.576219382141513,16.243865922941453
Gal(b1-4)GalNAc(a1-3)[Fuc(a1-2)]Gal(b1-4)GlcNAc(b1-Sp8,2.5946962018702644,10.523576310163444,8.251002841271298
Gal(b1-4)GalNAc(b1-3)[Fuc(a1-2)]Gal(b1-4)GlcNAc(b1-Sp8,5.20794985830957,14.4518428136057,5.478512382937533
Gal(b1-4)GlcNAc(b1-3)GalNAc(a1-Sp8,14.464266619731074,5.387921133114927,18.483991933089012
Gal(b1-4)GlcNAc(b1-3)GalNAc(a1-Sp14,30.58702322166215,21.24737533914519,16.279411038153828
Gal(b1-4)GlcNAc(b1-3)Gal(b1-4)[Fuc(a1-3)]GlcNAc(b1-3)Gal(b1-4)[Fuc(a1-3)]GlcNAc(b1-Sp0,6.114269284223609,6.799876690732452,46.740781989420135
Gal(b1-4)GlcNAc(b1-3)Gal(b1-4)GlcNAc(b1-3)Gal(b1-4)GlcNAc(b1-Sp0,2.9987616781765123,7.740969106212301,7.068014621459597
Gal(b1-4)GlcNAc(b1-3)Gal(b1-4)GlcNAc(b1-Sp0,12.418014407572045,12.955201716524265,24.45367056242955
Gal(b1-4)GlcNAc(b1-3)Gal(b1-4)Glc(b1-Sp0,7.020282034873495,18.33249921394152,5.9863734388331125
Gal(b1-4)GlcNAc(b1-3)Gal(b1-4)Glc(b1-Sp8,15.444405696427207,11.310557994008652,15.547871373278106
Gal(b1-4)GlcNAc(b1-6)[Gal(b1-3)]GalNAc(a1-Sp8,12.45548483048734,8.639958239289504,577.5839028555222
Gal(b1-4)GlcNAc(b1-6)[Gal(b1-3)]GalNAc(a1-Sp14,6.3433323741679475,6.158506612537464,514.0886565746006
Gal(b1-4)GlcNAc(b1-Sp0,30.05452252461349,3.11097382609802,6.008185215950539
Gal(b1-4)GlcNAc(b1-Sp8,9.33244801557091,3.807720190612752,6.674206727894073
Gal(b1-4)GlcNAc(b1-Sp23,13.374323866772974,11.687852135550829,28.562462826815995
Gal(b1-4)Glc(b1-Sp0,14.374667184871836,22.342397290875773,12.055552595208328
Gal(b1-4)Glc(b1-Sp8,24.955084274401823,21.47455058132768,33.837224311831044
GlcNAc(a1-3)Gal(b1-4)GlcNAc(b1-Sp8,5.853389674937656,137.0200948028905,2963.69038553952
GlcNAc(a1-6)Gal(b1-4)GlcNAc(b1-Sp8,2.9644488981933943,32.291430315836145,8139.134854073018
GlcNAc(b1-2)Gal(b1-3)GalNAc(a1-Sp8,10.065669542020855,10.114153067690179,18.06301304348669
GlcNAc(b1-6)[GlcNAc(b1-3)]GalNAc(a1-Sp8,7.11734547730637,18.8774506493859,232.8245645800649
GlcNAc(b1-6)[GlcNAc(b1-3)]GalNAc(a1-Sp14,9.928341568627317,5.510935406005653,46.802477765276365
GlcNAc(b1-6)[GlcNAc(b1-3)]Gal(b1-4)GlcNAc(b1-Sp8,12.22786028089815,23.662539258693773,56.60099989513592
GlcNAc(b1-3)GalNAc(a1-Sp8,4.950679123362772,32.05785160927718,85.28766012847038
GlcNAc(b1-3)GalNAc(a1-Sp14,19.185907162354873,18.63020982973622,505.0275725122229
GlcNAc(b1-3)Gal(b1-Sp8,20.462101872710114,8.984508683654703,2.8292303810695003
GlcNAc(b1-3)Gal(b1-4)GlcNAc(b1-Sp0,9.976559873523533,15.791440425116331,515.9572321440387
GlcNAc(b1-3)Gal(b1-4)GlcNAc(b1-Sp8,5.667846214098147,12.510808800226881,245.57287787876743
GlcNAc(b1-3)Gal(b1-4)GlcNAc(b1-3)Gal(b1-4)GlcNAc(b1-Sp0,14.943147216338572,11.314223213983064,371.67658780866304
GlcNAc(b1-3)Gal(b1-4)Glc(b1-Sp0,17.28173505146884,9.678373357474207,148.87699325852898
GlcNAc(b1-4)(a1-MDPLys,6.637076520765753,9.852498555315806,5.265410845872653
GlcNAc(b1-6)[GlcNAc(b1-4)]GalNAc(a1-Sp8,5.132551757410735,1.7232873244180693,4.7532676040628665
GlcNAc(b1-4)Gal(b1-4)GlcNAc(b1-Sp8,15.315039647353196,8.391561846481952,17.563814521221914
GlcNAc(b1-4)GlcNAc(b1-4)GlcNAc(b1-4)GlcNAc(b1-4)GlcNAc(b1-4)GlcNAc(b1-Sp8,20.488890811120122,19.78498919231445,379.64156243635216
GlcNAc(b1-4)GlcNAc(b1-4)GlcNAc(b1-4)GlcNAc(b1-4)GlcNAc(b1-Sp8,7.6217538771160385,19.25879737721613,308.7284867922338
GlcNAc(b1-4)GlcNAc(b1-4)GlcNAc(b1-Sp8,10.493656426146227,12.953068854232967,145.6232419740492
GlcNAc(b1-6)GalNAc(a1-Sp8,10.641461706770688,27.40449868361032,1086.8673210222612
GlcNAc(b1-6)GalNAc(a1-Sp14,6.699208642071091,2.426670052252704,141.45313061532408
GlcNAc(b1-6)Gal(b1-4)GlcNAc(b1-Sp8,18.988215777050602,11.600284641766319,5.6525902678919335
Glc(a1-4)Glc(b1-Sp8,21.9868412550742,32.99622403279653,7.7716466502708865
Glc(a1-4)Glc(a1-Sp8,35.36536729278139,12.576929456581777,32.73589983229424
Glc(a1-6)Glc(a1-6)Glc(b1-Sp8,24.342191603931237,11.664149543901546,17.09800177922836
Glc(b1-4)Glc(b1-Sp8,14.24608584661647,2.7669086064897086,8.615952976262545
Glc(b1-6)Glc(b1-Sp8,20.04100829407872,11.971408763765723,24.334725853860284
G-ol(a1-Sp8,16.189434900859442,26.860197178151303,32.28128821266504
GlcA(a1-Sp8,10.326813628083187,17.15528912434864,12.950209494444492
GlcA(b1-Sp8,152.24363220897425,25.617710980427184,7.7800551788981
GlcA(b1-3)Gal(b1-Sp8,22.742349526086073,5.71859792927138,8.608859125342912
GlcA(b1-6)Gal(b1-Sp8,32.796655686250965,13.42692309463224,13.746811563777234
KDN(a2-3)Gal(b1-3)GlcNAc(b1-Sp0,26.879826444178672,10.26322803325054,11.073788445506514
KDN(a2-3)Gal(b1-4)GlcNAc(b1-Sp0,14.588648436684144,21.501762895942594,18.76328639913235
Man(a1-2)Man(a1-2)Man(a1-3)Man(a1-Sp9,12.078727373189352,7.9674810956265585,8.917865425276023
Man(a1-2)Man(a1-6)[Man(a1-2)Man(a1-3)]Man(a1-Sp9,13.738929683324434,18.041726602771877,3.8429215556006255
Man(a1-2)Man(a1-3)Man(a1-Sp9,5.296504283959368,10.086693976224316,15.271932894583662
Man(a1-6)[Man(a1-2)Man(a1-3)]Man(a1-6)[Man(a1-2)Man(a1-3)]Man(b1-4)GlcNAc(b1-4)GlcNAc(b1-Sp12,10.073400340335274,9.100617406527977,4.491373960066862
Man(a1-2)Man(a1-6)[Man(a1-3)]Man(a1-6)[Man(a1-2)Man(a1-2)Man(a1-3)]Man(b1-4)GlcNAc(b1-4)GlcNAc(b1-Sp12,27.72392170256583,28.39265205301068,13.21047964332358
Man(a1-2)Man(a1-6)[Man(a1-2)Man(a1-3)]Man(a1-6)[Man(a1-2)Man(a1-2)Man(a1-3)]Man(b1-4)GlcNAc(b1-4)GlcNAc(b1-Sp12,31.76551970699889,53.62994872795004,35.153073430960625
Man(a1-6)[Man(a1-3)]Man(a1-Sp9,11.752068085341394,12.977054815680118,5.9018886386054685
Man(a1-2)Man(a1-2)Man(a1-6)[Man(a1-3)]Man(a1-Sp9,22.890544740041395,110.60166498172251,22.356744138178897
Man(a1-6)[Man(a1-3)]Man(a1-6)[Man(a1-2)Man(a1-3)]Man(b1-4)GlcNAc(b1-4)GlcNAc(b1-Sp12,83.89231678888714,155.8724393661914,43.52104170608572
Man(a1-6)[Man(a1-3)]Man(a1-6)[Man(a1-3)]Man(b1-4)GlcNAc(b1-4)GlcNAc(b1-Sp12,19.487348129213647,4.7896920979676105,54.62014105476568
Man(b1-4)GlcNAc(b1-Sp0,12.814642288511193,4.13900249214711,30.616134958477808
Neu5Ac(a2-3)Gal(b1-4)GlcNAc(b1-3)Gal(b1-4)[Fuc(a1-3)]GlcNAc(b1-Sp0,14.919096757595634,21.02470468843339,17.6542323222837
(3S)Gal(b1-4)[Fuc(a1-3)](6S)GlcNAc(b1-Sp8,2.519687871542829,13.695444328802669,2.1876982439693373
Fuc(a1-2)(6S)Gal(b1-4)GlcNAc(b1-Sp0,5.002229527170863,10.679360564932406,9.644673430923756
Fuc(a1-2)Gal(b1-4)(6S)GlcNAc(b1-Sp8,8.441089763521841,5.203273797011527,14.650745063647785
Fuc(a1-2)(6S)Gal(b1-4)(6S)Glc(b1-Sp0,10.797598608139717,7.944185878311675,15.878255778763366
Neu5Ac(a2-3)Gal(b1-3)GalNAc(a1-Sp8,18.36765895886481,14.344024081215846,273.49916013133617
Neu5Ac(a2-3)Gal(b1-3)GalNAc(a1-Sp14,13.930389763959761,12.06265566017004,60.637808947299135
GalNAc(b1-4)[Neu5Ac(a2-8)Neu5Ac(a2-8)Neu5Ac(a2-8)Neu5Ac(a2-3)]Gal(b1-4)Glc(b1-Sp0,8.950251968334006,10.958251850089939,17.33987046558692
GalNAc(b1-4)[Neu5Ac(a2-8)Neu5Ac(a2-8)Neu5Ac(a2-3)]Gal(b1-4)Glc(b1-Sp0,21.754254983488888,26.55307579358745,12.683431199633395
Neu5Ac(a2-8)Neu5Ac(a2-8)Neu5Ac(a2-3)Gal(b1-4)Glc(b1-Sp0,24.4051054487922,10.685505310466144,6.672850392198672
GalNAc(b1-4)[Neu5Ac(a2-8)Neu5Ac(a2-3)]Gal(b1-4)Glc(b1-Sp0,17.8794581723459,4.0617564102040165,16.886150027241243
Neu5Ac(a2-8)Neu5Ac(a2-8)Neu5Ac(a1-Sp8,18.627517666255734,7.9557774656220674,22.66841953739463
Neu5Ac(a2-3)(6S)Gal(b1-4)[Fuc(a1-3)]GlcNAc(b1-Sp8,5.048766669857766,6.384448657675936,6.692197990882112
GalNAc(b1-4)[Neu5Ac(a2-3)]Gal(b1-4)GlcNAc(b1-Sp0,24.48742255109416,16.727482406805876,3.937907307504831
GalNAc(b1-4)[Neu5Ac(a2-3)]Gal(b1-4)GlcNAc(b1-Sp8,9.047821946146275,9.704039014932562,18.3745238249412
GalNAc(b1-4)[Neu5Ac(a2-3)]Gal(b1-4)Glc(b1-Sp0,3.9916039988121694,18.6296560824178,8.915434215402334
Neu5Ac(a2-3)Gal(b1-3)GalNAc(b1-4)[Neu5Ac(a2-3)]Gal(b1-4)Glc(b1-Sp0,57.70167801559877,28.12161602172468,57.92380339586226
Neu5Ac(a2-6)[Neu5Ac(a2-3)]GalNAc(a1-Sp8,0.9008535693070898,17.787458279618434,8.152609491598367
Neu5Ac(a2-3)GalNAc(a1-Sp8,7.052582645149697,20.453186920278,22.640513060514632
Neu5Ac(a2-3)GalNAc(b1-4)GlcNAc(b1-Sp0,2.996583208144442,14.467853637259635,6.948440891967663
Neu5Ac(a2-3)Gal(b1-3)(6S)GlcNAc(a1-Sp8,32.92799920057906,38.18977134037338,20.490584695151263
Neu5Ac(a2-3)Gal(b1-3)[ Fuc(a1-4)]GlcNAc(b1-Sp8,5.9214965141142,7.407627371106533,6.485448678580396
Neu5Ac(a2-3)Gal(b1-3)[Fuc(a1-4)]GlcNAc(b1-3)Gal(b1-4)[Fuc(a1-3)]GlcNAc(b1-Sp0,2.1917858395989995,12.095734473324333,124.50633207556164
Neu5Ac(a2-3)Gal(b1-4)[Neu5Ac(a2-3)Gal(b1-3)]GlcNAc(b1-Sp8,8.1745565704406,12.776757639394793,12.828708658675152
Neu5Ac(a2-3)Gal(b1-3)(6S)GalNAc(a1-Sp8,14.176369734408985,12.222468089274493,3500.7368658743553
Neu5Ac(a2-6)[Neu5Ac(a2-3)Gal(b1-3)]GalNAc(a1-Sp8,12.399169337063134,2.1391708820241497,690.6838150882472
Neu5Ac(a2-6)[Neu5Ac(a2-3)Gal(b1-3)]GalNAc(a1-Sp14,39.807191286458114,9.984104305803596,438.68442388998596
Neu5Ac(a2-3)Gal(b1-Sp8,12.898012269693607,14.58955032743185,23.33150004670007
Neu5Ac(a2-3)Gal(b1-3)GalNAc(b1-3)Gal(a1-4)Gal(b1-4)Glc(b1-Sp0,29.85357510911941,7.679483200710907,24.05298663054483
Neu5Ac(a2-3)Gal(b1-3)GlcNAc(b1-3)Gal(b1-4)GlcNAc(b1-Sp0,4.856008729399067,0.572894641273532,5.143401525174429
Fuc(a1-2)(6S)Gal(b1-4)Glc(b1-Sp0,12.123599566410427,10.569689839662583,3.7942549786926016
Neu5Ac(a2-3)Gal(b1-3)GlcNAc(b1-Sp0,16.59403481445462,26.929951164255108,15.697255122366679
Neu5Ac(a2-3)Gal(b1-3)GlcNAc(b1-Sp8,10.008895540259836,11.069231127920911,6.297157079389082
Neu5Ac(a2-3)Gal(b1-4)(6S)GlcNAc(b1-Sp8,14.374850870501824,20.644334663110367,50.17020384566757
Neu5Ac(a2-3)Gal(b1-4)[Fuc(a1-3)](6S)GlcNAc(b1-Sp8,5.445164551768261,10.986310734234976,9.187513504162396
Neu5Ac(a2-3)Gal(b1-4)[Fuc(a1-3)]GlcNAc(b1-3)Gal(b1-4)[Fuc(a1-3)]GlcNAc(b1-3)Gal(b1-4)[Fuc(a1-3)]GlcNAc(b1-Sp0,34.846375336994164,45.46269797408089,13.500868487958913
Neu5Ac(a2-3)Gal(b1-4)[Fuc(a1-3)]GlcNAc(b1-Sp0,12.083267213899555,6.991107126140082,8.261450241684766
Neu5Ac(a2-3)Gal(b1-4)[Fuc(a1-3)]GlcNAc(b1-Sp8,13.748305645030108,7.609218716081612,7.490750604745838
Neu5Ac(a2-3)Gal(b1-4)[Fuc(a1-3)]GlcNAc(b1-3)Gal(b1-Sp8,5.27657965510488,7.442332820874555,3.56680125357442
Neu5Ac(a2-3)Gal(b1-4)[Fuc(a1-3)]GlcNAc(b1-3)Gal(b1-4)GlcNAc(b1-Sp8,18.453397707468387,17.978047288661074,47.91862566632275
Neu5Ac(a2-3)Gal(b1-4)GlcNAc(b1-3)Gal(b1-4)GlcNAc(b1-3)Gal(b1-4)GlcNAc(b1-Sp0,11.92584900887564,18.725022881427964,41.23704258786429
Neu5Ac(a2-3)Gal(b1-4)GlcNAc(b1-Sp0,4.945870793146538,30.21785969283453,6.330242362592971
Neu5Ac(a2-3)Gal(b1-4)GlcNAc(b1-Sp8,7.0648980721003145,9.499892867816977,16.360471727204768
Neu5Ac(a2-3)Gal(b1-4)GlcNAc(b1-3)Gal(b1-4)GlcNAc(b1-Sp0,13.80943054160217,15.155767562878511,7.006640200314747
Fuc(a1-2)Gal(b1-4)(6S)Glc(b1-Sp0,4.69122906461266,14.02621702488474,12.13241659065356
Neu5Ac(a2-3)Gal(b1-4)Glc(b1-Sp0,15.199160133814258,14.431789156234238,20.588079043850435
Neu5Ac(a2-3)Gal(b1-4)Glc(b1-Sp8,13.55244739349072,6.168037088896247,7.257836485425029
Neu5Ac(a2-6)GalNAc(a1-Sp8,10.223948891043355,5.440337163877495,13.888336445857494
Neu5Ac(a2-6)GalNAc(b1-4)GlcNAc(b1-Sp0,5.4567627368859135,6.8783069551428655,12.42158886545917
Neu5Ac(a2-6)Gal(b1-4)(6S)GlcNAc(b1-Sp8,12.930294122557047,26.310463496281592,10.337033369516623
Neu5Ac(a2-6)Gal(b1-4)GlcNAc(b1-Sp0,41.93490088589695,16.461544630719413,11.763758254451172
Neu5Ac(a2-6)Gal(b1-4)GlcNAc(b1-Sp8,8.427888384998933,11.535670524941333,16.767483022281546
Neu5Ac(a2-6)Gal(b1-4)GlcNAc(b1-3)Gal(b1-4)[Fuc(a1-3)]GlcNAc(b1-3)Gal(b1-4)[Fuc(a1-3)]GlcNAc(b1-Sp0,2.3485745698188865,6.78320270496663,8.601878422375753
Neu5Ac(a2-6)Gal(b1-4)GlcNAc(b1-3)Gal(b1-4)GlcNAc(b1-Sp0,26.69427790126561,7.980776815573704,2.9946711943884736
Neu5Ac(a2-6)Gal(b1-4)Glc(b1-Sp0,7.553637319144117,6.5062312293036975,9.806766176259805
Neu5Ac(a2-6)Gal(b1-4)Glc(b1-Sp8,7.884672449072719,8.602320425472445,10.84357480181236
Neu5Ac(a2-6)Gal(b1-Sp8,12.27415306025906,9.118356214206962,6.199821540106353
Neu5Ac(a2-8)Neu5Ac(a1-Sp8,5.174408077580794,3.4410721307706784,3.375208631946585
Neu5Ac(a2-8)Neu5Ac(a2-3)Gal(b1-4)Glc(b1-Sp0,24.42803844410491,3.432811829001602,13.565223345347714
Gal(b1-3)[Fuc(a1-4)]GlcNAc(b1-3)Gal(b1-3)[Fuc(a1-4)]GlcNAc(b1-Sp0,23.51453382669251,26.54323399190773,6.506345295363591
Neu5Ac(b2-6)GalNAc(a1-Sp8,3.529176057169704,5.677257485426682,7.884905215029539
Neu5Ac(b2-6)Gal(b1-4)GlcNAc(b1-Sp8,17.730824339997078,8.809080399602836,2.288588836488545
Neu5Gc(a2-3)Gal(b1-3)[Fuc(a1-4)]GlcNAc(b1-Sp0,16.143234127723602,8.74233852252931,17.51960274861181
Neu5Gc(a2-3)Gal(b1-3)GlcNAc(b1-Sp0,16.755063027510026,13.028275521342024,323.18078469497925
Neu5Gc(a2-3)Gal(b1-4)[Fuc(a1-3)]GlcNAc(b1-Sp0,23.222508695157515,12.283237579997651,4.027335756634471
Neu5Gc(a2-3)Gal(b1-4)GlcNAc(b1-Sp0,42.03024432020153,7.261626663496274,31.722919673045567
Neu5Gc(a2-3)Gal(b1-4)Glc(b1-Sp0,15.165361818851096,12.449232630434176,15.94747181245877
Neu5Gc(a2-6)GalNAc(a1-Sp0,28.16519048364487,1.888511005174895,29.876210366597142
Neu5Gc(a2-6)Gal(b1-4)GlcNAc(b1-Sp0,5.543568144781216,12.323828753678779,9.90044117581802
Neu5Gc(a1-Sp8,4.862646210312504,14.188821544059484,3.2866623844200293
Neu5Ac(a2-3)Gal(b1-4)GlcNAc(b1-6)[Gal(b1-3)]GalNAc(a1-Sp14,20.387338695110927,20.407661902068988,1963.1148398375585
Gal(b1-3)GlcNAc(b1-3)Gal(b1-3)GlcNAc(b1-Sp0,12.47206042517301,13.12759192908839,12.329333180130492
Gal(b1-4)[Fuc(a1-3)](6S)GlcNAc(b1-Sp0 ,27.297300076182772,30.488767059798693,5.8838314257520485
Gal(b1-4)[Fuc(a1-3)](6S)Glc(b1-Sp0,26.421343337457966,18.143415403643488,26.30347833809255
Gal(b1-4)[Fuc(a1-3)]GlcNAc(b1-3)Gal(b1-3)[Fuc(a1-4)]GlcNAc(b1-Sp0,11.603766387111635,7.1768009876732926,130.56289713787692
Gal(b1-4)GlcNAc(b1-3)Gal(b1-3)GlcNAc(b1-Sp0,3.6013983130398057,12.185209315498044,5.721016665477069
Neu5Ac(a2-3)Gal(b1-3)GlcNAc(b1-3)Gal(b1-3)GlcNAc(b1-Sp0,22.70854125321939,5.430389861618284,51.16518764114273
Neu5Ac(a2-3)Gal(b1-4)GlcNAc(b1-3)Gal(b1-3)GlcNAc(b1-Sp0,6.029123630277194,4.125908997522041,9.402650018789032
4S(3S)Gal(b1-4)GlcNAc(b1-Sp0,9.101198743526393,6.489278306560755,19.00557141989333
(6S)Gal(b1-4)(6S)GlcNAc(b1-Sp0,7.360841683021038,10.661844356199989,6.15208655471189
(6P)Glc(b1-Sp10,31.84597722134621,22.04620439546608,1126.9456696436996
Neu5Ac(a2-3)Gal(b1-4)[Fuc(a1-3)]GlcNAc(b1-6)[Gal(b1-3)]GalNAc(a1-Sp14,23.57177734276028,11.379964361689945,23.711217116430262
Gal(b1-3)Gal(b1-4)GlcNAc(b1-Sp8,6.120540753343071,13.926126111377854,11.43330219413884
Neu5Ac(a2-6)Gal(b1-4)GlcNAc(b1-2)Man(a1-6)[Gal(b1-4)GlcNAc(b1-2)Man(a1-3)]Man(b1-4)GlcNAc(b1-4)GlcNAc(b1-Sp12,12.025579363555302,7.092922170903907,15.744195183913556
Gal(b1-4)GlcNAc(b1-6)[Gal(b1-4)GlcNAc(b1-3)]Gal(b1-4)GlcNAc(a1-Sp0,7.050910050660133,6.922484741285698,13.145912687346337
GlcNAc(b1-6)[Gal(b1-4)GlcNAc(b1-3)]Gal(b1-4)GlcNAc(a1-Sp0,5.7078431591246845,27.62638626294013,2772.215199995016
Gal(b1-4)GlcNAc(a1-6)Gal(b1-4)GlcNAc(b1-Sp0,11.052492331445725,6.001577331835357,92.76212877687023
Gal(b1-4)GlcNAc(b1-6)Gal(b1-4)GlcNAc(b1-Sp0,10.190519434381152,18.493391904925573,7.479329610109893
GalNAc(b1-3)Gal(b1-Sp8,12.23890267041262,16.026951166394678,91.83541153378685
GlcA(b1-3)GlcNAc(b1-Sp8,30.057138861328216,60.51378148710561,11.549707001009445
Neu5Ac(a2-6)Gal(b1-4)GlcNAc(b1-2)Man(a1-6)[GlcNAc(b1-2)Man(a1-3)]Man(b1-4)GlcNAc(b1-4)GlcNAc(b1-Sp12,35.337371368036145,111.62674682320507,4002.173340832449
GlcNAc(b1-3)Ma(n1-Sp10,3.2902072239703624,117.25372972707217,1459.4752916109628
GlcNAc(b1-4)GlcNAc(b1-Sp10,6.439417226931335,24.264749271594237,554.9019820279515
GlcNAc(b1-4)GlcNAc(b1-Sp12,10.613296924141913,27.407363363945326,27.90752217430212
MurNAc(b1-4)GlcNAc(b1-Sp10,9.174000788959713,2.1228921074797933,7.4108669495095505
Man(a1-6)Man(b1-Sp10,19.49766871814423,41.982153480616,139.10278160450022
Man(a1-6)[Man(a1-3)]Man(a1-6)[Man(a1-3)]Man(b1-Sp10,25.63804641354981,20.62639525630129,17.785504735856296
Man(a1-2)Man(a1-6)[Man(a1-3)]Man(a1-6)[Man(a1-2)Man(a1-2)Man(a1-3)]Man(a1-Sp9,19.835272469076394,9.060542874969927,15.893294923017068
Man(a1-2)Man(a1-6)[Man(a1-2)Man(a1-3)]Man(a1-6)[Man(a1-2)Man(a1-2)Man(a1-3)]Man(a1-Sp9,9.36583123108498,4.985759043181567,3.575222697492649
Neu5Ac(a2-3)Gal(b1-4)GlcNAc(b1-6)[Neu5Ac(a2-3)Gal(b1-3)]GalNAc(a1-Sp14,53.14586327843395,17.409134439617286,137.42698928620092
Neu5Ac(a2-6)Gal(b1-4)GlcNAc(b1-2)Man(a1-6)[Neu5Ac(a2-3)Gal(b1-4)GlcNAc(b1-2)Man(a1-3)]Man(b1-4)GlcNAc(b1-4)GlcNAc(b1-Sp12,10.456039569550224,17.8433507221411,5.413123287206699
Gal(b1-4)GlcNAc(b1-2)Man(a1-6)[Neu5Ac(a2-6)Gal(b1-4)GlcNAc(b1-2)Man(a1-3)]Man(b1-4)GlcNAc(b1-4)GlcNAc(b1-Sp12,13.335289312290941,12.997098807650628,9.141340968916976
GlcNAc(b1-2)Man(a1-6)[Neu5Ac(a2-6)Gal(b1-4)GlcNAc(b1-2)Man(a1-3)]Man(b1-4)GlcNAc(b1-4)GlcNAc(b1-Sp12,9.554235330426325,27.128425804496192,118.39971996715056
Neu5Ac(a2-8)Neu5Ac(b1-Sp17,15.389304881529466,14.020074229089046,18.57101307241567
Neu5Ac(a2-8)Neu5Ac(a2-8)Neu5Ac(b1-Sp8,10.036337653912076,10.183890620975854,1.6247313200957318
Neu5Gc(b2-6)Gal(b1-4)GlcNAc(a1-Sp8,6.966880256075895,16.459552150448484,14.564279322913071
Gal(b1-3)GlcNAc(b1-2)Man(a1-6)[Gal(b1-3)GlcNAc(b1-2)Man(a1-3)]Man(b1-4)GlcNAc(b1-4)GlcNAc(b1-Sp19,83.28102283483716,108.75353290429962,68.77106129198968
Neu5Ac(a2-3)Gal(b1-4)GlcNAc(b1-2)Man(a1-6)[Neu5Ac(a2-3)Gal(b1-4)GlcNAc(b1-2)Man(a1-3)]Man(b1-4)GlcNAc(b1-4)GlcNAc(b1-Sp12,25.73597839916913,6.638688784441303,19.223977862814962
Neu5Ac(a2-3)Gal(b1-4)GlcNAc(b1-2)Man(a1-6)[Neu5Ac(a2-6)Gal(b1-4)GlcNAc(b1-2)Man(a1-3)]Man(b1-4)GlcNAc(b1-4)GlcNAc(b1-Sp12,8.437266761368871,18.166845338142775,1.8716024275114318
Gal(b1-4)[Fuc(a1-3)]GlcNAc(b1-2)Man(a1-6)[Gal(b1-4)[Fuc(a1-3)]GlcNAc(b1-2)Man(a1-3)]Man(b1-4)GlcNAc(b1-4)GlcNAc(b1-Sp20,7.573221435811405,24.29788798421227,695.9754194247107
"Neu5,9Ac2(a2-3)Gal(b1-4)GlcNAc(b1-Sp0",143.75415241462312,108.98866879204698,110.3691168454405
"Neu5,9Ac2(a2-3)Gal(b1-4)GlcNAc(b1-Sp0",21.941167484035574,26.885885909029163,71.668604038077
Neu5Ac(a2-6)Gal(b1-4)GlcNAc(b1-3)Gal(b1-3)GlcNAc(b1-Sp0,26.3239384733744,1.7092231166497147,15.832498769408927
Neu5Ac(a2-3)Gal(b1-3)[Fuc(a1-4)]GlcNAc(b1-3)Gal(b1-3)[Fuc(a1-4)]GlcNAc(b1-Sp0,12.935559571068685,13.768197532084574,5.3155542993339715
Neu5Ac(a2-6)Gal(b1-4)GlcNAc(b1-3)Gal(b1-4)GlcNAc(b1-3)Gal(b1-4)GlcNAc(b1-Sp0,12.50180783363616,10.920210416280145,20.16429864240262
Gal(a1-4)Gal(b1-4)GlcNAc(b1-3)Gal(b1-4)Glc(b1-Sp0,1.6277403079115695,16.196386947788692,16.190225709565212
GalNAc(b1-3)Gal(a1-4)Gal(b1-4)GlcNAc(b1-3)Gal(b1-4)Glc(b1-Sp0,8.215073108621736,16.462120092174242,22.14498105295731
GalNAc(a1-3)[Fuc(a1-2)]Gal(b1-4)GlcNAc(b1-3)Gal(b1-4)GlcNAc(b1-Sp0,13.660417746509983,6.014524043236276,29.029167070077985
GalNAc(a1-3)[Fuc(a1-2)]Gal(b1-4)GlcNAc(b1-3)Gal(b1-4)GlcNAc(b1-3)Gal(b1-4)GlcNAc(b1-Sp0,51.01990334268281,31.24628855837735,25.24191138977329
Neu5Ac(a2-3)Gal(b1-4)[Fuc(a1-3)]GlcNAc(b1-6)[Neu5Ac(a2-3)Gal(b1-3)]GalNAc(a1-Sp14,13.175561493759314,14.66561355106449,18.153166330859
GlcNAc(a1-4)Gal(b1-4)GlcNAc(b1-3)Gal(b1-4)GlcNAc(b1-3)Gal(b1-4)GlcNAc(b1-Sp0,16.86246264705524,472.6518629404689,5059.61026709099
GlcNAc(a1-4)Gal(b1-4)GlcNAc(b1-Sp0,15.167314600015178,66.27190826533625,41.57375246966857
GlcNAc(a1-4)Gal(b1-3)GlcNAc(b1-Sp0,14.696254494031225,105.9585345161768,234.59004012542138
GlcNAc(a1-4)Gal(b1-4)GlcNAc(b1-3)Gal(b1-4)Glc(b1-Sp0,2.8024498770421125,151.25349316338782,239.43867535719173
GlcNAc(a1-4)Gal(b1-4)GlcNAc(b1-3)Gal(b1-4)[Fuc(a1-3)]GlcNAc(b1-3)Gal(b1-4)[Fuc(a1-3)]GlcNAc(b1-Sp0,68.57992630376617,74.33866690197233,99.20679411765623
GlcNAc(a1-4)Gal(b1-4)GlcNAc(b1-3)Gal(b1-4)GlcNAc(b1-Sp0,11.427204198607232,97.57311666160152,50.1319992661039
GlcNAc(a1-4)Gal(b1-3)GalNAc(a1-Sp14,24.456123282643013,19.91846086038448,737.5797350304802
Neu5Ac(a2-6)Gal(b1-4)GlcNAc(b1-2)Man(a1-6)[Man(a1-3)]Man(b1-4)GlcNAc(b1-4)GlcNAc(a1-Sp12,21.06013860582752,8.055336327346403,5.0102903491214565
Man(a1-6)[Neu5Ac(a2-6)Gal(b1-4)GlcNAc(b1-2)Man(a1-3)]Man(b1-4)GlcNAc(b1-4)GlcNAc(a1-Sp12,4.957596208513434,11.662582775126042,10.576355740479134
Neu5Ac(a2-6)Gal(b1-4)GlcNAc(b1-2)Man(a1-6)Man(b1-4)GlcNAc(b1-4)GlcNAc(a1-Sp12,19.28546948369852,10.752864627003666,3.8915661229338943
Neu5Ac(a2-6)Gal(b1-4)GlcNAc(b1-2)Man(a1-3)Man(b1-4)GlcNAc(b1-4)GlcNAc(a1-Sp12,29.43634494332644,19.4815313550212,27.16822415065057
Gal(b1-4)GlcNAc(b1-2)Man(a1-3)Man(b1-4)GlcNAc(b1-4)GlcNAc(a1-Sp12,14.763142152982422,17.888401819684738,18.361977309011873
Gal(b1-4)GlcNAc(b1-2)Man(a1-6)Man(b1-4)GlcNAc(b1-4)GlcNAc(a1-Sp12,32.87378032073332,22.96897161113953,35.546797859289114
Man(a1-6)[Gal(b1-4)GlcNAc(b1-2)Man(a1-3)]Man(b1-4)GlcNAc(b1-4)GlcNAc(b1-Sp12,9.114404074641042,28.238104252631768,11.48331362641026
GlcNAc(b1-2)Man(a1-6)[GlcNAc(b1-2)Man(a1-3)]Man(b1-4)GlcNAc(b1-4)[Fuc(a1-6)]GlcNAc(b1-Sp22,16.11241496848525,66.65292303138895,4765.104339503366
Gal(b1-4)GlcNAc(b1-2)Man(a1-6)[Gal(b1-4)GlcNAc(b1-2)Man(a1-3)]Man(b1-4)GlcNAc(b1-4)[Fuc(a1-6)]GlcNAc(b1-Sp22,39.9930214625002,34.623412743257994,32.53579403809235
Gal(b1-3)GlcNAc(b1-2)Man(a1-6)[Gal(b1-3)GlcNAc(b1-2)Man(a1-3)]Man(b1-4)GlcNAc(b1-4)[Fuc(a1-6)]GlcNAc(b1-Sp22,18.79940011622714,13.914803274540631,31.298870213103005
(6S)GlcNAc(b1-3)Gal(b1-4)GlcNAc(b1-Sp0,10.398327605076556,28.70921523280163,28.557527861537647
KDN(a2-3)Gal(b1-4)[Fuc(a1-3)]GlcNAc(a1-Sp0,6.375289161742714,29.8192226721148,15.591005354476463
KDN(a2-6)Gal(b1-4)GlcNAc(a1-Sp0,8.57303395245814,5.692189669772673,10.704539606789872
KDN(a2-3)Gal(b1-4)Glc(a1-Sp0,28.358117869727074,11.864351294072788,11.572508238745652
KDN(a2-3)Gal(b1-3)GalNAc(a1-Sp14,12.01408961025893,16.477271233100655,473.78633380344667
Fuc(a1-2)Gal(b1-3)GlcNAc(b1-2)Man(a1-6)[Fuc(a1-2)Gal(b1-3)GlcNAc(b1-2)Man(a1-3)]Man(b1-4)GlcNAc(b1-4)GlcNAc(b1-Sp20,65.06773862975442,72.73047878374877,101.64297859193222
Fuc(a1-2)Gal(b1-4)GlcNAc(b1-2)Man(a1-6)[Fuc(a1-2)Gal(b1-4)GlcNAc(b1-2)Man(a1-3)]Man(b1-4)GlcNAc(b1-4)GlcNAc(b1-Sp20,96.27794237866743,113.15803463476787,69.90955366516441
Fuc(a1-2)Gal(b1-4)[Fuc(a1-3)]GlcNAc(b1-2)Man(a1-6)[Fuc(a1-2)Gal(b1-4)[Fuc(a1-3)]GlcNAc(b1-2)Man(a1-3)]Man(b1-4)GlcNAc(b1-4)GlcNA(b1-Sp20,15.512833647660901,13.568956515116046,4.864980578241469
Gal(a1-3)Gal(b1-4)GlcNAc(b1-2)Man(a1-6)[Gal(a1-3)Gal(b1-4)GlcNAc(b1-2)Man(a1-3)]Man(b1-4)GlcNAc(b1-4)GlcNAc(b1-Sp20,20.213845714757028,33.754135338009554,16.971947479173807
Gal(b1-4)GlcNAc(b1-2)Man(a1-6)[Man(a1-3)]Man(b1-4)GlcNAc(b1-4)GlcNAc(b1-Sp12,13.011430233292312,6.56093852197739,8.134286497290335
Fuc(a1-4)[Gal(b1-3)]GlcNAc(b1-2)Man(a1-6)[Fuc(a1-4)[Gal(b1-3)]GlcNAc(b1-2)Man(a1-3)]Man(b1-4)GlcNAc(b1-4)[Fuc(a1-6)]GlcNAc(b1-Sp22,177.29831551155075,218.7420106861412,94.77350320916
Neu5Ac(a2-6)GlcNAc(b1-4)GlcNAc(a1-Sp21,11.755350313332512,13.219462655840688,11.082427531419572
Neu5Ac(a2-6)GlcNAc(b1-4)GlcNAc(b1-4)GlcNAc(a1-Sp21,15.52437366777375,7.267305857055971,4.698297661476269
Gal(b1-4)[Fuc(a1-3)]GlcNAc(b1-6)[Fuc(a1-2)Gal(b1-4)GlcNAc(b1-3)]Gal(b1-4)Glc(a1-Sp21,9.367862198450974,17.28195638867313,7.941624222202071
Gal(b1-4)GlcNAc(b1-2)Man(a1-6)[Gal(b1-4)GlcNAc(b1-4)[Gal(b1-4)GlcNAc(b1-2)]Man(a1-3)]Man(b1-4)GlcNAc(b1-4)GlcNAc(a1-Sp21,25.50351512105733,8.089472344143754,9.72396950170044
GalNAc(a1-3)[Fuc(a1-2)]Gal(b1-4)GlcNAc(b1-2)Man(a1-6)[GalNAc(a1-3)[Fuc(a1-2)]Gal(b1-4)GlcNAc(b1-2)Man(a1-3)]Man(b1-4)GlcNAc(b1-4)GlcNAc(b1-Sp20,17.629721514982396,26.27914165734241,22.525333527534407
Gal(a1-3)[Fuc(a1-2)]Gal(b1-4)GlcNAc(b1-2)Man(a1-6)[Gal(a1-3)[Fuc(a1-2)]Gal(b1-4)GlcNAc(b1-2)Man(a1-3)]Man(b1-4)GlcNAc(b1-4)GlcNAc(b1-Sp20,17.49464941582139,34.42964449960477,30.97635130896907
Gal(a1-3)Gal(b1-4)[Fuc(a1-3)]GlcNAc(b1-2)Man(a1-6)[Gal(a1-3)Gal(b1-4)[Fuc(a1-3)]GlcNAc(b1-2)Man(a1-3)]Man(b1-4)GlcNAc(b1-4)GlcNAc(b1-Sp20,16.878551457002086,40.03745766515606,19.647324891445145
GalNAc(a1-3)[Fuc(a1-2)]Gal(b1-3)GlcNAc(b1-2)Man(a1-6)[GalNAc(a1-3)[Fuc(a1-2)]Gal(b1-3)GlcNAc(b1-2)Man(a1-3)]Man(b1-4)GlcNAc(b1-4)GlcNAc(b1-Sp20,5.56782588830685,14.204007326807465,4.429335124955721
Gal(a1-3)[Fuc(a1-2)]Gal(b1-3)GlcNAc(b1-2)Man(a1-6)[Gal(a1-3)[Fuc(a1-2)]Gal(b1-3)GlcNAc(b1-2)Man(a1-3)]Man(b1-4)GlcNAc(b1-4)GlcNAc(b1-Sp20,5.155137700310896,8.752205828246952,11.728586679988336
Fuc(a1-4)[Fuc(a1-2)Gal(b1-3)]GlcNAc(b1-2)Man(a1-3)[Fuc(a1-4)[Fuc(a1-2)Gal(b1-3)]GlcNAc(b1-2)Man(a1-3)]Man(b1-4)GlcNAc(b1-4)GlcNAc(b1-Sp19,70.22418454352707,57.419814120468175,93.33743749383629
Neu5Ac(a2-3)Gal(b1-4)GlcNAc(b1-3)GalNAc(a1-Sp14,15.90333316519947,10.260638275955355,7.391916888511844
Neu5Ac(a2-6)Gal(b1-4)GlcNAc(b1-3)GalNAc(a1-Sp14,5.060885457687543,10.468321374827324,96.92861111209517
Neu5Ac(a2-3)Gal(b1-4)[Fuc(a1-3)]GlcNAc(b1-3)GalNAc(a1-Sp14,23.972188989813446,8.240296940594236,23.38527739175147
GalNAc(b1-4)GlcNAc(b1-2)Man(a1-6)[GalNAc(b1-4)GlcNAc(b1-2)Man(a1-3)]Man(b1-4)GlcNAc(b1-4)GlcNAc(a1-Sp12,15.746060278129745,17.632930357596067,7.642119471063256
Gal(b1-3)GalNAc(a1-3)[Fuc(a1-2)]Gal(b1-4)Glc(a1-Sp0,16.167480452336008,14.935520610806744,2687.567761020289
Gal(b1-3)GalNAc(a1-3)[Fuc(a1-2)]Gal(b1-4)GlcNAc(a1-Sp0,11.479606708855494,17.55156101175001,1638.952142374208
Gal(b1-3)GlcNac(b1-3)Gal(b1-4)GlcNac(b1-6)[Gal(b1-3)GlcNac(b1-3)]Gal(b1-4)Glc(b1-Sp0,10.999246969679339,20.624609856754464,13.680154466598694
Gal(b1-4)[Fuc(a1-3)]GlcNAc(b1-6)[Gal(b1-3)GlcNAc(b1-3)]Gal(b1-4)Glc(a1-Sp21,13.291465048261877,11.447793827742533,35.65446681706414
Gal(b1-4)GlcNAc(b1-6)[Fuc(a1-4)[Fuc(a1-2)Gal(b1-3)]GlcNAc(b1-3)]Gal(b1-4)Glc(a1-Sp21,19.91389804642311,7.540834511732317,25.22514845876364
Gal(b1-4)[Fuc(a1-3)]GlcNAc(b1-6)[Fuc(a1-4)[Fuc(a1-2)Gal(b1-3)]GlcNAc(b1-3)]Gal(b1-4)Glc(a1-Sp21,14.245817126792009,7.272518374675998,10.351790670539414
Gal(b1-3)GlcNAc(b1-3)Gal(b1-4)[Fuc(a1-3)]GlcNAc(b1-6)[Gal(b1-3)GlcNAc(b1-3)]Gal(b1-4)Glc(a1-Sp21,5.0457973912288585,10.476190657350921,5.265235437914211
Gal(b1-4)GlcNac(b1-6)[Gal(b1-4)GlcNac(b1-2)]Man(a1-6)[Gal(b1-4)GlcNac(b1-4)[Gal(b1-4)GlcNac(b1-2)]Man(a1-3)]Man(b1-4)GlcNac(b1-4)GlcNac(b1-Sp21,16.4532012841473,11.874299269816591,3.8556783574143374
GlcNac(b1-2)Man(a1-6)[GlcNac(b1-4)[GlcNac(b1-2)]Man(a1-3)]Man(b1-4)GlcNac(b1-4)GlcNac(a1-Sp21,28.42513791822302,842.9202867157791,3164.990330438732
Fuc(a1-2)Gal(b1-3)GalNAc(a1-3)[Fuc(a1-2)]Gal(b1-4)Glc(b1-Sp0,7.137947710885317,5.691626565988567,6.129124169623811
Fuc(a1-2)Gal(b1-3)GalNAc(a1-3)[Fuc(a1-2)]Gal(b1-4)GlcNAc(b1-Sp0,20.629440356361265,10.977380273202725,513.1338254847027
Gal(b1-3)GlcNAc(b1-3)GalNAc(a1-Sp14,16.893885737942806,11.453092789977445,17.961344772849504
GalNAc(b1-4)[Neu5Ac(a2-3)]Gal(b1-4)GlcNAc(b1-3)GalNAc(a1-Sp14,35.35499331490043,67.42923978994487,30.38290895075785
GalNAc(a1-3)[Fuc(a1-2)]Gal(b1-3)GalNAc(a1-3)[Fuc(a1-2)]Gal(b1-4)GlcNAc(b1-Sp0,21.29477509912936,14.433086661874055,34.13623840040273
Gal(a1-3)Gal(b1-3)GlcNAc(b1-2)Man(a1-6)[Gal(a1-3)Gal(b1-3)GlcNAc(b1-2)Man(a1-3)]Man(b1-4)GlcNAc(b1-4)GlcNAc(a1-Sp19,11.801801798736838,28.896750257771266,11.142021206637683
Gal(a1-3)Gal(b1-3)[Fuc(a1-4)]GlcNAc(b1-2)Man(a1-6)[Gal(a1-3)Gal(b1-3)[Fuc(a1-4)]GlcNAc(b1-2)Man(a1-3)]Man(b1-4)GlcNAc(b1-4)GlcNAc(a1-Sp19,64.6560250286787,64.26765374159207,20.5028612879604
Neu5Ac(a2-3)Gal(b1-3)GlcNAc(b1-2)Man(a1-6)[Neu5Ac(a2-3)Gal(b1-3)GlcNAc(b1-2)Man(a1-3)]Man(b1-4)GlcNAc(b1-4)GlcNAc(a1-Sp19,65.26215344322223,40.92882667683619,47.928036482313935
GlcNAc(b1-2)Man(a1-6)[Gal(b1-4)GlcNAc(b1-2)Man(a1-3)]Man(b1-4)GlcNAc(b1-4)GlcNAc(a1-Sp12,33.160580188568765,38.935632984408045,1213.2550333450795
Gal(b1-4)GlcNAc(b1-2)Man(a1-6)[GlcNAc(b1-2)Man(a1-3)]Man(b1-4)GlcNAc(b1-4)GlcNAc(a1-Sp12,9.894692807889488,44.99142293911915,1218.6449663009994
Neu5Ac(a2-3)Gal(b1-3)GlcNAc(b1-3)GalNAc(a1-Sp14,18.766842911790878,4.481989529494644,7.112441916575979
Fuc(a1-2)Gal(b1-4)GlcNac(b1-3)GalNac(a1-Sp14,9.997741486289087,6.29020634233624,11.175269549620152
Gal(b1-4)[Fuc(a1-3)]GlcNac(b1-3)GalNac(a1-Sp14,13.834660429876829,6.7746326286621095,59.31300244833196
GalNac(a1-3)GalNac(b1-3)Gal(a1-4)Gal(b1-4)GlcNac(b1-Sp0,34.92966239376642,10.386557514523282,14.69169152919988
Gal(a1-4)Gal(b1-3)GlcNac(b1-2)Man(a1-6)[Gal(a1-4)Gal(b1-3)GlcNac(b1-2)Man(a1-3)]Man(b1-4)GlcNac(b1-4)GlcNac(b1-Sp19,8.877685818340654,22.806171942846216,26.760558220198693
Gal(a1-4)Gal(b1-4)GlcNac(b1-2)Man(a1-6)[Gal(a1-4)Gal(b1-4)GlcNac(b1-2)Man(a1-3)]Man(b1-4)GlcNac(b1-4)GlcNac(b1-Sp24,14.970147199760593,33.556540165616994,55.6663862444833
Gal(a1-3)Gal(b1-4)GlcNac(b1-3)GalNac(a1-Sp14,4.51891250044372,6.851985152980609,75.86571183316819
Gal(b1-3)GlcNAc(b1-6)Gal(b1-4)GlcNAc(b1-Sp0,5.464491816186269,6.713219500545177,25.353534519865278
Gal(b1-3)GlcNAc(a1-6)Gal(b1-4)GlcNAc(b1-Sp0,5.521869034726074,5.99106808973437,23.77814986514229
GalNAc(b1-3)Gal(a1-6)Gal(b1-4)Glc(b1-Sp8,76.25039080159964,12.640629429212243,17.264920482875084
Gal(a1-3)[Fuc(a1-2)]Gal(b1-4)[Fuc(a1-3)]Glc(b1-Sp21,18.590759939886826,30.198702462895657,2.7320142134513152
Gal(b1-4)GlcNAc(b1-6)[Neu5Ac(a2-6)Gal(b1-3)GlcNAc(b1-3)]Gal(b1-4)Glc(a1-Sp21,13.208902637583725,13.177778842050733,22.62760941024257
Gal(b1-3)GalNAc(b1-4)[Neu5Ac(a2-8)Neu5Ac(a2-3)]Gal(b1-4)Glc(b1-Sp0,22.10191464743496,6.4576965720500255,16.753683706576293
Neu5Ac(a2-3)Gal(b1-3)GalNAc(b1-4)[Neu5Ac(a2-8)Neu5Ac(a2-3)]Gal(b1-4)Glc(b1-Sp0,6.868502353254789,3.785127475176037,15.908119392938938
Gal(a1-3)[Fuc(a1-2)]Gal(b1-4)GlcNAc(b1-3)GalNAc(a1-Sp14,6.5126850337757425,20.736721374090614,6.232849697302723
GalNAc(a1-3)[Fuc(a1-2)]Gal(b1-4)GlcNAc(b1-3)GalNAc(a1-Sp14,14.104791429983408,8.672680322858692,3.3232418082101933
GalNAc(a1-3)GalNAc(b1-3)Gal(a1-4)Gal(b1-4)Glc(b1-Sp0,21.635276209622702,8.392351685314432,11.498081198291285
Fuc(a1-2)Gal(b1-4)[Fuc(a1-3)]GlcNAc(b1-3)GalNAc(a1-Sp14,11.312799172765855,15.758434384031725,12.010280326176119
Gal(a1-3)[Fuc(a1-2)]Gal(b1-4)[Fuc(a1-3)]GlcNAc(b1-3)GalNAc(a1-Sp14,6.349780211156919,3.157327554541465,3.093005473106491
GalNAc(a1-3)[Fuc(a1-2)]Gal(b1-4)[Fuc(a1-3)]GlcNAc(b1-3)GalNAc(a1-Sp14,17.891889097577163,14.193676117788035,4.461345443081087
Gal(b1-4)[Fuc(a1-3)]GlcNAc(b1-2)Man(a1-6)[Gal(b1-4)[Fuc(a1-3)]GlcNAc(b1-2)Man(a1-3)]Man(b1-4)GlcNAc(b1-4)[Fuc(a1-6)]GlcNAc(b1-Sp22,7.342046767761698,13.498212600532213,9.427294870746332
Fuc(a1-2)Gal(b1-4)GlcNAc(b1-2)Man(a1-6)[Fuc(a1-2)Gal(b1-4)GlcNAc(b1-2)Man(a1-3)]Man(b1-4)GlcNAc(b1-4)[Fuc(a1-6)]GlcNAc(b1-Sp22,239.2771497580072,191.5088025164444,230.05311943562612
GlcNAc(b1-2)[GlcNAc(b1-6)]Man(a1-6)[GlcNAc(b1-2)Man(a1-3)]Man(b1-4)GlcNAc(b1-4)GlcNAc(b1-Sp19,14.385222024790034,210.9062234757607,752.4212586512559
Fuc(a1-2)Gal(b1-3)GlcNAc(b1-3)GalNAc(a1-Sp14,7.6333934397924565,13.268894766709096,9.156077069857293
Gal(a1-3)[Fuc(a1-2)]Gal(b1-3)GlcNAc(b1-3)GalNAc(a1-Sp14,7.79714704934867,12.801825641290364,133.4073848759349
GalNAc(a1-3)[Fuc(a1-2)]Gal(b1-3)GlcNAc(b1-3)GalNAc(a1-Sp14,22.18782525680845,8.186537774704687,10.12545233903161
Gal(a1-3)Gal(b1-3)GlcNAc(b1-3)GalNAc(a1-Sp14,12.33603461530484,27.949929008302806,143.97884096063106
Fuc(a1-2)Gal(b1-3)GlcNAc(b1-2)Man(a1-6)[Fuc(a1-2)Gal(b1-3)GlcNAc(b1-2)Man(a1-3)]Man(b1-4)GlcNAc(b1-4)[Fuc(a1-6)]GlcNAc(b1-Sp22,12.069274511888905,28.52697670772937,23.51949688761773
Gal(a1-3)[Fuc(a1-2)]Gal(b1-4)GlcNAc(b1-2)Man(a1-6)[Gal(a1-3)[Fuc(a1-2)]Gal(b1-4)GlcNAc(b1-2)Man(a1-3)]Man(b1-4)GlcNAc(b1-4)[Fuc(a1-6)]GlcNAc(b1-Sp22,19.11816839422649,15.903475013420865,27.95187821577013
Gal(b1-3)GlcNAc(b1-6)[Gal(b1-3)GlcNAc(b1-2)]Man(a1-6)[Gal(b1-3)GlcNAc(b1-2)Man(a1-3)]Man(b1-4)GlcNAc(b1-4)GlcNAc(b1-Sp19,17.389966159158178,29.956895664757514,30.45987303021252
Gal(b1-4)GlcNAc(b1-6)[Fuc(a1-2)Gal(b1-3)GlcNAc(b1-3)]Gal(b1-4)Glc(a1-Sp21,3.1315166825890226,34.51268824721085,13.089218420103116
Fuc(a1-3)GlcNAc(b1-6)[Gal(b1-4)GlcNAc(b1-3)]Gal(b1-4)Glc(a1-Sp21,18.298158147269703,13.974461031079798,11.554303389646595
GlcNAc(b1-2)Man(a1-6)[GlcNAc(b1-4)][GlcNAc(b1-2)Man(a1-3)]Man(b1-4)GlcNac(b1-4)GlcNAc(a1-Sp21,5.90959060313542,75.59578245489217,6149.567501888202
GlcNAc(b1-2)Man(a1-6)[GlcNAc(b1-4)][GlcNAc(b1-4)[GlcNAc(b1-2)]Man(a1-3)]Man(b1-4)GlcNAc(b1-4)GlcNAc(a1-Sp21,10.402279262858693,46.53799841680069,1088.3309961087912
GlcNAc(b1-6)[GlcNAc(b1-2)]Man(a1-6)[GlcNAc(b1-4)][GlcNAc(b1-2)Man(a1-3)]Man(b1-4)GlcNAc(b1-4)GlcNAc(a1-Sp21,9.922915247840901,307.36652891877014,67.15895620592364
GlcNAc(b1-6)[GlcNAc(b1-2)]Man(a1-6)[GlcNAc(b1-4)][GlcNAc(b1-4)[GlcNAc(b1-2)]Man(a1-3)]Man(b1-4)GlcNAc(b1-4)GlcNAc(a1-Sp21,40.860335660882676,13.343289439264964,306.23770181024673
Gal(b1-4)GlcNAc(b1-2)Man(a1-6)[GlcNAc(b1-4)][Gal(b1-4)GlcNAc(b1-2)Man(a1-3)]Man(b1-4)GlcNAc(b1-4)GlcNAc(a1-Sp21,14.218825713439445,19.459302895102226,16.352919303980592
Gal(b1-4)GlcNAc(b1-2)Man(a1-6)[GlcNAc(b1-4)][Gal(b1-4)GlcNAc(b1-4)[Gal(b1-4)GlcNAc(b1-2)]Man(a1-3)]Man(b1-4)GlcNAc(b1-4)GlcNAc(a1-Sp21,9.311572182818171,4.742610193676746,6.268573576381247
Gal(b1-4)GlcNAc(b1-6)[Gal(b1-4)GlcNAc(b1-2)]Man(a1-6)[GlcNAc(b1-4)][Gal(b1-4)GlcNAc(b1-2)Man(a1-3)]Man(b1-4)GlcNAc(b1-4)GlcNAc(a1-Sp21,9.821192425014688,8.839297350279981,7.2329222174258385
Gal(b1-4)GlcNAc(b1-6)[Gal(b1-4)GlcNAc(b1-2)]Man(a1-6)[GlcNAc(b1-4)][Gal(b1-4)GlcNAc(b1-4)[Gal(b1-4)GlcNAc(b1-2)]Man(a1-3)]Man(b1-4)GlcNAc(b1-4)GlcNAc(a1-Sp21,4.8909037457304345,16.093485117794305,24.15317805969504
Gal(b1-4)Gal(b1-Sp10,12.950019965750313,5.601507078754252,3.982760398998862
Gal(b1-6)Gal(b1-Sp10,10.020783299182089,8.749301714994154,22.42316829137521
Neu5Ac(a2-3)Gal(b1-4)GlcNAc(b1-3)Gal(b1-Sp8,3.2293373773371243,7.175614192759629,2.847903515453653
GalNAc(b1-6)GalNAc(b1-Sp8,23.90305621245605,18.35299852539996,7.959550767474253
(6S)Gal(b1-3)GlcNAc(b1-Sp0,4.496249733852276,9.169555790176897,4.539261221461794
(6S)Gal(b1-3)(6S)GlcNAc(a1-Sp0,2.2398145896107886,5.1385958357642085,7.9382316512663476
Fuc(a1-2)Gal(b1-4) GlcNAc(b1-2)Man(a1-6)[Fuc(a1-2)Gal(b1-4)GlcNAc(b1-2)[Fuc(a1-2)Gal(b1-4)GlcNAc(b1-4)]Man(a1-3)]Man(b1-4)GlcNAc(b1-4)GlcNAc(b1-N,33.623696129998905,17.375571594818574,50.40747088487155
Fuc(a1-2)Gal(b1-4)[Fuc(a1-3)]GlcNAc(b1-2)Man(a1-6)[Fuc(a1-2)Gal(b1-4)[Fuc(a1-3)]GlcNAc(b1-4)[Fuc(a1-2)Gal(b1-4)[Fuc(a1-3)]GlcNAc(b1-2)]Man(a1-3)]Man(b1-4)GlcNAc(b1-4)GlcNAc(b1-N,108.84999946135349,53.85637265241539,107.5616612227424
Gal(b1-4)[Fuc(a1-3)]GlcNAc(b1-6)GalNAc(a1-Sp14,19.859533515564586,39.540218313035396,85.06062484892274
Gal(b1-4)GlcNAc(b1-2)Man(a1-Sp0,13.451029381178715,9.962900245745043,8.606396679747357
Fuc(a1-2)Gal(b1-4)GlcNAc(b1-6)[Fuc(a1-2)Gal(b1-4)GlcNAc(b1-3)]GalNAc(a1-Sp14,18.82305173105572,29.63075354250489,104.47776073271915
Gal(a1-3)Fuc(a1-2)Gal(b1-4)GlcNAc(b1-6)[Gal(a1-3)Fuc(a1-2)Gal(b1-4)GlcNAc(b1-3)]GalNAc(a1-Sp14,8.929486832586349,4.674765629419314,11.87748786865304
GalNAc(a1-3)[Fuc(a1-2)]Gal(b1-4)GlcNAc(b1-6)[GalNAc(a1-3)[Fuc(a1-2)]Gal(b1-4)GlcNAc(b1-3)]GalNAc(a1-Sp14,10.507900647726892,7.0189026570516475,102.49617760369979
Neu5Ac(a2-8)Neu5Ac(a2-3)Gal(b1-3)GalNAc(b1-4)[Neu5Ac(a2-8)Neu5Ac(a2-3)]Gal(b1-4)Glc(b1-Sp0,12.208091148462419,10.222200995993958,28.09099245303853
GalNAc(b1-4)Gal(b1-4)Glc(b1-Sp0,17.23157363105586,13.683585809526267,50.26311801171918
GalNAc(a1-3)[Fuc(a1-2)]Gal(b1-4)GlcNAc(b1-2)Man(a1-6)[GalNAc(a1-3)[Fuc(a1-2)]Gal(b1-4)GlcNAc(b1-2)Man(a1-3)]Man(b1-4)GlcNAc(b1-4)[Fuc(a1-6)]GlcNAc(b1-Sp22,9.987479814581286,30.2488926223066,12.141935474077732
Gal(a1-3)[Fuc(a1-2)]Gal(b1-3)GlcNAc(b1-2)Man(a1-6)[Gal(a1-3)[Fuc(a1-2)]Gal(b1-3)GlcNAc(b1-2)Man(a1-3)]Man(b1-4)GlcNAc(b1-4)[Fuc(a1-6)]GlcNAc(b1-Sp22,27.35616378381061,20.562357135066012,19.954999128602143
Neu5Ac(a2-6)Gal(b1-4)GlcNAc(b1-6)[Fuc(a1-2)Gal(b1-3)GlcNAc(b1-3)]Gal(b1-4)Glc(a1-Sp21,7.394422764940248,5.714061095519835,4.391725079719051
GalNAc(a1-3)[Fuc(a1-2)]Gal(b1-3)GlcNAc(b1-2)Man(a1-6)[GalNAc(a1-3)[Fuc(a1-2)]Gal(b1-3)GlcNAc(b1-2)Man(a1-3)]Man(b1-4)GlcNAc(b1-4)[Fuc(a1-6)]GlcNAc(b1-Sp22,15.187371209522496,30.116637533706626,12.996607902929902
Gal(b1-4)GlcNAc(b1-6)[Gal(b1-4)GlcNAc(b1-2)]Man(a1-6)[Gal(b1-4)GlcNAc(b1-2)Man(a1-3)]Man(b1-4)GlcNAc(b1-4)GlcNAc(b1-Sp19,27.613984821387767,35.957460682914416,323.22638300519736
Neu5Ac(a2-3)Gal(b1-4)GlcNAc(b1-2)Man(a1-6)[GlcNAc(b1-4)][Neu5Ac(a2-3)Gal(b1-4)GlcNAc(b1-2)Man(a1-3)]Man(b1-4)GlcNAc(b1-4)GlcNAc(b1-Sp21,14.216068190695346,8.274219774294938,4.724365338240271
Neu5Ac(a2-3)Gal(b1-4)GlcNAc(b1-4)Man(a1-6)[GlcNAc(b1-4)][Neu5Ac(a2-3)Gal(b1-4)GlcNAc(b1-4)[Neu5Ac(a2-3)Gal(b1-4)GlcNAc(b1-2)]Man(a1-3)]Man(b1-4)GlcNAc(b1-4)GlcNAc(b1-Sp21,8.576650180334585,6.727423508483759,8.366114512922572
Neu5Ac(a2-3)Gal(b1-4)GlcNAc(b1-6)[Neu5Ac(a2-3)Gal(b1-4)GlcNAc(b1-2)]Man(a1-6)[GlcNAc(b1-4)][Neu5Ac(a2-3)Gal(b1-4)GlcNAc(b1-2)Man(a1-3)]Man(b1-4)GlcNAc(b1-4)GlcNAc(b1-Sp21,16.828967975785087,4.943694681106429,5.425376369740012
Neu5Ac(a2-3)Gal(b1-4)GlcNAc(b1-6)[Neu5Ac(a2-3)Gal(b1-4)GlcNAc(b1-2)]Man(a1-6)[GlcNAc(b1-4)][Neu5Ac(a2-3)Gal(b1-4)GlcNAc(b1-4)[Neu5Ac(a2-3)Gal(b1-4)GlcNAc(b1-2)]Man(a1-3)]Man(b1-4)GlcNAc(b1-4)GlcNAc(b1-Sp21,7.528279100110905,22.874902115346128,6.935881834525491
Neu5Ac(a2-6)Gal(b1-4)GlcNAc(b1-2)Man(a1-6)[GlcNAc(b1-4)][Neu5Ac(a2-6)Gal(b1-4)GlcNAc(b1-2)Man(a1-3)]Man(b1-4)GlcNAc(b1-4)GlcNAc(b1-Sp21,3.9567479660279896,19.3582357738681,43.6084308345206
Neu5Ac(a2-6)Gal(b1-4)GlcNAc(b1-4)Man(a1-6)[GlcNAc(b1-4)][Neu5Ac(a2-6)Gal(b1-4)GlcNAc(b1-4)[Neu5Ac(a2-6)Gal(b1-4)GlcNAc(b1-2)]Man(a1-3)]Man(b1-4)GlcNAc(b1-4)GlcNAc(b1-Sp21,8.262462617313322,1.937816816893009,31.04266927703436
Neu5Ac(a2-6)Gal(b1-4)GlcNAc(b1-6)[Neu5Ac(a2-6)Gal(b1-4)GlcNAc(b1-2)]Man(a1-6)[GlcNAc(b1-4)][Neu5Ac(a2-6)Gal(b1-4)GlcNAc(b1-2)Man(a1-3)]Man(b1-4)GlcNAc(b1-4)GlcNAc(b1-Sp21,5.420457875724161,8.175864693260282,12.807985801672075
Neu5Ac(a2-6)Gal(b1-4)GlcNAc(b1-6)[Neu5Ac(a2-6)Gal(b1-4)GlcNAc(b1-2)]Man(a1-6)[GlcNAc(b1-4)][Neu5Ac(a2-6)Gal(b1-4)GlcNAc(b1-4)[Neu5Ac(a2-6)Gal(b1-4)GlcNAc(b1-2)]Man(a1-3)]Man(b1-4)GlcNAc(b1-4)GlcNAc(b1-Sp21,9.828154685222787,9.877192141156977,19.338113157872094
Gal(a1-3)[Fuc(a1-2)]Gal(b1-3)GalNAc(a1-Sp8,16.188732932583086,4.870181292570117,7.86940959088842
Gal(a1-3)[Fuc(a1-2)]Gal(b1-3)GalNAc(b1-Sp8,2.051948382026333,6.91827368080359,30.122068135767737
Glc(a1-6)Glc(a1-6)Glc(a1-6)Glc(b1-Sp10,22.816848315426153,15.574576995085067,14.897984071902613
Glc(a1-4)Glc(a1-4)Glc(a1-4)Glc(b1-Sp10,18.850278658307303,6.2703169369656475,14.637301564837685
Neu5Ac(a2-3)Gal(b1-4)GlcNAc(b1-6)[Neu5Ac(a2-3)Gal(b1-4)GlcNAc(b1-3)]GalNAc(a1-Sp14,13.625025559119766,11.635219272106571,11.19016804848494
Fuc(a1-2)Gal(b1-4)[Fuc(a1-3)]GlcNAc(b1-2)Man(a1-6)[Fuc(a1-2)Gal(b1-4)[Fuc(a1-3)]GlcNAc(b1-2)Man(a1-3)]Man(b1-4)GlcNAc(b1-4)[Fuc(a1-6)]GlcNAc(b1-Sp24,46.020370449571935,60.43475495226237,26.332936532711898
Fuc(a1-2)Gal(b1-3)[Fuc(a1-4)]GlcNAc(b1-2)Man(a1-6)[Fuc(a1-2)Gal(b1-3)[Fuc(a1-4)]GlcNAc(b1-2)Man(a1-3)]Man(b1-4)GlcNAc(b1-4)[Fuc(a1-6)]GlcNA(cb-S)p(1-4)[Fuc(a1-6)]GlcNAc(b1-Sp19,17.382510215227782,3.8095900193895296,15.978421809923384
Neu5Ac(a2-3)Gal(b1-3)GlcNAc(b1-6)[Neu5Ac(a2-3)Gal(b1-4)GlcNAc(b1-2)]Man(a1-6)[Neu5Ac(a2-3)Gal(b1-3)GlcNAc(b1-2)Man(a1-3)]Man(b1-4)GlcNAc(b1-4)GlcNAc(b1-Sp19,15.66082755848702,1.5527742363803871,51.847389215080064
GlcNAc(b1-6)[GlcNAc(b1-2)]Man(a1-6)[GlcNAc(b1-2)Man(a1-3)]Man(b1-4)GlcNAc(b1-4)[Fuc(a1-6)]GlcNAc(b1-Sp24,41.461626865201104,114.8256309643049,481.3550173678749
Gal(b1-3)GlcNAc(b1-2)Man(a1-6)[GlcNAc(b1-4)][Gal(b1-3)GlcNAc(b1-2)Man(a1-3)]Man(b1-4)GlcNAc(b1-4)GlcNAc(b1-Sp21,35.657418197936074,4.3285974098623035,54.53031166806065
Neu5Ac(a2-6)Gal(b1-4)GlcNAc(b1-6)[Gal(b1-3)GlcNAc(b1-3)]Gal(b1-4)Glc(b1-Sp21,7.344411281375799,10.659593505500103,49.560239837293004
Neu5Ac(a2-3)Gal(b1-4)GlcNAc(b1-2)Man(a1-Sp0,28.014652194938158,45.412477199186974,130.4913704004723
Neu5Ac(a2-3)Gal(b1-4)GlcNAc(b1-6)GalNAc(a1-Sp14,13.897495979102384,5.686594958613921,15.182170039309273
Neu5Ac(a2-6)Gal(b1-4)GlcNAc(b1-6)GalNAc(a1-Sp14,16.449048900848368,20.203690579095515,19.02160560614781
Neu5Ac(a2-6)Gal(b1-4)GlcNAc(b1-6)[Neu5Ac(a2-6)Gal(b1-4)GlcNAc(b1-3)]GalNAc(a1-Sp14,9.963828330641784,24.33410647991484,33.889599774267026
Neu5Ac(a2-6)Gal(b1-4)GlcNAc(b1-2)Man(a1-6)[Neu5Ac(a2-6)Gal(b1-4)GlcNAc(b1-2)Man(a1-3)]Man(b1-4)GlcNAc(b1-4)[Fuc(a1-6)]GlcNAc(b1-Sp24,2.943254952146241,12.07198527997777,16.32054046375814
Neu5Ac(a2-3)Gal(b1-4)GlcNAc(b1-2)Man(a1-6)[Neu5Ac(a2-3)Gal(b1-4)GlcNAc(b1-2)Man(a1-3)]Man(b1-4)GlcNAc(b1-4)[Fuc(a1-6)]GlcNAc(b1-Sp24,8.135606167285065,19.83418455888301,11.932961162643855
Man(a1-6)[Man(a1-3)]Man(b1-4)GlcNAc(b1-4)[Fuc(a1-6)]GlcNAc(b1-Sp19,14.598193589276695,9.103130656858296,4.047020074902853
Gal(b1-4)GlcNAc(b1-6)[Gal(b1-4)GlcNAc(b1-2)]Man(a1-6)[Gal(b1-4)GlcNAc(b1-2)Man(a1-3)]Man(b1-4)GlcNAc(b1-4)[Fuc(a1-6)]GlcNAc(b1-Sp24,2.2521620654754555,4.860411152275767,5.968010228641237
Neu5Ac(a2-3)Gal(b1-3)GlcNAc(b1-2)Man(a1-6)[GlcNAc(b1-4)][Neu5Ac(a2-3)Gal(b1-3)GlcNAc(b1-2)Man(a1-3)]Man(b1-4)GlcNAc(b1-4)GlcNAc(a1-Sp21,15.052123361257046,14.080281280186384,12.21301746208391
Neu5Ac(a2-6)Gal(b1-4)GlcNAc(b1-6)[Fuc(a1-2)Gal(b1-4)[Fuc(a1-3)]GlcNAc(b1-3)]Gal(b1-4)Glc(a1-Sp21,12.837063104509804,5.162514980769238,8.839087251285239
Gal(b1-3)GlcNAc(b1-6)GalNAc(a1-Sp14,11.701899519415633,10.736333105356168,2.784036140061164
Gal(a1-3)Gal(b1-3)GlcNAc(b1-6)GalNAc(a1-Sp14,25.48830055718378,25.294293436053266,4.027960081728735
Gal(b1-3)[Fuc(a1-4)]GlcNAc(b1-6)GalNAc(a1-Sp14,7.870115063538343,15.941780983106414,13.349457342029536
Neu5Ac(a2-3)Gal(b1-3)GlcNAc(b1-6)GalNAc(a1-Sp14,11.88580675045522,24.593948460342823,12.155385805203107
(3S)Gal(b1-3)[Fuc(a1-4)]GlcNAc(b1-Sp0,7.769040157359627,13.552612623740362,5.235207020659881
Gal(b1-4)[Fuc(a1-3)]GlcNAc(b1-6)[Neu5Ac(a2-6)[Neu5Ac(a2-3)Gal(b1-3)]GlcNAc(b1-3)]Gal(b1-4)Glc(a1-Sp21,11.137893162084136,19.66725537746688,8.368823359349879
Fuc(a1-2)Gal(b1-4)GlcNAc(b1-6)GalNAc(a1-Sp14,19.044815654551112,23.694964052497806,12.315352417477396
Gal(a1-3)Gal(b1-4)GlcNAc(b1-6)GalNAc(a1-Sp14,4.81095034227472,5.034367072102183,17.581607492111402
Gal(b1-4)[Fuc(a1-3)]GlcNAc(b1-2)Man(a1-Sp0,18.790587163324627,24.96315911583508,15.782729788891634
Fuc(a1-2)(6S)Gal(b1-3)GlcNAc(b1-Sp0,4.541517897135874,6.2544694634450595,7.295025121443647
Gal(a1-3)[Fuc(a1-2)]Gal(b1-4)GlcNAc(b1-6)GalNAc(a1-Sp14,46.340418506598155,38.9503459507529,17.462810488769094
Fuc(a1-2)Gal(b1-4)GlcNAc(b1-2)Man(a1-Sp0,29.25440971310985,12.329035359129564,81.60704418061384
Fuc(a1-2)Gal(b1-3)(6S)GlcNAc(b1-Sp0,15.51187488925826,20.815806298339727,397.6560508303744
Fuc(a1-2)(6S)Gal(b1-3)(6S)GlcNAc(b1-Sp0,33.342385196073394,14.954996245040213,79.133213771168
Neu5Ac(a2-6)GalNAc(b1-4)(6S)GlcNAc(b1-Sp8,9.36294195979554,7.064028506454375,12.926370621427367
GalNAc(b1-4)[Fuc(a1-3)](6S)GlcNAc(b1-Sp8,3.4582526363275803,16.383707373383675,8.567939180991349
(3S)GalNAc(b1-4)[Fuc(a1-3)]GlcNAc(b1-Sp8,6.333562746393225,5.008879458438456,8.518469647135374
Fuc(a1-2)Gal(b1-3)GlcNAc(b1-6)[Fuc(a1-2)Gal(b1-3)GlcNAc(b1-3)]GalNAc(a1-Sp14,17.66981863951449,27.985814000013214,7.062444069100135
GalNAc(a1-3)[Fuc(a1-2)]Gal(b1-3)GlcNAc(b1-6)GalNAc(a1-Sp14,3.8360238815731966,21.34776100537361,15.204450055384084
GlcNAc(b1-6)[GlcNAc(b1-2)]Man(a1-6)[GlcNAc(b1-4)][GlcNAc(b1-4)[GlcNAc(b1-2)]Man(a1-3)]Man(b1-4)GlcNAc(b1-4)[Fuc(a1-6)]GlcNAc(a1-Sp21,6.735528772363268,1.4915327507858032,28.728472635160546
Gal(b1-4)GlcNAc(b1-6)[Gal(b1-4)GlcNAc(b1-2)]Man(a1-6)[GlcNAc(b1-4)]Gal(b1-4)GlcNAc(b1-4)[Gal (b1-4)GlcNAc(b1-2)]Man(a1-3)]Man(b1-4)GlcNAc(b1-4)[Fuc(a1-6)]GlcNAc(a1-Sp21,21.00749602134121,11.276620986913592,14.337820275295243
Gal(b1-3)GlcNAc(a1-3)Gal(b1-4)GlcNAc(b1-Sp8 ,7.063831047904063,3.70779064043984,12.203845759534163
Gal(b1-3)(6S)GlcNAc(b1-Sp8 ,4.162053732233645,5.098354421444958,6.467246482790543
(6S)(4S)GalNAc(b1-4)GlcNAc(a1-Sp8,24.582108200528694,61.646523981723185,3.417142787354176
(6S)GalNAc(b1-4)GlcNAc(a1-Sp8 ,6.587459149209204,14.463063970997524,6.231752907221737
(3S)GalNAc(b1-4)(3S)GlcNAc(a1-Sp8,7.827660785956434,8.202356381502,4.759933896162143
GalNAc(b1-4)(6S)GlcNAc(a1-Sp8 ,6.219157428663468,10.5834109131146,13.002603828816993
(3S)GalNAc(b1-4)GlcNAc(a1-Sp8 ,16.585553245922586,19.655206141037194,10.332891828968627
(4S)GalNac(b1-Sp10,6.029171187028942,7.6595328911102625,6.0887083813673755
Gal(b1-4)(6P)GlcNAc(b1-Sp0 ,53.679383814233894,11.701055394564516,15.915148909346248
(6P)Gal(b1-4)GlcNAc(b1-SP0 ,5.064580492252063,4.5157721048011235,9.162773449261977
GalNAc(a1-3)[Fuc(a1-2)]Gal(b1-4)GlcNAc(b1-6)GalNAc(a1-Sp14,14.252019343821653,2.8068602013637887,23.245431006024212
Neu5Ac(a2-6)Gal(b1-4)GlcNAc(b1-2)Ma(n1-Sp0,26.28981117384945,20.573038911886584,17.722655269362615
Gal(a1-3)Gal(b1-4)GlcNAc(b1-2)Man(a1-Sp0,8.126005276271963,15.570486568719234,24.812920025596828
Gal(a1-3)[Fuc(a1-2)]Gal(b1-4)GlcNAc(b1-2)Man(a1-Sp0,12.522453335109699,18.67653472872665,12.15944966421863
GalNAc(a1-3)[Fuc(a1-2)]Gal(b1-4) GlcNAc(b1-2)Man(a1-Sp0,9.928481726956038,6.187156009225882,59.57987984268821
 Gal(b1-3)GlcNAc(b1-2)Man(a1-Sp0,6.827957643090151,18.486162765408267,85.2826834966464
Gal(a1-3)[Fuc(a1-2)]Gal(b1-3)GlcNAc(b1-6)GalNAc(a1-Sp14,6.2613435075868304,11.09950173127156,36.77290998656485
Neu5Ac(a2-3)Gal(b1-3)GlcNAc(b1-2)Man(a1-Sp0,32.15797924148582,25.287605930376237,5.624538136519834
Gal(a1-3)Gal(b1-3)GlcNAc(b1-2)Man(a1-Sp0,12.864080654934726,9.674445427818249,7.663705900922422
GalNAc(b1-4)GlcNAc(b1-2)Man(a1-Sp0,6.656896489606353,23.217265429614372,4.752002479920087
Neu5Ac(a2-3)Gal(b1-3)GlcNAc(b1-4)Gal(b1-4)Glc(b1-Sp0,12.298839541836214,12.083488380258096,20.062814592590566
GlcNAc(b1-2) Man(a1-6)[GlcNAc(b1-4)][GlcNAc(b1-2)Man(a1-3)]Man(b1-4)GlcNAc(b1-4)[Fuc(a1-6)]GlcNAc(a1-Sp21,5.467610225683608,17.660779787022193,586.479422513734
Gal(b1-4)GlcNAc(b1-2)Man(a1-6)[GlcNAc(b1-4)][Gal(b1-4)GlcNAc(b1-2)Man(a1-3)]Man(b1-4)GlcNAc(b1-4)[Fuc(a1-6)]GlcNAc(a1-Sp21,15.370750673709251,4.1362091681272455,4.6099662141748246
Gal(b1-4)GlcNAc(b1-2)Man(a1-6)[Gal(b1-4)GlcNAc(b1-4)][Gal(b1-4)GlcNAc(b1-2)Man(a1-3)]Man(b1-4)GlcNAc(b1-4)[Fuc(a1-6)]GlcNAc(a1-Sp21,7.648802981022585,4.498258866124387,40.89346711341352
Fuc(a1-4)[Gal(b1-3)]GlcNAc(b1-2)Man(a1-Sp0,30.43211028254845,45.27068059361572,28.723042595275373
Neu5Ac(a2-3)Gal(b1-4)[Fuc(a1-3)]GlcNAc(b1-2)Man(a1-Sp0,5.557052785050124,10.575260423389107,9.835774038681432
GlcNAc(b1-3)Gal(b1-4)GlcNAc(b1-6)[GlcNAc(b1-3)]Gal(b1-4)GlcNAc(a1-Sp0,8.754410729455197,32.868054558542106,837.2941201067026
GalNAc(a1-3)[Fuc(a1-2)]Gal(b1-3)GalNAc(b1-3)Gal(a1-4)Gal(b1-4)Glc(a1-Sp21,8.114985938527553,9.572841644421297,9.96902832376355
Gal(a1-3)[Fuc(a1-2)]Gal(b1-3)GalNAc(b1-3)Gal(a1-4)Gal(b1-4)Glc(a1-Sp21,26.067723673091717,7.049320871013031,6.415276080575183
Gal(b1-3)GalNAc(b1-3)Ga(l1-Sp21,2.9859186195373817,15.36876934153588,4.6830334204089015
GlcNAc(b1-3)Gal(b1-4)GlcNAc(b1-2)Man(a1-6)[GlcNAc(b1-3)Gal(b1-4)GlcNAc(b1-2)Man(a1-3)]Man(b1-4)GlcNAc(b1-4)GlcNAc(b1-Sp12,7.737779951639871,23.47462653112045,1320.3349493204055
GlcNAc(b1-3)Gal(b1-4)GlcNAc(b1-2)Man(a1-6)[GlcNAc(b1-3)Gal(b1-4)GlcNAc(b1-2)Man(a1-3)]Man(b1-4)GlcNAc(b1-4)GlcNAc(b1-Sp25,11.706364775732071,41.1916926671185,582.9011675677335
Gal(b1-4)GlcNAc(b1-3)Gal(b1-4)GlcNAc(b1-2)Man(a1-6)[Gal(b1-4)GlcNAc(b1-3)Gal(b1-4)GlcNAc(b1-2)Man(a1-3)]Man(b1-4)GlcNAc(b1-4)GlcNAc(b1-Sp12,280.72139168634783,218.0737964061444,131.55773291314495
Gal(b1-4)GlcNAc(b1-3)Gal(b1-4)GlcNAc(b1-2)Man(a1-6)[Gal(b1-4)GlcNAc(b1-3)Gal(b1-4)GlcNAc(b1-2)Man(a1-3)]Man(b1-4)GlcNAc(b1-4)GlcNAc(b1-Sp24,17.168854922480026,8.64218486548203,24.40254151372695
Neu5Gc(a2-3)Gal(b1-4)GlcNAc(b1-3)Gal(b1-4)GlcNAc(b1-2)Man(a1-6)[Neu5Gc(a2-3)Gal(b1-4)GlcNAc(b1-3)Gal(b1-4)GlcNAc(b1-2)Man(a1-3)]Man(b1-4)GlcNAc(b1-4)GlcNAc(b1-Sp24,8.986677319742126,17.850761982802492,201.9023078044926
Fuc(a1-2)Gal(b1-4)GlcNAc(b1-3)Gal(b1-4)GlcNAc(b1-2)Man(a1-6)[Fuc(a1-2)Gal(b1-4)GlcNAc(b1-3)Gal(b1-4)GlcNAc(b1-2)Man(a1-3)]Man(b1-4)GlcNAc(b1-4)GlcNAc(b1-Sp24,18.091544814337148,9.512455368051222,65.18745951773752
GlcNAc(b1-3)Gal(b1-4)GlcNAc(b1-3)Gal(b1-4)GlcNAc(b1-2)Man(a1-6)[GlcNAc(b1-3)Gal(b1-4)GlcNAc(b1-3)Gal(b1-4)GlcNAc(b1-2)Man(a1-3)]Man(b1-4)GlcNAc(b1-4)GlcNAc(b1-Sp12,94.67555123171982,109.52587044680064,645.7897954421568
GlcNAc(b1-3)Gal(b1-4)GlcNAc(b1-3)Gal(b1-4)GlcNAc(b1-2)Man(a1-6)[GlcNAc(b1-3)Gal(b1-4)GlcNAc(b1-3)Gal(b1-4)GlcNAc(b1-2)Man(a1-3)]Man(b1-4)GlcNAc(b1-4)GlcNAc(b1-Sp25,4.9628668955050665,20.026718102811454,1182.2665496669713
Gal(b1-4)GlcNAc(b1-3)Gal(b1-4)GlcNAc(b1-3)Gal(b1-4)GlcNAc(b1-2)Man(a1-6)[Gal(b1-4)GlcNAc(b1-3)Gal(b1-4)GlcNAc(b1-3)Gal(b1-4)GlcNAc(b1-2)Man(a1-3)]Man(b1-4)GlcNAc(b1-4)GlcNAc(b1-Sp12,242.1961750874633,166.78896635675991,77.52531404198947
Gal(b1-4)GlcNAc(b1-3)Gal(b1-4)GlcNAc(b1-3)Gal(b1-4)GlcNAc(b1-2)Man(a1-6)[Gal(b1-4)GlcNAc(b1-3)Gal(b1-4)GlcNAc(b1-3)Gal(b1-4)GlcNAc(b1-2)Man(a1-3)]Man(b1-4)GlcNAc(b1-4)GlcNAc(b1-Sp24,2.158268439436256,9.000474108623386,81.26745995490762
GlcNAc(b1-3)Gal(b1-4)GlcNAc(b1-3)Gal(b1-4)GlcNAc(b1-3)Gal(b1-4)GlcNAc(b1-2)Man(a1-6)[GlcNAc(b1-3)Gal(b1-4)GlcNAc(b1-3)Gal(b1-4)GlcNAc(b1-3)Gal(b1-4)GlcNAc(b1-2)Man(a1-3)]Man(b1-4)GlcNAc(b1-4)GlcNAc(b1-Sp25,6.103796442106067,109.99012128082458,164.1877375220895
Gal(b1-4)GlcNAc(b1-3)Gal(b1-4)GlcNAc(b1-3)Gal(b1-4)GlcNAc(b1-3)Gal(b1-4)GlcNAc(b1-2)Man(a1-6)[Gal(b1-4)GlcNAc(b1-3)Gal(b1-4)GlcNAc(b1-3)Gal(b1-4)GlcNAc(b1-3)Gal(b1-4)GlcNAc(b1-2)Man(a1-3)]Man(b1-4)GlcNAc(b1-4)GlcNAc(b1-Sp25,6.641885522701112,10.016067449311961,6.008266661303668
Gal(b1-3)GlcNAc(b1-3)Gal(b1-4)GlcNAc(b1-2)Man(a1-6)[Gal(b1-3)GlcNAc(b1-3)Gal(b1-4)GlcNAc(b1-2)Man(a1-3)]Man(b1-4)GlcNAc(b1-4)GlcNAc(a1-Sp25,32.6703445855718,14.845534378251035,21.68685764220657
Neu5Gc(a2-8)Neu5Gc(a2-3)Gal(b1-4)GlcNAc(a1-Sp0,7.915547064427495,4.3683296017089335,4.271026933790827
Neu5Ac(a2-8)Neu5Gc(a2-3)Gal(b1-4)GlcNAc(a1-Sp0,8.853835235789061,8.455051542716932,12.08581970834
Neu5Gc(a2-8)Neu5Ac(a2-3)Gal(b1-4)GlcNAc(a1-Sp0,20.43180412877598,5.71632957470672,5.516361181899412
Neu5Gc(a2-8)Neu5Gc(a2-3)Gal(b1-4)GlcNAc(b1-3)Gal(b1-4)GlcNAc(a1-Sp0,10.944868994952207,1.4184219788201238,11.334321846350866
Neu5Gc(a2-8)Neu5Gc(a2-6)Gal(b1-4)GlcNAc(a1-Sp0,10.689230523405305,14.318159783645365,17.34338213101758
Neu5Ac(a2-8)Neu5Ac(a2-3)Gal(b1-4)GlcNAc(a1-Sp0,11.498949352404615,5.914139932117486,12.559388301552186
GlcNAc(b1-3)Gal(b1-4)GlcNAc(b1-6)[GlcNAc(b1-3)Gal(b1-4)GlcNAc(b1-2)]Man(a1-6)[GlcNAc(b1-3)Gal(b1-4)GlcNAc(b1-2)]Man(a1-3)]Man(b1-4)GlcNAc(b1-4)GlcNAc(a1-Sp24,30.73909650727121,8.850007202021551,8.077767637782111
Gal(b1-4)GlcNAc(b1-3)Gal(b1-4)GlcNAc(b1-6)[Gal(b1-4)GlcNAc(b1-3)Gal(b1-4)GlcNAc(b1-2)]Man(a1-6)[Gal(b1-4)GlcNAc(b1-3)Gal(b1-4)GlcNAc(b1-2)Man(a1-3)]Man(a1-4)GlcNAc(b1-4)GlcNAc(a1-Sp24,16.336401209645338,16.187440158628128,477.9520130606726
Gal(a1-3)Gal(b1-4)GlcNAc(b1-2)Man(a1-6)[Gal(a1-3)Gal(b1-4)GlcNAc(b1-2)Man(a1-3)]Man(b1-4)GlcNAc(b1-4)GlcNAc(a1-Sp24,9.004133470199486,8.94603539340192,103.22424558558585
GlcNAc(b1-3)Gal(b1-4)GlcNAc(b1-6)[GlcNAc(b1-3)Gal(b1-3)]GalNAc(a1-Sp14,20.16697935380176,175.3377905361793,969.0136821289456
GalNAc(b1-3)GlcNAc(b1-Sp0 ,16.19059178957541,6.655567788638824,16.09346848908483
GalNAc(b1-4)GlcNAc(b1-3)GalNAc(b1-4)GlcNAc(b1-Sp0 ,8.807562478300488,7.9717771809887825,8.509389316707884
GlcNAc(b1-3)Gal(b1-4)GlcNAc(b1-3)Gal(b1-4)GlcNAc(b1-3)Gal(b1-4)GlcNAc(b1-3)Gal(b1-4)GlcNAc(b1-2)Man(a1-6)[GlcNAc(b1-3)Gal(b1-4)GlcNAc(b1-3)Gal(b1-4)GlcNAc(b1-3)Gal(b1-4)GlcNAc(b1-3)Gal(b1-4)GlcNAc(b1-2)Man(a1-3)]Man(b1-4)GlcNAc(b1-4)GlcNAc(b1-Sp25,15.723798244911015,117.1980040634168,17317.09407440523
Gal(b1-4)GlcNAc(b1-3)Gal(b1-4)GlcNAc(b1-3)Gal(b1-4)GlcNAc(b1-3)Gal(b1-4)GlcNAc(b1-3)Gal(b1-4)GlcNAc(b1-2)Man(a1-6)[Gal(b1-4)GlcNAc(b1-3)Gal(b1-4)GlcNAc(b1-3)Gal(b1-4)GlcNAc(b1-3)Gal(b1-4)GlcNAc(b1-3)Gal(b1-4)GlcNAc(b1-2)Man(a1-3)]Man(b1-4)GlcNAc(b1-4)GlcNAc(b1-Sp25,10.28655404994792,3.6717389616501923,51.01147780688674
GlcNA(b1-3)Gal(b1-3)GalNAc(a1-Sp14,17.736083241892334,35.992873606163656,499.3246819157339
Gal(b1-3)GlcNAc(b1-6)[Gal(b1-3)]GalNAc(a1-Sp14,13.8799838432603,15.571418819614143,406.0708188295882
Gal(b1-4)GlcNAc(b1-3)Gal(b1-4)GlcNAc(b1-3)Gal(b1-4)GlcNAc(b1-3)Gal(b1-4)GlcNAc(b1-3)Gal(b1-4)GlcNAc(b1-3)Gal(b1-4)GlcNAc(b1-2)Man(a1-6)[Gal(b1-4)GlcNAc(b1-3)Gal(b1-4)GlcNAc(b1-3)Gal(b1-4)GlcNAc(b1-3)Gal(b1-4)GlcNAc(b1-3)Gal(b1-4)GlcNAc(b1-3)Gal(b1-4)GlcNAc(b1-2)Man(a1-3)]Man(b1-4)GlcNAc(b1-4)GlcNAc(b1-Sp25,7.276719721367133,4.168527032018239,14.820970309975207
(3S)GlcA(b1-3)Gal(b1-4)GlcNAc(b1-3)Gal(b1-4)Glc(a1-Sp0,30.554714706680976,11.010950981182328,8.571939138646908
(3S)GlcA(b1-3)Gal(b1-4)GlcNAc(b1-2)Man(a1-Sp0,9.939697015293444,5.503715104893545,3.0920753386681867
Gal(b1-3)GlcNAc(b1-3)Gal(b1-4)GlcNAc(b1-3)Gal(b1-4)GlcNAc(b1-6)[Gal(b1-3)GlcNAc(b1-3)Gal(b1-4)GlcNAc(b1-3)Gal(b1-4)GlcNA(b1-2)]Man(a1-6)[Gal(b1-3)GlcNAc(b1-3)Gal(b1-4)GlcNAc(b1-3)Gal(b1-4)GlcNAc(b1-2)Man(a1-3)]Man(b1-4)GlcNAc(b1-4)[Fuc(a1-6)]GlcNAc(b1-Sp24,18.70029438883685,1.2869773227087598,28.737918521397773
Gal(b1-3)GlcNAc(b1-3)Gal(b1-4)GlcNAc(b1-6)[Gal(b1-3)GlcNAc(b1-3)Gal(b1-4)GlcNA(b1-2)]Man(a1-6)[Gal(b1-3)GlcNAc(b1-3)Gal(b1-4)GlcNAc(b1-2)Man(a1-3)]Man(b1-4)GlcNAc(b1-4)[Fuc(a1-6)]GlcNAc(b1-Sp24,8.0817829652044,21.517300396715665,10.028866850081542
Neu5Ac(a2-8)Neu5Ac(a2-3)Gal(b1-3)GalNAc(b1-4)[Neu5Ac(a2-3)]Gal(b1-4)Glc(a1-Sp21,6.285907511980008,4.3527694100039955,3.6217078908529614
GlcNAc(b1-3)Gal(b1-4)GlcNAc(b1-2)Man(a1-6)[GlcNAc(b1-3)Gal(b1-4)GlcNAc(b1-2)Man(a1-3)]Man(b1-4)GlcNAc(b1-4)[Fuc(a1-6)]GlcNAc(b1-Sp24,8.96136366427195,40.83027332184433,551.2982680959383
Gal(b1-4)GlcNAc(b1-3)Gal(b1-4)GlcNAc(b1-2)Man(a1-6)[Gal(b1-4)GlcNAc(b1-3)Gal(b1-4)GlcNAc(b1-2)Man(a1-3)]Man(b1-4)GlcNAc(b1-4)[Fuc(a1-6)]GlcNAc(b1-Sp24,27.496546402412065,26.815262100325732,8.526446108627804
GlcNAc(b1-3)Gal(b1-4)GlcNAc(b1-3)Gal(b1-4)GlcNAc(b1-2)Man(a1-6)[GlcNAc(b1-3)Gal(b1-4)GlcNAc(b1-3)Gal(b1-4)GlcNAc(b1-2)Man(a1-3)]Man(b1-4)GlcNAc(b1-4)[Fuc(a1-6)]GlcNAc(b1-Sp24,3.675464797251269,115.8094048031607,773.2203651623547
Gal(b1-4)GlcNAc(b1-3)Gal(b1-4)GlcNAc(b1-3)Gal(b1-4)GlcNAc(b1-2)Man(a1-6)[Gal(b1-4)GlcNAc(b1-3)Gal(b1-4)GlcNAc(b1-3)Gal(b1-4)GlcNAc(b1-2)Man(a1-3)]Man(b1-4)GlcNAc(b1-4)[Fuc(a1-6)]GlcNAc(b1-Sp24,12.639838576764612,1.8450349904089445,14.133564566278634
GlcNAc(b1-3)Gal(b1-4)GlcNAc(b1-3)Gal(b1-4)GlcNAc(b1-3)Gal(b1-4)GlcNAc(b1-2)Man(a1-6)[GlcNAc(b1-3)Gal(b1-4)GlcNAc(b1-3)Gal(b1-4)GlcNAc(b1-3)Gal(b1-4)GlcNAc(b1-2)Man(a1-3)]Man(b1-4)GlcNAc(b1-4)[Fuc(a1-6)]GlcNAc(b1-Sp24,17.786596781190788,106.70820665476978,1293.4117784177631
Gal(b1-4)GlcNAc(b1-3)Gal(b1-4)GlcNAc(b1-3)Gal(b1-4)GlcNAc(b1-3)Gal(b1-4)GlcNAc(b1-2)Man(a1-6)[Gal(b1-4)GlcNAc(b1-3)Gal(b1-4)GlcNAc(b1-3)Gal(b1-4)GlcNAc(b1-3)Gal(b1-4)GlcNAc(b1-2)Man(a1-3)]Man(b1-4)GlcNAc(b1-4)[Fuc(a1-6)]GlcNAc(b1-Sp24,4.188662787712404,30.848957370873993,38.346852422504405
GlcNAc(b1-3)Gal(b1-4)GlcNAc(b1-3)Gal(b1-4)GlcNAc(b1-3)Gal(b1-4)GlcNAc(b1-3)Gal(b1-4)GlcNAc(b1-2)Man(a1-6)[GlcNAc(b1-3)Gal(b1-4)GlcNAc(b1-3)Gal(b1-4)GlcNAc(b1-3)Gal(b1-4)GlcNAc(b1-3)Gal(b1-4)GlcNAc(b1-2)Man(a1-3)]Man(b1-4)GlcNAc(b1-4)[Fuc(a1-6)]GlcNAc(b1-Sp19,5.8977532153495815,147.27065078700417,815.5307799670534
Gal(b1-4)GlcNAc(b1-3)Gal(b1-4)GlcNAc(b1-3)Gal(b1-4)GlcNAc(b1-3)Gal(b1-4)GlcNAc(b1-3)Gal(b1-4)GlcNAc(b1-2)Man(a1-6)[Gal(b1-4)GlcNAc(b1-3)Gal(b1-4)GlcNAc(b1-3)Gal(b1-4)GlcNAc(b1-3)Gal(b1-4)GlcNAc(b1-3)Gal(b1-4)GlcNAc(b1-2)Man(a1-3)]Man(b1-4)GlcNAc(b1-4)[Fuc(a1-6)]GlcNAc(b1-Sp19,11.14014674091714,22.96890092471051,9.882709992161402
Gal(b1-4)GlcNAc(b1-3)Gal(b1-4)GlcNAc(b1-6)[Gal(b1-4)GlcNAc(b1-3)Gal(b1-4)GlcNA(b1-2)]Man(a1-6)[Gal(b1-4)GlcNAc(b1-3)Gal(b1-4)GlcNAc(b1-2)Man(a1-3)]Man(b1-4)GlcNAc(b1-4)[Fuc(a1-6)]GlcNAc(b1-Sp24,50.35842162899204,16.5343918534218,16.342691836898634
GlcNAc(b1-3)Gal(b1-4)GlcNAc(b1-3)Gal(b1-4)GlcNAc(b1-6)[GlcNAc(b1-3)Gal(b1-4)GlcNAc(b1-3)Gal(b1-4)GlcNA(b1-2)]Man(a1-6)[GlcNAc(b1-3)Gal(b1-4)GlcNAc(b1-3)Gal(b1-4)GlcNAc(b1-2)Man(a1-3)]Man(b1-4)GlcNAc(b1-4)[Fuc(a1-6)]GlcNAc(b1-Sp24,22.45334408018845,59.050897962942045,171.03105912306378
Gal(b1-4)GlcNAc(b1-3)Gal(b1-4)GlcNAc(b1-3)Gal(b1-4)GlcNAc(b1-6)[Gal(b1-4)GlcNAc(b1-3)Gal(b1-4)GlcNAc(b1-3)Gal(b1-4)GlcNA(b1-2)]Man(a1-6)[Gal(b1-4)GlcNAc(b1-3)Gal(b1-4)GlcNAc(b1-3)Gal(b1-4)GlcNAc(b1-2)Man(a1-3)]Man(b1-4)GlcNAc(b1-4)[Fuc(a1-6)]GlcNAc(b1-Sp24,8.944617351001293,13.005043914157556,4.6799679438896185
GlcNAc(b1-3)Gal(b1-4)GlcNAc(b1-3)Gal(b1-4)GlcNAc(b1-3)Gal(b1-4)GlcNAc(b1-6)[GlcNAc(b1-3)Gal(b1-4)GlcNAc(b1-3)Gal(b1-4)GlcNAc(b1-3)Gal(b1-4)GlcNA(b1-2)]Man(a1-6)[GlcNAc(b1-3)Gal(b1-4)GlcNAc(b1-3)Gal(b1-4)GlcNAc(b1-3)Gal(b1-4)GlcNAc(b1-2)Man(a1-3)]Man(b1-4)GlcNAc(b1-4)[Fuc(a1-6)]GlcNAc(b1-Sp24,11.03891712125788,108.13202564229604,54.1028488015796
Gal(b1-4)GlcNAc(b1-3)Gal(b1-4)GlcNAc(b1-3)Gal(b1-4)GlcNAc(b1-3)Gal(b1-4)GlcNAc(b1-6)[Gal(b1-4)GlcNAc(b1-3)Gal(b1-4)GlcNAc(b1-3)Gal(b1-4)GlcNAc(b1-3)Gal(b1-4)GlcNA(b1-2)]Man(a1-6)[Gal(b1-4)GlcNAc(b1-3)Gal(b1-4)GlcNAc(b1-3)Gal(b1-4)GlcNAc(b1-3)Gal(b1-4)GlcNAc(b1-2)Man(a1-3)]Man(b1-4)GlcNAc(b1-4)[Fuc(a1-6)]GlcNAc(b1-Sp24,12.455865093200073,12.817444999524415,8.656605580518644
GlcNAc(b1-3)Gal(b1-4)GlcNAc(b1-3)Gal(b1-4)GlcNAc(b1-3)Gal(b1-4)GlcNAc(b1-3)Gal(b1-4)GlcNAc(b1-6)[GlcNAc(b1-3)Gal(b1-4)GlcNAc(b1-3)Gal(b1-4)GlcNAc(b1-3)Gal(b1-4)GlcNAc(b1-3)Gal(b1-4)GlcNA(b1-2)]Man(a1-6)[GlcNAc(b1-3)Gal(b1-4)GlcNAc(b1-3)Gal(b1-4)GlcNAc(b1-3)Gal(b1-4)GlcNAc(b1-3)Gal(b1-4)GlcNAc(b1-2)Man(a1-3)]Man(b1-4)GlcNAc(b1-4)[Fuc(a1-6)]GlcNAc(b1-Sp24,14.84786813350657,316.2616032216856,83.00353075580166
Gal(b1-4)GlcNAc(b1-3)Gal(b1-4)GlcNAc(b1-3)Gal(b1-4)GlcNAc(b1-3)Gal(b1-4)GlcNAc(b1-3)Gal(b1-4)GlcNAc(b1-6)[Gal(b1-4)GlcNAc(b1-3)Gal(b1-4)GlcNAc(b1-3)Gal(b1-4)GlcNAc(b1-3)Gal(b1-4)GlcNAc(b1-3)Gal(b1-4)GlcNA(b1-2)]Man(a1-6)[Gal(b1-4)GlcNAc(b1-3)Gal(b1-4)GlcNAc(b1-3)Gal(b1-4)GlcNAc(b1-3)Gal(b1-4)GlcNAc(b1-3)Gal(b1-4)GlcNAc(b1-2)Man(a1-3)]Man(b1-4)GlcNAc(b1-4)[Fuc(a1-6)]GlcNAc(b1-Sp24,17.153872722580722,26.236727908204657,9.406976234467393
Gal(b1-4)GlcNAc(b1-3)Gal(b1-4)GlcNAc(b1-3)GalNAc(a1-Sp14,20.742285320953574,66.53502239878358,170.78834705449557
Gal(b1-4)GlcNAc(b1-3)Gal(b1-4)GlcNAc(b1-6)[Gal(b1-3)]GalNAc(a1-Sp14,93.35337521837192,80.69303242182328,1673.9392630673938
Gal(b1-4)GlcNAc(b1-3)Gal(b1-4)GlcNAc(b1-6)[Gal(b1-4)GlcNAc(b1-3)Gal(b1-4)GlcNAc(b1-3)]GalNAc(a1-Sp14,64.51811145368595,80.27822836001877,29.38388876321635
Neu5Ac(a2-3)Gal(b1-4)GlcNAc(b1-3)Gal(b1-4)GlcNAc(b1-3)GalNAc(a1-Sp14,8.59381823691697,10.688277207763647,8.40542613727383
GlcNAc(b1-3)Gal(b1-4)GlcNAc(b1-3)GalNAc(a1-Sp14,4.759126157447388,24.717911682354288,386.8743643249734
GlcNAc(b1-3)Gal(b1-4)GlcNAc(b1-6)[Gal(b1-3)]GalNAc(a1-Sp14,13.787419211337808,22.97159451445936,559.2093598046465
GlcNAc(b1-3)Gal(b1-4)GlcNAc(b1-6)[GlcNAc(b1-3)Gal(b1-4)GlcNAc(b1-3)]GalNAc(a1-Sp14,15.089584674287755,79.35040951267455,855.1494365340608
Neu5Ac(a2-3)Gal(b1-4)GlcNAc(b1-3)Gal(b1-4)GlcNAc(b1-6)[Neu5Ac(a2-3)Gal(b1-4)GlcNAc(b1-3)Gal(b1-4)GlcNAc(b1-3)]GalNAc(a1-Sp14,40.399983562981355,55.74032382605381,11.229975540786617
Neu5Ac(a2-6)Gal(b1-4)GlcNAc(b1-3)Gal(b1-4)GlcNAc(b1-3)GalNAc(a1-Sp14,13.18488548916903,22.0259948438771,21.3870780130394
GlcNAc(b1-3)Gal(b1-4)GlcNAc(b1-3)Gal(b1-4)GlcNAc(b1-3)GalNAc(a1-Sp14,16.12279146270893,3.749438437397439,99.0544647501365
Gal(b1-4)GlcNAc(b1-3)Gal(b1-3)GalNAc(a1-Sp14,19.89818667366452,16.707043567808956,393.4349542044835
Neu5Ac(a2-3)Gal(b1-4)GlcNAc(b1-3)Gal(b1-4)GlcNAc(b1-6)[Gal(b1-3)]GalNAc(a1-Sp14,98.37475702537995,41.88686345367353,333.70408144069404
Neu5Ac(a2-6)Gal(b1-4)GlcNAc(b1-3)Gal(b1-4)GlcNAc(b1-6)[Gal(b1-3)]GalNAc(a1-Sp14,23.157227048212828,69.27533097220946,1592.8460416727694
Neu5Ac(a2-6)Gal(b1-4)GlcNAc(b1-6)[Gal(b1-3)]GalNAc(a1-Sp14,17.309737553445654,13.254862660171222,187.58892997841545
Neu5Ac(a2-3)Gal(b1-4)GlcNAc(b1-3)Gal(b1-4)GlcNAc(b1-2)Man(a1-6)[Neu5Ac(a2-3)Gal(b1-4)GlcNAc(b1-3)Gal(b1-4)GlcNAc(b1-2)Man(a1-3)]Man(b1-4)GlcNAc(b1-4)GlcNAc(b1-Sp12,188.712502210402,187.12909494812118,143.81955162840902
GlcNAc(b1-6)[Neu5Ac(a2-3)Gal(b1-3)]GalNAc(a1-Sp14,8.06705792523933,15.764919864766199,1151.7933352767925
Neu5Ac(a2-6)Gal(b1-4)GlcNAc(b1-3)Gal(b1-4)GlcNAc(b1-6)[Neu5Ac(a2-6)Gal(b1-4)GlcNAc(b1-3)Gal(b1-4)GlcNAc(b1-3)]GalNAc(a1-Sp14,177.17640275635705,284.4613838327488,121.65332130829832
Neu5Ac(a2-6)Gal(b1-4)GlcNAc(b1-3)Gal(b1-4)GlcNAc(b1-3)Gal(b1-4)GlcNAc(b1-2)Man(a1-6)[Neu5Ac(a2-6)Gal(b1-4)GlcNAc(b1-3)Gal(b1-4)GlcNAc(b1-3)Gal(b1-4)GlcNAc(b1-2)Man(a1-3)]Man(b1-4)GlcNAc(b1-4)GlcNAc(b1-Sp12,285.1975108618646,273.2405152584729,107.70409781109768
Neu5Ac(a2-3)Gal(b1-4)GlcNAc(b1-3)Gal(b1-4)GlcNAc(b1-3)Gal(b1-4)GlcNAc(b1-2)Man(a1-6)[Neu5Ac(a2-3)Gal(b1-4)GlcNAc(b1-3)Gal(b1-4)GlcNAc(b1-3)Gal(b1-4)GlcNAc(b1-2)Man(a1-3)]Man(b1-4)GlcNAc(b1-4)GlcNAc(b1-Sp12,664.1338917012988,639.8499596422918,528.199415788292
Neu5Ac(a2-6)Gal(b1-4)GlcNAc(b1-3)Gal(b1-4)GlcNAc(b1-2)Man(a1-6)[Neu5Ac(a2-6)Gal(b1-4)GlcNAc(b1-3)Gal(b1-4)GlcNAc(b1-2)Man(a1-3)]Man(b1-4)GlcNAc(b1-4)GlcNAc(b1-Sp12,16.221007876490493,41.66212515161901,33.0844091743503
GlcNAc(b1-3)Fuc(a1-Sp21,8.381370888862195,6.6738932687999615,470.8279673116815
Gal(b1-3)GalNAc(b1-4)[Neu5Ac(a2-8)Neu5Ac(a2-8)Neu5Ac(a2-3)]Gal(b1-4)Glc(b1-Sp21,12.654680081034574,6.977654885597311,7.540129699315523
