IUPAC,ACL(Vector) (0.01ug/ml),ACL (0.1ug/ml),ACL(Vector) (0.3ug/ml),ACL (1ug/ml),ACL (10ug/ml),ACL (100ug/ml)
Gal(a1-Sp8,23.78885,17.977625000000003,30.830025,18.32345,6.341799999999999,9.796375000000003
Glc(a1-Sp8,12.890575000000002,5.139750000000003,11.314450000000004,21.9844,9.937825,10.17615
Man(a1-Sp8,16.848350000000003,27.330424999999995,39.32407499999999,20.1032,36.01457499999998,10.208625000000003
GalNAc(a1-Sp8,23.722325000000005,8.492475,12.803025000000005,8.762900000000004,24.636675,2519.7155
GalNAc(a1-Sp15,30.6839,16.4842,37.740675,36.34662500000001,14.684925000000005,9.589875
Fuc(a1-Sp8,14.257800000000005,1.3806499999999993,13.877974999999998,27.1805,-0.28505,-20.44065
Fuc(a1-Sp9,4.571499999999999,0.1367750000000001,10.440525,6.749875000000001,17.37565,-2.8578499999999987
Rha(a1-Sp8,6.563274999999999,4.3507750000000005,21.378225,8.605225000000004,0.6556250000000006,-4.987399999999997
Neu5Ac(a1-Sp8,14.040274999999998,4.190674999999997,27.233125,17.938975000000006,19.487224999999995,-6.919424999999998
Neu5Ac(a1-Sp11,15.921774999999995,-7.421025,29.302624999999995,4.704799999999999,9.94325,-4.256824999999996
Neu5Ac(b1-Sp8,17.334699999999998,1.417424999999998,23.825075,12.342675000000005,5.695350000000001,-4.550449999999991
Gal(b1-Sp8,22.80435,14.275625,32.369474999999994,14.548799999999995,29.50685,22.56515000000001
Glc(b1-Sp8,34.5248,6.450225000000001,17.805099999999996,8.426700000000002,15.665025000000002,10.265625
Man(b1-Sp8,9.86995,0.689524999999998,8.2725,8.410325000000002,18.65915,4.7299250000000015
GalNAc(b1-Sp8,21.211875,10.78545,49.20537499999999,2.3611249999999995,9.141924999999997,6.913050000000004
GlcNAc(b1-Sp0,15.924375,0.011200000000002321,39.674625,20.16045,13.344925,-6.536875
GlcNAc(b1-Sp8,12.211875,4.874925000000003,6.551825000000003,0.4177249999999999,5.775324999999999,-1.5198250000000009
GlcN[Gc](b1-Sp8,5.7557750000000025,3.637425,17.8698,3.5903000000000014,-1.1083499999999995,0.8389999999999986
Gal(b1-4)GlcNAc(b1-6)[Gal(b1-4)GlcNAc(b1-3)]GalNAc(a1-Sp8,13.583725,-3.895000000000005,11.040925,1.1558249999999983,3.5481750000000005,-9.921974999999996
Gal(b1-4)GlcNAc(b1-6)[Gal(b1-4)GlcNAc(b1-3)]GalNAc(a1-Sp14,12.231325000000005,8.10015,19.690025,3.709825,6.352725,37.00545
GlcNAc(b1-6)[GlcNAc(b1-4)][GlcNAc(b1-3)]GlcNAc(a1-Sp8,1.4902499999999979,22.6341,8.988125,5.5230250000000005,1.6899500000000014,0.3160750000000121
6S(3S)Gal(b1-4)(6S)GlcNAc(b1-Sp0,19.4539,-8.393299999999996,11.777275,-1.0766500000000008,-4.531775000000001,-16.465999999999994
6S(3S)Gal(b1-4)GlcNAc(b1-Sp0,20.1722,-3.001149999999998,12.412849999999995,7.6531,0.4488250000000029,-15.545050000000005
(3S)Gal(b1-4)[Fuc(a1-3)](6S)Glc(a1-Sp0,41.140025,84.7264,42.57422500000001,17.056675000000002,10.755750000000004,180.3967
(3S)Gal(b1-4)Glc(b1-Sp8,15.480249999999995,5.66155,9.568324999999998,2.903674999999998,10.341875,-2.3789750000000005
(3S)Gal(b1-4)(6S)Glc(b1-Sp0,6.352875000000001,6.5977,26.588100000000004,-2.041174999999999,12.2845,4.9424500000000045
(3S)Gal(b1-4)(6S)Glc(b1-Sp8,6.663074999999999,5.8154,12.938625000000002,12.831074999999998,1.8007500000000007,-6.0775
(3S)Gal(b1-3)[Fuc(a1-4)]GlcNAc(b1-Sp8,9.303699999999996,-8.519800000000002,14.861575000000002,5.943425000000002,3.9155,9.135625
(3S)Gal(b1-3)GalNAc(a1-Sp8,624.9001000000002,6245.896075000002,7700.045324999999,22701.1514,31769.939050000008,38800.56079999999
(3S)Gal(b1-3)GlcNAc(b1-Sp0,9.6176,-4.81635,4.412800000000002,-0.5090750000000002,1.6617749999999978,-15.99225
(3S)Gal(b1-3)GlcNAc(b1-Sp8,3.0557000000000016,-3.2798,24.13545,-3.6775,-1.649350000000002,-19.813
(3S)Gal(b1-4)[Fuc(a1-3)]GlcNAc(a1-Sp0 ,22.97075,6.359600000000004,64.284525,2.0568,-1.8440000000000007,558.1683499999998
(3S)Gal(b1-4)[Fuc(a1-3)]GlcNAc(a1-Sp8,9.661275000000003,-1.103475000000001,13.055350000000004,5.325625,-4.831375,2219.73995
(3S)Gal(b1-4)(6S)GlcNAc(b1-Sp0,10.355699999999997,0.966125,9.207525,0.4663749999999993,2.337749999999998,-26.35849999999999
(3S)Gal(b1-4)(6S)GlcNAc(b1-Sp8,19.394424999999995,-15.345475,12.9965,-2.0679000000000034,20.069025,-15.588275
(3S)Gal(b1-4)GlcNAc(b1-Sp0,12.5426,1.1651250000000033,0.3570000000000011,10.4059,-2.7289250000000003,-39.31025000000001
(3S)Gal(b1-4)GlcNAc(b1-Sp8,7.2287000000000035,-5.8294000000000015,8.359425,13.183149999999998,1.910574999999998,-11.50145
(3S)Gal(b1-Sp8,9.832925,1.2123749999999998,11.444850000000002,2.9472499999999986,0.3695249999999993,-1.830575
(6S)(4S)Gal(b1-4)GlcNAc(b1-Sp0,8.4086,1.2551250000000005,5.338374999999997,8.889025,5.087900000000001,-6.959025000000002
(4S)Gal(b1-4)GlcNAc(b1-Sp8,7.881274999999999,-2.60075,2.269375,3.3804,-3.918199999999999,-8.014149999999999
(6P)Man(a1-Sp8,14.033424999999998,17.030174999999996,14.745425,13.080399999999996,13.8225,14.536700000000005
(6S)Gal(b1-4)Glc(b1-Sp0,7.7461249999999975,3.3291000000000004,16.617975,-1.2195499999999981,5.1774499999999986,14.433600000000013
(6S)Gal(b1-4)Glc(b1-Sp8,25.07842500000001,4.959600000000002,19.488699999999994,1.1067999999999998,3.3872999999999984,12.9574
(6S)Gal(b1-4)GlcNAc(b1-Sp8,10.268174999999998,-0.15082500000000287,15.562625000000004,2.3721499999999978,-3.2124250000000005,-27.9883
(6S)Gal(b1-4)(6S)Glc(b1-Sp8,31.047575,-2.8299000000000016,18.774275000000006,11.986600000000005,8.687149999999999,6.373000000000008
Neu5Ac(a2-3)(6S)Gal(b1-4)GlcNAc(b1-Sp8,12.594274999999998,-1.828950000000006,18.062375,1.8902249999999992,-4.216925000000002,740.5441000000003
(6S)GlcNAc(b1-Sp8,16.726050000000004,-0.8350749999999998,21.423774999999992,-3.182100000000002,-7.5542250000000015,-17.212475
"Neu5,9Ac2(a1-Sp8",8.270325,0.6403499999999979,11.094499999999995,-2.2811249999999985,-8.738400000000002,-20.935174999999994
"Neu5,9Ac2(a2-6)Gal(b1-4)GlcNAc(b1-Sp8",10.433075,-2.5146500000000005,-1.7084250000000027,0.1685250000000007,7.396074999999995,-9.133175
Man(a1-6)[Man(a1-3)]Man(b1-4)GlcNAc(b1-4)GlcNAc(b1-Sp12,7.780775,6.770099999999999,27.021475,2.543174999999998,11.898125,0.949225000000002
Man(a1-6)[Man(a1-3)]Man(b1-4)GlcNAc(b1-4)GlcNAc(b1-Sp13,12.4178,12.607925000000007,24.313325,9.26195,7.476024999999996,15.285049999999998
GlcNAc(b1-2)Man(a1-6)[GlcNAc(b1-2)Man(a1-3)]Man(b1-4)GlcNAc(b1-4)GlcNAc(b1-Sp12,3.5720500000000013,0.5840999999999994,9.873825,0.1477750000000011,3.3476750000000006,-5.658175
GlcNAc(b1-2)Man(a1-6)[GlcNAc(b1-2)Man(a1-3)]Man(b1-4)GlcNAc(b1-4)GlcNAc(b1-Sp13,0.4765750000000004,-6.132625000000001,2.7417750000000005,8.10085,3.683300000000002,-13.237975000000002
Gal(b1-4)GlcNAc(b1-2)Man(a1-6)[Gal(b1-4)GlcNAc(b1-2)Man(a1-3)]Man(b1-4)GlcNAc(b1-4)GlcNAc(b1-Sp12,8.21235,-1.5520250000000022,5.033875,2.3019250000000024,-4.3758750000000015,0.228125
Neu5Ac(a2-6)Gal(b1-4)GlcNAc(b1-2)Man(a1-6)[Neu5Ac(a2-6)Gal(b1-4)GlcNAc(b1-2)Man(a1-3)]Man(b1-4)GlcNAc(b1-4)GlcNAc(b1-Sp12,4.983900000000002,3.3399,2.8261249999999984,3.4693249999999995,1.8947999999999992,-9.988775
Neu5Ac(a2-6)Gal(b1-4)GlcNAc(b1-2)Man(a1-6)[Neu5Ac(a2-6)Gal(b1-4)GlcNAc(b1-2)Man(a1-3)]Man(b1-4)GlcNAc(b1-4)GlcNAc(b1-Sp13,1.3386499999999997,-2.961199999999997,6.806749999999999,3.7656000000000014,2.0054250000000007,1.7791250000000003
Neu5Ac(a2-6)Gal(b1-4)GlcNAc(b1-2)Man(a1-6)[Neu5Ac(a2-6)Gal(b1-4)GlcNAc(b1-2)M(an-a)(a1-3)]Man(b1-4)GlcNAc(b1-4)GlcNAc(b1-Sp21,7.977224999999998,17.547475,8.194800000000003,16.348725,4.591574999999997,4.895225
Neu5Ac(a2-6)Gal(b1-4)GlcNAc(b1-2)Man(a1-6)[Neu5Ac(a2-6)Gal(b1-4)GlcNAc(b1-2)Man(a1-3)]Man(b1-4)GlcNAc(b1-4)GlcNAc(b1-Sp24,4.033000000000001,13.035175000000004,12.112375000000002,7.773100000000002,11.181475,9.614724999999991
Fuc(a1-2)Gal(b1-3)GalNAc(b1-3)Gal(a1-Sp9,13.076124999999996,9.726375,25.461825,41.702675,31.39602499999999,3231.35915
Fuc(a1-2)Gal(b1-3)GalNAc(b1-3)Gal(a1-4)Gal(b1-4)Glc(b1-Sp9,14.333925000000004,22.828374999999994,10.837749999999998,9.362199999999998,9.075600000000003,18.249575
Fuc(a1-2)Gal(b1-3)[Fuc(a1-4)]GlcNAc(b1-Sp8,4.688225000000001,1.6704750000000017,6.1532,-0.5603249999999997,5.550525000000002,1.7478749999999967
Fuc(a1-2)Gal(b1-3)GalNAc(a1-Sp8,63.20889999999999,783.3741500000001,2139.389775,3042.3736000000013,9819.236400000002,24248.994175
Fuc(a1-2)Gal(b1-3)GalNAc(a1-Sp14,14.437999999999995,1.1685000000000008,9.790774999999991,0.38967499999999866,3.403125,36.37860000000001
Fuc(a1-2)Gal(b1-3)GalNAc(b1-4)[Neu5Ac(a2-3)]Gal(b1-4)Glc(b1-Sp0,2.3128999999999977,-3.040499999999996,9.5996,4.527450000000002,10.166925,-5.303374999999999
Fuc(a1-2)Gal(b1-3)GalNAc(b1-4)[Neu5Ac(a2-3)]Gal(b1-4)Glc(b1-Sp9,10.171799999999998,-2.262550000000001,11.096199999999998,-1.631425,1.6392000000000009,-1.9196999999999989
Fuc(a1-2)Gal(b1-3)GlcNAc(b1-3)Gal(b1-4)Glc(b1-Sp8,2.586050000000001,0.4104750000000053,12.139324999999998,6.2409,-1.1509999999999998,-7.501100000000003
Fuc(a1-2)Gal(b1-3)GlcNAc(b1-3)Gal(b1-4)Glc(b1-Sp10,3.1274749999999987,21.98480000000001,5.635300000000001,15.150999999999998,13.427625000000004,11.339100000000006
Fuc(a1-2)Gal(b1-3)GlcNAc(b1-Sp0,2.073925000000001,12.821075000000004,20.3808,-5.104250000000003,-1.0661749999999994,13.300025000000005
Fuc(a1-2)Gal(b1-3)GlcNAc(b1-Sp8,4.4598999999999975,0.5487999999999964,17.544800000000002,-3.741075,0.8685749999999981,-0.5712499999999991
Fuc(a1-2)Gal(b1-4)[Fuc(a1-3)]GlcNAc(b1-3)Gal(b1-4)[Fuc(a1-3)]GlcNAc(b1-Sp0,41.867375,66.91172499999999,3126.588,1654.4626249999994,8384.852374999999,22617.699
Fuc(a1-2)Gal(b1-4)[Fuc(a1-3)]GlcNAc(b1-3)Gal(b1-4)[Fuc(a1-3)]GlcNAc(b1-3)Gal(b1-4)[Fuc(a1-3)]GlcNAc(b1-Sp0,124.3332,148.98787499999997,6520.604150000001,1539.0154499999994,7319.7195500000025,32653.349825000005
Fuc(a1-2)Gal(b1-4)[Fuc(a1-3)]GlcNAc(b1-Sp0,14.941275000000005,13.224050000000005,15.078925000000005,1.2488500000000011,13.96585,-9.656974999999996
Fuc(a1-2)Gal(b1-4)[Fuc(a1-3)]GlcNAc(b1-Sp8,14.756825,1.6113,14.726724999999998,-0.6465500000000004,-0.1862749999999993,-3.792825
Fuc(a1-2)Gal(b1-4)GlcNAc(b1-3)Gal(b1-4)GlcNAc(b1-Sp0,2.283575000000001,1.3611500000000003,6.5486,13.939750000000005,7.1984749999999975,-0.2863749999999996
Fuc(a1-2)Gal(b1-4)GlcNAc(b1-3)Gal(b1-4)GlcNAc(b1-3)Gal(b1-4)GlcNAc(b1-Sp0,6.205399999999997,-5.8442750000000006,3.1406749999999963,12.460700000000005,-4.030525,-9.830175
Fuc(a1-2)Gal(b1-4)GlcNAc(b1-Sp0,9.629124999999998,3.2140249999999977,7.927975,4.105,1.0142000000000015,-4.356500000000011
Fuc(a1-2)Gal(b1-4)GlcNAc(b1-Sp8,11.3588,-1.4260249999999992,4.47375,1.7546250000000008,-0.7383249999999997,-9.862899999999996
Fuc(a1-2)Gal(b1-4)Glc(b1-Sp0,4.7266249999999985,6.912825,8.657225,2.8415750000000006,14.439149999999994,5.834825000000004
Fuc(a1-2)Gal(b1-Sp8,8.980824999999996,11.89725,10.761000000000005,3.93,11.042975,-3.9029749999999983
Fuc(a1-3)GlcNAc(b1-Sp8,12.51635,9.092625,14.029825,3.1907249999999987,-3.63045,-14.60435
Fuc(a1-4)GlcNAc(b1-Sp8,20.37115,-5.48775,3.8723000000000014,-3.192574999999999,-1.473824999999998,-26.833475
Fuc(b1-3)GlcNAc(b1-Sp8,11.406500000000005,-4.238200000000001,5.152275000000001,14.326374999999995,2.7062250000000017,0.29042499999999905
GalNAc(a1-3)[Fuc(a1-2)]Gal(b1-3)GlcNAc(b1-Sp0,5.747325,0.6175999999999995,0.3622750000000004,-0.8788999999999998,4.7375500000000015,-8.321775000000002
GalNAc(a1-3)[Fuc(a1-2)]Gal(b1-4)[Fuc(a1-3)]GlcNAc(b1-Sp0,24.27072500000001,32.22602500000001,30.70137500000001,31.305249999999994,22.583,25.248975
(3S)Gal(b1-4)[Fuc(a1-3)]Glc(b1-Sp0,13.677725000000002,1.8744750000000003,1.9815249999999995,4.987425,0.4605500000000005,0.215325
GalNAc(a1-3)[Fuc(a1-2)]Gal(b1-4)GlcNAc(b1-Sp0,4.411025,-1.31245,9.735575,3.6949250000000013,0.4317000000000011,0.0029000000000003467
GalNAc(a1-3)[Fuc(a1-2)]Gal(b1-4)GlcNAc(b1-Sp8,6.988925000000003,3.4003750000000017,16.194274999999998,-2.1873500000000003,0.7109250000000005,-7.615275000000002
GalNAc(a1-3)[Fuc(a1-2)]Gal(b1-4)Glc(b1-Sp0,7.118474999999997,-5.01615,4.167599999999998,4.1613250000000015,-2.8114500000000024,4.205650000000002
GlcNAc(b1-3)Gal(b1-3)GalNAc(a1-Sp8,162.413125,360.09462500000006,2878.36045,1521.659225,7782.136124999999,39304.55115
GalNAc(a1-3)[Fuc(a1-2)]Gal(b1-Sp8,17.230400000000003,-10.834775000000002,23.40620000000001,-2.7023249999999983,1.1139249999999985,-10.245825000000004
GalNAc(a1-3)[Fuc(a1-2)]Gal(b1-Sp18,6.576525000000002,3.092525,6.555875000000002,5.02295,2.8767499999999977,0.13085000000000235
GalNAc(a1-3)GalNAc(b1-Sp8,5.889474999999999,-3.795525000000002,4.348049999999997,3.615149999999996,-1.8130000000000008,-14.025874999999996
GalNAc(a1-3)Gal(b1-Sp8,11.680599999999998,4.392050000000005,22.1273,18.101025000000003,2.281274999999999,-18.007074999999997
GalNAc(a1-4)[Fuc(a1-2)]Gal(b1-4)GlcNAc(b1-Sp8,6.771300000000003,-12.540950000000004,23.38407500000001,-2.9152999999999976,-0.3738249999999983,-6.4457999999999975
GalNAc(b1-3)GalNAc(a1-Sp8,34.76732500000001,12.230474999999998,24.545325,14.34235,328.449025,5442.152475000001
GalNAc(b1-3)[Fuc(a1-2)]Gal(b1-Sp8,4.10845,13.834825000000004,7.075600000000002,-4.074325000000001,-3.351474999999999,14.624325000000004
GalNAc(b1-3)Gal(a1-4)Gal(b1-4)GlcNAc(b1-Sp0,16.39,11.91105,23.33925,5.946074999999998,10.313624999999998,-0.5677500000000073
GalNAc(b1-4)[Fuc(a1-3)]GlcNAc(b1-Sp0,18.345075,36.369450000000015,22.22835,4.530675000000002,21.76975,4116.1435999999985
GalNAc(b1-4)GlcNAc(b1-Sp0,20.204300000000003,-5.555349999999999,22.2014,0.7164249999999992,-2.2378500000000017,-5.018949999999997
GalNAc(b1-4)GlcNAc(b1-Sp8,10.679675,-0.7549750000000017,13.025824999999996,-0.7493000000000016,15.94265,-13.530750000000005
Gal(a1-2)Gal(b1-Sp8,14.2933,0.490124999999999,11.42,-1.0249000000000006,-7.279600000000002,-8.464974999999994
Gal(a1-3)[Fuc(a1-2)]Gal(b1-3)GlcNAc(b1-Sp0,16.554925,9.84695,11.356074999999993,-2.6114750000000004,11.190325,10.963350000000002
Gal(a1-3)[Fuc(a1-2)]Gal(b1-3)GlcNAc(b1-Sp8,27.836375,11.655249999999995,33.539975,15.952749999999995,12.040874999999998,5.955350000000003
Gal(a1-3)[Fuc(a1-2)]Gal(b1-4)[Fuc(a1-3)]GlcNAc(b1-Sp0,18.72845,7.445599999999999,51.32724999999999,31.185424999999995,9.398175000000002,30.3896
Gal(a1-3)[Fuc(a1-2)]Gal(b1-4)[Fuc(a1-3)]GlcNAc(b1-Sp8,6.766,5.906950000000003,15.9142,0.5953749999999971,7.881525,0.8601749999999981
Gal(a1-3)[Fuc(a1-2)]Gal(b1-4)GlcNAc(a1-Sp0,9.549175000000002,4.066349999999998,10.3703,2.605850000000002,-1.967375,0.4475499999999997
Gal(a1-3)[Fuc(a1-2)]Gal(b1-4)Glc(b1-Sp0,23.540825000000005,1.7426499999999994,16.053525000000004,6.956950000000001,-2.471075000000001,1.0940249999999985
Gal(a1-3)[Fuc(a1-2)]Gal(b1-Sp8,9.523650000000002,6.892249999999999,10.847425,7.904349999999997,6.5433749999999975,-0.26597500000000096
Gal(a1-3)[Fuc(a1-2)]Gal(b1-Sp18,22.322325,43.02065000000002,12.667325000000002,34.24465000000001,9.238075000000002,76.253925
Gal(a1-4)[Gal(a1-3)]Gal(b1-4)GlcNAc(b1-Sp8,12.311000000000005,14.989849999999995,37.87792500000001,8.207099999999997,3.01235,27.742575
Gal(a1-3)GalNAc(a1-Sp8,66.297925,62.15520000000001,95.211,99.265575,1104.8963250000004,5072.656625
Gal(a1-3)GalNAc(a1-Sp16,9.503799999999996,11.6162,19.8116,5.431200000000002,3.137300000000001,-8.175575000000004
Gal(a1-3)GalNAc(b1-Sp8,10.9037,1.1923499999999976,16.0803,4.90725,3.1314999999999973,-11.362625
Gal(a1-3)Gal(b1-4)[Fuc(a1-3)]GlcNAc(b1-Sp8,6.851975,19.9042,8.837600000000002,3.013300000000001,11.395524999999996,-3.167425
Gal(a1-3)Gal(b1-3)GlcNAc(b1-Sp0,9.70085,-1.0930750000000011,8.008175000000003,-2.716025,4.7779000000000025,9.298500000000004
Gal(a1-3)Gal(b1-4)GlcNAc(b1-Sp8,3.6587,1.330625,7.8627,4.423975,0.8992000000000022,3.694550000000003
Gal(a1-3)Gal(b1-4)Glc(b1-Sp0,28.254549999999995,-7.012774999999998,22.5895,2.8443999999999985,6.914974999999997,9.920325000000002
Gal(a1-3)Gal(b1-4)Glc(a1-Sp10,2.5772000000000013,4.532674999999999,3.7653750000000006,7.465225,6.0995500000000025,40.21142500000001
Gal(a1-3)Gal(b1-Sp8,8.362824999999999,1.0638999999999932,9.028525000000009,16.594449999999995,20.877900000000007,1.2376999999999967
Gal(a1-4)[Fuc(a1-2)]Gal(b1-4)GlcNAc(b1-Sp8,10.842375,14.856775,22.6203,3.780825,1.0768999999999984,7.264674999999998
Gal(a1-4)Gal(b1-4)GlcNAc(b1-Sp0,5.086224999999997,7.663049999999997,24.549575000000004,11.381875,20.122950000000003,15.573125
Gal(a1-4)Gal(b1-4)GlcNAc(b1-Sp8,13.68865,2.366950000000001,14.13325,1.952075,8.589375,-2.247874999999997
Gal(a1-4)Gal(b1-4)Glc(b1-Sp0,12.356099999999998,13.973350000000005,18.463125,10.2394,15.352374999999995,6.9160750000000055
Gal(a1-4)GlcNAc(b1-Sp8,9.205824999999997,-7.081950000000003,0.4094249999999969,0.3896500000000023,13.38315,-13.2999
Gal(a1-6)Glc(b1-Sp8,18.040025,-2.699450000000001,11.362874999999995,1.2049499999999984,4.631999999999998,6.3232250000000025
Gal(b1-2)Gal(b1-Sp8,30.103549999999995,8.254125,18.641175,3.057525000000002,0.6546500000000002,21.946925000000004
Gal(b1-3)[Fuc(a1-4)]GlcNAc(b1-3)Gal(b1-4)[Fuc(a1-3)]GlcNAc(b1-Sp0,87.216625,149.6964,3834.8584250000013,1212.83225,8447.787225,31468.107150000003
Gal(b1-3)[Fuc(a1-4)]GlcNAc(b1-3)Gal(b1-4)GlcNAc(b1-Sp0,99.58714999999998,322.681325,5184.417600000002,1383.6413749999995,7928.271574999999,31152.42485
Gal(b1-3)[Fuc(a1-4)]GlcNAc(a1-Sp0,13.462300000000004,4.292724999999999,10.643275000000006,14.6625,0.4164250000000012,-10.068974999999998
Gal(b1-3)[Fuc(a1-4)]GlcNAc(a1-Sp8 ,10.164325000000002,5.605350000000001,12.961825,2.4365499999999987,6.690175,-18.48585
Fuc(a1-4)[Gal(b1-3)]GlcNAc(b1-Sp8,8.672475000000002,6.842074999999998,6.428699999999997,9.1564,6.7826999999999975,1.7626500000000045
Gal(b1-4)GlcNAc(b1-6)GalNAc(a1-Sp8,5.537900000000006,6.343500000000002,12.031550000000005,11.153349999999998,91.67005000000003,3407.704925
Gal(b1-4)GlcNAc(b1-6)GalNAc(a1-Sp14,25.503650000000004,13.376875,19.8901,-0.47875,2.5709499999999963,47.649975
GlcNAc(b1-6)[Gal(b1-3)]GalNAc(a1-Sp8,394.9408,841.9308000000003,4499.714275,4668.097425,13461.750174999996,21463.123275
GlcNAc(b1-6)[Gal(b1-3)]GalNAc(a1-Sp14,3.214075000000001,4.051525000000002,8.350175,13.495999999999999,445.099875,6938.254625000001
Neu5Ac(a2-6)[Gal(b1-3)]GalNAc(a1-Sp8,622.4929750000001,7890.718599999997,11147.897225,21813.325099999995,28801.7718,33334.607275
Neu5Ac(a2-6)[Gal(b1-3)]GalNAc(a1-Sp14,43.043375,24.350575,69.55427499999999,107.38635,1129.688875,13282.568675
Neu5Ac(b2-6)[Gal(b1-3)]GalNAc(a1-Sp8,5.123349999999999,8.612975000000004,52.0029,134.79222499999997,1360.438275,12374.305725000002
Neu5Ac(a2-6)[Gal(b1-3)]GlcNAc(b1-4)Gal(b1-4)Glc(b1-Sp10,9.153049999999997,-1.63375,11.6795,3.661900000000001,10.922750000000008,0.938724999999998
Gal(b1-3)GalNAc(a1-Sp8,927.873975,2083.54665,8672.928025,7681.4532249999975,12769.310199999998,25810.46655
Gal(b1-3)GalNAc(a1-Sp14,14.817425,14.810949999999998,23.18842499999999,44.758225,196.940475,7352.5544999999975
Gal(b1-3)GalNAc(a1-Sp16,35.1295,62.682075,753.4040749999997,1005.251525,3036.2515499999995,8141.553474999999
Gal(b1-3)GalNAc(b1-Sp8,16.726349999999996,1.2641249999999964,12.130300000000002,-7.014275,11.12825,77.68192499999998
Gal(b1-3)GalNAc(b1-3)Gal(a1-4)Gal(b1-4)Glc(b1-Sp0,5.407674999999999,10.9837,8.613250000000003,11.893774999999998,28.771275,33.209975
Gal(b1-3)GalNAc(b1-4)[Neu5Ac(a2-3)]Gal(b1-4)Glc(b1-Sp0,10.407125,-6.948875000000001,8.230875000000001,8.502949999999998,4.7863000000000016,-0.8980999999999959
Gal(b1-3)GalNAc(b1-4)Gal(b1-4)Glc(b1-Sp8,6.7803999999999975,14.002925,27.977525,3.0621499999999986,18.925375,21.61415
Gal(b1-3)Gal(b1-Sp8,9.1737,-3.597249999999999,4.7886250000000015,-1.271449999999998,2.0321499999999992,-14.871
Gal(b1-3)GlcNAc(b1-3)Gal(b1-4)GlcNAc(b1-Sp0,10.65515,-1.9576249999999984,9.048575,8.046525000000003,2.931575,-6.87625
Gal(b1-3)GlcNAc(b1-3)Gal(b1-4)Glc(b1-Sp10,18.369725,2.911624999999999,15.059724999999993,-4.2245750000000015,4.078899999999999,-7.156450000000001
Gal(b1-3)GlcNAc(b1-Sp0,6.8743000000000025,-6.6845,7.863725,-1.3670249999999982,4.823025000000001,-5.680675000000001
Gal(b1-3)GlcNAc(b1-Sp8,9.725250000000004,-3.345975,9.754625,-0.6118000000000015,50.123425,-16.972350000000002
Gal(b1-4)[Fuc(a1-3)]GlcNAc(b1-Sp0,1.5559500000000008,6.559624999999998,18.391675,7.505549999999999,2.89905,-6.959274999999997
Gal(b1-4)[Fuc(a1-3)]GlcNAc(b1-Sp8,8.119625000000001,-5.289975,6.642724999999999,5.8991000000000025,-0.927749999999998,-2.9564249999999994
Gal(b1-4)[Fuc(a1-3)]GlcNAc(b1-4)Gal(b1-4)[Fuc(a1-3)]GlcNAc(b1-Sp0,69.0487,26.109900000000003,2873.703,490.257625,4112.678375000001,29136.916675
Gal(b1-4)[Fuc(a1-3)]GlcNAc(b1-4)Gal(b1-4)[Fuc(a1-3)]GlcNAc(b1-4)Gal(b1-4)[Fuc(a1-3)]GlcNAc(b1-Sp0,228.516175,125.60977500000004,10073.39155,2760.27185,13625.995825,34406.931300000004
Gal(b1-4)(6S)Glc(b1-Sp0,16.390425,1.4949249999999985,15.884574999999998,4.8545250000000015,11.744450000000002,13.023574999999996
Gal(b1-4)(6S)Glc(b1-Sp8,21.926950000000005,7.546324999999998,37.13929999999999,2.6501,2.0599000000000007,10.408950000000011
Gal(b1-4)GalNAc(a1-3)[Fuc(a1-2)]Gal(b1-4)GlcNAc(b1-Sp8,7.363150000000003,-1.8108000000000013,3.8785,-2.6618499999999994,4.5314,6.463649999999998
Gal(b1-4)GalNAc(b1-3)[Fuc(a1-2)]Gal(b1-4)GlcNAc(b1-Sp8,11.741375,2.6309000000000013,9.848675,-1.6522499999999989,-3.862525,-2.49875
Gal(b1-4)GlcNAc(b1-3)GalNAc(a1-Sp8,19.861125,1.4341500000000007,7.543999999999999,3.8206499999999988,18.158425,-5.224350000000001
Gal(b1-4)GlcNAc(b1-3)GalNAc(a1-Sp14,5.476324999999999,3.5630750000000013,22.918575000000004,11.998549999999998,-1.7609000000000012,-3.8842
Gal(b1-4)GlcNAc(b1-3)Gal(b1-4)[Fuc(a1-3)]GlcNAc(b1-3)Gal(b1-4)[Fuc(a1-3)]GlcNAc(b1-Sp0,109.669375,107.61845,5948.168975000001,1056.324275,7459.913974999998,36666.563625
Gal(b1-4)GlcNAc(b1-3)Gal(b1-4)GlcNAc(b1-3)Gal(b1-4)GlcNAc(b1-Sp0,13.387474999999995,6.936199999999998,0.8397249999999987,2.2559000000000005,8.764300000000002,-1.3729249999999953
Gal(b1-4)GlcNAc(b1-3)Gal(b1-4)GlcNAc(b1-Sp0,11.187000000000001,8.0454,6.6222249999999985,12.637050000000002,2.562525000000001,0.15369999999999706
Gal(b1-4)GlcNAc(b1-3)Gal(b1-4)Glc(b1-Sp0,15.257575,16.889799999999994,27.216875,-2.6408000000000023,0.4484250000000021,24.269325
Gal(b1-4)GlcNAc(b1-3)Gal(b1-4)Glc(b1-Sp8,11.408475000000005,4.909299999999998,11.407825000000004,-1.2350499999999958,2.6997500000000016,-4.312825000000005
Gal(b1-4)GlcNAc(b1-6)[Gal(b1-3)]GalNAc(a1-Sp8,477.26247500000005,636.275875,6373.592199999999,2582.720625000001,8327.9909,27263.29475000001
Gal(b1-4)GlcNAc(b1-6)[Gal(b1-3)]GalNAc(a1-Sp14,14.019125000000004,12.57055,21.227225,34.803075,380.918,7560.45035
Gal(b1-4)GlcNAc(b1-Sp0,6.95495,8.704899999999999,18.85245,13.461125000000004,-0.5047750000000004,-12.152050000000004
Gal(b1-4)GlcNAc(b1-Sp8,0.12557499999999955,-4.2947000000000015,4.388349999999999,7.5625,4.264025000000001,10.774574999999995
Gal(b1-4)GlcNAc(b1-Sp23,6.6006,1.0560250000000018,7.222774999999999,-2.54715,4.5512250000000005,-6.6197
Gal(b1-4)Glc(b1-Sp0,18.563325,3.9795749999999988,16.953825,4.328249999999997,-0.802225,9.803774999999998
Gal(b1-4)Glc(b1-Sp8,10.971199999999996,1.867875,14.382275,5.4077,7.006925,5.386675000000004
GlcNAc(a1-3)Gal(b1-4)GlcNAc(b1-Sp8,1.9075,-3.0374250000000007,1.9593500000000024,9.815174999999996,-0.20315000000000089,-21.63415
GlcNAc(a1-6)Gal(b1-4)GlcNAc(b1-Sp8,21.89735000000001,2.1972499999999986,18.266425,-2.8308500000000008,5.330949999999996,-3.0759500000000006
GlcNAc(b1-2)Gal(b1-3)GalNAc(a1-Sp8,4.593000000000002,-7.277675000000002,10.909974999999998,-1.1231999999999998,30.98497499999999,3568.78555
GlcNAc(b1-6)[GlcNAc(b1-3)]GalNAc(a1-Sp8,21.9064,6.694149999999999,9.845949999999998,-0.6508499999999984,64.0016,6613.571999999999
GlcNAc(b1-6)[GlcNAc(b1-3)]GalNAc(a1-Sp14,8.628900000000002,19.798550000000006,5.842649999999999,3.9846749999999993,-2.01985,-4.833099999999988
GlcNAc(b1-6)[GlcNAc(b1-3)]Gal(b1-4)GlcNAc(b1-Sp8,7.043699999999998,10.4184,17.124449999999996,4.677125,-7.013049999999998,-7.609424999999997
GlcNAc(b1-3)GalNAc(a1-Sp8,11.929675,-3.0189249999999976,21.958,28.12045,653.5057250000001,7014.8752749999985
GlcNAc(b1-3)GalNAc(a1-Sp14,8.186000000000002,0.8652749999999969,13.99125,0.5334750000000001,-3.0347750000000007,-5.82375
GlcNAc(b1-3)Gal(b1-Sp8,14.399774999999998,-0.5527499999999996,6.534925000000002,-0.4585750000000006,0.8974250000000001,1.4261999999999997
GlcNAc(b1-3)Gal(b1-4)GlcNAc(b1-Sp0,11.48345,-1.7539250000000006,12.01645,1.759949999999998,5.5035000000000025,-1.2996750000000006
GlcNAc(b1-3)Gal(b1-4)GlcNAc(b1-Sp8,9.77485,2.221950000000003,5.297899999999999,5.7279750000000025,9.2087,0.3041750000000025
GlcNAc(b1-3)Gal(b1-4)GlcNAc(b1-3)Gal(b1-4)GlcNAc(b1-Sp0,9.9236,9.671525,8.229074999999998,8.695325,-0.8435000000000006,2.7946500000000007
GlcNAc(b1-3)Gal(b1-4)Glc(b1-Sp0,7.862925000000002,7.678775000000003,12.550375,9.463225,1.1095500000000005,12.250350000000005
GlcNAc(b1-4)(a1-MDPLys,14.083474999999998,0.2621249999999993,22.150575,2.8344749999999976,-0.9860999999999986,-14.850424999999998
GlcNAc(b1-6)[GlcNAc(b1-4)]GalNAc(a1-Sp8,-2.4083499999999995,16.090950000000007,13.64405,-1.474574999999998,-3.359424999999999,-4.7501749999999925
GlcNAc(b1-4)Gal(b1-4)GlcNAc(b1-Sp8,7.518325000000001,4.360550000000002,3.087175,1.88955,-6.133975000000001,-19.413975000000004
GlcNAc(b1-4)GlcNAc(b1-4)GlcNAc(b1-4)GlcNAc(b1-4)GlcNAc(b1-4)GlcNAc(b1-Sp8,8.109349999999997,2.244299999999999,12.289775,3.8236500000000007,2.2521249999999995,-0.3874749999999985
GlcNAc(b1-4)GlcNAc(b1-4)GlcNAc(b1-4)GlcNAc(b1-4)GlcNAc(b1-Sp8,3.923925000000001,9.1798,4.356349999999997,5.008424999999999,5.497049999999998,6.39725
GlcNAc(b1-4)GlcNAc(b1-4)GlcNAc(b1-Sp8,3.629975,1.5913000000000004,13.022125000000004,5.391800000000003,32.285875000000004,-6.040524999999999
GlcNAc(b1-6)GalNAc(a1-Sp8,20.369074999999995,-3.678375000000005,78.64242500000002,2.6154999999999973,43.225,5160.747074999998
GlcNAc(b1-6)GalNAc(a1-Sp14,20.42519999999996,4.6197750000000015,7.558249999999987,7.184574999999999,8.181525,-22.07255
GlcNAc(b1-6)Gal(b1-4)GlcNAc(b1-Sp8,17.670275000000004,-2.967324999999999,15.84895,5.490425,-3.610125000000002,-20.630925
Glc(a1-4)Glc(b1-Sp8,14.111850000000002,10.109250000000008,7.57875,-1.840175000000004,16.280675000000002,-3.149374999999992
Glc(a1-4)Glc(a1-Sp8,6.932775,9.840725,8.08,11.396050000000002,2.403499999999997,-0.7623750000000005
Glc(a1-6)Glc(a1-6)Glc(b1-Sp8,5.7540749999999985,0.5441500000000001,18.05275,2.904250000000002,9.134725,-3.874925000000001
Glc(b1-4)Glc(b1-Sp8,26.61987499999999,14.332150000000004,9.553600000000003,1.8259,-4.093624999999999,-0.2758749999999992
Glc(b1-6)Glc(b1-Sp8,9.52375,-1.2685750000000011,9.967125,1.2769500000000011,-2.51265,8.741399999999997
G-ol(a1-Sp8,8.9252,5.891124999999999,7.003350000000001,23.535975,6.02535,39.6813
GlcA(a1-Sp8,11.25485,-3.2544500000000003,15.671574999999995,0.027150000000004226,2.164424999999998,-0.6298999999999921
GlcA(b1-Sp8,48.110425,22.534749999999992,126.09922500000002,9.478825,28.98125,87.98774999999998
GlcA(b1-3)Gal(b1-Sp8,12.965274999999998,10.526899999999998,9.4019,6.240924999999999,-0.2243250000000004,3.2012000000000067
GlcA(b1-6)Gal(b1-Sp8,12.963724999999993,8.610025,7.854650000000001,1.179525,1.8592249999999984,21.539525000000005
KDN(a2-3)Gal(b1-3)GlcNAc(b1-Sp0,19.110750000000007,0.311175000000004,18.555975,-1.074625000000001,-1.750625,-11.527024999999998
KDN(a2-3)Gal(b1-4)GlcNAc(b1-Sp0,30.936275000000137,-0.2563250000000004,13.412400000000048,2.3756499999999985,6.65025,9.767550000000009
Man(a1-2)Man(a1-2)Man(a1-3)Man(a1-Sp9,5.820949999999996,2.3988500000000013,0.9341500000000016,4.6342750000000015,7.1134,4.340425
Man(a1-2)Man(a1-6)[Man(a1-2)Man(a1-3)]Man(a1-Sp9,11.53905,-2.1575249999999992,1.7955750000000013,5.454575000000004,2.6893999999999973,-7.969349999999999
Man(a1-2)Man(a1-3)Man(a1-Sp9,9.596275,1.045250000000003,13.790299999999998,3.295875000000001,4.627574999999998,11.351775
Man(a1-6)[Man(a1-2)Man(a1-3)]Man(a1-6)[Man(a1-2)Man(a1-3)]Man(b1-4)GlcNAc(b1-4)GlcNAc(b1-Sp12,8.967125,-2.520149999999997,12.510999999999996,-0.3569000000000022,6.812849999999997,7.707899999999999
Man(a1-2)Man(a1-6)[Man(a1-3)]Man(a1-6)[Man(a1-2)Man(a1-2)Man(a1-3)]Man(b1-4)GlcNAc(b1-4)GlcNAc(b1-Sp12,0.5705500000000008,21.4212,3.2113250000000004,5.3498,11.8916,11.030675000000002
Man(a1-2)Man(a1-6)[Man(a1-2)Man(a1-3)]Man(a1-6)[Man(a1-2)Man(a1-2)Man(a1-3)]Man(b1-4)GlcNAc(b1-4)GlcNAc(b1-Sp12,26.095749999999995,31.712675,42.370325000000015,33.929825,29.6587,54.040075
Man(a1-6)[Man(a1-3)]Man(a1-Sp9,5.9999749999999965,5.546000000000002,7.861475,11.865775000000005,15.261199999999993,-0.3323999999999998
Man(a1-2)Man(a1-2)Man(a1-6)[Man(a1-3)]Man(a1-Sp9,18.41185,10.398975,24.989525,12.781575000000005,8.848674999999998,42.17474999999999
Man(a1-6)[Man(a1-3)]Man(a1-6)[Man(a1-2)Man(a1-3)]Man(b1-4)GlcNAc(b1-4)GlcNAc(b1-Sp12,116.712075,45.0775,214.3205,26.54527500000001,22.950675,32.217025
Man(a1-6)[Man(a1-3)]Man(a1-6)[Man(a1-3)]Man(b1-4)GlcNAc(b1-4)GlcNAc(b1-Sp12,7.488600000000003,17.760475000000003,7.203775000000002,14.997175000000002,12.737125,30.65735
Man(b1-4)GlcNAc(b1-Sp0,23.844525,0.05819999999999759,7.0795749999999975,16.709149999999994,12.972450000000002,-9.837475
Neu5Ac(a2-3)Gal(b1-4)GlcNAc(b1-3)Gal(b1-4)[Fuc(a1-3)]GlcNAc(b1-Sp0,9.565,5.6570500000000035,10.944,2.3543249999999976,-1.5423749999999998,-14.035325
(3S)Gal(b1-4)[Fuc(a1-3)](6S)GlcNAc(b1-Sp8,10.3211,-4.769400000000001,11.770775000000004,-0.7856000000000005,1.2632000000000012,16.1111
Fuc(a1-2)(6S)Gal(b1-4)GlcNAc(b1-Sp0,8.773724999999995,-0.8274750000000024,7.762299999999998,0.2297250000000001,0.7875749999999986,-1.28
Fuc(a1-2)Gal(b1-4)(6S)GlcNAc(b1-Sp8,13.869474999999998,-0.6793249999999995,4.809175,2.4190500000000004,5.3634499999999985,-9.507199999999996
Fuc(a1-2)(6S)Gal(b1-4)(6S)Glc(b1-Sp0,4.0359750000000005,10.345150000000002,15.3462,3.5184250000000006,6.370600000000001,-3.464574999999998
Neu5Ac(a2-3)Gal(b1-3)GalNAc(a1-Sp8,1063.5566999999996,3243.938225,13915.224449999998,13455.876349999995,20863.038925,29983.671050000004
Neu5Ac(a2-3)Gal(b1-3)GalNAc(a1-Sp14,13.945900000000002,2.7607000000000035,28.003875000000008,107.56800000000004,1258.38595,8634.98215
GalNAc(b1-4)[Neu5Ac(a2-8)Neu5Ac(a2-8)Neu5Ac(a2-8)Neu5Ac(a2-3)]Gal(b1-4)Glc(b1-Sp0,12.29315,5.320274999999999,14.391025,-0.10794999999999888,-1.5847249999999988,23.80202500000001
GalNAc(b1-4)[Neu5Ac(a2-8)Neu5Ac(a2-8)Neu5Ac(a2-3)]Gal(b1-4)Glc(b1-Sp0,26.88215,10.241550000000004,39.67370000000001,-5.334950000000001,19.544375,-2.380324999999992
Neu5Ac(a2-8)Neu5Ac(a2-8)Neu5Ac(a2-3)Gal(b1-4)Glc(b1-Sp0,-0.3366499999999979,15.620199999999995,8.501225,-0.7991000000000028,0.5528500000000012,-8.586525000000009
GalNAc(b1-4)[Neu5Ac(a2-8)Neu5Ac(a2-3)]Gal(b1-4)Glc(b1-Sp0,7.504349999999999,16.875499999999995,14.280325,5.289449999999999,-1.61965,13.471149999999998
Neu5Ac(a2-8)Neu5Ac(a2-8)Neu5Ac(a1-Sp8,11.621850000000002,1.3460500000000015,6.3175250000000025,1.3426999999999991,4.826775,-4.073949999999996
Neu5Ac(a2-3)(6S)Gal(b1-4)[Fuc(a1-3)]GlcNAc(b1-Sp8,12.395525,-2.831125000000001,7.784075,-3.865875,38.63472499999999,1076.910575
GalNAc(b1-4)[Neu5Ac(a2-3)]Gal(b1-4)GlcNAc(b1-Sp0,9.87175,3.1771999999999987,8.7591,-1.35135,11.200175000000005,1.061325
GalNAc(b1-4)[Neu5Ac(a2-3)]Gal(b1-4)GlcNAc(b1-Sp8,6.314349999999999,13.766475000000002,19.371725,0.18654999999999866,0.3984000000000005,16.58789999999999
GalNAc(b1-4)[Neu5Ac(a2-3)]Gal(b1-4)Glc(b1-Sp0,8.79695,-2.8208999999999964,13.739475,-1.0120750000000012,-1.82315,-10.36615
Neu5Ac(a2-3)Gal(b1-3)GalNAc(b1-4)[Neu5Ac(a2-3)]Gal(b1-4)Glc(b1-Sp0,2.8032249999999994,-2.9013000000000018,2.160525,-3.557975,2.1331499999999988,-12.847874999999998
Neu5Ac(a2-6)[Neu5Ac(a2-3)]GalNAc(a1-Sp8,14.167925,-7.520050000000001,24.40995,26.281624999999995,125.33239999999998,14588.350925000002
Neu5Ac(a2-3)GalNAc(a1-Sp8,22.347725,-6.219299999999998,26.2266,107.3789999999999,1035.6599,16614.873624999993
Neu5Ac(a2-3)GalNAc(b1-4)GlcNAc(b1-Sp0,11.392125,-1.5676999999999968,7.161800000000001,2.504649999999998,-1.2560000000000002,-24.227375
Neu5Ac(a2-3)Gal(b1-3)(6S)GlcNAc(a1-Sp8,21.0554,19.855924999999992,55.431725,19.778925,19.165575,32.328375
Neu5Ac(a2-3)Gal(b1-3)[ Fuc(a1-4)]GlcNAc(b1-Sp8,9.151675,28.368375,12.9912,-1.949375,-0.543825,297.5878999999999
Neu5Ac(a2-3)Gal(b1-3)[Fuc(a1-4)]GlcNAc(b1-3)Gal(b1-4)[Fuc(a1-3)]GlcNAc(b1-Sp0,35.80595000000001,37.37532500000001,563.8560999999999,463.29955000000007,3121.2950499999993,22788.13
Neu5Ac(a2-3)Gal(b1-4)[Neu5Ac(a2-3)Gal(b1-3)]GlcNAc(b1-Sp8,9.2814,4.704075000000003,94.55105,31.197675,59.88902499999998,147.092975
Neu5Ac(a2-3)Gal(b1-3)(6S)GalNAc(a1-Sp8,582.9288,5558.5883749999975,7273.854675,29997.112999999998,34140.69354999998,38377.188225
Neu5Ac(a2-6)[Neu5Ac(a2-3)Gal(b1-3)]GalNAc(a1-Sp8,798.4561000000001,3020.5584500000004,9874.044725,18868.216775,33678.70465,32369.94185000001
Neu5Ac(a2-6)[Neu5Ac(a2-3)Gal(b1-3)]GalNAc(a1-Sp14,22.735350000000004,2.1032749999999982,70.74165,29.74995,610.07105,8957.225524999998
Neu5Ac(a2-3)Gal(b1-Sp8,11.36575,4.593699999999998,6.993249999999999,1.6928999999999998,2.7734,-3.656324999999999
Neu5Ac(a2-3)Gal(b1-3)GalNAc(b1-3)Gal(a1-4)Gal(b1-4)Glc(b1-Sp0,7.312425000000001,1.4147249999999936,29.043775,-2.9741750000000007,20.9679,7.181675000000002
Neu5Ac(a2-3)Gal(b1-3)GlcNAc(b1-3)Gal(b1-4)GlcNAc(b1-Sp0,7.573550000000003,-0.8991000000000007,6.744349999999999,2.2757499999999986,-5.370975,0.03877500000000112
Fuc(a1-2)(6S)Gal(b1-4)Glc(b1-Sp0,8.2253,3.9096249999999984,17.26515,3.636375000000001,12.261549999999994,18.487399999999994
Neu5Ac(a2-3)Gal(b1-3)GlcNAc(b1-Sp0,14.306275,12.948375,24.915975,-5.400375,1.9419000000000004,-11.458824999999996
Neu5Ac(a2-3)Gal(b1-3)GlcNAc(b1-Sp8,13.37625,19.474675,7.203374999999994,-0.25074999999999825,-5.685200000000003,-3.6812500000000057
Neu5Ac(a2-3)Gal(b1-4)(6S)GlcNAc(b1-Sp8,6.3766250000000015,12.647375,9.478024999999997,10.174924999999998,-1.1546499999999966,-15.051149999999994
Neu5Ac(a2-3)Gal(b1-4)[Fuc(a1-3)](6S)GlcNAc(b1-Sp8,6.9277250000000015,0.07424999999999926,21.9889,8.115124999999999,297.97604999999993,3369.723725
Neu5Ac(a2-3)Gal(b1-4)[Fuc(a1-3)]GlcNAc(b1-3)Gal(b1-4)[Fuc(a1-3)]GlcNAc(b1-3)Gal(b1-4)[Fuc(a1-3)]GlcNAc(b1-Sp0,66.32360000000001,97.17335,2990.950325,1028.3657500000004,10843.85565,30516.5144
Neu5Ac(a2-3)Gal(b1-4)[Fuc(a1-3)]GlcNAc(b1-Sp0,8.79835,-2.513275,12.552700000000005,-0.5945749999999991,17.394025,1230.7329249999998
Neu5Ac(a2-3)Gal(b1-4)[Fuc(a1-3)]GlcNAc(b1-Sp8,4.951475000000002,-4.073200000000002,4.6996249999999975,5.268525000000004,2.1387249999999978,1920.1561
Neu5Ac(a2-3)Gal(b1-4)[Fuc(a1-3)]GlcNAc(b1-3)Gal(b1-Sp8,5.627600000000001,-7.986500000000001,9.55535,-4.371875,5.675749999999994,-7.2831750000000035
Neu5Ac(a2-3)Gal(b1-4)[Fuc(a1-3)]GlcNAc(b1-3)Gal(b1-4)GlcNAc(b1-Sp8,16.265500000000007,22.066150000000004,19.194575,36.474425,51.3147,4940.072000000001
Neu5Ac(a2-3)Gal(b1-4)GlcNAc(b1-3)Gal(b1-4)GlcNAc(b1-3)Gal(b1-4)GlcNAc(b1-Sp0,3.227250000000004,0.9296249999999996,18.90585,0.8000249999999989,-0.25294999999999845,-8.167299999999981
Neu5Ac(a2-3)Gal(b1-4)GlcNAc(b1-Sp0,3.8115499999999987,1.663399999999999,15.735450000000005,-6.619349999999999,0.4867249999999999,-11.927124999999993
Neu5Ac(a2-3)Gal(b1-4)GlcNAc(b1-Sp8,0.6333499999999983,1.6882500000000018,24.4703,4.673375,-1.6805750000000028,-15.833449999999996
Neu5Ac(a2-3)Gal(b1-4)GlcNAc(b1-3)Gal(b1-4)GlcNAc(b1-Sp0,0.437125,-5.3275500000000005,2.294675,7.174975,11.2718,-16.062350000000006
Fuc(a1-2)Gal(b1-4)(6S)Glc(b1-Sp0,12.84935,4.4807000000000015,15.605974999999995,2.238525000000001,17.68405,5.7791
Neu5Ac(a2-3)Gal(b1-4)Glc(b1-Sp0,15.361525,14.016050000000002,32.85662500000001,11.70325,30.252250000000004,22.86345000000001
Neu5Ac(a2-3)Gal(b1-4)Glc(b1-Sp8,4.86965,-1.73855,25.060175,15.500625,13.623424999999996,18.2263
Neu5Ac(a2-6)GalNAc(a1-Sp8,11.204675000000002,-3.04625,-3.892875,-5.003225,2.3363999999999976,180.36725
Neu5Ac(a2-6)GalNAc(b1-4)GlcNAc(b1-Sp0,9.494475,-1.4992000000000028,5.879750000000002,2.5819000000000023,3.9950750000000017,-8.330425
Neu5Ac(a2-6)Gal(b1-4)(6S)GlcNAc(b1-Sp8,2.8786250000000013,-2.886225,20.1669,-1.7523749999999991,0.05124999999999957,-12.300375
Neu5Ac(a2-6)Gal(b1-4)GlcNAc(b1-Sp0,12.9676,-4.4365,14.280974999999998,16.928800000000006,14.095674999999998,-7.517350000000002
Neu5Ac(a2-6)Gal(b1-4)GlcNAc(b1-Sp8,8.921649999999998,-3.722550000000002,23.503375,5.8111250000000005,-1.7283250000000017,-8.077524999999987
Neu5Ac(a2-6)Gal(b1-4)GlcNAc(b1-3)Gal(b1-4)[Fuc(a1-3)]GlcNAc(b1-3)Gal(b1-4)[Fuc(a1-3)]GlcNAc(b1-Sp0,77.101775,70.186275,3194.059725,1341.5713,6629.0718499999975,27540.15285
Neu5Ac(a2-6)Gal(b1-4)GlcNAc(b1-3)Gal(b1-4)GlcNAc(b1-Sp0,8.000099999999996,13.32145,9.634075000000003,-1.5809250000000006,-4.861750000000002,-19.853275
Neu5Ac(a2-6)Gal(b1-4)Glc(b1-Sp0,14.151725000000004,20.823925000000006,8.637275,4.670800000000002,4.776399999999999,-14.259174999999995
Neu5Ac(a2-6)Gal(b1-4)Glc(b1-Sp8,10.679975000000004,15.272449999999996,1.5907999999999998,7.892850000000001,15.613449999999995,16.94837499999999
Neu5Ac(a2-6)Gal(b1-Sp8,22.2335,12.648849999999998,19.89915,5.5762,-5.907799999999997,0.28302500000000563
Neu5Ac(a2-8)Neu5Ac(a1-Sp8,14.7285,0.5928749999999994,25.745075,4.759450000000003,-2.1588000000000007,-18.60795
Neu5Ac(a2-8)Neu5Ac(a2-3)Gal(b1-4)Glc(b1-Sp0,5.626900000000001,-9.925999999999998,4.4631500000000015,0.7412249999999982,-4.9215,-17.780349999999995
Gal(b1-3)[Fuc(a1-4)]GlcNAc(b1-3)Gal(b1-3)[Fuc(a1-4)]GlcNAc(b1-Sp0,11.03125,0.20309999999999828,12.678699999999996,7.9689999999999985,150.61245000000005,2960.675775
Neu5Ac(b2-6)GalNAc(a1-Sp8,10.28375,-2.998874999999998,9.743024999999998,2.180625,5.045349999999999,4.176675000000003
Neu5Ac(b2-6)Gal(b1-4)GlcNAc(b1-Sp8,7.1777750000000005,-1.087374999999998,11.83305,8.054974999999997,3.738974999999998,-9.563025
Neu5Gc(a2-3)Gal(b1-3)[Fuc(a1-4)]GlcNAc(b1-Sp0,8.614975,-4.31465,7.632375,2.26115,-7.080049999999997,-5.952924999999998
Neu5Gc(a2-3)Gal(b1-3)GlcNAc(b1-Sp0,14.823925,2.708700000000001,27.268300000000004,3.662725,8.218125,-6.579049999999999
Neu5Gc(a2-3)Gal(b1-4)[Fuc(a1-3)]GlcNAc(b1-Sp0,11.692075000000004,-1.3526000000000007,8.07335,3.3221500000000006,5.2261000000000015,31.40992500000001
Neu5Gc(a2-3)Gal(b1-4)GlcNAc(b1-Sp0,3.1832499999999992,6.0444999999999975,12.86,-1.293025,3.509575,-3.0847
Neu5Gc(a2-3)Gal(b1-4)Glc(b1-Sp0,8.672149999999998,-2.8220500000000013,6.847000000000008,5.495549999999996,5.810600000000001,11.733374999999995
Neu5Gc(a2-6)GalNAc(a1-Sp0,29.96525,-3.327799999999998,12.155925000000002,5.5533,8.812974999999996,574.2772500000002
Neu5Gc(a2-6)Gal(b1-4)GlcNAc(b1-Sp0,12.5634,10.8009,29.0808,10.08625,14.46165,14.068250000000011
Neu5Gc(a1-Sp8,13.86375,4.635900000000003,14.87705,4.4847500000000045,13.965725,6.65125
Neu5Ac(a2-3)Gal(b1-4)GlcNAc(b1-6)[Gal(b1-3)]GalNAc(a1-Sp14,23.148875,8.895824999999997,17.198925,38.827925,53.253875,8649.025875
Gal(b1-3)GlcNAc(b1-3)Gal(b1-3)GlcNAc(b1-Sp0,18.36435,10.604324999999996,8.994875,16.800325,16.044399999999996,8.106099999999998
Gal(b1-4)[Fuc(a1-3)](6S)GlcNAc(b1-Sp0 ,9.5531,1.3700249999999985,25.033775,4.032650000000001,9.642400000000002,-7.836699999999998
Gal(b1-4)[Fuc(a1-3)](6S)Glc(b1-Sp0,11.865500000000004,2.9212750000000014,33.80485,-3.50475,4.3749499999999975,5.216050000000003
Gal(b1-4)[Fuc(a1-3)]GlcNAc(b1-3)Gal(b1-3)[Fuc(a1-4)]GlcNAc(b1-Sp0,9.138325000000004,3.2966499999999983,15.921774999999998,5.618000000000002,12.033075,136.5403
Gal(b1-4)GlcNAc(b1-3)Gal(b1-3)GlcNAc(b1-Sp0,15.887925,22.047975,13.846000000000007,3.685625,11.258500000000002,17.196550000000002
Neu5Ac(a2-3)Gal(b1-3)GlcNAc(b1-3)Gal(b1-3)GlcNAc(b1-Sp0,13.293024999999995,6.977524999999996,17.098375000000004,-2.996325000000001,0.04574999999999818,-2.4834
Neu5Ac(a2-3)Gal(b1-4)GlcNAc(b1-3)Gal(b1-3)GlcNAc(b1-Sp0,6.446749999999996,3.1257750000000017,9.708500000000004,1.7042500000000018,1.1134500000000005,-9.393949999999991
4S(3S)Gal(b1-4)GlcNAc(b1-Sp0,10.757675,-7.119424999999998,9.004125,-3.3861000000000008,-1.3896249999999997,-14.794749999999995
(6S)Gal(b1-4)(6S)GlcNAc(b1-Sp0,3.7978250000000013,-1.4871749999999988,15.511875,-5.37375,-3.9348,-14.520375000000007
(6P)Glc(b1-Sp10,22.816775,27.388549999999995,9.777575,25.912175000000005,6.9319000000000015,10.210725000000009
Neu5Ac(a2-3)Gal(b1-4)[Fuc(a1-3)]GlcNAc(b1-6)[Gal(b1-3)]GalNAc(a1-Sp14,43.01857500000001,69.81215,43.39642500000001,43.676125,101.22837500000004,755.456775
Gal(b1-3)Gal(b1-4)GlcNAc(b1-Sp8,13.704749999999995,3.3424750000000074,4.391875,2.272600000000004,-0.6966250000000009,24.41770000000001
Neu5Ac(a2-6)Gal(b1-4)GlcNAc(b1-2)Man(a1-6)[Gal(b1-4)GlcNAc(b1-2)Man(a1-3)]Man(b1-4)GlcNAc(b1-4)GlcNAc(b1-Sp12,2.585350000000001,9.265074999999998,2.5924499999999986,-4.433125,-1.134575,-6.96585
Gal(b1-4)GlcNAc(b1-6)[Gal(b1-4)GlcNAc(b1-3)]Gal(b1-4)GlcNAc(a1-Sp0,7.3702999999999985,2.6619750000000018,1.414724999999998,7.5825999999999985,-1.803824999999998,-1.616899999999994
GlcNAc(b1-6)[Gal(b1-4)GlcNAc(b1-3)]Gal(b1-4)GlcNAc(a1-Sp0,7.039000000000005,9.126324999999998,1.4412749999999983,-1.9065499999999995,18.94745,-11.722724999999995
Gal(b1-4)GlcNAc(a1-6)Gal(b1-4)GlcNAc(b1-Sp0,8.806999999999997,3.978999999999999,13.196400000000002,-6.6192249999999975,7.855324999999999,-7.261600000000001
Gal(b1-4)GlcNAc(b1-6)Gal(b1-4)GlcNAc(b1-Sp0,7.929074999999999,0.4847249999999956,10.69435,6.387150000000003,12.682075,2.6113249999999972
GalNAc(b1-3)Gal(b1-Sp8,4.044375,-2.393699999999999,10.1154,3.140174999999997,15.480674999999994,-5.5010499999999976
GlcA(b1-3)GlcNAc(b1-Sp8,14.284024999999998,-11.818599999999998,20.551050000000004,9.102825,4.2360500000000005,-0.5137749999999954
Neu5Ac(a2-6)Gal(b1-4)GlcNAc(b1-2)Man(a1-6)[GlcNAc(b1-2)Man(a1-3)]Man(b1-4)GlcNAc(b1-4)GlcNAc(b1-Sp12,0.7389249999999992,1.7175500000000028,3.9155750000000014,12.145675,13.276925000000002,-5.448549999999997
GlcNAc(b1-3)Ma(n1-Sp10,7.200249999999999,-7.26385,15.1453,5.440399999999998,12.720124999999996,16.640150000000013
GlcNAc(b1-4)GlcNAc(b1-Sp10,0.0935250000000014,0.4079999999999995,36.1041,1.6045499999999997,13.441025000000002,-25.8168
GlcNAc(b1-4)GlcNAc(b1-Sp12,5.80955,-0.8892500000000005,10.014324999999998,1.900875000000001,17.439175000000002,-12.93825
MurNAc(b1-4)GlcNAc(b1-Sp10,15.149200000000004,3.3241000000000014,6.971399999999997,15.162050000000002,0.1504999999999992,-16.401549999999983
Man(a1-6)Man(b1-Sp10,3.4849750000000017,-1.2124749999999995,16.52575,15.384674999999998,3.94615,19.791149999999988
Man(a1-6)[Man(a1-3)]Man(a1-6)[Man(a1-3)]Man(b1-Sp10,31.25222500000001,15.726124999999994,27.9974,4.2250250000000005,5.826174999999999,14.624700000000004
Man(a1-2)Man(a1-6)[Man(a1-3)]Man(a1-6)[Man(a1-2)Man(a1-2)Man(a1-3)]Man(a1-Sp9,16.892049999999998,3.4876500000000004,23.01165,3.874099999999999,0.017649999999999718,21.639450000000004
Man(a1-2)Man(a1-6)[Man(a1-2)Man(a1-3)]Man(a1-6)[Man(a1-2)Man(a1-2)Man(a1-3)]Man(a1-Sp9,5.069349999999998,11.596649999999993,1.4242250000000016,9.883024999999996,-1.6003749999999997,18.628100000000003
Neu5Ac(a2-3)Gal(b1-4)GlcNAc(b1-6)[Neu5Ac(a2-3)Gal(b1-3)]GalNAc(a1-Sp14,10.4317,-0.7573250000000034,6.59625,6.194175,49.04935,2263.080549999999
Neu5Ac(a2-6)Gal(b1-4)GlcNAc(b1-2)Man(a1-6)[Neu5Ac(a2-3)Gal(b1-4)GlcNAc(b1-2)Man(a1-3)]Man(b1-4)GlcNAc(b1-4)GlcNAc(b1-Sp12,2.331575000000001,-6.540199999999999,14.714075,-2.5267750000000007,-7.040675,-14.026775000000004
Gal(b1-4)GlcNAc(b1-2)Man(a1-6)[Neu5Ac(a2-6)Gal(b1-4)GlcNAc(b1-2)Man(a1-3)]Man(b1-4)GlcNAc(b1-4)GlcNAc(b1-Sp12,4.8795,19.324425,19.5509,13.032275,9.787225,21.28915
GlcNAc(b1-2)Man(a1-6)[Neu5Ac(a2-6)Gal(b1-4)GlcNAc(b1-2)Man(a1-3)]Man(b1-4)GlcNAc(b1-4)GlcNAc(b1-Sp12,7.9025500000000015,8.370450000000005,1.9591499999999995,1.7899000000000005,2.7985000000000024,-9.626049999999992
Neu5Ac(a2-8)Neu5Ac(b1-Sp17,11.251075000000002,5.7051250000000024,10.165849999999997,-2.8581000000000016,6.5345,21.14095
Neu5Ac(a2-8)Neu5Ac(a2-8)Neu5Ac(b1-Sp8,1.6911000000000005,-1.703825,4.814125,-3.933924999999999,-1.4770749999999992,8.711950000000016
Neu5Gc(b2-6)Gal(b1-4)GlcNAc(a1-Sp8,22.162725,16.174074999999995,20.7145,4.438699999999997,-3.1027000000000005,40.46742499999999
Gal(b1-3)GlcNAc(b1-2)Man(a1-6)[Gal(b1-3)GlcNAc(b1-2)Man(a1-3)]Man(b1-4)GlcNAc(b1-4)GlcNAc(b1-Sp19,32.715999999999994,9.525524999999996,15.434524999999995,12.756524999999998,-0.970799999999997,21.238375
Neu5Ac(a2-3)Gal(b1-4)GlcNAc(b1-2)Man(a1-6)[Neu5Ac(a2-3)Gal(b1-4)GlcNAc(b1-2)Man(a1-3)]Man(b1-4)GlcNAc(b1-4)GlcNAc(b1-Sp12,6.8124249999999975,3.2830999999999992,7.2292,0.7096249999999991,5.3855749999999984,-17.190525
Neu5Ac(a2-3)Gal(b1-4)GlcNAc(b1-2)Man(a1-6)[Neu5Ac(a2-6)Gal(b1-4)GlcNAc(b1-2)Man(a1-3)]Man(b1-4)GlcNAc(b1-4)GlcNAc(b1-Sp12,2.9024,-1.349725000000002,2.365125,4.850325,-0.6667250000000013,-6.116824999999999
Gal(b1-4)[Fuc(a1-3)]GlcNAc(b1-2)Man(a1-6)[Gal(b1-4)[Fuc(a1-3)]GlcNAc(b1-2)Man(a1-3)]Man(b1-4)GlcNAc(b1-4)GlcNAc(b1-Sp20,7.932150000000003,10.582075000000003,19.059425,6.0855000000000015,13.20555,33.32865
"Neu5,9Ac2(a2-3)Gal(b1-4)GlcNAc(b1-Sp0",12.258724999999993,12.380725000000002,33.5785,5.917950000000001,7.731725000000001,-4.199375
"Neu5,9Ac2(a2-3)Gal(b1-4)GlcNAc(b1-Sp0",9.4497,0.4142750000000017,16.868399999999994,1.969224999999998,-0.2294249999999991,-11.709475
Neu5Ac(a2-6)Gal(b1-4)GlcNAc(b1-3)Gal(b1-3)GlcNAc(b1-Sp0,7.5222250000000015,1.0697499999999955,2.196375000000001,5.06325,2.580124999999997,14.683125
Neu5Ac(a2-3)Gal(b1-3)[Fuc(a1-4)]GlcNAc(b1-3)Gal(b1-3)[Fuc(a1-4)]GlcNAc(b1-Sp0,4.55395,5.973650000000001,4.150649999999999,7.0174,17.272099999999995,87.308375
Neu5Ac(a2-6)Gal(b1-4)GlcNAc(b1-3)Gal(b1-4)GlcNAc(b1-3)Gal(b1-4)GlcNAc(b1-Sp0,6.643575,-5.546224999999996,4.390425000000001,-2.9556000000000022,2.964450000000003,-5.949124999999995
Gal(a1-4)Gal(b1-4)GlcNAc(b1-3)Gal(b1-4)Glc(b1-Sp0,3.924200000000001,8.124125000000001,16.84384999999999,4.242899999999999,13.815224999999998,-1.9403749999999889
GalNAc(b1-3)Gal(a1-4)Gal(b1-4)GlcNAc(b1-3)Gal(b1-4)Glc(b1-Sp0,5.875374999999997,2.291425000000004,7.319974999999999,3.2013999999999982,10.1552,-9.368624999999994
GalNAc(a1-3)[Fuc(a1-2)]Gal(b1-4)GlcNAc(b1-3)Gal(b1-4)GlcNAc(b1-Sp0,2.02875,14.398449999999995,10.058450000000002,24.562674999999995,19.0673,-4.003524999999996
GalNAc(a1-3)[Fuc(a1-2)]Gal(b1-4)GlcNAc(b1-3)Gal(b1-4)GlcNAc(b1-3)Gal(b1-4)GlcNAc(b1-Sp0,39.7546,10.472275000000002,33.38912499999999,17.222624999999994,16.6325,23.50365
Neu5Ac(a2-3)Gal(b1-4)[Fuc(a1-3)]GlcNAc(b1-6)[Neu5Ac(a2-3)Gal(b1-3)]GalNAc(a1-Sp14,13.940825,62.746875,30.268025,41.362025,119.73452499999996,533.675875
GlcNAc(a1-4)Gal(b1-4)GlcNAc(b1-3)Gal(b1-4)GlcNAc(b1-3)Gal(b1-4)GlcNAc(b1-Sp0,9.177674999999997,2.8890249999999966,16.747075000000002,8.559624999999999,0.757950000000001,-8.254275000000002
GlcNAc(a1-4)Gal(b1-4)GlcNAc(b1-Sp0,10.348674999999998,-9.496949999999998,11.858125,2.7188250000000007,6.671750000000002,-2.738199999999998
GlcNAc(a1-4)Gal(b1-3)GlcNAc(b1-Sp0,5.991150000000001,-5.350050000000003,5.77015,0.6951499999999999,-0.2864500000000012,-2.290199999999995
GlcNAc(a1-4)Gal(b1-4)GlcNAc(b1-3)Gal(b1-4)Glc(b1-Sp0,6.329850000000002,-8.284025000000002,16.741600000000002,2.321375000000004,12.12145,-15.479799999999996
GlcNAc(a1-4)Gal(b1-4)GlcNAc(b1-3)Gal(b1-4)[Fuc(a1-3)]GlcNAc(b1-3)Gal(b1-4)[Fuc(a1-3)]GlcNAc(b1-Sp0,67.483375,90.883425,1949.3894250000005,677.8413750000002,2991.402875000001,20393.084625
GlcNAc(a1-4)Gal(b1-4)GlcNAc(b1-3)Gal(b1-4)GlcNAc(b1-Sp0,6.554199999999998,-5.4398500000000025,2.9571250000000022,4.7082,4.147375,-22.4917
GlcNAc(a1-4)Gal(b1-3)GalNAc(a1-Sp14,12.344924999999995,10.326749999999992,6.195075000000001,4.041,14.710100000000002,25.542025
Neu5Ac(a2-6)Gal(b1-4)GlcNAc(b1-2)Man(a1-6)[Man(a1-3)]Man(b1-4)GlcNAc(b1-4)GlcNAc(a1-Sp12,4.067225000000003,1.2607,7.8436999999999975,5.060749999999999,-5.7045749999999975,9.209675000000011
Man(a1-6)[Neu5Ac(a2-6)Gal(b1-4)GlcNAc(b1-2)Man(a1-3)]Man(b1-4)GlcNAc(b1-4)GlcNAc(a1-Sp12,6.224375,10.251974999999998,8.868375000000002,0.06522499999999809,-2.820850000000002,19.234049999999982
Neu5Ac(a2-6)Gal(b1-4)GlcNAc(b1-2)Man(a1-6)Man(b1-4)GlcNAc(b1-4)GlcNAc(a1-Sp12,9.1562,3.20835,16.008300000000006,1.225800000000001,-2.970625,-5.364049999999999
Neu5Ac(a2-6)Gal(b1-4)GlcNAc(b1-2)Man(a1-3)Man(b1-4)GlcNAc(b1-4)GlcNAc(a1-Sp12,10.672349999999996,1.0761500000000022,48.914975,7.681975000000002,-7.946149999999998,3.841624999999995
Gal(b1-4)GlcNAc(b1-2)Man(a1-3)Man(b1-4)GlcNAc(b1-4)GlcNAc(a1-Sp12,8.176200000000001,-2.4220499999999987,18.239450000000005,0.37439999999999785,9.902224999999998,3.1731999999999982
Gal(b1-4)GlcNAc(b1-2)Man(a1-6)Man(b1-4)GlcNAc(b1-4)GlcNAc(a1-Sp12,16.760925,5.378825000000001,27.190425,-0.13400000000000034,-1.4679250000000008,-8.022850000000002
Man(a1-6)[Gal(b1-4)GlcNAc(b1-2)Man(a1-3)]Man(b1-4)GlcNAc(b1-4)GlcNAc(b1-Sp12,7.011200000000006,-8.364925,1.4142749999999982,1.1823250000000023,5.784799999999999,6.1502750000000015
GlcNAc(b1-2)Man(a1-6)[GlcNAc(b1-2)Man(a1-3)]Man(b1-4)GlcNAc(b1-4)[Fuc(a1-6)]GlcNAc(b1-Sp22,12.151374999999998,3.3933249999999986,13.840975,14.622425000000002,13.7237,-2.0508749999999942
Gal(b1-4)GlcNAc(b1-2)Man(a1-6)[Gal(b1-4)GlcNAc(b1-2)Man(a1-3)]Man(b1-4)GlcNAc(b1-4)[Fuc(a1-6)]GlcNAc(b1-Sp22,10.1925,6.414824999999998,11.550325,17.503825,21.253725,15.956475
Gal(b1-3)GlcNAc(b1-2)Man(a1-6)[Gal(b1-3)GlcNAc(b1-2)Man(a1-3)]Man(b1-4)GlcNAc(b1-4)[Fuc(a1-6)]GlcNAc(b1-Sp22,5.963474999999997,2.012900000000004,8.694375,24.81335,22.19974999999999,41.09067499999999
(6S)GlcNAc(b1-3)Gal(b1-4)GlcNAc(b1-Sp0,-2.591775000000002,3.7880499999999984,13.480474999999998,3.268624999999997,3.1988000000000003,22.583
KDN(a2-3)Gal(b1-4)[Fuc(a1-3)]GlcNAc(a1-Sp0,16.288800000000002,14.48645,27.137225,28.234774999999992,15.8951,40.3721
KDN(a2-6)Gal(b1-4)GlcNAc(a1-Sp0,16.214199999999998,0.3941750000000006,14.641000000000002,1.1995499999999986,24.446800000000003,44.3061
KDN(a2-3)Gal(b1-4)Glc(a1-Sp0,12.416150000000002,18.73865,13.591425,15.368650000000004,11.593075000000002,24.50385
KDN(a2-3)Gal(b1-3)GalNAc(a1-Sp14,23.20457500000001,12.264800000000005,33.1032,36.904825,387.8016,4247.117774999999
Fuc(a1-2)Gal(b1-3)GlcNAc(b1-2)Man(a1-6)[Fuc(a1-2)Gal(b1-3)GlcNAc(b1-2)Man(a1-3)]Man(b1-4)GlcNAc(b1-4)GlcNAc(b1-Sp20,30.17985,33.573899999999995,82.57727499999996,14.99435,23.74602499999999,47.86022500000002
Fuc(a1-2)Gal(b1-4)GlcNAc(b1-2)Man(a1-6)[Fuc(a1-2)Gal(b1-4)GlcNAc(b1-2)Man(a1-3)]Man(b1-4)GlcNAc(b1-4)GlcNAc(b1-Sp20,26.006074999999992,0.6109250000000017,47.03920000000001,21.467,14.4051,19.201575000000005
Fuc(a1-2)Gal(b1-4)[Fuc(a1-3)]GlcNAc(b1-2)Man(a1-6)[Fuc(a1-2)Gal(b1-4)[Fuc(a1-3)]GlcNAc(b1-2)Man(a1-3)]Man(b1-4)GlcNAc(b1-4)GlcNA(b1-Sp20,15.377699999999995,10.593300000000003,15.712975000000002,8.051025,12.959124999999995,89.402875
Gal(a1-3)Gal(b1-4)GlcNAc(b1-2)Man(a1-6)[Gal(a1-3)Gal(b1-4)GlcNAc(b1-2)Man(a1-3)]Man(b1-4)GlcNAc(b1-4)GlcNAc(b1-Sp20,5.613375,10.970125,11.723300000000002,27.436025,23.365475,56.77912500000001
Gal(b1-4)GlcNAc(b1-2)Man(a1-6)[Man(a1-3)]Man(b1-4)GlcNAc(b1-4)GlcNAc(b1-Sp12,13.607475,-8.8738,6.691099999999999,1.0914749999999989,-7.4711,-7.817099999999996
Fuc(a1-4)[Gal(b1-3)]GlcNAc(b1-2)Man(a1-6)[Fuc(a1-4)[Gal(b1-3)]GlcNAc(b1-2)Man(a1-3)]Man(b1-4)GlcNAc(b1-4)[Fuc(a1-6)]GlcNAc(b1-Sp22,22.24747500000001,44.03607500000001,41.413125,17.969625,28.43189999999999,128.61057499999998
Neu5Ac(a2-6)GlcNAc(b1-4)GlcNAc(a1-Sp21,0.5286249999999999,-5.622350000000004,8.661875,-1.4765249999999988,-0.6560999999999986,-20.34625
Neu5Ac(a2-6)GlcNAc(b1-4)GlcNAc(b1-4)GlcNAc(a1-Sp21,10.357999999999997,-2.648374999999998,0.8186500000000017,4.721674999999999,-5.170300000000001,3.5539250000000067
Gal(b1-4)[Fuc(a1-3)]GlcNAc(b1-6)[Fuc(a1-2)Gal(b1-4)GlcNAc(b1-3)]Gal(b1-4)Glc(a1-Sp21,5.347600000000002,13.110299999999995,9.662450000000003,2.772549999999999,10.295425,6.891574999999996
Gal(b1-4)GlcNAc(b1-2)Man(a1-6)[Gal(b1-4)GlcNAc(b1-4)[Gal(b1-4)GlcNAc(b1-2)]Man(a1-3)]Man(b1-4)GlcNAc(b1-4)GlcNAc(a1-Sp21,10.29785,25.8692,5.910400000000003,0.3223500000000001,18.9179,43.50555000000001
GalNAc(a1-3)[Fuc(a1-2)]Gal(b1-4)GlcNAc(b1-2)Man(a1-6)[GalNAc(a1-3)[Fuc(a1-2)]Gal(b1-4)GlcNAc(b1-2)Man(a1-3)]Man(b1-4)GlcNAc(b1-4)GlcNAc(b1-Sp20,9.651700000000002,5.964900000000003,15.396875,5.236725,-2.062475000000001,5.6879500000000025
Gal(a1-3)[Fuc(a1-2)]Gal(b1-4)GlcNAc(b1-2)Man(a1-6)[Gal(a1-3)[Fuc(a1-2)]Gal(b1-4)GlcNAc(b1-2)Man(a1-3)]Man(b1-4)GlcNAc(b1-4)GlcNAc(b1-Sp20,13.52775,-1.2712250000000012,18.968774999999994,8.715,7.052100000000001,4.217100000000002
Gal(a1-3)Gal(b1-4)[Fuc(a1-3)]GlcNAc(b1-2)Man(a1-6)[Gal(a1-3)Gal(b1-4)[Fuc(a1-3)]GlcNAc(b1-2)Man(a1-3)]Man(b1-4)GlcNAc(b1-4)GlcNAc(b1-Sp20,31.723875,-0.6881499999999967,70.39082499999998,-2.3843499999999995,-1.8273750000000013,-9.974125
GalNAc(a1-3)[Fuc(a1-2)]Gal(b1-3)GlcNAc(b1-2)Man(a1-6)[GalNAc(a1-3)[Fuc(a1-2)]Gal(b1-3)GlcNAc(b1-2)Man(a1-3)]Man(b1-4)GlcNAc(b1-4)GlcNAc(b1-Sp20,7.622225000000002,7.130375000000001,5.744325000000003,6.346449999999999,27.33765,7.401350000000001
Gal(a1-3)[Fuc(a1-2)]Gal(b1-3)GlcNAc(b1-2)Man(a1-6)[Gal(a1-3)[Fuc(a1-2)]Gal(b1-3)GlcNAc(b1-2)Man(a1-3)]Man(b1-4)GlcNAc(b1-4)GlcNAc(b1-Sp20,8.570024999999998,5.266825000000006,26.900350000000003,6.499874999999999,9.791275000000002,7.9747249999999985
Fuc(a1-4)[Fuc(a1-2)Gal(b1-3)]GlcNAc(b1-2)Man(a1-3)[Fuc(a1-4)[Fuc(a1-2)Gal(b1-3)]GlcNAc(b1-2)Man(a1-3)]Man(b1-4)GlcNAc(b1-4)GlcNAc(b1-Sp19,24.5214,7.128475000000003,36.9461,18.80665,22.7305,50.19550000000001
Neu5Ac(a2-3)Gal(b1-4)GlcNAc(b1-3)GalNAc(a1-Sp14,8.454975,11.59725,8.756674999999996,-2.076225000000001,8.203350000000007,-23.182875
Neu5Ac(a2-6)Gal(b1-4)GlcNAc(b1-3)GalNAc(a1-Sp14,5.624675,2.0276999999999976,9.953925000000003,6.702999999999998,4.311575,0.9239749999999988
Neu5Ac(a2-3)Gal(b1-4)[Fuc(a1-3)]GlcNAc(b1-3)GalNAc(a1-Sp14,18.569375,40.55295000000001,15.026725,11.155425,18.84625,88.34407499999998
GalNAc(b1-4)GlcNAc(b1-2)Man(a1-6)[GalNAc(b1-4)GlcNAc(b1-2)Man(a1-3)]Man(b1-4)GlcNAc(b1-4)GlcNAc(a1-Sp12,65.58800000000001,79.69237500000001,81.70890000000003,44.78982500000001,47.20145,123.39512499999998
Gal(b1-3)GalNAc(a1-3)[Fuc(a1-2)]Gal(b1-4)Glc(a1-Sp0,22.7043,-5.935999999999996,19.999275,86.74315,644.0255999999998,13118.308924999998
Gal(b1-3)GalNAc(a1-3)[Fuc(a1-2)]Gal(b1-4)GlcNAc(a1-Sp0,20.513925,-2.816825000000001,50.41147500000001,61.93467500000001,489.696625,21182.277925
Gal(b1-3)GlcNac(b1-3)Gal(b1-4)GlcNac(b1-6)[Gal(b1-3)GlcNac(b1-3)]Gal(b1-4)Glc(b1-Sp0,13.940600000000005,16.215025000000004,2.700925,10.957850000000004,17.55635,-7.832199999999991
Gal(b1-4)[Fuc(a1-3)]GlcNAc(b1-6)[Gal(b1-3)GlcNAc(b1-3)]Gal(b1-4)Glc(a1-Sp21,25.445875,11.772849999999993,11.401225,8.448899999999998,27.9219,31.298825
Gal(b1-4)GlcNAc(b1-6)[Fuc(a1-4)[Fuc(a1-2)Gal(b1-3)]GlcNAc(b1-3)]Gal(b1-4)Glc(a1-Sp21,27.40105,7.028074999999999,14.900350000000005,12.458374999999998,1.248125,6.308125
Gal(b1-4)[Fuc(a1-3)]GlcNAc(b1-6)[Fuc(a1-4)[Fuc(a1-2)Gal(b1-3)]GlcNAc(b1-3)]Gal(b1-4)Glc(a1-Sp21,2.5779499999999995,8.71095,14.0455,0.9256000000000012,5.6415750000000475,371.71967500000005
Gal(b1-3)GlcNAc(b1-3)Gal(b1-4)[Fuc(a1-3)]GlcNAc(b1-6)[Gal(b1-3)GlcNAc(b1-3)]Gal(b1-4)Glc(a1-Sp21,30.54427500000001,17.9142,1353.650225,266.011875,2130.7656249999995,16840.27135
Gal(b1-4)GlcNac(b1-6)[Gal(b1-4)GlcNac(b1-2)]Man(a1-6)[Gal(b1-4)GlcNac(b1-4)[Gal(b1-4)GlcNac(b1-2)]Man(a1-3)]Man(b1-4)GlcNac(b1-4)GlcNac(b1-Sp21,8.131525000000002,6.786725000000002,12.040749999999996,-1.0244500000000034,11.946025,10.400775
GlcNac(b1-2)Man(a1-6)[GlcNac(b1-4)[GlcNac(b1-2)]Man(a1-3)]Man(b1-4)GlcNac(b1-4)GlcNac(a1-Sp21,16.72475,11.146275000000005,10.292775000000002,20.218975,2.1309750000000034,-0.7929499999999976
Fuc(a1-2)Gal(b1-3)GalNAc(a1-3)[Fuc(a1-2)]Gal(b1-4)Glc(b1-Sp0,17.535375000000002,8.391774999999999,11.384050000000002,6.979099999999999,20.643574999999995,32.556725
Fuc(a1-2)Gal(b1-3)GalNAc(a1-3)[Fuc(a1-2)]Gal(b1-4)GlcNAc(b1-Sp0,1.7023500000000018,-5.491050000000001,16.8429,7.2041499999999985,11.162275000000005,460.8648
Gal(b1-3)GlcNAc(b1-3)GalNAc(a1-Sp14,13.908199999999995,4.6629000000000005,6.883700000000001,15.900249999999998,0.8087500000000016,12.156200000000005
GalNAc(b1-4)[Neu5Ac(a2-3)]Gal(b1-4)GlcNAc(b1-3)GalNAc(a1-Sp14,48.205450000000006,101.129025,87.42830000000002,81.83605,63.836075,128.8865
GalNAc(a1-3)[Fuc(a1-2)]Gal(b1-3)GalNAc(a1-3)[Fuc(a1-2)]Gal(b1-4)GlcNAc(b1-Sp0,9.109399999999997,12.213649999999998,7.193799999999998,11.962949999999998,7.347749999999998,15.3031
Gal(a1-3)Gal(b1-3)GlcNAc(b1-2)Man(a1-6)[Gal(a1-3)Gal(b1-3)GlcNAc(b1-2)Man(a1-3)]Man(b1-4)GlcNAc(b1-4)GlcNAc(a1-Sp19,35.451475,164.45322499999997,24.0716,73.61765,70.12725,262.749825
Gal(a1-3)Gal(b1-3)[Fuc(a1-4)]GlcNAc(b1-2)Man(a1-6)[Gal(a1-3)Gal(b1-3)[Fuc(a1-4)]GlcNAc(b1-2)Man(a1-3)]Man(b1-4)GlcNAc(b1-4)GlcNAc(a1-Sp19,18.707525000000004,25.085375,24.584525,29.219875000000005,22.023625,111.267075
Neu5Ac(a2-3)Gal(b1-3)GlcNAc(b1-2)Man(a1-6)[Neu5Ac(a2-3)Gal(b1-3)GlcNAc(b1-2)Man(a1-3)]Man(b1-4)GlcNAc(b1-4)GlcNAc(a1-Sp19,25.18555,-0.3328499999999988,50.64737499999999,3.243350000000003,29.902874999999995,-10.276050000000003
GlcNAc(b1-2)Man(a1-6)[Gal(b1-4)GlcNAc(b1-2)Man(a1-3)]Man(b1-4)GlcNAc(b1-4)GlcNAc(a1-Sp12,13.85085,-0.06675000000000164,5.694200000000001,2.601275,4.523899999999999,-0.8661500000000011
Gal(b1-4)GlcNAc(b1-2)Man(a1-6)[GlcNAc(b1-2)Man(a1-3)]Man(b1-4)GlcNAc(b1-4)GlcNAc(a1-Sp12,2.8967499999999986,-0.7518249999999984,5.8173,0.009424999999997574,6.521925000000002,4.249675000000003
Neu5Ac(a2-3)Gal(b1-3)GlcNAc(b1-3)GalNAc(a1-Sp14,7.602024999999998,-2.510775,12.681750000000005,0.4169749999999999,15.547899999999995,6.3684499999999975
Fuc(a1-2)Gal(b1-4)GlcNac(b1-3)GalNac(a1-Sp14,8.0229,0.8573250000000012,14.515125,4.843050000000002,4.0083499999999965,11.5413
Gal(b1-4)[Fuc(a1-3)]GlcNac(b1-3)GalNac(a1-Sp14,9.638975,5.26845,34.050275000000006,21.103675,9.977824999999992,16.526824999999995
GalNac(a1-3)GalNac(b1-3)Gal(a1-4)Gal(b1-4)GlcNac(b1-Sp0,6.290574999999998,1.5511999999999997,12.116325000000005,2.1359000000000035,-4.146725,-2.8902
Gal(a1-4)Gal(b1-3)GlcNac(b1-2)Man(a1-6)[Gal(a1-4)Gal(b1-3)GlcNac(b1-2)Man(a1-3)]Man(b1-4)GlcNac(b1-4)GlcNac(b1-Sp19,8.31365,7.1287,19.797124999999994,27.81595,10.590124999999997,-1.6946750000000037
Gal(a1-4)Gal(b1-4)GlcNac(b1-2)Man(a1-6)[Gal(a1-4)Gal(b1-4)GlcNac(b1-2)Man(a1-3)]Man(b1-4)GlcNac(b1-4)GlcNac(b1-Sp24,8.805424999999996,10.180775,10.486225000000003,96.946075,35.9209,24.16669999999999
Gal(a1-3)Gal(b1-4)GlcNac(b1-3)GalNac(a1-Sp14,13.0774,5.239175000000001,13.308900000000005,7.680175,14.975474999999996,0.5628000000000029
Gal(b1-3)GlcNAc(b1-6)Gal(b1-4)GlcNAc(b1-Sp0,6.5140499999999975,-0.7366500000000045,8.351024999999998,2.110299999999995,4.431924999999996,-19.4661
Gal(b1-3)GlcNAc(a1-6)Gal(b1-4)GlcNAc(b1-Sp0,3.612274999999997,5.858299999999996,16.024824999999996,-0.3859250000000003,9.8081,-25.46825000000001
GalNAc(b1-3)Gal(a1-6)Gal(b1-4)Glc(b1-Sp8,13.455574999999996,4.206499999999998,7.217200000000003,1.5531000000000024,0.7826499999999985,8.336974999999997
Gal(a1-3)[Fuc(a1-2)]Gal(b1-4)[Fuc(a1-3)]Glc(b1-Sp21,9.638474999999996,12.424425,8.585049999999999,17.154074999999995,13.367874999999973,10.397749999999998
Gal(b1-4)GlcNAc(b1-6)[Neu5Ac(a2-6)Gal(b1-3)GlcNAc(b1-3)]Gal(b1-4)Glc(a1-Sp21,11.381100000000002,4.886525000000002,5.854275,2.559050000000001,3.60655,-0.3641999999999985
Gal(b1-3)GalNAc(b1-4)[Neu5Ac(a2-8)Neu5Ac(a2-3)]Gal(b1-4)Glc(b1-Sp0,6.704575,2.6796250000000046,9.932474999999998,12.040299999999995,10.546800000000003,-6.052175000000003
Neu5Ac(a2-3)Gal(b1-3)GalNAc(b1-4)[Neu5Ac(a2-8)Neu5Ac(a2-3)]Gal(b1-4)Glc(b1-Sp0,6.685399999999998,11.432800000000002,3.2470000000000017,17.359825,9.378899999999998,-9.020350000000002
Gal(a1-3)[Fuc(a1-2)]Gal(b1-4)GlcNAc(b1-3)GalNAc(a1-Sp14,14.658374999999996,16.737275,18.608824999999992,-0.3749500000000001,20.297275,15.439900000000007
GalNAc(a1-3)[Fuc(a1-2)]Gal(b1-4)GlcNAc(b1-3)GalNAc(a1-Sp14,12.809600000000005,16.813775,27.1001,7.561949999999999,15.352324999999995,3.2097500000000068
GalNAc(a1-3)GalNAc(b1-3)Gal(a1-4)Gal(b1-4)Glc(b1-Sp0,7.885075,7.214674999999996,11.098325,-2.8110250000000025,3.5865500000000026,-3.073275000000009
Fuc(a1-2)Gal(b1-4)[Fuc(a1-3)]GlcNAc(b1-3)GalNAc(a1-Sp14,23.777525000000004,141.6476,26.309725,158.655775,144.420175,420.34365
Gal(a1-3)[Fuc(a1-2)]Gal(b1-4)[Fuc(a1-3)]GlcNAc(b1-3)GalNAc(a1-Sp14,13.5912,94.14525,18.143075000000003,6.788675,10.486824999999993,134.04702500000002
GalNAc(a1-3)[Fuc(a1-2)]Gal(b1-4)[Fuc(a1-3)]GlcNAc(b1-3)GalNAc(a1-Sp14,15.552975000000002,138.75705000000005,13.07965,129.48440000000002,124.60262500000002,420.097275
Gal(b1-4)[Fuc(a1-3)]GlcNAc(b1-2)Man(a1-6)[Gal(b1-4)[Fuc(a1-3)]GlcNAc(b1-2)Man(a1-3)]Man(b1-4)GlcNAc(b1-4)[Fuc(a1-6)]GlcNAc(b1-Sp22,14.044900000000005,91.54477500000002,16.209050000000005,16.385524999999998,22.727225,155.64895
Fuc(a1-2)Gal(b1-4)GlcNAc(b1-2)Man(a1-6)[Fuc(a1-2)Gal(b1-4)GlcNAc(b1-2)Man(a1-3)]Man(b1-4)GlcNAc(b1-4)[Fuc(a1-6)]GlcNAc(b1-Sp22,2.871875,-11.843875000000002,19.00155,2.338075,6.219125000000003,-2.5476500000000044
GlcNAc(b1-2)[GlcNAc(b1-6)]Man(a1-6)[GlcNAc(b1-2)Man(a1-3)]Man(b1-4)GlcNAc(b1-4)GlcNAc(b1-Sp19,9.549699999999998,0.9963249999999979,10.908325,1.6700499999999978,8.039225000000004,-3.830375
Fuc(a1-2)Gal(b1-3)GlcNAc(b1-3)GalNAc(a1-Sp14,-1.1040500000000018,0.055875000000000334,12.512649999999995,-1.2447750000000006,0.2687999999999988,-17.7052
Gal(a1-3)[Fuc(a1-2)]Gal(b1-3)GlcNAc(b1-3)GalNAc(a1-Sp14,8.003600000000002,3.5479250000000047,6.7886000000000015,7.762324999999999,-0.4112,5.5888749999999945
GalNAc(a1-3)[Fuc(a1-2)]Gal(b1-3)GlcNAc(b1-3)GalNAc(a1-Sp14,13.691875,1.1372000000000018,9.433225,9.74225,5.9856,21.772425
Gal(a1-3)Gal(b1-3)GlcNAc(b1-3)GalNAc(a1-Sp14,18.762950000000004,7.828700000000001,9.4669,9.021674999999998,7.046899999999999,10.051299999999998
Fuc(a1-2)Gal(b1-3)GlcNAc(b1-2)Man(a1-6)[Fuc(a1-2)Gal(b1-3)GlcNAc(b1-2)Man(a1-3)]Man(b1-4)GlcNAc(b1-4)[Fuc(a1-6)]GlcNAc(b1-Sp22,5.343200000000001,11.333225000000002,14.896875,10.15,6.707524999999999,0.14577499999999333
Gal(a1-3)[Fuc(a1-2)]Gal(b1-4)GlcNAc(b1-2)Man(a1-6)[Gal(a1-3)[Fuc(a1-2)]Gal(b1-4)GlcNAc(b1-2)Man(a1-3)]Man(b1-4)GlcNAc(b1-4)[Fuc(a1-6)]GlcNAc(b1-Sp22,5.839725000000001,4.850075,2.2716000000000003,11.274925000000005,9.862475,30.447600000000005
Gal(b1-3)GlcNAc(b1-6)[Gal(b1-3)GlcNAc(b1-2)]Man(a1-6)[Gal(b1-3)GlcNAc(b1-2)Man(a1-3)]Man(b1-4)GlcNAc(b1-4)GlcNAc(b1-Sp19,10.278199999999996,7.03415,14.523775000000002,39.28597499999999,27.795175,4.422750000000008
Gal(b1-4)GlcNAc(b1-6)[Fuc(a1-2)Gal(b1-3)GlcNAc(b1-3)]Gal(b1-4)Glc(a1-Sp21,9.3208,-3.624775000000003,9.67915,11.882575000000005,18.567375,7.373375000000002
Fuc(a1-3)GlcNAc(b1-6)[Gal(b1-4)GlcNAc(b1-3)]Gal(b1-4)Glc(a1-Sp21,24.40575,4.100225000000002,21.752175,14.95572499999999,15.818500000000027,1.3613750000000024
GlcNAc(b1-2)Man(a1-6)[GlcNAc(b1-4)][GlcNAc(b1-2)Man(a1-3)]Man(b1-4)GlcNac(b1-4)GlcNAc(a1-Sp21,-4.552700000000003,6.350225000000003,-4.039475,17.824924999999993,5.55,17.832350000000005
GlcNAc(b1-2)Man(a1-6)[GlcNAc(b1-4)][GlcNAc(b1-4)[GlcNAc(b1-2)]Man(a1-3)]Man(b1-4)GlcNAc(b1-4)GlcNAc(a1-Sp21,1.8347,-4.449349999999999,6.9544,2.944775,-3.48395,-4.494375
GlcNAc(b1-6)[GlcNAc(b1-2)]Man(a1-6)[GlcNAc(b1-4)][GlcNAc(b1-2)Man(a1-3)]Man(b1-4)GlcNAc(b1-4)GlcNAc(a1-Sp21,10.2577,-6.7754499999999975,6.070550000000001,-2.5638999999999967,-0.4485500000000018,-10.371925
GlcNAc(b1-6)[GlcNAc(b1-2)]Man(a1-6)[GlcNAc(b1-4)][GlcNAc(b1-4)[GlcNAc(b1-2)]Man(a1-3)]Man(b1-4)GlcNAc(b1-4)GlcNAc(a1-Sp21,4.312675000000001,10.321225000000002,3.159524999999997,3.207324999999998,1.281875,-7.11965
Gal(b1-4)GlcNAc(b1-2)Man(a1-6)[GlcNAc(b1-4)][Gal(b1-4)GlcNAc(b1-2)Man(a1-3)]Man(b1-4)GlcNAc(b1-4)GlcNAc(a1-Sp21,8.76715,-0.31564999999999976,7.706125,-0.7168000000000001,10.691949999999991,-6.071699999999992
Gal(b1-4)GlcNAc(b1-2)Man(a1-6)[GlcNAc(b1-4)][Gal(b1-4)GlcNAc(b1-4)[Gal(b1-4)GlcNAc(b1-2)]Man(a1-3)]Man(b1-4)GlcNAc(b1-4)GlcNAc(a1-Sp21,7.317325000000002,11.108549999999996,3.6261,12.876125000000002,12.270475,31.82432499999999
Gal(b1-4)GlcNAc(b1-6)[Gal(b1-4)GlcNAc(b1-2)]Man(a1-6)[GlcNAc(b1-4)][Gal(b1-4)GlcNAc(b1-2)Man(a1-3)]Man(b1-4)GlcNAc(b1-4)GlcNAc(a1-Sp21,12.558999999999992,21.4935,13.146649999999998,-1.980650000000001,-1.2369749999999975,28.262625
Gal(b1-4)GlcNAc(b1-6)[Gal(b1-4)GlcNAc(b1-2)]Man(a1-6)[GlcNAc(b1-4)][Gal(b1-4)GlcNAc(b1-4)[Gal(b1-4)GlcNAc(b1-2)]Man(a1-3)]Man(b1-4)GlcNAc(b1-4)GlcNAc(a1-Sp21,14.9814,20.282325000000007,6.8119250000000005,24.24772500000001,13.530824999999998,29.362825
Gal(b1-4)Gal(b1-Sp10,24.4676,-5.452100000000005,20.06297500000001,2.555625,-6.888325000000001,4.8125499999999946
Gal(b1-6)Gal(b1-Sp10,23.09972500000001,16.383200000000002,8.335050000000003,4.76985,11.386550000000005,26.866025
Neu5Ac(a2-3)Gal(b1-4)GlcNAc(b1-3)Gal(b1-Sp8,4.681099999999999,6.287200000000002,-3.550225,-1.4735250000000022,1.9597999999999995,1.4212249999999926
GalNAc(b1-6)GalNAc(b1-Sp8,16.046324999999996,-5.31645,22.42110000000001,-0.7175000000000011,-6.0586750000000045,-18.239950000000004
(6S)Gal(b1-3)GlcNAc(b1-Sp0,8.611099999999997,-9.089849999999998,6.712225000000004,-6.9902250000000015,-4.04275,-36.200025
(6S)Gal(b1-3)(6S)GlcNAc(a1-Sp0,-2.430599999999999,7.5896500000000024,14.8191,-2.921700000000003,7.115174999999999,-23.096875
Fuc(a1-2)Gal(b1-4) GlcNAc(b1-2)Man(a1-6)[Fuc(a1-2)Gal(b1-4)GlcNAc(b1-2)[Fuc(a1-2)Gal(b1-4)GlcNAc(b1-4)]Man(a1-3)]Man(b1-4)GlcNAc(b1-4)GlcNAc(b1-N,20.101575000000004,10.071324999999998,28.52352500000001,26.847575,12.826725,19.668425000000006
Fuc(a1-2)Gal(b1-4)[Fuc(a1-3)]GlcNAc(b1-2)Man(a1-6)[Fuc(a1-2)Gal(b1-4)[Fuc(a1-3)]GlcNAc(b1-4)[Fuc(a1-2)Gal(b1-4)[Fuc(a1-3)]GlcNAc(b1-2)]Man(a1-3)]Man(b1-4)GlcNAc(b1-4)GlcNAc(b1-N,27.7922,15.7955,37.291725,18.497325000000004,19.576775,46.62945
Gal(b1-4)[Fuc(a1-3)]GlcNAc(b1-6)GalNAc(a1-Sp14,23.8647,12.566025000000005,16.820575000000005,20.68204999999999,12.888525,27.34395000000001
Gal(b1-4)GlcNAc(b1-2)Man(a1-Sp0,32.067975000000004,0.8856249999999992,17.6996,11.31125,4.807525,2.5795250000000074
Fuc(a1-2)Gal(b1-4)GlcNAc(b1-6)[Fuc(a1-2)Gal(b1-4)GlcNAc(b1-3)]GalNAc(a1-Sp14,4.015900000000004,-0.34782500000000205,6.262775000000001,2.2995,4.599050000000002,12.437275
Gal(a1-3)Fuc(a1-2)Gal(b1-4)GlcNAc(b1-6)[Gal(a1-3)Fuc(a1-2)Gal(b1-4)GlcNAc(b1-3)]GalNAc(a1-Sp14,8.445850000000002,-3.7486,5.100999999999999,0.5332250000000016,0.9208999999999996,9.1691
GalNAc(a1-3)[Fuc(a1-2)]Gal(b1-4)GlcNAc(b1-6)[GalNAc(a1-3)[Fuc(a1-2)]Gal(b1-4)GlcNAc(b1-3)]GalNAc(a1-Sp14,0.4202999999999992,7.3954499999999985,13.299575000000004,1.4404500000000002,2.7548250000000016,-14.381675
Neu5Ac(a2-8)Neu5Ac(a2-3)Gal(b1-3)GalNAc(b1-4)[Neu5Ac(a2-8)Neu5Ac(a2-3)]Gal(b1-4)Glc(b1-Sp0,19.226099999999974,1.0001999999999978,20.762675,7.933600000000002,7.509825000000001,-11.303200000000004
GalNAc(b1-4)Gal(b1-4)Glc(b1-Sp0,16.233425,19.125100000000003,23.704950000000004,21.023399999999995,7.0578999999999965,32.67017500000001
GalNAc(a1-3)[Fuc(a1-2)]Gal(b1-4)GlcNAc(b1-2)Man(a1-6)[GalNAc(a1-3)[Fuc(a1-2)]Gal(b1-4)GlcNAc(b1-2)Man(a1-3)]Man(b1-4)GlcNAc(b1-4)[Fuc(a1-6)]GlcNAc(b1-Sp22,13.915325,7.300050000000006,2.44815,9.2748,6.076500000000002,1.1579500000000067
Gal(a1-3)[Fuc(a1-2)]Gal(b1-3)GlcNAc(b1-2)Man(a1-6)[Gal(a1-3)[Fuc(a1-2)]Gal(b1-3)GlcNAc(b1-2)Man(a1-3)]Man(b1-4)GlcNAc(b1-4)[Fuc(a1-6)]GlcNAc(b1-Sp22,8.333925000000002,31.3564,17.41185,19.1723,26.55007500000001,29.384
Neu5Ac(a2-6)Gal(b1-4)GlcNAc(b1-6)[Fuc(a1-2)Gal(b1-3)GlcNAc(b1-3)]Gal(b1-4)Glc(a1-Sp21,14.949825,-12.720600000000005,24.248574999999995,1.0128499999999994,-0.2739250000000011,13.671824999999998
GalNAc(a1-3)[Fuc(a1-2)]Gal(b1-3)GlcNAc(b1-2)Man(a1-6)[GalNAc(a1-3)[Fuc(a1-2)]Gal(b1-3)GlcNAc(b1-2)Man(a1-3)]Man(b1-4)GlcNAc(b1-4)[Fuc(a1-6)]GlcNAc(b1-Sp22,12.430700000000002,7.068375000000002,4.796750000000002,1.3885000000000014,-3.468850000000001,-11.754475
Gal(b1-4)GlcNAc(b1-6)[Gal(b1-4)GlcNAc(b1-2)]Man(a1-6)[Gal(b1-4)GlcNAc(b1-2)Man(a1-3)]Man(b1-4)GlcNAc(b1-4)GlcNAc(b1-Sp19,2.7063500000000005,-5.483024999999996,17.59165,4.283325000000001,4.668875,-1.0097499999999986
Neu5Ac(a2-3)Gal(b1-4)GlcNAc(b1-2)Man(a1-6)[GlcNAc(b1-4)][Neu5Ac(a2-3)Gal(b1-4)GlcNAc(b1-2)Man(a1-3)]Man(b1-4)GlcNAc(b1-4)GlcNAc(b1-Sp21,7.957925000000001,-8.242800000000004,4.411524999999998,-4.0553,-8.608475000000002,-4.295749999999998
Neu5Ac(a2-3)Gal(b1-4)GlcNAc(b1-4)Man(a1-6)[GlcNAc(b1-4)][Neu5Ac(a2-3)Gal(b1-4)GlcNAc(b1-4)[Neu5Ac(a2-3)Gal(b1-4)GlcNAc(b1-2)]Man(a1-3)]Man(b1-4)GlcNAc(b1-4)GlcNAc(b1-Sp21,6.505875000000001,-8.001350000000004,5.063625,4.321899999999999,3.4284250000000007,-14.106924999999995
Neu5Ac(a2-3)Gal(b1-4)GlcNAc(b1-6)[Neu5Ac(a2-3)Gal(b1-4)GlcNAc(b1-2)]Man(a1-6)[GlcNAc(b1-4)][Neu5Ac(a2-3)Gal(b1-4)GlcNAc(b1-2)Man(a1-3)]Man(b1-4)GlcNAc(b1-4)GlcNAc(b1-Sp21,3.814375,0.09300000000000352,12.246624999999995,1.2988999999999995,-5.474699999999995,-10.127425000000002
Neu5Ac(a2-3)Gal(b1-4)GlcNAc(b1-6)[Neu5Ac(a2-3)Gal(b1-4)GlcNAc(b1-2)]Man(a1-6)[GlcNAc(b1-4)][Neu5Ac(a2-3)Gal(b1-4)GlcNAc(b1-4)[Neu5Ac(a2-3)Gal(b1-4)GlcNAc(b1-2)]Man(a1-3)]Man(b1-4)GlcNAc(b1-4)GlcNAc(b1-Sp21,7.392125000000003,-3.7623749999999987,8.969175000000002,2.381425,2.8228000000000013,-11.866625
Neu5Ac(a2-6)Gal(b1-4)GlcNAc(b1-2)Man(a1-6)[GlcNAc(b1-4)][Neu5Ac(a2-6)Gal(b1-4)GlcNAc(b1-2)Man(a1-3)]Man(b1-4)GlcNAc(b1-4)GlcNAc(b1-Sp21,10.74585,-6.2056,1.5123750000000022,0.4077499999999992,-10.42745,5.402774999999983
Neu5Ac(a2-6)Gal(b1-4)GlcNAc(b1-4)Man(a1-6)[GlcNAc(b1-4)][Neu5Ac(a2-6)Gal(b1-4)GlcNAc(b1-4)[Neu5Ac(a2-6)Gal(b1-4)GlcNAc(b1-2)]Man(a1-3)]Man(b1-4)GlcNAc(b1-4)GlcNAc(b1-Sp21,6.343625000000002,10.317325,18.2403,4.06715,6.255949999999999,29.68275
Neu5Ac(a2-6)Gal(b1-4)GlcNAc(b1-6)[Neu5Ac(a2-6)Gal(b1-4)GlcNAc(b1-2)]Man(a1-6)[GlcNAc(b1-4)][Neu5Ac(a2-6)Gal(b1-4)GlcNAc(b1-2)Man(a1-3)]Man(b1-4)GlcNAc(b1-4)GlcNAc(b1-Sp21,11.817974999999995,1.6970000000000027,9.866175000000002,1.5192499999999995,-7.546025,43.862350000000006
Neu5Ac(a2-6)Gal(b1-4)GlcNAc(b1-6)[Neu5Ac(a2-6)Gal(b1-4)GlcNAc(b1-2)]Man(a1-6)[GlcNAc(b1-4)][Neu5Ac(a2-6)Gal(b1-4)GlcNAc(b1-4)[Neu5Ac(a2-6)Gal(b1-4)GlcNAc(b1-2)]Man(a1-3)]Man(b1-4)GlcNAc(b1-4)GlcNAc(b1-Sp21,8.56535,1.7846000000000009,18.384825,2.5260750000000005,2.983874999999996,-4.164924999999997
Gal(a1-3)[Fuc(a1-2)]Gal(b1-3)GalNAc(a1-Sp8,11.655124999999995,0.14254999999999995,23.584425000000003,3.832575,75.15545,649.6827999999998
Gal(a1-3)[Fuc(a1-2)]Gal(b1-3)GalNAc(b1-Sp8,18.471425000000004,4.938450000000005,11.261099999999995,11.3629,8.387475,8.324824999999997
Glc(a1-6)Glc(a1-6)Glc(a1-6)Glc(b1-Sp10,14.837000000000002,26.854125,13.040174999999998,5.883274999999998,13.798324999999998,34.32234999999999
Glc(a1-4)Glc(a1-4)Glc(a1-4)Glc(b1-Sp10,9.619225,12.174000000000001,14.432450000000005,12.8748,2.680975,14.973899999999995
Neu5Ac(a2-3)Gal(b1-4)GlcNAc(b1-6)[Neu5Ac(a2-3)Gal(b1-4)GlcNAc(b1-3)]GalNAc(a1-Sp14,7.564249999999999,1.7053249999999966,12.778475,6.110325,-6.042975000000001,-14.839375
Fuc(a1-2)Gal(b1-4)[Fuc(a1-3)]GlcNAc(b1-2)Man(a1-6)[Fuc(a1-2)Gal(b1-4)[Fuc(a1-3)]GlcNAc(b1-2)Man(a1-3)]Man(b1-4)GlcNAc(b1-4)[Fuc(a1-6)]GlcNAc(b1-Sp24,21.281350000000003,-0.9377499999999994,55.135575,2.7754999999999987,4.939299999999999,20.4871
Fuc(a1-2)Gal(b1-3)[Fuc(a1-4)]GlcNAc(b1-2)Man(a1-6)[Fuc(a1-2)Gal(b1-3)[Fuc(a1-4)]GlcNAc(b1-2)Man(a1-3)]Man(b1-4)GlcNAc(b1-4)[Fuc(a1-6)]GlcNA(cb-S)p(1-4)[Fuc(a1-6)]GlcNAc(b1-Sp19,21.362775000000006,0.8178249999999974,9.674625,14.803725,17.005899999999997,28.019775
Neu5Ac(a2-3)Gal(b1-3)GlcNAc(b1-6)[Neu5Ac(a2-3)Gal(b1-4)GlcNAc(b1-2)]Man(a1-6)[Neu5Ac(a2-3)Gal(b1-3)GlcNAc(b1-2)Man(a1-3)]Man(b1-4)GlcNAc(b1-4)GlcNAc(b1-Sp19,13.9518,-2.786925,4.638924999999997,-2.3259000000000007,6.737874999999997,-15.009425
GlcNAc(b1-6)[GlcNAc(b1-2)]Man(a1-6)[GlcNAc(b1-2)Man(a1-3)]Man(b1-4)GlcNAc(b1-4)[Fuc(a1-6)]GlcNAc(b1-Sp24,11.585675,-1.4712000000000014,10.970425,7.5496250000000025,4.961775000000001,-4.644124999999999
Gal(b1-3)GlcNAc(b1-2)Man(a1-6)[GlcNAc(b1-4)][Gal(b1-3)GlcNAc(b1-2)Man(a1-3)]Man(b1-4)GlcNAc(b1-4)GlcNAc(b1-Sp21,11.742175,-0.7564499999999992,22.32245,7.15165,11.316825,7.262025000000005
Neu5Ac(a2-6)Gal(b1-4)GlcNAc(b1-6)[Gal(b1-3)GlcNAc(b1-3)]Gal(b1-4)Glc(b1-Sp21,16.727800000000002,0.15804999999999936,16.137300000000003,3.694600000000001,5.278600000000001,-9.708350000000024
Neu5Ac(a2-3)Gal(b1-4)GlcNAc(b1-2)Man(a1-Sp0,29.505875000000003,14.559324999999998,31.966100000000004,5.583525,20.715,94.05942500000002
Neu5Ac(a2-3)Gal(b1-4)GlcNAc(b1-6)GalNAc(a1-Sp14,12.366899999999996,-13.707000000000004,1.9167500000000004,1.0906499999999983,6.14095,6.562725
Neu5Ac(a2-6)Gal(b1-4)GlcNAc(b1-6)GalNAc(a1-Sp14,10.020299999999997,13.195874999999996,11.026275,15.0253,15.709574999999996,31.70830000000001
Neu5Ac(a2-6)Gal(b1-4)GlcNAc(b1-6)[Neu5Ac(a2-6)Gal(b1-4)GlcNAc(b1-3)]GalNAc(a1-Sp14,5.8402499999999975,16.038974999999994,13.255625,0.8708999999999971,-4.890674999999998,-7.99605
Neu5Ac(a2-6)Gal(b1-4)GlcNAc(b1-2)Man(a1-6)[Neu5Ac(a2-6)Gal(b1-4)GlcNAc(b1-2)Man(a1-3)]Man(b1-4)GlcNAc(b1-4)[Fuc(a1-6)]GlcNAc(b1-Sp24,8.348849999999997,15.3952,18.6962,1.599574999999998,8.876450000000002,-0.3377999999999943
Neu5Ac(a2-3)Gal(b1-4)GlcNAc(b1-2)Man(a1-6)[Neu5Ac(a2-3)Gal(b1-4)GlcNAc(b1-2)Man(a1-3)]Man(b1-4)GlcNAc(b1-4)[Fuc(a1-6)]GlcNAc(b1-Sp24,10.2975,-2.9270750000000016,2.345974999999997,0.9192249999999972,-4.551499999999999,-17.632225
Man(a1-6)[Man(a1-3)]Man(b1-4)GlcNAc(b1-4)[Fuc(a1-6)]GlcNAc(b1-Sp19,3.529,-6.367949999999999,4.092225000000003,2.31965,-1.4989750000000033,-13.096475
Gal(b1-4)GlcNAc(b1-6)[Gal(b1-4)GlcNAc(b1-2)]Man(a1-6)[Gal(b1-4)GlcNAc(b1-2)Man(a1-3)]Man(b1-4)GlcNAc(b1-4)[Fuc(a1-6)]GlcNAc(b1-Sp24,8.597124999999998,6.791300000000005,10.552924999999998,28.869975,3.430925,19.990875000000006
Neu5Ac(a2-3)Gal(b1-3)GlcNAc(b1-2)Man(a1-6)[GlcNAc(b1-4)][Neu5Ac(a2-3)Gal(b1-3)GlcNAc(b1-2)Man(a1-3)]Man(b1-4)GlcNAc(b1-4)GlcNAc(a1-Sp21,5.915425000000006,10.2957,8.942250000000003,16.855300000000007,19.843,19.05040000000001
Neu5Ac(a2-6)Gal(b1-4)GlcNAc(b1-6)[Fuc(a1-2)Gal(b1-4)[Fuc(a1-3)]GlcNAc(b1-3)]Gal(b1-4)Glc(a1-Sp21,2.495474999999999,1.2327000000000012,3.5428,3.2941000000000003,17.686400000000006,27.4643
Gal(b1-3)GlcNAc(b1-6)GalNAc(a1-Sp14,11.827774999999995,-0.8297500000000007,5.2691500000000016,-1.3439749999999977,7.175900000000002,-9.394200000000003
Gal(a1-3)Gal(b1-3)GlcNAc(b1-6)GalNAc(a1-Sp14,21.453925,15.093025,14.496875,11.130150000000002,8.532975,33.25679999999999
Gal(b1-3)[Fuc(a1-4)]GlcNAc(b1-6)GalNAc(a1-Sp14,24.836775,35.55014999999999,13.625675,0.467649999999999,16.045924999999997,113.19695000000004
Neu5Ac(a2-3)Gal(b1-3)GlcNAc(b1-6)GalNAc(a1-Sp14,10.257950000000003,10.713374999999996,10.15135,6.080375,3.4063250000000007,-7.982199999999992
(3S)Gal(b1-3)[Fuc(a1-4)]GlcNAc(b1-Sp0,0.2671499999999973,1.2023749999999973,7.846049999999997,-4.205499999999999,-1.0627750000000002,-1.7069999999999936
Gal(b1-4)[Fuc(a1-3)]GlcNAc(b1-6)[Neu5Ac(a2-6)[Neu5Ac(a2-3)Gal(b1-3)]GlcNAc(b1-3)]Gal(b1-4)Glc(a1-Sp21,9.465775,6.773324999999998,7.204075,3.0701,7.1213000000000015,-3.97
Fuc(a1-2)Gal(b1-4)GlcNAc(b1-6)GalNAc(a1-Sp14,12.0403,10.786775,13.775075000000005,2.080399999999999,5.206225,13.615700000000004
Gal(a1-3)Gal(b1-4)GlcNAc(b1-6)GalNAc(a1-Sp14,12.443,-2.8818,3.964599999999999,-0.4271249999999984,-1.0820999999999987,-15.733175
Gal(b1-4)[Fuc(a1-3)]GlcNAc(b1-2)Man(a1-Sp0,10.71305,-2.0475,12.2956,-0.4607000000000019,-0.9944249999999979,-0.2701999999999991
Fuc(a1-2)(6S)Gal(b1-3)GlcNAc(b1-Sp0,2.4502999999999986,-4.63865,11.05735,-3.654275,-6.135,-17.475775000000002
Gal(a1-3)[Fuc(a1-2)]Gal(b1-4)GlcNAc(b1-6)GalNAc(a1-Sp14,16.048025000000006,12.482725,17.474124999999994,-1.0561249999999998,9.516275,7.645174999999997
Fuc(a1-2)Gal(b1-4)GlcNAc(b1-2)Man(a1-Sp0,9.8381,12.974625,10.25525,15.639325000000005,10.146425,-7.632425000000001
Fuc(a1-2)Gal(b1-3)(6S)GlcNAc(b1-Sp0,15.235825,0.6358500000000031,10.867475,6.233974999999999,8.87305,16.798
Fuc(a1-2)(6S)Gal(b1-3)(6S)GlcNAc(b1-Sp0,18.136925,-12.63125,31.11745,5.253575,5.620450000000003,31.06620000000001
Neu5Ac(a2-6)GalNAc(b1-4)(6S)GlcNAc(b1-Sp8,12.390225,11.476475000000008,8.671450000000002,28.05277500000001,5.476525000000002,-5.856199999999998
GalNAc(b1-4)[Fuc(a1-3)](6S)GlcNAc(b1-Sp8,23.769475000000003,8.333650000000002,44.069425,-3.927975,276.4616,7055.598549999998
(3S)GalNAc(b1-4)[Fuc(a1-3)]GlcNAc(b1-Sp8,19.051525000000005,5.009450000000005,184.77317500000004,18.67795,2322.962025,31654.216424999995
Fuc(a1-2)Gal(b1-3)GlcNAc(b1-6)[Fuc(a1-2)Gal(b1-3)GlcNAc(b1-3)]GalNAc(a1-Sp14,16.05265,1.886300000000002,16.997925000000002,2.4899249999999995,7.744850000000001,17.463199999999993
GalNAc(a1-3)[Fuc(a1-2)]Gal(b1-3)GlcNAc(b1-6)GalNAc(a1-Sp14,14.106224999999998,-8.2771,12.83935,5.9214249999999975,-2.2452000000000005,-15.261049999999996
GlcNAc(b1-6)[GlcNAc(b1-2)]Man(a1-6)[GlcNAc(b1-4)][GlcNAc(b1-4)[GlcNAc(b1-2)]Man(a1-3)]Man(b1-4)GlcNAc(b1-4)[Fuc(a1-6)]GlcNAc(a1-Sp21,-2.0424000000000007,-11.845425,11.309500000000005,-2.8447999999999984,-2.296900000000001,-12.378825000000004
Gal(b1-4)GlcNAc(b1-6)[Gal(b1-4)GlcNAc(b1-2)]Man(a1-6)[GlcNAc(b1-4)]Gal(b1-4)GlcNAc(b1-4)[Gal (b1-4)GlcNAc(b1-2)]Man(a1-3)]Man(b1-4)GlcNAc(b1-4)[Fuc(a1-6)]GlcNAc(a1-Sp21,7.60125,16.825374999999998,5.772675,3.352175000000001,1.9019999999999968,14.159824999999998
Gal(b1-3)GlcNAc(a1-3)Gal(b1-4)GlcNAc(b1-Sp8 ,5.0874000000000015,-13.650599999999995,7.789924999999997,-0.43200000000000216,6.5595000000000026,-7.9482
Gal(b1-3)(6S)GlcNAc(b1-Sp8 ,6.64095,-1.7147250000000014,9.709425,0.025150000000001786,6.531450000000001,-5.9650500000000015
(6S)(4S)GalNAc(b1-4)GlcNAc(a1-Sp8,3.3659500000000016,-9.404725,5.619149999999998,7.074574999999998,2.63,-13.060750000000002
(6S)GalNAc(b1-4)GlcNAc(a1-Sp8 ,6.744700000000003,-6.6484999999999985,14.736875,-4.026274999999999,7.0299749999999985,-13.480399999999992
(3S)GalNAc(b1-4)(3S)GlcNAc(a1-Sp8,6.463925,-19.001975,7.238225000000003,-3.7486000000000006,1.33695,-23.55589999999999
GalNAc(b1-4)(6S)GlcNAc(a1-Sp8 ,11.195275,-7.487975,12.209775,7.682174999999999,19.287425,-21.925825
(3S)GalNAc(b1-4)GlcNAc(a1-Sp8 ,9.127225,-2.312650000000001,7.182374999999999,-7.182724999999998,-10.69455,-44.5593
(4S)GalNac(b1-Sp10,24.472025,-6.59,7.978674999999999,-2.3264749999999994,1.6321500000000002,-31.817650000000004
Gal(b1-4)(6P)GlcNAc(b1-Sp0 ,18.5115,-0.883149999999997,2.862124999999999,-2.0195000000000007,8.644225,12.138425000000005
(6P)Gal(b1-4)GlcNAc(b1-SP0 ,-6.347824999999998,-16.973774999999996,-0.8789500000000015,-10.641025,12.379475,-21.097175000000004
GalNAc(a1-3)[Fuc(a1-2)]Gal(b1-4)GlcNAc(b1-6)GalNAc(a1-Sp14,-1.5425499999999994,6.5105,6.2516,4.154124999999997,8.4018,8.391524999999998
Neu5Ac(a2-6)Gal(b1-4)GlcNAc(b1-2)Ma(n1-Sp0,13.654525,6.0348000000000015,9.241649999999998,-3.081500000000001,2.137975000000002,11.869350000000004
Gal(a1-3)Gal(b1-4)GlcNAc(b1-2)Man(a1-Sp0,9.692750000000004,2.7802750000000014,7.770200000000001,1.8150250000000003,3.3973499999999994,14.402175
Gal(a1-3)[Fuc(a1-2)]Gal(b1-4)GlcNAc(b1-2)Man(a1-Sp0,8.745875,-0.9188500000000008,6.4124,4.236124999999999,1.0991750000000011,-10.009700000000002
GalNAc(a1-3)[Fuc(a1-2)]Gal(b1-4) GlcNAc(b1-2)Man(a1-Sp0,7.208149999999998,3.0859249999999983,9.088375,-1.8196500000000009,18.01775,-15.482924999999998
 Gal(b1-3)GlcNAc(b1-2)Man(a1-Sp0,7.3367749999999985,12.299549999999995,25.461525,4.229050000000001,14.783725000000004,49.24242500000002
Gal(a1-3)[Fuc(a1-2)]Gal(b1-3)GlcNAc(b1-6)GalNAc(a1-Sp14,5.5669999999999975,18.96542499999999,17.286724999999993,13.94785,7.062775000000006,1.5295000000000023
Neu5Ac(a2-3)Gal(b1-3)GlcNAc(b1-2)Man(a1-Sp0,37.226775,29.556125,24.13665,13.304375,19.04445,257.6156
Gal(a1-3)Gal(b1-3)GlcNAc(b1-2)Man(a1-Sp0,8.696599999999998,-3.738999999999999,7.479825000000003,-7.0724750000000025,7.041025000000001,-13.591175
GalNAc(b1-4)GlcNAc(b1-2)Man(a1-Sp0,13.850225000000005,-0.3616499999999992,9.854149999999997,-0.8605250000000009,0.71115,11.876350000000002
Neu5Ac(a2-3)Gal(b1-3)GlcNAc(b1-4)Gal(b1-4)Glc(b1-Sp0,13.359249999999998,-1.7374249999999982,12.602999999999998,4.138575000000003,3.2700250000000004,3.671099999999999
GlcNAc(b1-2) Man(a1-6)[GlcNAc(b1-4)][GlcNAc(b1-2)Man(a1-3)]Man(b1-4)GlcNAc(b1-4)[Fuc(a1-6)]GlcNAc(a1-Sp21,10.874924999999998,10.84525,7.9998749999999985,5.0615999999999985,11.785475000000002,-4.4805249999999965
Gal(b1-4)GlcNAc(b1-2)Man(a1-6)[GlcNAc(b1-4)][Gal(b1-4)GlcNAc(b1-2)Man(a1-3)]Man(b1-4)GlcNAc(b1-4)[Fuc(a1-6)]GlcNAc(a1-Sp21,5.0875,2.713925,16.382725,1.9715750000000007,3.987274999999997,-0.14999999999999858
Gal(b1-4)GlcNAc(b1-2)Man(a1-6)[Gal(b1-4)GlcNAc(b1-4)][Gal(b1-4)GlcNAc(b1-2)Man(a1-3)]Man(b1-4)GlcNAc(b1-4)[Fuc(a1-6)]GlcNAc(a1-Sp21,18.859525,16.09405,13.0335,8.852325,13.79575,27.48037500000001
Fuc(a1-4)[Gal(b1-3)]GlcNAc(b1-2)Man(a1-Sp0,16.7288,31.377425,23.915550000000003,2.753499999999999,21.525675,11.088025000000002
Neu5Ac(a2-3)Gal(b1-4)[Fuc(a1-3)]GlcNAc(b1-2)Man(a1-Sp0,7.1380750000000015,18.4461,5.29585,6.313324999999999,6.4830999999999985,8.804199999999998
GlcNAc(b1-3)Gal(b1-4)GlcNAc(b1-6)[GlcNAc(b1-3)]Gal(b1-4)GlcNAc(a1-Sp0,11.3663,25.40890000000001,8.319025000000002,-4.318899999999998,6.735425000000001,9.031699999999994
GalNAc(a1-3)[Fuc(a1-2)]Gal(b1-3)GalNAc(b1-3)Gal(a1-4)Gal(b1-4)Glc(a1-Sp21,1.5737249999999996,-0.8941000000000034,7.499475,-1.0024750000000004,14.451499999999998,-14.317274999999995
Gal(a1-3)[Fuc(a1-2)]Gal(b1-3)GalNAc(b1-3)Gal(a1-4)Gal(b1-4)Glc(a1-Sp21,4.758025000000002,13.962825,6.022974999999999,10.4952,6.354974999999996,74.145175
Gal(b1-3)GalNAc(b1-3)Ga(l1-Sp21,13.56345,4.18975,16.463,0.07672499999999971,18.812625,-16.949175000000004
GlcNAc(b1-3)Gal(b1-4)GlcNAc(b1-2)Man(a1-6)[GlcNAc(b1-3)Gal(b1-4)GlcNAc(b1-2)Man(a1-3)]Man(b1-4)GlcNAc(b1-4)GlcNAc(b1-Sp12,-12.570225,-20.016525,-9.397000000000002,-10.864075,8.2056,-36.079875
GlcNAc(b1-3)Gal(b1-4)GlcNAc(b1-2)Man(a1-6)[GlcNAc(b1-3)Gal(b1-4)GlcNAc(b1-2)Man(a1-3)]Man(b1-4)GlcNAc(b1-4)GlcNAc(b1-Sp25,16.552149999999994,38.412725,27.949775,14.852525,11.1296,69.88555
Gal(b1-4)GlcNAc(b1-3)Gal(b1-4)GlcNAc(b1-2)Man(a1-6)[Gal(b1-4)GlcNAc(b1-3)Gal(b1-4)GlcNAc(b1-2)Man(a1-3)]Man(b1-4)GlcNAc(b1-4)GlcNAc(b1-Sp12,113.3814,69.47435,225.90415000000007,77.10822499999998,71.92247499999998,328.34650000000005
Gal(b1-4)GlcNAc(b1-3)Gal(b1-4)GlcNAc(b1-2)Man(a1-6)[Gal(b1-4)GlcNAc(b1-3)Gal(b1-4)GlcNAc(b1-2)Man(a1-3)]Man(b1-4)GlcNAc(b1-4)GlcNAc(b1-Sp24,5.327300000000001,13.324349999999995,11.394375,15.152774999999998,10.202174999999997,9.422525
Neu5Gc(a2-3)Gal(b1-4)GlcNAc(b1-3)Gal(b1-4)GlcNAc(b1-2)Man(a1-6)[Neu5Gc(a2-3)Gal(b1-4)GlcNAc(b1-3)Gal(b1-4)GlcNAc(b1-2)Man(a1-3)]Man(b1-4)GlcNAc(b1-4)GlcNAc(b1-Sp24,14.680575,9.338575,22.44895000000001,6.080399999999999,16.742050000000006,1.6355000000000004
Fuc(a1-2)Gal(b1-4)GlcNAc(b1-3)Gal(b1-4)GlcNAc(b1-2)Man(a1-6)[Fuc(a1-2)Gal(b1-4)GlcNAc(b1-3)Gal(b1-4)GlcNAc(b1-2)Man(a1-3)]Man(b1-4)GlcNAc(b1-4)GlcNAc(b1-Sp24,10.251875,24.12915,20.845299999999995,14.25465,12.653149999999995,42.55522499999999
GlcNAc(b1-3)Gal(b1-4)GlcNAc(b1-3)Gal(b1-4)GlcNAc(b1-2)Man(a1-6)[GlcNAc(b1-3)Gal(b1-4)GlcNAc(b1-3)Gal(b1-4)GlcNAc(b1-2)Man(a1-3)]Man(b1-4)GlcNAc(b1-4)GlcNAc(b1-Sp12,87.90355000000002,83.649575,140.31275,96.552225,81.779375,366.4192749999999
GlcNAc(b1-3)Gal(b1-4)GlcNAc(b1-3)Gal(b1-4)GlcNAc(b1-2)Man(a1-6)[GlcNAc(b1-3)Gal(b1-4)GlcNAc(b1-3)Gal(b1-4)GlcNAc(b1-2)Man(a1-3)]Man(b1-4)GlcNAc(b1-4)GlcNAc(b1-Sp25,14.294375,11.360425,18.111525000000004,29.54115000000001,14.994599999999995,19.34285
Gal(b1-4)GlcNAc(b1-3)Gal(b1-4)GlcNAc(b1-3)Gal(b1-4)GlcNAc(b1-2)Man(a1-6)[Gal(b1-4)GlcNAc(b1-3)Gal(b1-4)GlcNAc(b1-3)Gal(b1-4)GlcNAc(b1-2)Man(a1-3)]Man(b1-4)GlcNAc(b1-4)GlcNAc(b1-Sp12,161.499075,204.58245,283.101125,110.997575,142.48175000000003,691.394225
Gal(b1-4)GlcNAc(b1-3)Gal(b1-4)GlcNAc(b1-3)Gal(b1-4)GlcNAc(b1-2)Man(a1-6)[Gal(b1-4)GlcNAc(b1-3)Gal(b1-4)GlcNAc(b1-3)Gal(b1-4)GlcNAc(b1-2)Man(a1-3)]Man(b1-4)GlcNAc(b1-4)GlcNAc(b1-Sp24,16.6783,5.809375,24.70035000000001,40.26682500000001,25.184099999999994,55.4382
GlcNAc(b1-3)Gal(b1-4)GlcNAc(b1-3)Gal(b1-4)GlcNAc(b1-3)Gal(b1-4)GlcNAc(b1-2)Man(a1-6)[GlcNAc(b1-3)Gal(b1-4)GlcNAc(b1-3)Gal(b1-4)GlcNAc(b1-3)Gal(b1-4)GlcNAc(b1-2)Man(a1-3)]Man(b1-4)GlcNAc(b1-4)GlcNAc(b1-Sp25,21.15525,-0.12199999999999987,16.492800000000006,-3.99865,8.204150000000006,11.101750000000004
Gal(b1-4)GlcNAc(b1-3)Gal(b1-4)GlcNAc(b1-3)Gal(b1-4)GlcNAc(b1-3)Gal(b1-4)GlcNAc(b1-2)Man(a1-6)[Gal(b1-4)GlcNAc(b1-3)Gal(b1-4)GlcNAc(b1-3)Gal(b1-4)GlcNAc(b1-3)Gal(b1-4)GlcNAc(b1-2)Man(a1-3)]Man(b1-4)GlcNAc(b1-4)GlcNAc(b1-Sp25,27.344,10.659499999999998,35.70730000000001,1.2635000000000003,18.445675000000005,11.599050000000005
Gal(b1-3)GlcNAc(b1-3)Gal(b1-4)GlcNAc(b1-2)Man(a1-6)[Gal(b1-3)GlcNAc(b1-3)Gal(b1-4)GlcNAc(b1-2)Man(a1-3)]Man(b1-4)GlcNAc(b1-4)GlcNAc(a1-Sp25,23.969325000000005,-1.8209249999999968,33.977775,5.479474999999997,8.802425000000003,1.2023500000000027
Neu5Gc(a2-8)Neu5Gc(a2-3)Gal(b1-4)GlcNAc(a1-Sp0,1.51715,2.4458249999999992,5.5810749999999985,-3.67605,-0.6645500000000011,-20.059525
Neu5Ac(a2-8)Neu5Gc(a2-3)Gal(b1-4)GlcNAc(a1-Sp0,15.723049999999995,-0.8690250000000006,13.743099999999998,3.111324999999999,4.782225,1.9008249999999967
Neu5Gc(a2-8)Neu5Ac(a2-3)Gal(b1-4)GlcNAc(a1-Sp0,7.694499999999998,6.554875000000001,5.9838,1.8876750000000009,0.5203750000000582,-2.439524999999996
Neu5Gc(a2-8)Neu5Gc(a2-3)Gal(b1-4)GlcNAc(b1-3)Gal(b1-4)GlcNAc(a1-Sp0,5.835400000000003,2.046574999999999,2.3443250000000013,-0.894375,24.82492500000001,-6.202325000000003
Neu5Gc(a2-8)Neu5Gc(a2-6)Gal(b1-4)GlcNAc(a1-Sp0,6.100049999999998,-0.7295750000000076,9.340324999999996,3.7811,7.451774999999998,15.185250000000007
Neu5Ac(a2-8)Neu5Ac(a2-3)Gal(b1-4)GlcNAc(a1-Sp0,1.184075,-0.021849999999998808,10.088375,-1.3289749999999998,-3.2066,-14.070425
GlcNAc(b1-3)Gal(b1-4)GlcNAc(b1-6)[GlcNAc(b1-3)Gal(b1-4)GlcNAc(b1-2)]Man(a1-6)[GlcNAc(b1-3)Gal(b1-4)GlcNAc(b1-2)]Man(a1-3)]Man(b1-4)GlcNAc(b1-4)GlcNAc(a1-Sp24,30.104325,74.74357499999998,49.28094999999999,22.97945,75.42367499999997,394.00795000000005
Gal(b1-4)GlcNAc(b1-3)Gal(b1-4)GlcNAc(b1-6)[Gal(b1-4)GlcNAc(b1-3)Gal(b1-4)GlcNAc(b1-2)]Man(a1-6)[Gal(b1-4)GlcNAc(b1-3)Gal(b1-4)GlcNAc(b1-2)Man(a1-3)]Man(a1-4)GlcNAc(b1-4)GlcNAc(a1-Sp24,18.572575,6.565425000000001,16.5841,75.86259999999999,40.47655,271.625425
Gal(a1-3)Gal(b1-4)GlcNAc(b1-2)Man(a1-6)[Gal(a1-3)Gal(b1-4)GlcNAc(b1-2)Man(a1-3)]Man(b1-4)GlcNAc(b1-4)GlcNAc(a1-Sp24,9.264925000000009,71.11125,11.248475,136.010625,97.184875,167.153125
GlcNAc(b1-3)Gal(b1-4)GlcNAc(b1-6)[GlcNAc(b1-3)Gal(b1-3)]GalNAc(a1-Sp14,-0.16642500000000204,10.138400000000004,10.582950000000002,12.830875000000002,7.675899999999999,835.4922999999999
GalNAc(b1-3)GlcNAc(b1-Sp0 ,1.6938249999999968,8.169924999999996,15.794375,11.712025000000004,8.921025,12.126225000000005
GalNAc(b1-4)GlcNAc(b1-3)GalNAc(b1-4)GlcNAc(b1-Sp0 ,-1.192875,-5.097100000000003,10.984875000000002,-2.4261250000000008,4.871724999999998,-6.6038250000000005
GlcNAc(b1-3)Gal(b1-4)GlcNAc(b1-3)Gal(b1-4)GlcNAc(b1-3)Gal(b1-4)GlcNAc(b1-3)Gal(b1-4)GlcNAc(b1-2)Man(a1-6)[GlcNAc(b1-3)Gal(b1-4)GlcNAc(b1-3)Gal(b1-4)GlcNAc(b1-3)Gal(b1-4)GlcNAc(b1-3)Gal(b1-4)GlcNAc(b1-2)Man(a1-3)]Man(b1-4)GlcNAc(b1-4)GlcNAc(b1-Sp25,26.988675,59.97060000000001,13.323699999999995,47.00005,59.63330000000001,145.72429999999997
Gal(b1-4)GlcNAc(b1-3)Gal(b1-4)GlcNAc(b1-3)Gal(b1-4)GlcNAc(b1-3)Gal(b1-4)GlcNAc(b1-3)Gal(b1-4)GlcNAc(b1-2)Man(a1-6)[Gal(b1-4)GlcNAc(b1-3)Gal(b1-4)GlcNAc(b1-3)Gal(b1-4)GlcNAc(b1-3)Gal(b1-4)GlcNAc(b1-3)Gal(b1-4)GlcNAc(b1-2)Man(a1-3)]Man(b1-4)GlcNAc(b1-4)GlcNAc(b1-Sp25,14.5928,-4.929924999999997,21.88135,2.0565999999999987,8.541150000000002,-13.122474999999998
GlcNA(b1-3)Gal(b1-3)GalNAc(a1-Sp14,17.577349999999996,14.050125000000005,24.363375,11.27515,510.75840000000005,2059.372025
Gal(b1-3)GlcNAc(b1-6)[Gal(b1-3)]GalNAc(a1-Sp14,5.504675000000006,19.820225000000004,25.27364999999999,47.647450000000006,64.16515000000001,2134.7121
Gal(b1-4)GlcNAc(b1-3)Gal(b1-4)GlcNAc(b1-3)Gal(b1-4)GlcNAc(b1-3)Gal(b1-4)GlcNAc(b1-3)Gal(b1-4)GlcNAc(b1-3)Gal(b1-4)GlcNAc(b1-2)Man(a1-6)[Gal(b1-4)GlcNAc(b1-3)Gal(b1-4)GlcNAc(b1-3)Gal(b1-4)GlcNAc(b1-3)Gal(b1-4)GlcNAc(b1-3)Gal(b1-4)GlcNAc(b1-3)Gal(b1-4)GlcNAc(b1-2)Man(a1-3)]Man(b1-4)GlcNAc(b1-4)GlcNAc(b1-Sp25,5.467525000000002,24.90255,21.784575,-5.177325,12.9979,128.3893
(3S)GlcA(b1-3)Gal(b1-4)GlcNAc(b1-3)Gal(b1-4)Glc(a1-Sp0,8.385450000000002,3.0483499999999992,8.583900000000002,0.9214750000000008,3.791875,24.603125
(3S)GlcA(b1-3)Gal(b1-4)GlcNAc(b1-2)Man(a1-Sp0,3.1674750000000014,-5.4132500000000014,2.396100000000004,-11.339100000000002,13.302849999999975,-15.42929999999999
Gal(b1-3)GlcNAc(b1-3)Gal(b1-4)GlcNAc(b1-3)Gal(b1-4)GlcNAc(b1-6)[Gal(b1-3)GlcNAc(b1-3)Gal(b1-4)GlcNAc(b1-3)Gal(b1-4)GlcNA(b1-2)]Man(a1-6)[Gal(b1-3)GlcNAc(b1-3)Gal(b1-4)GlcNAc(b1-3)Gal(b1-4)GlcNAc(b1-2)Man(a1-3)]Man(b1-4)GlcNAc(b1-4)[Fuc(a1-6)]GlcNAc(b1-Sp24,24.313625,31.885,33.10034999999999,12.471199999999998,30.592175000000008,365.024775
Gal(b1-3)GlcNAc(b1-3)Gal(b1-4)GlcNAc(b1-6)[Gal(b1-3)GlcNAc(b1-3)Gal(b1-4)GlcNA(b1-2)]Man(a1-6)[Gal(b1-3)GlcNAc(b1-3)Gal(b1-4)GlcNAc(b1-2)Man(a1-3)]Man(b1-4)GlcNAc(b1-4)[Fuc(a1-6)]GlcNAc(b1-Sp24,27.102625,10.20712499999999,36.16570000000001,0.20589999999999967,31.03965000000001,334.10440000000006
Neu5Ac(a2-8)Neu5Ac(a2-3)Gal(b1-3)GalNAc(b1-4)[Neu5Ac(a2-3)]Gal(b1-4)Glc(a1-Sp21,5.97095,-4.997200000000002,6.001575000000001,-0.6357000000000017,-4.2600250000000015,-19.243050000000004
GlcNAc(b1-3)Gal(b1-4)GlcNAc(b1-2)Man(a1-6)[GlcNAc(b1-3)Gal(b1-4)GlcNAc(b1-2)Man(a1-3)]Man(b1-4)GlcNAc(b1-4)[Fuc(a1-6)]GlcNAc(b1-Sp24,32.942825,52.480775,25.564225,104.3084,53.55895000000001,81.94252499999997
Gal(b1-4)GlcNAc(b1-3)Gal(b1-4)GlcNAc(b1-2)Man(a1-6)[Gal(b1-4)GlcNAc(b1-3)Gal(b1-4)GlcNAc(b1-2)Man(a1-3)]Man(b1-4)GlcNAc(b1-4)[Fuc(a1-6)]GlcNAc(b1-Sp24,19.800899999999995,93.42335,16.984099999999998,122.62415,94.4679,160.64712499999996
GlcNAc(b1-3)Gal(b1-4)GlcNAc(b1-3)Gal(b1-4)GlcNAc(b1-2)Man(a1-6)[GlcNAc(b1-3)Gal(b1-4)GlcNAc(b1-3)Gal(b1-4)GlcNAc(b1-2)Man(a1-3)]Man(b1-4)GlcNAc(b1-4)[Fuc(a1-6)]GlcNAc(b1-Sp24,28.041175,40.56807500000001,23.532874999999994,99.174975,110.18627499999998,66.46625
Gal(b1-4)GlcNAc(b1-3)Gal(b1-4)GlcNAc(b1-3)Gal(b1-4)GlcNAc(b1-2)Man(a1-6)[Gal(b1-4)GlcNAc(b1-3)Gal(b1-4)GlcNAc(b1-3)Gal(b1-4)GlcNAc(b1-2)Man(a1-3)]Man(b1-4)GlcNAc(b1-4)[Fuc(a1-6)]GlcNAc(b1-Sp24,20.5596,83.96155,46.585925,100.86555,118.087325,237.370625
GlcNAc(b1-3)Gal(b1-4)GlcNAc(b1-3)Gal(b1-4)GlcNAc(b1-3)Gal(b1-4)GlcNAc(b1-2)Man(a1-6)[GlcNAc(b1-3)Gal(b1-4)GlcNAc(b1-3)Gal(b1-4)GlcNAc(b1-3)Gal(b1-4)GlcNAc(b1-2)Man(a1-3)]Man(b1-4)GlcNAc(b1-4)[Fuc(a1-6)]GlcNAc(b1-Sp24,41.4052,17.203425,44.27620000000001,41.9936,40.266375,72.33517500000002
Gal(b1-4)GlcNAc(b1-3)Gal(b1-4)GlcNAc(b1-3)Gal(b1-4)GlcNAc(b1-3)Gal(b1-4)GlcNAc(b1-2)Man(a1-6)[Gal(b1-4)GlcNAc(b1-3)Gal(b1-4)GlcNAc(b1-3)Gal(b1-4)GlcNAc(b1-3)Gal(b1-4)GlcNAc(b1-2)Man(a1-3)]Man(b1-4)GlcNAc(b1-4)[Fuc(a1-6)]GlcNAc(b1-Sp24,39.39105000000001,82.16290000000005,37.89705000000001,42.47502500000002,109.30895,254.18252500000003
GlcNAc(b1-3)Gal(b1-4)GlcNAc(b1-3)Gal(b1-4)GlcNAc(b1-3)Gal(b1-4)GlcNAc(b1-3)Gal(b1-4)GlcNAc(b1-2)Man(a1-6)[GlcNAc(b1-3)Gal(b1-4)GlcNAc(b1-3)Gal(b1-4)GlcNAc(b1-3)Gal(b1-4)GlcNAc(b1-3)Gal(b1-4)GlcNAc(b1-2)Man(a1-3)]Man(b1-4)GlcNAc(b1-4)[Fuc(a1-6)]GlcNAc(b1-Sp19,9.734325,19.3978,15.969925000000002,-1.058625000000001,3.7194999999999983,-20.295874999999995
Gal(b1-4)GlcNAc(b1-3)Gal(b1-4)GlcNAc(b1-3)Gal(b1-4)GlcNAc(b1-3)Gal(b1-4)GlcNAc(b1-3)Gal(b1-4)GlcNAc(b1-2)Man(a1-6)[Gal(b1-4)GlcNAc(b1-3)Gal(b1-4)GlcNAc(b1-3)Gal(b1-4)GlcNAc(b1-3)Gal(b1-4)GlcNAc(b1-3)Gal(b1-4)GlcNAc(b1-2)Man(a1-3)]Man(b1-4)GlcNAc(b1-4)[Fuc(a1-6)]GlcNAc(b1-Sp19,24.76075,18.724125,29.857949999999995,8.115725,24.548900000000003,119.08605
Gal(b1-4)GlcNAc(b1-3)Gal(b1-4)GlcNAc(b1-6)[Gal(b1-4)GlcNAc(b1-3)Gal(b1-4)GlcNA(b1-2)]Man(a1-6)[Gal(b1-4)GlcNAc(b1-3)Gal(b1-4)GlcNAc(b1-2)Man(a1-3)]Man(b1-4)GlcNAc(b1-4)[Fuc(a1-6)]GlcNAc(b1-Sp24,17.274900000000002,90.585625,12.082924999999998,88.73585,71.43594999999998,322.17615
GlcNAc(b1-3)Gal(b1-4)GlcNAc(b1-3)Gal(b1-4)GlcNAc(b1-6)[GlcNAc(b1-3)Gal(b1-4)GlcNAc(b1-3)Gal(b1-4)GlcNA(b1-2)]Man(a1-6)[GlcNAc(b1-3)Gal(b1-4)GlcNAc(b1-3)Gal(b1-4)GlcNAc(b1-2)Man(a1-3)]Man(b1-4)GlcNAc(b1-4)[Fuc(a1-6)]GlcNAc(b1-Sp24,19.794799999999995,41.700625,27.89195,14.149849999999995,11.08015,193.99515
Gal(b1-4)GlcNAc(b1-3)Gal(b1-4)GlcNAc(b1-3)Gal(b1-4)GlcNAc(b1-6)[Gal(b1-4)GlcNAc(b1-3)Gal(b1-4)GlcNAc(b1-3)Gal(b1-4)GlcNA(b1-2)]Man(a1-6)[Gal(b1-4)GlcNAc(b1-3)Gal(b1-4)GlcNAc(b1-3)Gal(b1-4)GlcNAc(b1-2)Man(a1-3)]Man(b1-4)GlcNAc(b1-4)[Fuc(a1-6)]GlcNAc(b1-Sp24,36.38352500000001,117.21455,39.65785,45.919425,60.85455,302.51785
GlcNAc(b1-3)Gal(b1-4)GlcNAc(b1-3)Gal(b1-4)GlcNAc(b1-3)Gal(b1-4)GlcNAc(b1-6)[GlcNAc(b1-3)Gal(b1-4)GlcNAc(b1-3)Gal(b1-4)GlcNAc(b1-3)Gal(b1-4)GlcNA(b1-2)]Man(a1-6)[GlcNAc(b1-3)Gal(b1-4)GlcNAc(b1-3)Gal(b1-4)GlcNAc(b1-3)Gal(b1-4)GlcNAc(b1-2)Man(a1-3)]Man(b1-4)GlcNAc(b1-4)[Fuc(a1-6)]GlcNAc(b1-Sp24,13.838275,47.94994999999999,22.869074999999995,-1.9933250000000005,2.7767750000000007,63.47292500000002
Gal(b1-4)GlcNAc(b1-3)Gal(b1-4)GlcNAc(b1-3)Gal(b1-4)GlcNAc(b1-3)Gal(b1-4)GlcNAc(b1-6)[Gal(b1-4)GlcNAc(b1-3)Gal(b1-4)GlcNAc(b1-3)Gal(b1-4)GlcNAc(b1-3)Gal(b1-4)GlcNA(b1-2)]Man(a1-6)[Gal(b1-4)GlcNAc(b1-3)Gal(b1-4)GlcNAc(b1-3)Gal(b1-4)GlcNAc(b1-3)Gal(b1-4)GlcNAc(b1-2)Man(a1-3)]Man(b1-4)GlcNAc(b1-4)[Fuc(a1-6)]GlcNAc(b1-Sp24,23.894575000000003,41.70477500000001,20.720975,5.5635499999999976,11.693700000000005,159.44119999999995
GlcNAc(b1-3)Gal(b1-4)GlcNAc(b1-3)Gal(b1-4)GlcNAc(b1-3)Gal(b1-4)GlcNAc(b1-3)Gal(b1-4)GlcNAc(b1-6)[GlcNAc(b1-3)Gal(b1-4)GlcNAc(b1-3)Gal(b1-4)GlcNAc(b1-3)Gal(b1-4)GlcNAc(b1-3)Gal(b1-4)GlcNA(b1-2)]Man(a1-6)[GlcNAc(b1-3)Gal(b1-4)GlcNAc(b1-3)Gal(b1-4)GlcNAc(b1-3)Gal(b1-4)GlcNAc(b1-3)Gal(b1-4)GlcNAc(b1-2)Man(a1-3)]Man(b1-4)GlcNAc(b1-4)[Fuc(a1-6)]GlcNAc(b1-Sp24,26.3125,0.014425000000001019,32.386325,2.6501749999999973,7.0694250000000025,18.051475000000007
Gal(b1-4)GlcNAc(b1-3)Gal(b1-4)GlcNAc(b1-3)Gal(b1-4)GlcNAc(b1-3)Gal(b1-4)GlcNAc(b1-3)Gal(b1-4)GlcNAc(b1-6)[Gal(b1-4)GlcNAc(b1-3)Gal(b1-4)GlcNAc(b1-3)Gal(b1-4)GlcNAc(b1-3)Gal(b1-4)GlcNAc(b1-3)Gal(b1-4)GlcNA(b1-2)]Man(a1-6)[Gal(b1-4)GlcNAc(b1-3)Gal(b1-4)GlcNAc(b1-3)Gal(b1-4)GlcNAc(b1-3)Gal(b1-4)GlcNAc(b1-3)Gal(b1-4)GlcNAc(b1-2)Man(a1-3)]Man(b1-4)GlcNAc(b1-4)[Fuc(a1-6)]GlcNAc(b1-Sp24,22.132400000000004,16.18535,21.24537499999999,10.23625,18.358500000000006,68.57354999999998
Gal(b1-4)GlcNAc(b1-3)Gal(b1-4)GlcNAc(b1-3)GalNAc(a1-Sp14,57.16995000000001,52.8296,118.72412500000002,166.06495,61.92042499999999,98.71517500000004
Gal(b1-4)GlcNAc(b1-3)Gal(b1-4)GlcNAc(b1-6)[Gal(b1-3)]GalNAc(a1-Sp14,73.1825,47.67972500000001,174.73102499999996,115.54805,135.40409999999997,3200.908600000001
Gal(b1-4)GlcNAc(b1-3)Gal(b1-4)GlcNAc(b1-6)[Gal(b1-4)GlcNAc(b1-3)Gal(b1-4)GlcNAc(b1-3)]GalNAc(a1-Sp14,58.1279,45.65057499999999,135.9758,87.70392500000001,121.1313,135.41705000000005
Neu5Ac(a2-3)Gal(b1-4)GlcNAc(b1-3)Gal(b1-4)GlcNAc(b1-3)GalNAc(a1-Sp14,4.859249999999999,23.52267500000001,12.699975000000002,13.59855,9.491200000000008,-17.65004999999999
GlcNAc(b1-3)Gal(b1-4)GlcNAc(b1-3)GalNAc(a1-Sp14,5.560775,-1.9464999999999968,7.754525000000001,0.5885999999999996,0.31285000000000096,-9.018875
GlcNAc(b1-3)Gal(b1-4)GlcNAc(b1-6)[Gal(b1-3)]GalNAc(a1-Sp14,6.6311750000000025,32.366175,17.1539,9.562699999999996,36.2383,2403.808675
GlcNAc(b1-3)Gal(b1-4)GlcNAc(b1-6)[GlcNAc(b1-3)Gal(b1-4)GlcNAc(b1-3)]GalNAc(a1-Sp14,12.593125,-3.0392500000000013,8.624425,2.209975,6.510499999999999,-0.3214499999999969
Neu5Ac(a2-3)Gal(b1-4)GlcNAc(b1-3)Gal(b1-4)GlcNAc(b1-6)[Neu5Ac(a2-3)Gal(b1-4)GlcNAc(b1-3)Gal(b1-4)GlcNAc(b1-3)]GalNAc(a1-Sp14,33.392875,14.764399999999998,73.91075000000002,15.543675,17.773249999999994,16.903000000000016
Neu5Ac(a2-6)Gal(b1-4)GlcNAc(b1-3)Gal(b1-4)GlcNAc(b1-3)GalNAc(a1-Sp14,13.258575000000002,16.534474999999997,18.04945,5.875074999999999,2.816825000000001,19.1816
GlcNAc(b1-3)Gal(b1-4)GlcNAc(b1-3)Gal(b1-4)GlcNAc(b1-3)GalNAc(a1-Sp14,11.713,47.612925,11.72875,10.995625,4.644249999999992,58.96340000000001
Gal(b1-4)GlcNAc(b1-3)Gal(b1-3)GalNAc(a1-Sp14,14.797925,12.971625,29.74772500000001,16.462050000000005,75.98852500000002,3637.71955
Neu5Ac(a2-3)Gal(b1-4)GlcNAc(b1-3)Gal(b1-4)GlcNAc(b1-6)[Gal(b1-3)]GalNAc(a1-Sp14,32.349650000000004,30.86175,100.9633,20.66747500000001,66.39285,1056.2252
Neu5Ac(a2-6)Gal(b1-4)GlcNAc(b1-3)Gal(b1-4)GlcNAc(b1-6)[Gal(b1-3)]GalNAc(a1-Sp14,40.060575,10.041175000000004,63.783025000000016,4.543399999999998,243.43482500000005,3525.131525
Neu5Ac(a2-6)Gal(b1-4)GlcNAc(b1-6)[Gal(b1-3)]GalNAc(a1-Sp14,13.29555,14.623150000000004,21.547425000000004,26.248825,584.2004499999998,1481.7458250000002
Neu5Ac(a2-3)Gal(b1-4)GlcNAc(b1-3)Gal(b1-4)GlcNAc(b1-2)Man(a1-6)[Neu5Ac(a2-3)Gal(b1-4)GlcNAc(b1-3)Gal(b1-4)GlcNAc(b1-2)Man(a1-3)]Man(b1-4)GlcNAc(b1-4)GlcNAc(b1-Sp12,94.92907499999998,68.51317500000002,171.7259,148.428025,67.11699999999999,140.319425
GlcNAc(b1-6)[Neu5Ac(a2-3)Gal(b1-3)]GalNAc(a1-Sp14,28.21735,-5.412075,16.599524999999996,8.09715,0.4229499999999984,2136.90985
Neu5Ac(a2-6)Gal(b1-4)GlcNAc(b1-3)Gal(b1-4)GlcNAc(b1-6)[Neu5Ac(a2-6)Gal(b1-4)GlcNAc(b1-3)Gal(b1-4)GlcNAc(b1-3)]GalNAc(a1-Sp14,65.96609999999998,83.90292499999998,166.11465,138.70660000000004,112.82142500000003,101.513125
Neu5Ac(a2-6)Gal(b1-4)GlcNAc(b1-3)Gal(b1-4)GlcNAc(b1-3)Gal(b1-4)GlcNAc(b1-2)Man(a1-6)[Neu5Ac(a2-6)Gal(b1-4)GlcNAc(b1-3)Gal(b1-4)GlcNAc(b1-3)Gal(b1-4)GlcNAc(b1-2)Man(a1-3)]Man(b1-4)GlcNAc(b1-4)GlcNAc(b1-Sp12,85.33092499999998,48.33347500000001,119.6089,65.733375,96.787125,213.38195
Neu5Ac(a2-3)Gal(b1-4)GlcNAc(b1-3)Gal(b1-4)GlcNAc(b1-3)Gal(b1-4)GlcNAc(b1-2)Man(a1-6)[Neu5Ac(a2-3)Gal(b1-4)GlcNAc(b1-3)Gal(b1-4)GlcNAc(b1-3)Gal(b1-4)GlcNAc(b1-2)Man(a1-3)]Man(b1-4)GlcNAc(b1-4)GlcNAc(b1-Sp12,178.58004999999997,93.4521,246.08405,81.30517499999998,58.24504999999999,167.27182499999995
Neu5Ac(a2-6)Gal(b1-4)GlcNAc(b1-3)Gal(b1-4)GlcNAc(b1-2)Man(a1-6)[Neu5Ac(a2-6)Gal(b1-4)GlcNAc(b1-3)Gal(b1-4)GlcNAc(b1-2)Man(a1-3)]Man(b1-4)GlcNAc(b1-4)GlcNAc(b1-Sp12,25.484075,38.18935000000001,47.05115000000001,29.023900000000005,66.24740000000001,110.37740000000002
GlcNAc(b1-3)Fuc(a1-Sp21,7.903125,5.458474999999997,10.867025000000002,7.715375000000002,-4.950124999999957,-15.951124999999996
Gal(b1-3)GalNAc(b1-4)[Neu5Ac(a2-8)Neu5Ac(a2-8)Neu5Ac(a2-3)]Gal(b1-4)Glc(b1-Sp21,32.47605,14.088349999999998,9.490900000000002,12.502625,15.205199999999998,41.590575
