IUPAC,AIA (0.01ug/ml),AIA (0.1 ug/ml),AIA (1 ug/ml),AIA (10 ug/ml)
Gal(a1-Sp8,5.396775,-13.920875000000002,2.1605250000000042,10635.253949999998
Glc(a1-Sp8,24.24377500000001,-1.579900000000002,6.642325000000002,-3.041400000000003
Man(a1-Sp8,12.662024999999995,19.075425000000006,27.238099999999992,-12.308924999999995
GalNAc(a1-Sp8,-2.402099999999999,-13.569749999999996,-2.3376,31215.996650000005
GalNAc(a1-Sp15,24.9054,-10.160475000000002,6.8505249999999975,7232.333225
Fuc(a1-Sp8,7.689100000000002,-12.369375,-5.4938499999999975,-16.980625
Fuc(a1-Sp9,-4.3065750000000005,-21.428175000000003,-8.106449999999999,-18.177724999999995
Rha(a1-Sp8,-1.3140500000000015,-4.812175000000002,-14.339975000000004,-14.985650000000007
Neu5Ac(a1-Sp8,-9.894649999999997,9.247075,-9.3476,-15.363300000000002
Neu5Ac(a1-Sp11,-9.6251,-17.061749999999996,7.009874999999997,-14.885825
Neu5Ac(b1-Sp8,-0.9712500000000012,-10.485400000000006,-1.97965,-29.582325
Gal(b1-Sp8,-4.965,-10.730924999999996,-11.661549999999995,2.3619999999999908
Glc(b1-Sp8,3.7931500000000007,-13.529700000000002,-2.225125000000002,-17.36895
Man(b1-Sp8,6.809075,0.6854250000000022,0.5898750000000009,-28.333224999999995
GalNAc(b1-Sp8,13.941300000000002,-13.153574999999995,-2.4517750000000014,-26.78635
GlcNAc(b1-Sp0,-5.3680999999999965,-13.31455,-3.3313749999999995,-19.954075
GlcNAc(b1-Sp8,-10.161275,-15.805,-12.324175,-0.8022999999999954
GlcN[Gc](b1-Sp8,-8.698174999999999,-8.0034,-14.195399999999998,-11.598699999999996
Gal(b1-4)GlcNAc(b1-6)[Gal(b1-4)GlcNAc(b1-3)]GalNAc(a1-Sp8,-7.735650000000002,-8.713925000000003,-4.822975,-17.9613
Gal(b1-4)GlcNAc(b1-6)[Gal(b1-4)GlcNAc(b1-3)]GalNAc(a1-Sp14,-5.480324999999995,-17.052125,-7.827125,-9.1138
GlcNAc(b1-6)[GlcNAc(b1-4)][GlcNAc(b1-3)]GlcNAc(a1-Sp8,-7.180925,-30.751875,0.670849999999998,-19.144275
6S(3S)Gal(b1-4)(6S)GlcNAc(b1-Sp0,-8.940800000000003,-22.29160000000001,-3.7870500000000007,-37.13
6S(3S)Gal(b1-4)GlcNAc(b1-Sp0,-6.654125,-18.121825,-14.471925000000002,-29.695674999999994
(3S)Gal(b1-4)[Fuc(a1-3)](6S)Glc(a1-Sp0,-12.99755,-4.921250000000008,7.5779999999999985,-14.1081
(3S)Gal(b1-4)Glc(b1-Sp8,4.459500000000002,-16.453225,-1.1439000000000004,-16.7048
(3S)Gal(b1-4)(6S)Glc(b1-Sp0,-2.7766,-11.909325,-3.6388000000000016,-16.1348
(3S)Gal(b1-4)(6S)Glc(b1-Sp8,5.617925,-8.114574999999999,-8.982074999999998,-20.909925
(3S)Gal(b1-3)[Fuc(a1-4)]GlcNAc(b1-Sp8,7.5090499999999984,-12.10415,10.038050000000002,-22.64507500000001
(3S)Gal(b1-3)GalNAc(a1-Sp8,0.3748499999999986,-35.47592500000001,73.19072499999999,38419.05095
(3S)Gal(b1-3)GlcNAc(b1-Sp0,-3.098275000000001,-12.848825,-10.551149999999998,-17.239275
(3S)Gal(b1-3)GlcNAc(b1-Sp8,0.8273999999999989,-21.708275,-5.124300000000003,-26.337850000000003
(3S)Gal(b1-4)[Fuc(a1-3)]GlcNAc(a1-Sp0 ,-2.9371749999999963,-8.269300000000001,-12.48905,-9.06505
(3S)Gal(b1-4)[Fuc(a1-3)]GlcNAc(a1-Sp8,-6.6022250000000025,11.399625,-7.691825,13.378724999999996
(3S)Gal(b1-4)(6S)GlcNAc(b1-Sp0,0.8332000000000024,-16.115525,15.005975000000005,-20.379975
(3S)Gal(b1-4)(6S)GlcNAc(b1-Sp8,-0.8824499999999986,-20.83845,-14.000725000000005,-26.062875000000005
(3S)Gal(b1-4)GlcNAc(b1-Sp0,-0.3442250000000016,-17.059650000000005,-12.320850000000002,-24.263125
(3S)Gal(b1-4)GlcNAc(b1-Sp8,-2.7288250000000005,-11.236675000000005,-7.075700000000001,-17.535425
(3S)Gal(b1-Sp8,0.3687000000000005,-11.113775,-1.6435000000000013,-23.46135000000001
(6S)(4S)Gal(b1-4)GlcNAc(b1-Sp0,-3.0330250000000003,-15.0421,4.111924999999999,-17.941725
(4S)Gal(b1-4)GlcNAc(b1-Sp8,-3.0902249999999984,-12.25855,-10.0235,-32.006925
(6P)Man(a1-Sp8,-2.780625,-4.705500000000002,5.866125,-11.1045
(6S)Gal(b1-4)Glc(b1-Sp0,3.931775,-4.397775000000003,-6.377225000000003,-23.67712500000001
(6S)Gal(b1-4)Glc(b1-Sp8,-2.864725,-16.333875000000006,-8.233599999999997,-25.923600000000004
(6S)Gal(b1-4)GlcNAc(b1-Sp8,-3.0012999999999983,-20.043899999999994,-1.3266000000000044,-31.57765000000001
(6S)Gal(b1-4)(6S)Glc(b1-Sp8,-7.451474999999998,-27.81865,-1.6213500000000014,-21.020775
Neu5Ac(a2-3)(6S)Gal(b1-4)GlcNAc(b1-Sp8,-12.228949999999998,-12.363024999999995,-3.1675,-30.7426
(6S)GlcNAc(b1-Sp8,-4.5912250000000006,-19.017125,-7.724900000000002,-30.24897499999999
"Neu5,9Ac2(a1-Sp8",-19.966375,-25.5025,-10.303225,-29.15232500000001
"Neu5,9Ac2(a2-6)Gal(b1-4)GlcNAc(b1-Sp8",-1.405149999999999,-9.806025000000004,6.0405,-22.758125
Man(a1-6)[Man(a1-3)]Man(b1-4)GlcNAc(b1-4)GlcNAc(b1-Sp12,5.937374999999998,4.109425,-3.2119750000000007,43.7843
Man(a1-6)[Man(a1-3)]Man(b1-4)GlcNAc(b1-4)GlcNAc(b1-Sp13,1.934925,-6.876124999999997,-6.878625000000002,58.55690000000001
GlcNAc(b1-2)Man(a1-6)[GlcNAc(b1-2)Man(a1-3)]Man(b1-4)GlcNAc(b1-4)GlcNAc(b1-Sp12,0.8194999999999961,-4.079475000000007,-2.083249999999998,-18.740849999999995
GlcNAc(b1-2)Man(a1-6)[GlcNAc(b1-2)Man(a1-3)]Man(b1-4)GlcNAc(b1-4)GlcNAc(b1-Sp13,-9.66025,0.3156749999999988,-1.3653999999999993,-1.4569749999999928
Gal(b1-4)GlcNAc(b1-2)Man(a1-6)[Gal(b1-4)GlcNAc(b1-2)Man(a1-3)]Man(b1-4)GlcNAc(b1-4)GlcNAc(b1-Sp12,2.644124999999999,-13.854775,-2.743824999999997,-17.9903
Neu5Ac(a2-6)Gal(b1-4)GlcNAc(b1-2)Man(a1-6)[Neu5Ac(a2-6)Gal(b1-4)GlcNAc(b1-2)Man(a1-3)]Man(b1-4)GlcNAc(b1-4)GlcNAc(b1-Sp12,-4.205100000000002,-1.4760000000000009,-2.5096000000000025,-17.625475000000005
Neu5Ac(a2-6)Gal(b1-4)GlcNAc(b1-2)Man(a1-6)[Neu5Ac(a2-6)Gal(b1-4)GlcNAc(b1-2)Man(a1-3)]Man(b1-4)GlcNAc(b1-4)GlcNAc(b1-Sp13,-3.1402500000000018,3.5961000000000034,-0.017799999999997596,-12.48235
Neu5Ac(a2-6)Gal(b1-4)GlcNAc(b1-2)Man(a1-6)[Neu5Ac(a2-6)Gal(b1-4)GlcNAc(b1-2)M(an-a)(a1-3)]Man(b1-4)GlcNAc(b1-4)GlcNAc(b1-Sp21,-1.985975,-9.213025,-5.667324999999996,1.7817500000000006
Neu5Ac(a2-6)Gal(b1-4)GlcNAc(b1-2)Man(a1-6)[Neu5Ac(a2-6)Gal(b1-4)GlcNAc(b1-2)Man(a1-3)]Man(b1-4)GlcNAc(b1-4)GlcNAc(b1-Sp24,2.1698500000000003,-4.891399999999997,17.409025000000003,-4.9955
Fuc(a1-2)Gal(b1-3)GalNAc(b1-3)Gal(a1-Sp9,19.9467,-19.4215,45.84275,13904.223675
Fuc(a1-2)Gal(b1-3)GalNAc(b1-3)Gal(a1-4)Gal(b1-4)Glc(b1-Sp9,4.1228250000000015,-20.406825,3.516574999999996,155.47345
Fuc(a1-2)Gal(b1-3)[Fuc(a1-4)]GlcNAc(b1-Sp8,3.1014750000000006,-5.353700000000002,16.623224999999998,-14.201025
Fuc(a1-2)Gal(b1-3)GalNAc(a1-Sp8,-4.462700000000001,-29.02780000000001,-7.541700000000002,7893.8075750000025
Fuc(a1-2)Gal(b1-3)GalNAc(a1-Sp14,0.4993000000000052,-13.530524999999983,-7.028299999999998,1244.037025
Fuc(a1-2)Gal(b1-3)GalNAc(b1-4)[Neu5Ac(a2-3)]Gal(b1-4)Glc(b1-Sp0,-6.72695,-3.919799999999995,2.5165500000000094,-13.699324999999995
Fuc(a1-2)Gal(b1-3)GalNAc(b1-4)[Neu5Ac(a2-3)]Gal(b1-4)Glc(b1-Sp9,0.4866750000000018,-9.1398,1.3539749999999984,-24.09010000000001
Fuc(a1-2)Gal(b1-3)GlcNAc(b1-3)Gal(b1-4)Glc(b1-Sp8,3.9223750000000006,-13.655350000000006,-1.1555250000000044,-26.386150000000004
Fuc(a1-2)Gal(b1-3)GlcNAc(b1-3)Gal(b1-4)Glc(b1-Sp10,-12.286625,0.2266500000000012,1.6563000000000017,-15.588700000000005
Fuc(a1-2)Gal(b1-3)GlcNAc(b1-Sp0,-3.749324999999999,-15.826425,-12.330400000000004,-30.73075
Fuc(a1-2)Gal(b1-3)GlcNAc(b1-Sp8,-2.989200000000001,-9.478949999999998,-3.96435,-20.969925
Fuc(a1-2)Gal(b1-4)[Fuc(a1-3)]GlcNAc(b1-3)Gal(b1-4)[Fuc(a1-3)]GlcNAc(b1-Sp0,17.811850000000003,-20.865574999999982,-7.201575000000004,-20.064124999999994
Fuc(a1-2)Gal(b1-4)[Fuc(a1-3)]GlcNAc(b1-3)Gal(b1-4)[Fuc(a1-3)]GlcNAc(b1-3)Gal(b1-4)[Fuc(a1-3)]GlcNAc(b1-Sp0,-2.661925,-5.7037,-11.074549999999995,-4.027475000000003
Fuc(a1-2)Gal(b1-4)[Fuc(a1-3)]GlcNAc(b1-Sp0,-4.1074000000000055,-11.022225000000002,-14.697725,-11.302075000000002
Fuc(a1-2)Gal(b1-4)[Fuc(a1-3)]GlcNAc(b1-Sp8,-3.5924749999999985,-10.176275000000002,14.718200000000005,-14.2009
Fuc(a1-2)Gal(b1-4)GlcNAc(b1-3)Gal(b1-4)GlcNAc(b1-Sp0,-6.879875000000002,-9.754550000000004,-2.378725,-1.642975
Fuc(a1-2)Gal(b1-4)GlcNAc(b1-3)Gal(b1-4)GlcNAc(b1-3)Gal(b1-4)GlcNAc(b1-Sp0,-0.386075,-6.718475,-7.85055,-11.2056
Fuc(a1-2)Gal(b1-4)GlcNAc(b1-Sp0,3.6817749999999982,-9.535700000000004,-10.326774999999998,-12.312899999999996
Fuc(a1-2)Gal(b1-4)GlcNAc(b1-Sp8,12.77365,-3.34685,0.7367250000000016,-10.108625000000004
Fuc(a1-2)Gal(b1-4)Glc(b1-Sp0,7.527175,14.87602500000001,-4.589724999999998,1.6717500000000032
Fuc(a1-2)Gal(b1-Sp8,-2.7747499999999974,5.226150000000004,-2.084800000000003,13.123525000000004
Fuc(a1-3)GlcNAc(b1-Sp8,-7.330399999999999,-19.01425,-18.65195,-6.852724999999998
Fuc(a1-4)GlcNAc(b1-Sp8,-6.9646500000000024,-18.6598,1.7708500000000065,-14.1542
Fuc(b1-3)GlcNAc(b1-Sp8,2.829699999999997,2.957099999999997,1.6141499999999986,-8.785824999999999
GalNAc(a1-3)[Fuc(a1-2)]Gal(b1-3)GlcNAc(b1-Sp0,-1.4545749999999966,-17.931624999999993,-0.16327500000000586,-26.171875
GalNAc(a1-3)[Fuc(a1-2)]Gal(b1-4)[Fuc(a1-3)]GlcNAc(b1-Sp0,6.003350000000001,10.306525,21.546800000000005,25.18655000000001
(3S)Gal(b1-4)[Fuc(a1-3)]Glc(b1-Sp0,8.762674999999998,-2.701000000000003,-1.95825,-0.7402249999999952
GalNAc(a1-3)[Fuc(a1-2)]Gal(b1-4)GlcNAc(b1-Sp0,-7.383975000000001,-17.884625,-6.615449999999997,-30.82325000000001
GalNAc(a1-3)[Fuc(a1-2)]Gal(b1-4)GlcNAc(b1-Sp8,-5.5391749999999975,-16.491099999999996,-6.591475000000003,-25.11585000000001
GalNAc(a1-3)[Fuc(a1-2)]Gal(b1-4)Glc(b1-Sp0,9.698999999999996,-10.254925,-4.956775000000004,-3.7434999999999934
GlcNAc(b1-3)Gal(b1-3)GalNAc(a1-Sp8,13.524550000000005,-22.748875,80.80015000000002,43048.35419999999
GalNAc(a1-3)[Fuc(a1-2)]Gal(b1-Sp8,-19.028625,-23.014825,-14.6147,-35.321825
GalNAc(a1-3)[Fuc(a1-2)]Gal(b1-Sp18,-13.447050000000004,-28.174375,-9.979024999999991,-29.448349999999994
GalNAc(a1-3)GalNAc(b1-Sp8,-10.247625000000003,-31.247250000000008,-14.707275,-37.16535
GalNAc(a1-3)Gal(b1-Sp8,2.519475,-14.154075,-4.980924999999999,-25.200574999999994
GalNAc(a1-4)[Fuc(a1-2)]Gal(b1-4)GlcNAc(b1-Sp8,-3.1771499999999957,-15.429950000000002,-3.0401999999999987,-20.423075000000004
GalNAc(b1-3)GalNAc(a1-Sp8,-2.946,-11.643875000000005,1322.744225,38198.3866
GalNAc(b1-3)[Fuc(a1-2)]Gal(b1-Sp8,-8.69805,-25.407675000000005,-12.3979,1564.231675
GalNAc(b1-3)Gal(a1-4)Gal(b1-4)GlcNAc(b1-Sp0,-3.923475,-18.92185,1.10285,693.1382749999997
GalNAc(b1-4)[Fuc(a1-3)]GlcNAc(b1-Sp0,13.449024999999995,1.9944250000000008,3.688050000000004,-10.704249999999996
GalNAc(b1-4)GlcNAc(b1-Sp0,-13.222975,-23.884825,0.4317999999999955,-40.13397500000001
GalNAc(b1-4)GlcNAc(b1-Sp8,-7.812824999999997,-7.3650249999999975,0.034224999999999284,-20.702075
Gal(a1-2)Gal(b1-Sp8,-2.5933,-4.001925000000004,-2.237700000000002,-13.581775
Gal(a1-3)[Fuc(a1-2)]Gal(b1-3)GlcNAc(b1-Sp0,5.091800000000001,-7.739124999999998,6.9991749999999975,-2.737575000000003
Gal(a1-3)[Fuc(a1-2)]Gal(b1-3)GlcNAc(b1-Sp8,1.42375,4.87725,2.0983000000000067,0.6330500000000008
Gal(a1-3)[Fuc(a1-2)]Gal(b1-4)[Fuc(a1-3)]GlcNAc(b1-Sp0,11.689800000000005,0.2417249999999989,13.630625,12.764450000000005
Gal(a1-3)[Fuc(a1-2)]Gal(b1-4)[Fuc(a1-3)]GlcNAc(b1-Sp8,0.7206749999999982,8.009625000000002,3.605225000000001,12.722025
Gal(a1-3)[Fuc(a1-2)]Gal(b1-4)GlcNAc(a1-Sp0,-5.535250000000001,-18.799225000000003,0.6925499999999989,-22.046375
Gal(a1-3)[Fuc(a1-2)]Gal(b1-4)Glc(b1-Sp0,19.420775,-3.9887249999999987,3.4936249999999984,-5.8678750000000015
Gal(a1-3)[Fuc(a1-2)]Gal(b1-Sp8,3.519375,14.779850000000007,1.031875,1.3732999999999969
Gal(a1-3)[Fuc(a1-2)]Gal(b1-Sp18,-3.4550249999999987,-23.50742500000001,5.954825000000002,-31.482925000000005
Gal(a1-4)[Gal(a1-3)]Gal(b1-4)GlcNAc(b1-Sp8,-5.744375,17.297325,-3.9826999999999977,3.0655999999999963
Gal(a1-3)GalNAc(a1-Sp8,17.346825000000006,-12.528225000000004,12.298075,35325.05207500001
Gal(a1-3)GalNAc(a1-Sp16,-1.1527749999999983,-11.428724999999998,-0.8891999999999971,32.556124999999994
Gal(a1-3)GalNAc(b1-Sp8,-9.426075000000004,-8.408949999999997,10.508799999999994,-22.740025
Gal(a1-3)Gal(b1-4)[Fuc(a1-3)]GlcNAc(b1-Sp8,-16.514024999999997,-1.6392750000000031,-4.548699999999997,12.456875
Gal(a1-3)Gal(b1-3)GlcNAc(b1-Sp0,-9.1042,-14.098549999999998,1.5268250000000023,2.879550000000002
Gal(a1-3)Gal(b1-4)GlcNAc(b1-Sp8,-3.2996000000000016,-13.711175000000004,0.6167999999999978,7.0955749999999975
Gal(a1-3)Gal(b1-4)Glc(b1-Sp0,-9.144300000000003,-11.616949999999996,-9.406525,-10.948150000000002
Gal(a1-3)Gal(b1-4)Glc(a1-Sp10,-7.387249999999999,-18.5597,8.305374999999998,-12.958475
Gal(a1-3)Gal(b1-Sp8,23.17755,-12.795825,-15.295475,-6.602725000000008
Gal(a1-4)[Fuc(a1-2)]Gal(b1-4)GlcNAc(b1-Sp8,-4.119149999999999,-4.103850000000001,3.09005000000002,-11.20235
Gal(a1-4)Gal(b1-4)GlcNAc(b1-Sp0,4.759,-6.8220249999999965,24.003950000000003,-0.41372499999999945
Gal(a1-4)Gal(b1-4)GlcNAc(b1-Sp8,20.08375,1.890975000000001,1.936474999999998,-14.563274999999996
Gal(a1-4)Gal(b1-4)Glc(b1-Sp0,16.304849999999995,8.132800000000003,-0.9617249999999996,18.25735
Gal(a1-4)GlcNAc(b1-Sp8,-0.8110499999999998,-13.7521,-3.06165,14298.833275
Gal(a1-6)Glc(b1-Sp8,-8.681424999999999,-14.168225000000005,10.379075000000002,1196.9077250000005
Gal(b1-2)Gal(b1-Sp8,-3.624675,-4.625575000000001,1.9329750000000023,-9.756799999999998
Gal(b1-3)[Fuc(a1-4)]GlcNAc(b1-3)Gal(b1-4)[Fuc(a1-3)]GlcNAc(b1-Sp0,1.6696999999999989,-21.923075,-13.124175000000005,-11.022075
Gal(b1-3)[Fuc(a1-4)]GlcNAc(b1-3)Gal(b1-4)GlcNAc(b1-Sp0,-6.28625,5.554475,-2.187975,11.884350000000005
Gal(b1-3)[Fuc(a1-4)]GlcNAc(a1-Sp0,-5.3252000000000015,-20.522924999999994,-2.1799500000000034,-21.861575
Gal(b1-3)[Fuc(a1-4)]GlcNAc(a1-Sp8 ,-0.6686999999999976,-2.712574999999997,2.106625000000001,-29.889125
Fuc(a1-4)[Gal(b1-3)]GlcNAc(b1-Sp8,-4.234499999999999,-20.1525,-2.744574999999997,-26.510125
Gal(b1-4)GlcNAc(b1-6)GalNAc(a1-Sp8,2.4196999999999997,-13.950300000000002,12.689449999999995,-23.13145
Gal(b1-4)GlcNAc(b1-6)GalNAc(a1-Sp14,-3.3518500000000007,1.5405000000000015,25.746150000000004,-10.421924999999998
GlcNAc(b1-6)[Gal(b1-3)]GalNAc(a1-Sp8,18.1439,-0.20827499999999866,4.420399999999997,-4.361525000000004
GlcNAc(b1-6)[Gal(b1-3)]GalNAc(a1-Sp14,-14.597400000000002,-25.518125,3.6915999999999976,-30.159250000000004
Neu5Ac(a2-6)[Gal(b1-3)]GalNAc(a1-Sp8,-13.437725,-9.989725,-12.058475,-33.822925
Neu5Ac(a2-6)[Gal(b1-3)]GalNAc(a1-Sp14,-4.079424999999997,-18.071525,1.5237750000000003,-10.459574999999994
Neu5Ac(b2-6)[Gal(b1-3)]GalNAc(a1-Sp8,-8.949024999999997,-16.986850000000004,-10.5133,-29.006550000000008
Neu5Ac(a2-6)[Gal(b1-3)]GlcNAc(b1-4)Gal(b1-4)Glc(b1-Sp10,-24.2575,-15.599825000000004,-12.562625,8.58487499999999
Gal(b1-3)GalNAc(a1-Sp8,-13.567575000000005,-51.25995,122.297425,33405.23512500001
Gal(b1-3)GalNAc(a1-Sp14,-18.31785,-24.745875,-9.360600000000002,15302.206799999998
Gal(b1-3)GalNAc(a1-Sp16,-3.624025,-25.217575,-11.228550000000006,12319.131650000005
Gal(b1-3)GalNAc(b1-Sp8,-1.2447999999999997,-32.364375,-5.9899499999999986,3099.787150000001
Gal(b1-3)GalNAc(b1-3)Gal(a1-4)Gal(b1-4)Glc(b1-Sp0,-0.5168999999999997,-13.574750000000002,2.6578000000000035,13.114849999999995
Gal(b1-3)GalNAc(b1-4)[Neu5Ac(a2-3)]Gal(b1-4)Glc(b1-Sp0,1.1645499999999984,-15.380775,23.14337500000001,-23.676475000000003
Gal(b1-3)GalNAc(b1-4)Gal(b1-4)Glc(b1-Sp8,10.501600000000003,4.945800000000002,-1.9978500000000008,-10.493650000000006
Gal(b1-3)Gal(b1-Sp8,-5.5212,-0.5524750000000012,10.099849999999998,-32.86597500000001
Gal(b1-3)GlcNAc(b1-3)Gal(b1-4)GlcNAc(b1-Sp0,19.67945,-5.578375000000001,-10.428550000000003,-7.296124999999996
Gal(b1-3)GlcNAc(b1-3)Gal(b1-4)Glc(b1-Sp10,19.461649999999988,-13.32685,1.3258250000000018,-13.9941
Gal(b1-3)GlcNAc(b1-Sp0,-2.325175000000001,-21.660625,-8.94175,-10.520625
Gal(b1-3)GlcNAc(b1-Sp8,-6.42465,-3.1209749999999983,-7.1156000000000015,-28.6162
Gal(b1-4)[Fuc(a1-3)]GlcNAc(b1-Sp0,6.102875000000001,-17.350549999999995,0.5473000000000017,-13.410699999999995
Gal(b1-4)[Fuc(a1-3)]GlcNAc(b1-Sp8,-0.9402499999999988,-6.085725,-2.8792500000000025,-23.688500000000005
Gal(b1-4)[Fuc(a1-3)]GlcNAc(b1-4)Gal(b1-4)[Fuc(a1-3)]GlcNAc(b1-Sp0,-8.575700000000001,-10.108850000000004,-15.10415,-6.405525000000001
Gal(b1-4)[Fuc(a1-3)]GlcNAc(b1-4)Gal(b1-4)[Fuc(a1-3)]GlcNAc(b1-4)Gal(b1-4)[Fuc(a1-3)]GlcNAc(b1-Sp0,-1.650875000000001,-12.162575,1.1836249999999942,-23.101125000000003
Gal(b1-4)(6S)Glc(b1-Sp0,-11.116650000000002,-13.503900000000002,-3.534875000000003,-24.046875
Gal(b1-4)(6S)Glc(b1-Sp8,9.197725000000004,-18.5727,-5.357399999999997,-8.188674999999996
Gal(b1-4)GalNAc(a1-3)[Fuc(a1-2)]Gal(b1-4)GlcNAc(b1-Sp8,-1.799074999999999,-17.603375,-8.285999999999996,-15.727775
Gal(b1-4)GalNAc(b1-3)[Fuc(a1-2)]Gal(b1-4)GlcNAc(b1-Sp8,-14.229925,-8.497349999999999,-5.190849999999996,-28.39659999999999
Gal(b1-4)GlcNAc(b1-3)GalNAc(a1-Sp8,-4.8942250000000005,-28.21804999999999,507.741775,38295.08940000001
Gal(b1-4)GlcNAc(b1-3)GalNAc(a1-Sp14,6.233024999999998,-18.848975000000006,12.9069,32822.552125
Gal(b1-4)GlcNAc(b1-3)Gal(b1-4)[Fuc(a1-3)]GlcNAc(b1-3)Gal(b1-4)[Fuc(a1-3)]GlcNAc(b1-Sp0,-13.202700000000005,-13.569925000000005,5.600349999999999,-11.640449999999998
Gal(b1-4)GlcNAc(b1-3)Gal(b1-4)GlcNAc(b1-3)Gal(b1-4)GlcNAc(b1-Sp0,0.15532500000000127,-4.319099999999999,-13.689225,-25.177625
Gal(b1-4)GlcNAc(b1-3)Gal(b1-4)GlcNAc(b1-Sp0,4.014350000000002,-14.219275000000005,-7.185,-27.139425
Gal(b1-4)GlcNAc(b1-3)Gal(b1-4)Glc(b1-Sp0,14.496875,-11.162125,21.432800000000004,-20.196375
Gal(b1-4)GlcNAc(b1-3)Gal(b1-4)Glc(b1-Sp8,4.519749999999998,1.2706499999999927,1.1854500000000012,6.711399999999998
Gal(b1-4)GlcNAc(b1-6)[Gal(b1-3)]GalNAc(a1-Sp8,0.6943000000000001,1.8928249999999984,-8.474950000000002,-9.180949999999996
Gal(b1-4)GlcNAc(b1-6)[Gal(b1-3)]GalNAc(a1-Sp14,-3.6929,-18.6063,-4.2836500000000015,-9.606124999999992
Gal(b1-4)GlcNAc(b1-Sp0,3.9647250000000014,-17.21795,-2.6808999999999976,10.515224999999996
Gal(b1-4)GlcNAc(b1-Sp8,2.6376500000000025,-6.92755,1.4149500000000046,-6.56035
Gal(b1-4)GlcNAc(b1-Sp23,-6.8771749999999985,-14.696199999999996,2.9095249999999986,-15.294100000000006
Gal(b1-4)Glc(b1-Sp0,3.5554749999999995,1.5704000000000011,-6.457149999999999,2.374850000000002
Gal(b1-4)Glc(b1-Sp8,0.8754249999999999,5.61345,10.612350000000003,5.079999999999996
GlcNAc(a1-3)Gal(b1-4)GlcNAc(b1-Sp8,-2.0869000000000018,-19.093425000000007,6.540049999999997,-17.133825
GlcNAc(a1-6)Gal(b1-4)GlcNAc(b1-Sp8,-0.8365499999999955,-9.467299999999996,-10.407175000000002,-7.785
GlcNAc(b1-2)Gal(b1-3)GalNAc(a1-Sp8,-0.5676000000000041,-15.94495,367.0446,35763.7123
GlcNAc(b1-6)[GlcNAc(b1-3)]GalNAc(a1-Sp8,-2.18615,-2.206150000000001,-1.628724999999999,-19.210925000000007
GlcNAc(b1-6)[GlcNAc(b1-3)]GalNAc(a1-Sp14,4.364475000000001,-27.9735,-12.6389,-28.69955
GlcNAc(b1-6)[GlcNAc(b1-3)]Gal(b1-4)GlcNAc(b1-Sp8,-16.064750000000004,-23.273550000000004,-3.1379750000000013,-20.103900000000007
GlcNAc(b1-3)GalNAc(a1-Sp8,-3.08745,-13.734075,665.5439500000001,39560.085875
GlcNAc(b1-3)GalNAc(a1-Sp14,2.4229249999999976,-9.953575,-2.09365,34538.005175
GlcNAc(b1-3)Gal(b1-Sp8,-0.8117000000000001,-8.432099999999998,-1.8778250000000007,4309.0645
GlcNAc(b1-3)Gal(b1-4)GlcNAc(b1-Sp0,-3.0627250000000004,-9.399599999999998,4.564699999999998,-19.586050000000007
GlcNAc(b1-3)Gal(b1-4)GlcNAc(b1-Sp8,-12.298725,-15.4578,0.6403999999999996,-38.3375
GlcNAc(b1-3)Gal(b1-4)GlcNAc(b1-3)Gal(b1-4)GlcNAc(b1-Sp0,-8.9813,-3.4319499999999987,3.5300999999999974,-13.860675
GlcNAc(b1-3)Gal(b1-4)Glc(b1-Sp0,-9.24745,-12.479850000000004,1.164200000000001,-12.429700000000011
GlcNAc(b1-4)(a1-MDPLys,-5.085750000000002,-10.962975,4.989674999999998,-18.89285
GlcNAc(b1-6)[GlcNAc(b1-4)]GalNAc(a1-Sp8,-1.146950000000002,-13.428249999999998,4.8497,-16.253775000000005
GlcNAc(b1-4)Gal(b1-4)GlcNAc(b1-Sp8,-12.228725,-29.94572499999999,-2.8617749999999984,-20.025725
GlcNAc(b1-4)GlcNAc(b1-4)GlcNAc(b1-4)GlcNAc(b1-4)GlcNAc(b1-4)GlcNAc(b1-Sp8,-4.265625,-2.7345000000000024,5.5386500000000005,-4.796824999999998
GlcNAc(b1-4)GlcNAc(b1-4)GlcNAc(b1-4)GlcNAc(b1-4)GlcNAc(b1-Sp8,-2.594050000000003,-16.0204,-10.80625,8.853824999999997
GlcNAc(b1-4)GlcNAc(b1-4)GlcNAc(b1-Sp8,-4.212399999999999,-17.09315,-4.994700000000004,-18.546775
GlcNAc(b1-6)GalNAc(a1-Sp8,-7.6775,-18.538225000000004,-3.72875,-24.55429999999999
GlcNAc(b1-6)GalNAc(a1-Sp14,-1.8016,-9.057550000000004,-6.1775249999999975,-9.842149999999998
GlcNAc(b1-6)Gal(b1-4)GlcNAc(b1-Sp8,-3.301525,-10.94,-1.4325,-48.67769999999999
Glc(a1-4)Glc(b1-Sp8,5.72945,-8.237825,16.571150000000006,-4.057024999999999
Glc(a1-4)Glc(a1-Sp8,5.401200000000001,-0.12320000000000242,6.8175750000000015,5.486375000000006
Glc(a1-6)Glc(a1-6)Glc(b1-Sp8,29.2095,2.017825000000002,-1.5457999999999998,9.444349999999996
Glc(b1-4)Glc(b1-Sp8,6.586600000000009,-7.4921000000000015,1.3615250000000003,1.1616999999999995
Glc(b1-6)Glc(b1-Sp8,2.6971749999999983,2.8507000000000042,3.2798250000000007,-3.2476999999999965
G-ol(a1-Sp8,-4.5258999999999965,-16.79175,2.2176500000000026,-12.476574999999995
GlcA(a1-Sp8,13.310274999999995,-5.72,1.7272000000000034,-12.285474999999995
GlcA(b1-Sp8,21.723475000000004,24.46892500000001,-11.930175000000006,41.576475
GlcA(b1-3)Gal(b1-Sp8,20.07355,25.078050000000005,-3.3390249999999995,69.162575
GlcA(b1-6)Gal(b1-Sp8,3.6023999999999994,-11.840500000000002,-4.3186750000000025,-10.795600000000006
KDN(a2-3)Gal(b1-3)GlcNAc(b1-Sp0,-15.543925000000002,-13.194825000000002,-1.290924999999998,-3.921549999999996
KDN(a2-3)Gal(b1-4)GlcNAc(b1-Sp0,8.888275000000002,-22.09715,-4.931025000000002,-24.89995
Man(a1-2)Man(a1-2)Man(a1-3)Man(a1-Sp9,5.735099999999999,-0.5251750000000008,7.374850000000002,-8.732975
Man(a1-2)Man(a1-6)[Man(a1-2)Man(a1-3)]Man(a1-Sp9,-9.1271,-5.443574999999999,0.17830000000000013,-26.48077500000001
Man(a1-2)Man(a1-3)Man(a1-Sp9,4.667175000000002,-17.4642,11.772249999999996,-10.737674999999996
Man(a1-6)[Man(a1-2)Man(a1-3)]Man(a1-6)[Man(a1-2)Man(a1-3)]Man(b1-4)GlcNAc(b1-4)GlcNAc(b1-Sp12,0.4803499999999961,-6.461675,6.61815,-12.801725
Man(a1-2)Man(a1-6)[Man(a1-3)]Man(a1-6)[Man(a1-2)Man(a1-2)Man(a1-3)]Man(b1-4)GlcNAc(b1-4)GlcNAc(b1-Sp12,-8.705350000000006,-17.948225,-4.892450000000004,-2.7414750000000367
Man(a1-2)Man(a1-6)[Man(a1-2)Man(a1-3)]Man(a1-6)[Man(a1-2)Man(a1-2)Man(a1-3)]Man(b1-4)GlcNAc(b1-4)GlcNAc(b1-Sp12,12.264074999999998,5.3537,0.5400249999999982,-12.484850000000002
Man(a1-6)[Man(a1-3)]Man(a1-Sp9,7.193875,-12.11115,-9.20785,-24.5809
Man(a1-2)Man(a1-2)Man(a1-6)[Man(a1-3)]Man(a1-Sp9,-1.9057250000000021,-18.560900000000004,-7.679624999999996,7.886975000000008
Man(a1-6)[Man(a1-3)]Man(a1-6)[Man(a1-2)Man(a1-3)]Man(b1-4)GlcNAc(b1-4)GlcNAc(b1-Sp12,82.65252500000003,65.149475,52.69469999999999,55.38877500000001
Man(a1-6)[Man(a1-3)]Man(a1-6)[Man(a1-3)]Man(b1-4)GlcNAc(b1-4)GlcNAc(b1-Sp12,5.5631499999999985,-13.228125,0.4605750000000004,10.436275000000009
Man(b1-4)GlcNAc(b1-Sp0,8.301125,-9.656325,1.406575,-34.396100000000004
Neu5Ac(a2-3)Gal(b1-4)GlcNAc(b1-3)Gal(b1-4)[Fuc(a1-3)]GlcNAc(b1-Sp0,11.038325,-7.0086,-6.549800000000002,-22.19240000000001
(3S)Gal(b1-4)[Fuc(a1-3)](6S)GlcNAc(b1-Sp8,0.4939249999999991,-4.232400000000002,0.4896250000000029,-17.220550000000006
Fuc(a1-2)(6S)Gal(b1-4)GlcNAc(b1-Sp0,-8.306175,-9.381349999999998,0.34944999999999915,-3.1722250000000085
Fuc(a1-2)Gal(b1-4)(6S)GlcNAc(b1-Sp8,-0.15207499999999996,-13.634575000000002,-6.474474999999997,-11.821199999999996
Fuc(a1-2)(6S)Gal(b1-4)(6S)Glc(b1-Sp0,20.549125000000007,-5.294749999999999,-1.5671750000000042,25.3379
Neu5Ac(a2-3)Gal(b1-3)GalNAc(a1-Sp8,-14.832925000000005,-50.29095000000001,116.401175,40342.63225000002
Neu5Ac(a2-3)Gal(b1-3)GalNAc(a1-Sp14,-6.317700000000002,-65.82770000000001,-12.260699999999995,34041.775625
GalNAc(b1-4)[Neu5Ac(a2-8)Neu5Ac(a2-8)Neu5Ac(a2-8)Neu5Ac(a2-3)]Gal(b1-4)Glc(b1-Sp0,-6.84695,-28.575825000000005,-2.596900000000001,-33.77815
GalNAc(b1-4)[Neu5Ac(a2-8)Neu5Ac(a2-8)Neu5Ac(a2-3)]Gal(b1-4)Glc(b1-Sp0,24.18137500000001,5.6689250000000175,8.761550000000002,11.770450000000013
Neu5Ac(a2-8)Neu5Ac(a2-8)Neu5Ac(a2-3)Gal(b1-4)Glc(b1-Sp0,2.2648500000000027,-30.588325,-7.0759000000000025,-33.911075000000004
GalNAc(b1-4)[Neu5Ac(a2-8)Neu5Ac(a2-3)]Gal(b1-4)Glc(b1-Sp0,-18.581175,-28.569025,-18.57625,-50.31079999999999
Neu5Ac(a2-8)Neu5Ac(a2-8)Neu5Ac(a1-Sp8,5.674475000000001,-32.3847,-5.583050000000003,-37.72535000000001
Neu5Ac(a2-3)(6S)Gal(b1-4)[Fuc(a1-3)]GlcNAc(b1-Sp8,-12.307025,-19.40175,-1.2245750000000015,-19.0908
GalNAc(b1-4)[Neu5Ac(a2-3)]Gal(b1-4)GlcNAc(b1-Sp0,-7.330625,-6.464575000000003,-4.585925000000003,-22.51415
GalNAc(b1-4)[Neu5Ac(a2-3)]Gal(b1-4)GlcNAc(b1-Sp8,-2.3409249999999986,-11.8919,-3.095725,-19.964475
GalNAc(b1-4)[Neu5Ac(a2-3)]Gal(b1-4)Glc(b1-Sp0,-9.1233,-5.530800000000003,1.2413749999999997,-35.45337499999999
Neu5Ac(a2-3)Gal(b1-3)GalNAc(b1-4)[Neu5Ac(a2-3)]Gal(b1-4)Glc(b1-Sp0,-11.29685,13.169299999999984,2.4570250000000047,64.63915
Neu5Ac(a2-6)[Neu5Ac(a2-3)]GalNAc(a1-Sp8,-0.07310000000000105,-20.4626,15.397350000000005,-24.628325000000004
Neu5Ac(a2-3)GalNAc(a1-Sp8,-14.238924999999998,-57.458450000000006,-11.720950000000002,7672.66835
Neu5Ac(a2-3)GalNAc(b1-4)GlcNAc(b1-Sp0,-4.474149999999999,-19.689325,-9.226899999999997,-20.589675
Neu5Ac(a2-3)Gal(b1-3)(6S)GlcNAc(a1-Sp8,1.936375,5.409575,22.042575,-10.929450000000005
Neu5Ac(a2-3)Gal(b1-3)[ Fuc(a1-4)]GlcNAc(b1-Sp8,-4.706525000000001,-9.422675000000002,-8.741224999999996,-38.673125
Neu5Ac(a2-3)Gal(b1-3)[Fuc(a1-4)]GlcNAc(b1-3)Gal(b1-4)[Fuc(a1-3)]GlcNAc(b1-Sp0,4.990475,-21.21682499999999,-9.009174999999997,100.362725
Neu5Ac(a2-3)Gal(b1-4)[Neu5Ac(a2-3)Gal(b1-3)]GlcNAc(b1-Sp8,-2.233175,-3.096075000000001,-7.341500000000003,-12.010475
Neu5Ac(a2-3)Gal(b1-3)(6S)GalNAc(a1-Sp8,-7.271725000000001,-5.9983999999999975,-1.056975000000001,-16.531524999999995
Neu5Ac(a2-6)[Neu5Ac(a2-3)Gal(b1-3)]GalNAc(a1-Sp8,-6.556949999999999,-11.2772,1.7667500000000036,-5.407325
Neu5Ac(a2-6)[Neu5Ac(a2-3)Gal(b1-3)]GalNAc(a1-Sp14,1.096875,-15.564874999999995,6.303375000000003,565.5903000000002
Neu5Ac(a2-3)Gal(b1-Sp8,-1.5176249999999971,-3.640550000000001,12.285325,8.6726
Neu5Ac(a2-3)Gal(b1-3)GalNAc(b1-3)Gal(a1-4)Gal(b1-4)Glc(b1-Sp0,-5.344200000000002,-25.610525,9.660675,-31.767375
Neu5Ac(a2-3)Gal(b1-3)GlcNAc(b1-3)Gal(b1-4)GlcNAc(b1-Sp0,-12.026700000000007,-16.927300000000002,-14.038125,-29.82032500000001
Fuc(a1-2)(6S)Gal(b1-4)Glc(b1-Sp0,-1.574499999999997,-7.020800000000001,2.314,-13.886824999999995
Neu5Ac(a2-3)Gal(b1-3)GlcNAc(b1-Sp0,-14.844174999999995,-10.11475,-13.763625000000005,-23.777475
Neu5Ac(a2-3)Gal(b1-3)GlcNAc(b1-Sp8,-3.699225000000002,-13.666600000000004,-7.983074999999999,-33.96549999999999
Neu5Ac(a2-3)Gal(b1-4)(6S)GlcNAc(b1-Sp8,-13.762325,-6.252800000000002,-12.580324999999998,-40.48762500000001
Neu5Ac(a2-3)Gal(b1-4)[Fuc(a1-3)](6S)GlcNAc(b1-Sp8,-7.709275,-19.121575,-3.4944999999999986,-27.954450000000005
Neu5Ac(a2-3)Gal(b1-4)[Fuc(a1-3)]GlcNAc(b1-3)Gal(b1-4)[Fuc(a1-3)]GlcNAc(b1-3)Gal(b1-4)[Fuc(a1-3)]GlcNAc(b1-Sp0,7.9416749999999965,-12.389775,-3.4636250000000017,14.772450000000005
Neu5Ac(a2-3)Gal(b1-4)[Fuc(a1-3)]GlcNAc(b1-Sp0,-14.873224999999998,-13.002000000000002,-3.197750000000001,-35.07230000000001
Neu5Ac(a2-3)Gal(b1-4)[Fuc(a1-3)]GlcNAc(b1-Sp8,-19.57505,-12.724024999999996,-2.1854499999999977,-2.4325
Neu5Ac(a2-3)Gal(b1-4)[Fuc(a1-3)]GlcNAc(b1-3)Gal(b1-Sp8,-11.97645,-19.6658,-4.541224999999998,-5.363025
Neu5Ac(a2-3)Gal(b1-4)[Fuc(a1-3)]GlcNAc(b1-3)Gal(b1-4)GlcNAc(b1-Sp8,-9.1978,-5.5999750000000015,7.747225000000004,16.291275
Neu5Ac(a2-3)Gal(b1-4)GlcNAc(b1-3)Gal(b1-4)GlcNAc(b1-3)Gal(b1-4)GlcNAc(b1-Sp0,-7.77275,-13.586125,1.9477000000000009,-19.9019
Neu5Ac(a2-3)Gal(b1-4)GlcNAc(b1-Sp0,-5.677075,-17.8626,-0.4916750000000008,-43.393725
Neu5Ac(a2-3)Gal(b1-4)GlcNAc(b1-Sp8,-2.3626250000000004,-20.357375,-11.19015,-28.0449
Neu5Ac(a2-3)Gal(b1-4)GlcNAc(b1-3)Gal(b1-4)GlcNAc(b1-Sp0,-10.353825,-6.846975000000002,3.1296750000000024,-15.67005
Fuc(a1-2)Gal(b1-4)(6S)Glc(b1-Sp0,1.113274999999999,-10.522750000000002,9.213675000000002,24.021275
Neu5Ac(a2-3)Gal(b1-4)Glc(b1-Sp0,9.893974999999998,-10.855575000000002,6.110150000000001,-8.027775000000005
Neu5Ac(a2-3)Gal(b1-4)Glc(b1-Sp8,6.763299999999999,-8.12625,-5.459450000000004,-5.1906
Neu5Ac(a2-6)GalNAc(a1-Sp8,-7.513000000000001,-13.85235,0.1700999999999997,-20.997300000000006
Neu5Ac(a2-6)GalNAc(b1-4)GlcNAc(b1-Sp0,-8.875875,-9.113950000000004,-3.785800000000002,-21.14015
Neu5Ac(a2-6)Gal(b1-4)(6S)GlcNAc(b1-Sp8,-7.595875000000001,-19.009400000000007,-10.845724999999995,-22.90445
Neu5Ac(a2-6)Gal(b1-4)GlcNAc(b1-Sp0,-5.136525,-23.7559,0.9194500000000012,-3.9467250000000007
Neu5Ac(a2-6)Gal(b1-4)GlcNAc(b1-Sp8,-4.711875,-18.537875,-9.595825,-19.942275
Neu5Ac(a2-6)Gal(b1-4)GlcNAc(b1-3)Gal(b1-4)[Fuc(a1-3)]GlcNAc(b1-3)Gal(b1-4)[Fuc(a1-3)]GlcNAc(b1-Sp0,-4.3510500000000025,-20.437625,-1.0967500000000054,-0.5836249999999978
Neu5Ac(a2-6)Gal(b1-4)GlcNAc(b1-3)Gal(b1-4)GlcNAc(b1-Sp0,-9.40375,-22.035425000000004,5.1700750000000015,-26.49945
Neu5Ac(a2-6)Gal(b1-4)Glc(b1-Sp0,-4.012074999999999,-0.02007499999999851,5.447675000000002,-31.55815
Neu5Ac(a2-6)Gal(b1-4)Glc(b1-Sp8,-1.5183500000000016,-10.226024999999998,7.339575,-19.190175000000004
Neu5Ac(a2-6)Gal(b1-Sp8,-1.2169249999999998,-4.620774999999998,8.54375,-11.2728
Neu5Ac(a2-8)Neu5Ac(a1-Sp8,-5.034975000000001,-9.023875,13.912125,-20.07185
Neu5Ac(a2-8)Neu5Ac(a2-3)Gal(b1-4)Glc(b1-Sp0,-4.269875000000007,-20.147175,-4.682775000000001,-23.846999999999994
Gal(b1-3)[Fuc(a1-4)]GlcNAc(b1-3)Gal(b1-3)[Fuc(a1-4)]GlcNAc(b1-Sp0,-9.139375,-17.740075,-8.885225000000002,-4.150325000000001
Neu5Ac(b2-6)GalNAc(a1-Sp8,2.002225000000001,-17.672575000000005,4.0258,0.6348250000000064
Neu5Ac(b2-6)Gal(b1-4)GlcNAc(b1-Sp8,-6.5344,-13.820400000000005,-0.2989999999999995,-20.167225
Neu5Gc(a2-3)Gal(b1-3)[Fuc(a1-4)]GlcNAc(b1-Sp0,0.8532749999999965,0.1958999999999982,-4.9942999999999955,-2.6084500000000013
Neu5Gc(a2-3)Gal(b1-3)GlcNAc(b1-Sp0,3.8352,-2.549099999999997,-3.290999999999995,-8.561775
Neu5Gc(a2-3)Gal(b1-4)[Fuc(a1-3)]GlcNAc(b1-Sp0,-2.6915750000000003,-1.9001250000000027,-3.730175000000002,1.2569250000000096
Neu5Gc(a2-3)Gal(b1-4)GlcNAc(b1-Sp0,0.8601499999999991,-8.301774999999996,-3.038350000000001,-4.153449999999996
Neu5Gc(a2-3)Gal(b1-4)Glc(b1-Sp0,3.637600000000005,11.335425,-1.9788249999999927,-0.9655999999999914
Neu5Gc(a2-6)GalNAc(a1-Sp0,-4.257099999999999,-15.533899999999996,-0.2614750000000008,-17.21145
Neu5Gc(a2-6)Gal(b1-4)GlcNAc(b1-Sp0,6.494049999999996,-9.006600000000002,4.764100000000003,-4.577849999999998
Neu5Gc(a1-Sp8,-3.1679500000000003,-12.249875000000005,0.6984249999999985,-22.58625
Neu5Ac(a2-3)Gal(b1-4)GlcNAc(b1-6)[Gal(b1-3)]GalNAc(a1-Sp14,10.065524999999996,-14.096774999999996,-2.213374999999999,3.7584750000000042
Gal(b1-3)GlcNAc(b1-3)Gal(b1-3)GlcNAc(b1-Sp0,1.5657249999999987,-6.231875,7.580824999999997,-16.964475
Gal(b1-4)[Fuc(a1-3)](6S)GlcNAc(b1-Sp0 ,-1.7780249999999995,-9.164725000000011,8.105799999999999,56.87860000000001
Gal(b1-4)[Fuc(a1-3)](6S)Glc(b1-Sp0,9.427175,2.863700000000001,6.687299999999998,2.1586250000000042
Gal(b1-4)[Fuc(a1-3)]GlcNAc(b1-3)Gal(b1-3)[Fuc(a1-4)]GlcNAc(b1-Sp0,-6.154925000000001,-6.270949999999999,-1.248000000000001,-11.390375
Gal(b1-4)GlcNAc(b1-3)Gal(b1-3)GlcNAc(b1-Sp0,-1.858375000000004,-10.86995,-8.554674999999998,-17.2887
Neu5Ac(a2-3)Gal(b1-3)GlcNAc(b1-3)Gal(b1-3)GlcNAc(b1-Sp0,-6.618875000000003,-18.002025000000003,0.4892999999999965,-24.162675
Neu5Ac(a2-3)Gal(b1-4)GlcNAc(b1-3)Gal(b1-3)GlcNAc(b1-Sp0,11.742224999999998,-13.107475,-6.359449999999998,-32.803974999999994
4S(3S)Gal(b1-4)GlcNAc(b1-Sp0,2.0303250000000013,-16.9897,-2.36665,-17.456425000000007
(6S)Gal(b1-4)(6S)GlcNAc(b1-Sp0,-10.260975000000004,-16.416725,1.1690749999999994,-30.70734999999999
(6P)Glc(b1-Sp10,1.7332499999999982,-11.623450000000002,4.506049999999998,-0.10977499999999553
Neu5Ac(a2-3)Gal(b1-4)[Fuc(a1-3)]GlcNAc(b1-6)[Gal(b1-3)]GalNAc(a1-Sp14,7.730525000000003,8.404425,25.609825,-1.5625749999999992
Gal(b1-3)Gal(b1-4)GlcNAc(b1-Sp8,6.140224999999997,-18.738475,-11.442574999999994,-19.9674
Neu5Ac(a2-6)Gal(b1-4)GlcNAc(b1-2)Man(a1-6)[Gal(b1-4)GlcNAc(b1-2)Man(a1-3)]Man(b1-4)GlcNAc(b1-4)GlcNAc(b1-Sp12,-20.467125,-6.956400000000006,-1.8293,-11.983775
Gal(b1-4)GlcNAc(b1-6)[Gal(b1-4)GlcNAc(b1-3)]Gal(b1-4)GlcNAc(a1-Sp0,9.0327,-4.682175000000001,1.4422499999999978,14.175625
GlcNAc(b1-6)[Gal(b1-4)GlcNAc(b1-3)]Gal(b1-4)GlcNAc(a1-Sp0,15.832575,-1.4833999999999996,-7.470575,-0.2858750000000008
Gal(b1-4)GlcNAc(a1-6)Gal(b1-4)GlcNAc(b1-Sp0,-1.7150249999999991,-14.990874999999996,-3.4604,-16.017825
Gal(b1-4)GlcNAc(b1-6)Gal(b1-4)GlcNAc(b1-Sp0,-3.0501499999999986,6.2896,-3.550400000000004,-11.334174999999995
GalNAc(b1-3)Gal(b1-Sp8,-5.838625,-10.21405,-6.7813250000000025,5976.2418499999985
GlcA(b1-3)GlcNAc(b1-Sp8,-9.54195,-3.805525000000003,6.128650000000004,-2.594350000000002
Neu5Ac(a2-6)Gal(b1-4)GlcNAc(b1-2)Man(a1-6)[GlcNAc(b1-2)Man(a1-3)]Man(b1-4)GlcNAc(b1-4)GlcNAc(b1-Sp12,4.116375,-10.698149999999998,-3.730475,-5.264950000000006
GlcNAc(b1-3)Ma(n1-Sp10,0.8976749999999996,-2.921025000000004,-5.621100000000002,-6.007475
GlcNAc(b1-4)GlcNAc(b1-Sp10,-6.881725000000002,-8.240425000000002,-2.7015,-29.50585
GlcNAc(b1-4)GlcNAc(b1-Sp12,3.1675,-12.47715,0.02424999999999855,-10.865625
MurNAc(b1-4)GlcNAc(b1-Sp10,7.802774999999999,-12.841324999999998,-4.412600000000003,-18.7385
Man(a1-6)Man(b1-Sp10,4.685999999999998,-7.791325,8.711975,7.094000000000008
Man(a1-6)[Man(a1-3)]Man(a1-6)[Man(a1-3)]Man(b1-Sp10,10.909400000000002,8.3871,-3.482225000000001,-14.914724999999995
Man(a1-2)Man(a1-6)[Man(a1-3)]Man(a1-6)[Man(a1-2)Man(a1-2)Man(a1-3)]Man(a1-Sp9,-5.386624999999999,7.4970250000000025,0.4526749999999993,-7.513674999999999
Man(a1-2)Man(a1-6)[Man(a1-2)Man(a1-3)]Man(a1-6)[Man(a1-2)Man(a1-2)Man(a1-3)]Man(a1-Sp9,2.145024999999997,-37.728575000000006,-12.627975,-28.166475
Neu5Ac(a2-3)Gal(b1-4)GlcNAc(b1-6)[Neu5Ac(a2-3)Gal(b1-3)]GalNAc(a1-Sp14,-11.146150000000002,-16.680950000000006,0.1964999999999968,-30.438375000000004
Neu5Ac(a2-6)Gal(b1-4)GlcNAc(b1-2)Man(a1-6)[Neu5Ac(a2-3)Gal(b1-4)GlcNAc(b1-2)Man(a1-3)]Man(b1-4)GlcNAc(b1-4)GlcNAc(b1-Sp12,3.0306999999999977,-39.8518,-8.59175,-34.788625
Gal(b1-4)GlcNAc(b1-2)Man(a1-6)[Neu5Ac(a2-6)Gal(b1-4)GlcNAc(b1-2)Man(a1-3)]Man(b1-4)GlcNAc(b1-4)GlcNAc(b1-Sp12,3.802424999999997,-8.993499999999997,3.4465999999999983,-7.177975
GlcNAc(b1-2)Man(a1-6)[Neu5Ac(a2-6)Gal(b1-4)GlcNAc(b1-2)Man(a1-3)]Man(b1-4)GlcNAc(b1-4)GlcNAc(b1-Sp12,0.981325,-13.282975000000004,3.1801999999999992,-10.304175
Neu5Ac(a2-8)Neu5Ac(b1-Sp17,1.9335500000000003,-18.126,-9.257275,-36.96870000000001
Neu5Ac(a2-8)Neu5Ac(a2-8)Neu5Ac(b1-Sp8,1.4204499999999989,-6.413475000000003,-7.0671500000000025,-21.803349999999995
Neu5Gc(b2-6)Gal(b1-4)GlcNAc(a1-Sp8,15.468975,-17.718774999999994,-2.7380250000000075,-17.537325000000006
Gal(b1-3)GlcNAc(b1-2)Man(a1-6)[Gal(b1-3)GlcNAc(b1-2)Man(a1-3)]Man(b1-4)GlcNAc(b1-4)GlcNAc(b1-Sp19,-0.8747750000000032,-1.195450000000001,15.178600000000005,2.6044250000000058
Neu5Ac(a2-3)Gal(b1-4)GlcNAc(b1-2)Man(a1-6)[Neu5Ac(a2-3)Gal(b1-4)GlcNAc(b1-2)Man(a1-3)]Man(b1-4)GlcNAc(b1-4)GlcNAc(b1-Sp12,4.103824999999999,-11.902324999999998,4.1266500000000015,-15.697599999999998
Neu5Ac(a2-3)Gal(b1-4)GlcNAc(b1-2)Man(a1-6)[Neu5Ac(a2-6)Gal(b1-4)GlcNAc(b1-2)Man(a1-3)]Man(b1-4)GlcNAc(b1-4)GlcNAc(b1-Sp12,-5.875325,-2.2018249999999995,-1.6739999999999997,4.678925
Gal(b1-4)[Fuc(a1-3)]GlcNAc(b1-2)Man(a1-6)[Gal(b1-4)[Fuc(a1-3)]GlcNAc(b1-2)Man(a1-3)]Man(b1-4)GlcNAc(b1-4)GlcNAc(b1-Sp20,13.26455,-11.577025000000004,-1.0736999999999988,-4.716125000000002
"Neu5,9Ac2(a2-3)Gal(b1-4)GlcNAc(b1-Sp0",22.7577,1.7056000000000004,7.234774999999992,-1.1988000000000056
"Neu5,9Ac2(a2-3)Gal(b1-4)GlcNAc(b1-Sp0",-4.428125,-16.06555,-7.8034750000000015,-29.124675
Neu5Ac(a2-6)Gal(b1-4)GlcNAc(b1-3)Gal(b1-3)GlcNAc(b1-Sp0,-4.2239,-4.5822749999999886,-1.8573500000000005,7.099000000000004
Neu5Ac(a2-3)Gal(b1-3)[Fuc(a1-4)]GlcNAc(b1-3)Gal(b1-3)[Fuc(a1-4)]GlcNAc(b1-Sp0,8.535175,-17.312700000000003,-5.224750000000002,25.967925
Neu5Ac(a2-6)Gal(b1-4)GlcNAc(b1-3)Gal(b1-4)GlcNAc(b1-3)Gal(b1-4)GlcNAc(b1-Sp0,-3.479075,-20.1179,0.3910249999999991,-4.510224999999998
Gal(a1-4)Gal(b1-4)GlcNAc(b1-3)Gal(b1-4)Glc(b1-Sp0,2.328300000000004,5.0068500000000045,-0.9257250000000036,-24.037125000000003
GalNAc(b1-3)Gal(a1-4)Gal(b1-4)GlcNAc(b1-3)Gal(b1-4)Glc(b1-Sp0,-0.1984250000000003,-1.7291999999999987,-0.3110249999999989,-24.233225000000008
GalNAc(a1-3)[Fuc(a1-2)]Gal(b1-4)GlcNAc(b1-3)Gal(b1-4)GlcNAc(b1-Sp0,3.6954249999999984,-4.633175000000001,11.663349999999998,-14.333324999999995
GalNAc(a1-3)[Fuc(a1-2)]Gal(b1-4)GlcNAc(b1-3)Gal(b1-4)GlcNAc(b1-3)Gal(b1-4)GlcNAc(b1-Sp0,28.716700000000003,19.990625,9.373699999999996,18.922750000000008
Neu5Ac(a2-3)Gal(b1-4)[Fuc(a1-3)]GlcNAc(b1-6)[Neu5Ac(a2-3)Gal(b1-3)]GalNAc(a1-Sp14,7.976524999999999,0.8676749999999984,24.913824999999992,65.97390000000001
GlcNAc(a1-4)Gal(b1-4)GlcNAc(b1-3)Gal(b1-4)GlcNAc(b1-3)Gal(b1-4)GlcNAc(b1-Sp0,-10.65715,-11.604800000000004,-1.4464999999999986,-14.558850000000005
GlcNAc(a1-4)Gal(b1-4)GlcNAc(b1-Sp0,-5.739275000000003,-20.591225000000005,-10.094624999999997,-20.8835
GlcNAc(a1-4)Gal(b1-3)GlcNAc(b1-Sp0,-13.786000000000005,-21.177950000000006,-12.274849999999995,-21.276
GlcNAc(a1-4)Gal(b1-4)GlcNAc(b1-3)Gal(b1-4)Glc(b1-Sp0,16.998799999999996,-10.784049999999995,-6.926899999999998,-17.965749999999993
GlcNAc(a1-4)Gal(b1-4)GlcNAc(b1-3)Gal(b1-4)[Fuc(a1-3)]GlcNAc(b1-3)Gal(b1-4)[Fuc(a1-3)]GlcNAc(b1-Sp0,-1.9540000000000024,-23.357149999999994,3.8483500000000044,421.3642749999999
GlcNAc(a1-4)Gal(b1-4)GlcNAc(b1-3)Gal(b1-4)GlcNAc(b1-Sp0,-4.5113,-26.278200000000005,2.9350999999999967,-21.74782499999999
GlcNAc(a1-4)Gal(b1-3)GalNAc(a1-Sp14,-4.706474999999998,-16.593625000000007,15.063275,11983.992224999998
Neu5Ac(a2-6)Gal(b1-4)GlcNAc(b1-2)Man(a1-6)[Man(a1-3)]Man(b1-4)GlcNAc(b1-4)GlcNAc(a1-Sp12,3.5457500000000035,-16.2755,12.07225,39.634375
Man(a1-6)[Neu5Ac(a2-6)Gal(b1-4)GlcNAc(b1-2)Man(a1-3)]Man(b1-4)GlcNAc(b1-4)GlcNAc(a1-Sp12,4.2177249999999935,-27.123925,-3.2811249999999994,-25.36660000000001
Neu5Ac(a2-6)Gal(b1-4)GlcNAc(b1-2)Man(a1-6)Man(b1-4)GlcNAc(b1-4)GlcNAc(a1-Sp12,-9.19835,-5.288349999999999,1.1042250000000031,4.073575000000004
Neu5Ac(a2-6)Gal(b1-4)GlcNAc(b1-2)Man(a1-3)Man(b1-4)GlcNAc(b1-4)GlcNAc(a1-Sp12,1.5985499999999997,-11.121724999999998,-5.744300000000001,4.303399999999996
Gal(b1-4)GlcNAc(b1-2)Man(a1-3)Man(b1-4)GlcNAc(b1-4)GlcNAc(a1-Sp12,3.021550000000005,-0.3614750000000022,-12.018350000000005,-16.47355
Gal(b1-4)GlcNAc(b1-2)Man(a1-6)Man(b1-4)GlcNAc(b1-4)GlcNAc(a1-Sp12,-0.9474500000000016,-12.734100000000005,-6.564375,-9.76075
Man(a1-6)[Gal(b1-4)GlcNAc(b1-2)Man(a1-3)]Man(b1-4)GlcNAc(b1-4)GlcNAc(b1-Sp12,3.392075000000002,-15.640524999999998,-4.308950000000003,12.062625000000011
GlcNAc(b1-2)Man(a1-6)[GlcNAc(b1-2)Man(a1-3)]Man(b1-4)GlcNAc(b1-4)[Fuc(a1-6)]GlcNAc(b1-Sp22,-0.7399249999999995,-13.327350000000004,0.699375,-5.579549999999998
Gal(b1-4)GlcNAc(b1-2)Man(a1-6)[Gal(b1-4)GlcNAc(b1-2)Man(a1-3)]Man(b1-4)GlcNAc(b1-4)[Fuc(a1-6)]GlcNAc(b1-Sp22,-4.20375,-36.118725,-3.3124749999999987,-23.05644999999998
Gal(b1-3)GlcNAc(b1-2)Man(a1-6)[Gal(b1-3)GlcNAc(b1-2)Man(a1-3)]Man(b1-4)GlcNAc(b1-4)[Fuc(a1-6)]GlcNAc(b1-Sp22,-3.231700000000002,-19.317250000000005,-4.905775,-6.731049999999998
(6S)GlcNAc(b1-3)Gal(b1-4)GlcNAc(b1-Sp0,6.49555,-3.594574999999999,-3.003850000000001,-10.078274999999994
KDN(a2-3)Gal(b1-4)[Fuc(a1-3)]GlcNAc(a1-Sp0,6.0671500000000025,-22.870725,-2.209150000000001,2.6657250000000046
KDN(a2-6)Gal(b1-4)GlcNAc(a1-Sp0,-2.7471750000000017,-21.04835,-3.946299999999997,-35.35595000000001
KDN(a2-3)Gal(b1-4)Glc(a1-Sp0,3.738,-1.233550000000001,9.72545,-9.131300000000003
KDN(a2-3)Gal(b1-3)GalNAc(a1-Sp14,10.276925,-12.451725,7.235175000000003,27763.0409
Fuc(a1-2)Gal(b1-3)GlcNAc(b1-2)Man(a1-6)[Fuc(a1-2)Gal(b1-3)GlcNAc(b1-2)Man(a1-3)]Man(b1-4)GlcNAc(b1-4)GlcNAc(b1-Sp20,10.398574999999996,-10.315824999999997,-2.627200000000002,6.176675000000002
Fuc(a1-2)Gal(b1-4)GlcNAc(b1-2)Man(a1-6)[Fuc(a1-2)Gal(b1-4)GlcNAc(b1-2)Man(a1-3)]Man(b1-4)GlcNAc(b1-4)GlcNAc(b1-Sp20,-17.533425,-11.183274999999995,-25.237975,0.2993249999999961
Fuc(a1-2)Gal(b1-4)[Fuc(a1-3)]GlcNAc(b1-2)Man(a1-6)[Fuc(a1-2)Gal(b1-4)[Fuc(a1-3)]GlcNAc(b1-2)Man(a1-3)]Man(b1-4)GlcNAc(b1-4)GlcNA(b1-Sp20,-0.9734499999999996,-13.118524999999995,-1.7827249999999992,20.250925
Gal(a1-3)Gal(b1-4)GlcNAc(b1-2)Man(a1-6)[Gal(a1-3)Gal(b1-4)GlcNAc(b1-2)Man(a1-3)]Man(b1-4)GlcNAc(b1-4)GlcNAc(b1-Sp20,-9.978875000000002,0.6133249999999926,-11.758100000000004,-15.331675
Gal(b1-4)GlcNAc(b1-2)Man(a1-6)[Man(a1-3)]Man(b1-4)GlcNAc(b1-4)GlcNAc(b1-Sp12,11.142200000000004,-21.24435,-3.3948749999999954,-17.302099999999992
Fuc(a1-4)[Gal(b1-3)]GlcNAc(b1-2)Man(a1-6)[Fuc(a1-4)[Gal(b1-3)]GlcNAc(b1-2)Man(a1-3)]Man(b1-4)GlcNAc(b1-4)[Fuc(a1-6)]GlcNAc(b1-Sp22,-5.948949999999996,-27.5796,-12.47515,71.488775
Neu5Ac(a2-6)GlcNAc(b1-4)GlcNAc(a1-Sp21,-5.172424999999997,-49.13255,-1.368800000000002,-49.89905
Neu5Ac(a2-6)GlcNAc(b1-4)GlcNAc(b1-4)GlcNAc(a1-Sp21,-17.009099999999997,-35.03905,-3.7268500000000016,-34.1507
Gal(b1-4)[Fuc(a1-3)]GlcNAc(b1-6)[Fuc(a1-2)Gal(b1-4)GlcNAc(b1-3)]Gal(b1-4)Glc(a1-Sp21,-11.94115,-2.684300000000004,-1.3284749999999974,3.994125000000005
Gal(b1-4)GlcNAc(b1-2)Man(a1-6)[Gal(b1-4)GlcNAc(b1-4)[Gal(b1-4)GlcNAc(b1-2)]Man(a1-3)]Man(b1-4)GlcNAc(b1-4)GlcNAc(a1-Sp21,2.333199999999998,-20.12425,7.128625,-25.055975000000004
GalNAc(a1-3)[Fuc(a1-2)]Gal(b1-4)GlcNAc(b1-2)Man(a1-6)[GalNAc(a1-3)[Fuc(a1-2)]Gal(b1-4)GlcNAc(b1-2)Man(a1-3)]Man(b1-4)GlcNAc(b1-4)GlcNAc(b1-Sp20,-11.928525,-17.880099999999995,4.081825000000002,-38.1797
Gal(a1-3)[Fuc(a1-2)]Gal(b1-4)GlcNAc(b1-2)Man(a1-6)[Gal(a1-3)[Fuc(a1-2)]Gal(b1-4)GlcNAc(b1-2)Man(a1-3)]Man(b1-4)GlcNAc(b1-4)GlcNAc(b1-Sp20,0.4723999999999986,-10.250924999999997,-5.902050000000003,-11.968099999999994
Gal(a1-3)Gal(b1-4)[Fuc(a1-3)]GlcNAc(b1-2)Man(a1-6)[Gal(a1-3)Gal(b1-4)[Fuc(a1-3)]GlcNAc(b1-2)Man(a1-3)]Man(b1-4)GlcNAc(b1-4)GlcNAc(b1-Sp20,-20.8314,-28.6266,31.97567500000001,-34.92487500000001
GalNAc(a1-3)[Fuc(a1-2)]Gal(b1-3)GlcNAc(b1-2)Man(a1-6)[GalNAc(a1-3)[Fuc(a1-2)]Gal(b1-3)GlcNAc(b1-2)Man(a1-3)]Man(b1-4)GlcNAc(b1-4)GlcNAc(b1-Sp20,-12.328325000000007,-14.471975,-3.092249999999998,-19.486775
Gal(a1-3)[Fuc(a1-2)]Gal(b1-3)GlcNAc(b1-2)Man(a1-6)[Gal(a1-3)[Fuc(a1-2)]Gal(b1-3)GlcNAc(b1-2)Man(a1-3)]Man(b1-4)GlcNAc(b1-4)GlcNAc(b1-Sp20,-9.457150000000004,-13.49115,-7.786724999999998,-28.71645000000001
Fuc(a1-4)[Fuc(a1-2)Gal(b1-3)]GlcNAc(b1-2)Man(a1-3)[Fuc(a1-4)[Fuc(a1-2)Gal(b1-3)]GlcNAc(b1-2)Man(a1-3)]Man(b1-4)GlcNAc(b1-4)GlcNAc(b1-Sp19,2.5559000000000047,-10.908075000000006,-4.213125,-4.4411999999999985
Neu5Ac(a2-3)Gal(b1-4)GlcNAc(b1-3)GalNAc(a1-Sp14,9.043375,-12.276700000000005,-0.05150000000000077,7982.818974999999
Neu5Ac(a2-6)Gal(b1-4)GlcNAc(b1-3)GalNAc(a1-Sp14,-8.27555,-37.91727500000001,-3.723575,29270.0336
Neu5Ac(a2-3)Gal(b1-4)[Fuc(a1-3)]GlcNAc(b1-3)GalNAc(a1-Sp14,-4.818075,-10.415274999999998,9.237799999999991,488.43405
GalNAc(b1-4)GlcNAc(b1-2)Man(a1-6)[GalNAc(b1-4)GlcNAc(b1-2)Man(a1-3)]Man(b1-4)GlcNAc(b1-4)GlcNAc(a1-Sp12,511.1516,548.7172999999998,261.726625,525.8261500000001
Gal(b1-3)GalNAc(a1-3)[Fuc(a1-2)]Gal(b1-4)Glc(a1-Sp0,-11.469,-0.6386000000000038,-2.8965250000000005,-21.087675
Gal(b1-3)GalNAc(a1-3)[Fuc(a1-2)]Gal(b1-4)GlcNAc(a1-Sp0,-9.825150000000004,-22.46975,1.9050499999999992,-29.32090000000001
Gal(b1-3)GlcNac(b1-3)Gal(b1-4)GlcNac(b1-6)[Gal(b1-3)GlcNac(b1-3)]Gal(b1-4)Glc(b1-Sp0,-11.540125,-7.4932250000000025,-15.955575,-47.39384999999999
Gal(b1-4)[Fuc(a1-3)]GlcNAc(b1-6)[Gal(b1-3)GlcNAc(b1-3)]Gal(b1-4)Glc(a1-Sp21,11.244075000000002,-13.017825000000002,0.5592249999999979,-18.44307499999999
Gal(b1-4)GlcNAc(b1-6)[Fuc(a1-4)[Fuc(a1-2)Gal(b1-3)]GlcNAc(b1-3)]Gal(b1-4)Glc(a1-Sp21,-5.377999999999999,-12.904150000000005,4.174450000000004,-13.382200000000005
Gal(b1-4)[Fuc(a1-3)]GlcNAc(b1-6)[Fuc(a1-4)[Fuc(a1-2)Gal(b1-3)]GlcNAc(b1-3)]Gal(b1-4)Glc(a1-Sp21,-20.9554,-10.599049999999997,-23.113775000000004,-26.350650000000005
Gal(b1-3)GlcNAc(b1-3)Gal(b1-4)[Fuc(a1-3)]GlcNAc(b1-6)[Gal(b1-3)GlcNAc(b1-3)]Gal(b1-4)Glc(a1-Sp21,-6.50875,-0.3166999999999973,-2.9316250000000057,-4.743299999999998
Gal(b1-4)GlcNac(b1-6)[Gal(b1-4)GlcNac(b1-2)]Man(a1-6)[Gal(b1-4)GlcNac(b1-4)[Gal(b1-4)GlcNac(b1-2)]Man(a1-3)]Man(b1-4)GlcNac(b1-4)GlcNac(b1-Sp21,6.145575000000001,-19.145050000000005,-1.5808250000000008,-23.496675
GlcNac(b1-2)Man(a1-6)[GlcNac(b1-4)[GlcNac(b1-2)]Man(a1-3)]Man(b1-4)GlcNac(b1-4)GlcNac(a1-Sp21,-13.17875,-24.0352,-5.362325000000004,-27.1297
Fuc(a1-2)Gal(b1-3)GalNAc(a1-3)[Fuc(a1-2)]Gal(b1-4)Glc(b1-Sp0,-8.365825000000003,-20.23465,-1.9479000000000009,-15.62465
Fuc(a1-2)Gal(b1-3)GalNAc(a1-3)[Fuc(a1-2)]Gal(b1-4)GlcNAc(b1-Sp0,-9.76585,-13.313325000000004,-15.616000000000007,-39.458075
Gal(b1-3)GlcNAc(b1-3)GalNAc(a1-Sp14,-7.898825000000002,-30.122149999999994,-2.465950000000003,38038.32135000001
GalNAc(b1-4)[Neu5Ac(a2-3)]Gal(b1-4)GlcNAc(b1-3)GalNAc(a1-Sp14,2.4833250000000007,10.504375,-8.479174999999998,8531.126925
GalNAc(a1-3)[Fuc(a1-2)]Gal(b1-3)GalNAc(a1-3)[Fuc(a1-2)]Gal(b1-4)GlcNAc(b1-Sp0,-19.302800000000005,-27.034675,-11.1005,-39.41632499999999
Gal(a1-3)Gal(b1-3)GlcNAc(b1-2)Man(a1-6)[Gal(a1-3)Gal(b1-3)GlcNAc(b1-2)Man(a1-3)]Man(b1-4)GlcNAc(b1-4)GlcNAc(a1-Sp19,-9.467925,-19.278475,23.53340000000001,-15.544399999999989
Gal(a1-3)Gal(b1-3)[Fuc(a1-4)]GlcNAc(b1-2)Man(a1-6)[Gal(a1-3)Gal(b1-3)[Fuc(a1-4)]GlcNAc(b1-2)Man(a1-3)]Man(b1-4)GlcNAc(b1-4)GlcNAc(a1-Sp19,-32.29755,-20.756350000000012,-26.662375,-8.294424999999997
Neu5Ac(a2-3)Gal(b1-3)GlcNAc(b1-2)Man(a1-6)[Neu5Ac(a2-3)Gal(b1-3)GlcNAc(b1-2)Man(a1-3)]Man(b1-4)GlcNAc(b1-4)GlcNAc(a1-Sp19,33.0549,-0.3895000000000053,12.697649999999996,-8.216375
GlcNAc(b1-2)Man(a1-6)[Gal(b1-4)GlcNAc(b1-2)Man(a1-3)]Man(b1-4)GlcNAc(b1-4)GlcNAc(a1-Sp12,-5.684974999999998,-7.926375000000002,-3.2810749999999977,-8.791999999999994
Gal(b1-4)GlcNAc(b1-2)Man(a1-6)[GlcNAc(b1-2)Man(a1-3)]Man(b1-4)GlcNAc(b1-4)GlcNAc(a1-Sp12,-5.6085249999999975,-7.9745500000001375,-10.807624999999994,-9.50469999999999
Neu5Ac(a2-3)Gal(b1-3)GlcNAc(b1-3)GalNAc(a1-Sp14,1.4878,-16.909425,-5.399225000000001,38196.8411
Fuc(a1-2)Gal(b1-4)GlcNac(b1-3)GalNac(a1-Sp14,30.37875,-4.892874999999998,6.670300000000001,26428.903800000004
Gal(b1-4)[Fuc(a1-3)]GlcNac(b1-3)GalNac(a1-Sp14,-5.5594,-5.208850000000004,-2.252775000000004,17065.58435
GalNac(a1-3)GalNac(b1-3)Gal(a1-4)Gal(b1-4)GlcNac(b1-Sp0,-2.541175000000001,-10.929275,0.9586250000000014,-21.871
Gal(a1-4)Gal(b1-3)GlcNac(b1-2)Man(a1-6)[Gal(a1-4)Gal(b1-3)GlcNac(b1-2)Man(a1-3)]Man(b1-4)GlcNac(b1-4)GlcNac(b1-Sp19,-1.494175000000002,-4.722325000000001,3.0369750000000018,2.7027
Gal(a1-4)Gal(b1-4)GlcNac(b1-2)Man(a1-6)[Gal(a1-4)Gal(b1-4)GlcNac(b1-2)Man(a1-3)]Man(b1-4)GlcNac(b1-4)GlcNac(b1-Sp24,2.170100000000001,-5.155024999999998,2.7289499999999407,-2.063800000000008
Gal(a1-3)Gal(b1-4)GlcNac(b1-3)GalNac(a1-Sp14,-6.58385,-24.36515,-1.6176250000000003,34586.964325
Gal(b1-3)GlcNAc(b1-6)Gal(b1-4)GlcNAc(b1-Sp0,-0.37525000000000297,-20.5314,6.410799999999997,-54.02932500000001
Gal(b1-3)GlcNAc(a1-6)Gal(b1-4)GlcNAc(b1-Sp0,-5.3805749999999986,-13.428399999999998,-10.034500000000003,-26.81622500000001
GalNAc(b1-3)Gal(a1-6)Gal(b1-4)Glc(b1-Sp8,-4.94135,-12.292450000000002,1.5857250000000036,23.07957500000001
Gal(a1-3)[Fuc(a1-2)]Gal(b1-4)[Fuc(a1-3)]Glc(b1-Sp21,-8.613925000000004,-3.7959,0.4909749999999953,1.417199999999994
Gal(b1-4)GlcNAc(b1-6)[Neu5Ac(a2-6)Gal(b1-3)GlcNAc(b1-3)]Gal(b1-4)Glc(a1-Sp21,2.066274999999999,-9.026600000000006,-6.643524999999999,14.694824999999987
Gal(b1-3)GalNAc(b1-4)[Neu5Ac(a2-8)Neu5Ac(a2-3)]Gal(b1-4)Glc(b1-Sp0,3.3878500000000003,-9.653125,-4.991125,-3.5076249999999902
Neu5Ac(a2-3)Gal(b1-3)GalNAc(b1-4)[Neu5Ac(a2-8)Neu5Ac(a2-3)]Gal(b1-4)Glc(b1-Sp0,-5.0708499999999965,-7.6351749999999985,10.704225,-21.64805
Gal(a1-3)[Fuc(a1-2)]Gal(b1-4)GlcNAc(b1-3)GalNAc(a1-Sp14,0.9858499999999992,-17.940350000000006,-7.610449999999997,13163.288875000002
GalNAc(a1-3)[Fuc(a1-2)]Gal(b1-4)GlcNAc(b1-3)GalNAc(a1-Sp14,-11.855525000000002,-22.904,-0.4345750000000024,15827.996950000002
GalNAc(a1-3)GalNAc(b1-3)Gal(a1-4)Gal(b1-4)Glc(b1-Sp0,-3.208800000000002,-14.868849999999998,-0.7420749999999927,-32.32759999999999
Fuc(a1-2)Gal(b1-4)[Fuc(a1-3)]GlcNAc(b1-3)GalNAc(a1-Sp14,-6.771975000000005,12.719550000000012,31.49275,184.67497499999996
Gal(a1-3)[Fuc(a1-2)]Gal(b1-4)[Fuc(a1-3)]GlcNAc(b1-3)GalNAc(a1-Sp14,-21.464450000000006,-20.05715,-11.388674999999996,6960.5749
GalNAc(a1-3)[Fuc(a1-2)]Gal(b1-4)[Fuc(a1-3)]GlcNAc(b1-3)GalNAc(a1-Sp14,4.017825000000002,-11.231625000000005,17.232150000000004,292.1180999999999
Gal(b1-4)[Fuc(a1-3)]GlcNAc(b1-2)Man(a1-6)[Gal(b1-4)[Fuc(a1-3)]GlcNAc(b1-2)Man(a1-3)]Man(b1-4)GlcNAc(b1-4)[Fuc(a1-6)]GlcNAc(b1-Sp22,-31.063299999999995,-13.324925,-21.20135000000001,-35.75274999999999
Fuc(a1-2)Gal(b1-4)GlcNAc(b1-2)Man(a1-6)[Fuc(a1-2)Gal(b1-4)GlcNAc(b1-2)Man(a1-3)]Man(b1-4)GlcNAc(b1-4)[Fuc(a1-6)]GlcNAc(b1-Sp22,-20.259699999999995,-17.829375,1.6519000000000013,-38.32632499999999
GlcNAc(b1-2)[GlcNAc(b1-6)]Man(a1-6)[GlcNAc(b1-2)Man(a1-3)]Man(b1-4)GlcNAc(b1-4)GlcNAc(b1-Sp19,-16.38975,-20.3545,-2.854725000000002,-1.6489000000000011
Fuc(a1-2)Gal(b1-3)GlcNAc(b1-3)GalNAc(a1-Sp14,-9.26945,-36.477875,-16.981925,15855.2553
Gal(a1-3)[Fuc(a1-2)]Gal(b1-3)GlcNAc(b1-3)GalNAc(a1-Sp14,-13.869300000000004,-24.987275000000004,2.3477500000000013,12401.9901
GalNAc(a1-3)[Fuc(a1-2)]Gal(b1-3)GlcNAc(b1-3)GalNAc(a1-Sp14,-11.1712,-24.83850000000001,-10.912125000000005,5725.600075000001
Gal(a1-3)Gal(b1-3)GlcNAc(b1-3)GalNAc(a1-Sp14,-21.5164,-25.981725000000004,-7.064049999999996,32141.253375
Fuc(a1-2)Gal(b1-3)GlcNAc(b1-2)Man(a1-6)[Fuc(a1-2)Gal(b1-3)GlcNAc(b1-2)Man(a1-3)]Man(b1-4)GlcNAc(b1-4)[Fuc(a1-6)]GlcNAc(b1-Sp22,-6.806374999999999,-3.237124999999999,-7.566125000000002,-11.959699999999998
Gal(a1-3)[Fuc(a1-2)]Gal(b1-4)GlcNAc(b1-2)Man(a1-6)[Gal(a1-3)[Fuc(a1-2)]Gal(b1-4)GlcNAc(b1-2)Man(a1-3)]Man(b1-4)GlcNAc(b1-4)[Fuc(a1-6)]GlcNAc(b1-Sp22,-8.581025,-17.913375,-16.155349999999995,-25.232175
Gal(b1-3)GlcNAc(b1-6)[Gal(b1-3)GlcNAc(b1-2)]Man(a1-6)[Gal(b1-3)GlcNAc(b1-2)Man(a1-3)]Man(b1-4)GlcNAc(b1-4)GlcNAc(b1-Sp19,-16.936724999999996,1.6879500000000007,-18.929475,-24.33632499999999
Gal(b1-4)GlcNAc(b1-6)[Fuc(a1-2)Gal(b1-3)GlcNAc(b1-3)]Gal(b1-4)Glc(a1-Sp21,-11.110775000000006,-17.012574999999995,-11.047950000000005,-39.677975
Fuc(a1-3)GlcNAc(b1-6)[Gal(b1-4)GlcNAc(b1-3)]Gal(b1-4)Glc(a1-Sp21,2.113049999999994,-16.572325000000006,8.889725000000002,-28.1663
GlcNAc(b1-2)Man(a1-6)[GlcNAc(b1-4)][GlcNAc(b1-2)Man(a1-3)]Man(b1-4)GlcNac(b1-4)GlcNAc(a1-Sp21,-15.171825000000002,-23.7627,-31.62195,-38.134975
GlcNAc(b1-2)Man(a1-6)[GlcNAc(b1-4)][GlcNAc(b1-4)[GlcNAc(b1-2)]Man(a1-3)]Man(b1-4)GlcNAc(b1-4)GlcNAc(a1-Sp21,-11.490650000000004,-10.671924999999998,-4.251175000000004,-24.558575
GlcNAc(b1-6)[GlcNAc(b1-2)]Man(a1-6)[GlcNAc(b1-4)][GlcNAc(b1-2)Man(a1-3)]Man(b1-4)GlcNAc(b1-4)GlcNAc(a1-Sp21,-18.832475,-21.82565,-12.582600000000005,-25.942475
GlcNAc(b1-6)[GlcNAc(b1-2)]Man(a1-6)[GlcNAc(b1-4)][GlcNAc(b1-4)[GlcNAc(b1-2)]Man(a1-3)]Man(b1-4)GlcNAc(b1-4)GlcNAc(a1-Sp21,-25.1504,-29.0161,-0.5062250000000006,-10.738074999999995
Gal(b1-4)GlcNAc(b1-2)Man(a1-6)[GlcNAc(b1-4)][Gal(b1-4)GlcNAc(b1-2)Man(a1-3)]Man(b1-4)GlcNAc(b1-4)GlcNAc(a1-Sp21,-3.225525,-27.102124999999994,-10.899349999999998,-47.112775
Gal(b1-4)GlcNAc(b1-2)Man(a1-6)[GlcNAc(b1-4)][Gal(b1-4)GlcNAc(b1-4)[Gal(b1-4)GlcNAc(b1-2)]Man(a1-3)]Man(b1-4)GlcNAc(b1-4)GlcNAc(a1-Sp21,-10.619000000000003,-23.5288,-14.417525,-29.09915
Gal(b1-4)GlcNAc(b1-6)[Gal(b1-4)GlcNAc(b1-2)]Man(a1-6)[GlcNAc(b1-4)][Gal(b1-4)GlcNAc(b1-2)Man(a1-3)]Man(b1-4)GlcNAc(b1-4)GlcNAc(a1-Sp21,-19.014375,-25.915275000000005,-13.716625,-26.345225
Gal(b1-4)GlcNAc(b1-6)[Gal(b1-4)GlcNAc(b1-2)]Man(a1-6)[GlcNAc(b1-4)][Gal(b1-4)GlcNAc(b1-4)[Gal(b1-4)GlcNAc(b1-2)]Man(a1-3)]Man(b1-4)GlcNAc(b1-4)GlcNAc(a1-Sp21,-12.358575,-27.465675,-13.747674999999996,-23.98177500000001
Gal(b1-4)Gal(b1-Sp10,-16.910975,-18.878725000000006,-19.99005,-44.17384999999999
Gal(b1-6)Gal(b1-Sp10,-3.9448999999999987,-22.28365,-23.099125,-40.85737500000001
Neu5Ac(a2-3)Gal(b1-4)GlcNAc(b1-3)Gal(b1-Sp8,-15.50485,-59.46012499999999,-8.730999999999995,-55.69895
GalNAc(b1-6)GalNAc(b1-Sp8,-9.577125,-32.34225000000001,-27.82432500000001,-56.138725
(6S)Gal(b1-3)GlcNAc(b1-Sp0,-22.257200000000008,-36.89602500000001,-23.801975,-65.209375
(6S)Gal(b1-3)(6S)GlcNAc(a1-Sp0,-10.118499999999996,-18.6991,-12.575675,-52.816125
Fuc(a1-2)Gal(b1-4) GlcNAc(b1-2)Man(a1-6)[Fuc(a1-2)Gal(b1-4)GlcNAc(b1-2)[Fuc(a1-2)Gal(b1-4)GlcNAc(b1-4)]Man(a1-3)]Man(b1-4)GlcNAc(b1-4)GlcNAc(b1-N,-27.125625,-15.256125000000004,2.6868500000000064,3.0824000000000065
Fuc(a1-2)Gal(b1-4)[Fuc(a1-3)]GlcNAc(b1-2)Man(a1-6)[Fuc(a1-2)Gal(b1-4)[Fuc(a1-3)]GlcNAc(b1-4)[Fuc(a1-2)Gal(b1-4)[Fuc(a1-3)]GlcNAc(b1-2)]Man(a1-3)]Man(b1-4)GlcNAc(b1-4)GlcNAc(b1-N,-14.438225,-5.4941,47.98579999999998,33.836949999999995
Gal(b1-4)[Fuc(a1-3)]GlcNAc(b1-6)GalNAc(a1-Sp14,-17.804549999999995,-23.644624999999994,8.617949999999997,-10.86725
Gal(b1-4)GlcNAc(b1-2)Man(a1-Sp0,-18.30525,-15.894550000000002,-9.1024,-33.7312
Fuc(a1-2)Gal(b1-4)GlcNAc(b1-6)[Fuc(a1-2)Gal(b1-4)GlcNAc(b1-3)]GalNAc(a1-Sp14,-26.70100000000001,-34.554125,-27.134950000000003,2.1429250000000053
Gal(a1-3)Fuc(a1-2)Gal(b1-4)GlcNAc(b1-6)[Gal(a1-3)Fuc(a1-2)Gal(b1-4)GlcNAc(b1-3)]GalNAc(a1-Sp14,-10.73355,-26.6905,-14.783024999999995,-17.996875
GalNAc(a1-3)[Fuc(a1-2)]Gal(b1-4)GlcNAc(b1-6)[GalNAc(a1-3)[Fuc(a1-2)]Gal(b1-4)GlcNAc(b1-3)]GalNAc(a1-Sp14,-12.688649999999996,-27.555650000000004,-12.137425,-39.946325
Neu5Ac(a2-8)Neu5Ac(a2-3)Gal(b1-3)GalNAc(b1-4)[Neu5Ac(a2-8)Neu5Ac(a2-3)]Gal(b1-4)Glc(b1-Sp0,-18.511375,-23.1883,-15.372125,-40.45455
GalNAc(b1-4)Gal(b1-4)Glc(b1-Sp0,-5.7275,-23.914475000000003,-17.98125,-38.63245
GalNAc(a1-3)[Fuc(a1-2)]Gal(b1-4)GlcNAc(b1-2)Man(a1-6)[GalNAc(a1-3)[Fuc(a1-2)]Gal(b1-4)GlcNAc(b1-2)Man(a1-3)]Man(b1-4)GlcNAc(b1-4)[Fuc(a1-6)]GlcNAc(b1-Sp22,9.209199999999996,-17.246049999999997,-15.397099999999998,-23.562600000000003
Gal(a1-3)[Fuc(a1-2)]Gal(b1-3)GlcNAc(b1-2)Man(a1-6)[Gal(a1-3)[Fuc(a1-2)]Gal(b1-3)GlcNAc(b1-2)Man(a1-3)]Man(b1-4)GlcNAc(b1-4)[Fuc(a1-6)]GlcNAc(b1-Sp22,-4.175975000000001,-17.902975000000005,-18.2966,-3.620099999999997
Neu5Ac(a2-6)Gal(b1-4)GlcNAc(b1-6)[Fuc(a1-2)Gal(b1-3)GlcNAc(b1-3)]Gal(b1-4)Glc(a1-Sp21,-14.048725,-24.201425,-9.564250000000003,-24.71092499999999
GalNAc(a1-3)[Fuc(a1-2)]Gal(b1-3)GlcNAc(b1-2)Man(a1-6)[GalNAc(a1-3)[Fuc(a1-2)]Gal(b1-3)GlcNAc(b1-2)Man(a1-3)]Man(b1-4)GlcNAc(b1-4)[Fuc(a1-6)]GlcNAc(b1-Sp22,-26.5386,-24.843050000000005,-17.74485,-18.283075
Gal(b1-4)GlcNAc(b1-6)[Gal(b1-4)GlcNAc(b1-2)]Man(a1-6)[Gal(b1-4)GlcNAc(b1-2)Man(a1-3)]Man(b1-4)GlcNAc(b1-4)GlcNAc(b1-Sp19,-36.67630000000001,-34.42744999999999,-13.981150000000005,-37.388725
Neu5Ac(a2-3)Gal(b1-4)GlcNAc(b1-2)Man(a1-6)[GlcNAc(b1-4)][Neu5Ac(a2-3)Gal(b1-4)GlcNAc(b1-2)Man(a1-3)]Man(b1-4)GlcNAc(b1-4)GlcNAc(b1-Sp21,-12.30375,-24.396875,-12.201475,-41.42884999999999
Neu5Ac(a2-3)Gal(b1-4)GlcNAc(b1-4)Man(a1-6)[GlcNAc(b1-4)][Neu5Ac(a2-3)Gal(b1-4)GlcNAc(b1-4)[Neu5Ac(a2-3)Gal(b1-4)GlcNAc(b1-2)]Man(a1-3)]Man(b1-4)GlcNAc(b1-4)GlcNAc(b1-Sp21,-10.340349999999997,-35.011174999999994,-21.036625,-35.68285
Neu5Ac(a2-3)Gal(b1-4)GlcNAc(b1-6)[Neu5Ac(a2-3)Gal(b1-4)GlcNAc(b1-2)]Man(a1-6)[GlcNAc(b1-4)][Neu5Ac(a2-3)Gal(b1-4)GlcNAc(b1-2)Man(a1-3)]Man(b1-4)GlcNAc(b1-4)GlcNAc(b1-Sp21,-23.419425000000004,-39.09524999999999,-14.316499999999998,-45.155725
Neu5Ac(a2-3)Gal(b1-4)GlcNAc(b1-6)[Neu5Ac(a2-3)Gal(b1-4)GlcNAc(b1-2)]Man(a1-6)[GlcNAc(b1-4)][Neu5Ac(a2-3)Gal(b1-4)GlcNAc(b1-4)[Neu5Ac(a2-3)Gal(b1-4)GlcNAc(b1-2)]Man(a1-3)]Man(b1-4)GlcNAc(b1-4)GlcNAc(b1-Sp21,-16.594600000000003,-25.588224999999994,-15.26945,-34.168724999999995
Neu5Ac(a2-6)Gal(b1-4)GlcNAc(b1-2)Man(a1-6)[GlcNAc(b1-4)][Neu5Ac(a2-6)Gal(b1-4)GlcNAc(b1-2)Man(a1-3)]Man(b1-4)GlcNAc(b1-4)GlcNAc(b1-Sp21,-11.619675,-36.865,-24.77735,-40.985325
Neu5Ac(a2-6)Gal(b1-4)GlcNAc(b1-4)Man(a1-6)[GlcNAc(b1-4)][Neu5Ac(a2-6)Gal(b1-4)GlcNAc(b1-4)[Neu5Ac(a2-6)Gal(b1-4)GlcNAc(b1-2)]Man(a1-3)]Man(b1-4)GlcNAc(b1-4)GlcNAc(b1-Sp21,-15.566525000000002,-30.176600000000004,-27.9827,-44.312875
Neu5Ac(a2-6)Gal(b1-4)GlcNAc(b1-6)[Neu5Ac(a2-6)Gal(b1-4)GlcNAc(b1-2)]Man(a1-6)[GlcNAc(b1-4)][Neu5Ac(a2-6)Gal(b1-4)GlcNAc(b1-2)Man(a1-3)]Man(b1-4)GlcNAc(b1-4)GlcNAc(b1-Sp21,-27.582925,-34.14887500000001,-16.523925000000006,-27.67135
Neu5Ac(a2-6)Gal(b1-4)GlcNAc(b1-6)[Neu5Ac(a2-6)Gal(b1-4)GlcNAc(b1-2)]Man(a1-6)[GlcNAc(b1-4)][Neu5Ac(a2-6)Gal(b1-4)GlcNAc(b1-4)[Neu5Ac(a2-6)Gal(b1-4)GlcNAc(b1-2)]Man(a1-3)]Man(b1-4)GlcNAc(b1-4)GlcNAc(b1-Sp21,-9.3274,-32.23915000000001,-11.585649999999992,-39.14579999999999
Gal(a1-3)[Fuc(a1-2)]Gal(b1-3)GalNAc(a1-Sp8,-17.110924999999995,-32.78675,-29.54455,3140.4998749999995
Gal(a1-3)[Fuc(a1-2)]Gal(b1-3)GalNAc(b1-Sp8,-5.804775000000001,-24.087075,-1.124649999999999,27.22412499999996
Glc(a1-6)Glc(a1-6)Glc(a1-6)Glc(b1-Sp10,-1.5447499999999978,-6.248299999999999,-6.4238,-28.085225
Glc(a1-4)Glc(a1-4)Glc(a1-4)Glc(b1-Sp10,-6.8477250000000005,-10.845575,-0.005275000000001029,-0.32099999999997664
Neu5Ac(a2-3)Gal(b1-4)GlcNAc(b1-6)[Neu5Ac(a2-3)Gal(b1-4)GlcNAc(b1-3)]GalNAc(a1-Sp14,-11.034750000000004,-15.006899999999995,-18.095525,-13.536549999999995
Fuc(a1-2)Gal(b1-4)[Fuc(a1-3)]GlcNAc(b1-2)Man(a1-6)[Fuc(a1-2)Gal(b1-4)[Fuc(a1-3)]GlcNAc(b1-2)Man(a1-3)]Man(b1-4)GlcNAc(b1-4)[Fuc(a1-6)]GlcNAc(b1-Sp24,-14.440975,-12.0116,-2.8422250000000027,-6.662950000000006
Fuc(a1-2)Gal(b1-3)[Fuc(a1-4)]GlcNAc(b1-2)Man(a1-6)[Fuc(a1-2)Gal(b1-3)[Fuc(a1-4)]GlcNAc(b1-2)Man(a1-3)]Man(b1-4)GlcNAc(b1-4)[Fuc(a1-6)]GlcNA(cb-S)p(1-4)[Fuc(a1-6)]GlcNAc(b1-Sp19,-17.763075000000008,-9.07455,-7.016024999999999,29.07642500000001
Neu5Ac(a2-3)Gal(b1-3)GlcNAc(b1-6)[Neu5Ac(a2-3)Gal(b1-4)GlcNAc(b1-2)]Man(a1-6)[Neu5Ac(a2-3)Gal(b1-3)GlcNAc(b1-2)Man(a1-3)]Man(b1-4)GlcNAc(b1-4)GlcNAc(b1-Sp19,2.8211499999999994,-19.3198,-12.193500000000002,-19.57705
GlcNAc(b1-6)[GlcNAc(b1-2)]Man(a1-6)[GlcNAc(b1-2)Man(a1-3)]Man(b1-4)GlcNAc(b1-4)[Fuc(a1-6)]GlcNAc(b1-Sp24,-14.165899999999995,-28.539649999999995,1.7558500000000024,-18.89865
Gal(b1-3)GlcNAc(b1-2)Man(a1-6)[GlcNAc(b1-4)][Gal(b1-3)GlcNAc(b1-2)Man(a1-3)]Man(b1-4)GlcNAc(b1-4)GlcNAc(b1-Sp21,-21.92785,4.921525000000006,-19.033225,-1.9257000000000064
Neu5Ac(a2-6)Gal(b1-4)GlcNAc(b1-6)[Gal(b1-3)GlcNAc(b1-3)]Gal(b1-4)Glc(b1-Sp21,-14.47925,-30.90945,-6.068474999999999,-27.131425
Neu5Ac(a2-3)Gal(b1-4)GlcNAc(b1-2)Man(a1-Sp0,-25.259125000000036,-16.71355,-3.763200000000003,25.44857500000001
Neu5Ac(a2-3)Gal(b1-4)GlcNAc(b1-6)GalNAc(a1-Sp14,-5.593499999999998,-43.13805,-20.987225,-38.11835000000001
Neu5Ac(a2-6)Gal(b1-4)GlcNAc(b1-6)GalNAc(a1-Sp14,0.29092500000000143,-24.0824,-9.551300000000003,-12.094600000000005
Neu5Ac(a2-6)Gal(b1-4)GlcNAc(b1-6)[Neu5Ac(a2-6)Gal(b1-4)GlcNAc(b1-3)]GalNAc(a1-Sp14,-11.644099999999995,-25.821675,-15.728125,-4.819125
Neu5Ac(a2-6)Gal(b1-4)GlcNAc(b1-2)Man(a1-6)[Neu5Ac(a2-6)Gal(b1-4)GlcNAc(b1-2)Man(a1-3)]Man(b1-4)GlcNAc(b1-4)[Fuc(a1-6)]GlcNAc(b1-Sp24,3.308225,-14.255225,0.18205000000000385,14.651099999999992
Neu5Ac(a2-3)Gal(b1-4)GlcNAc(b1-2)Man(a1-6)[Neu5Ac(a2-3)Gal(b1-4)GlcNAc(b1-2)Man(a1-3)]Man(b1-4)GlcNAc(b1-4)[Fuc(a1-6)]GlcNAc(b1-Sp24,-7.358699999999999,-21.194724999999995,-12.868925000000004,-31.10072500000001
Man(a1-6)[Man(a1-3)]Man(b1-4)GlcNAc(b1-4)[Fuc(a1-6)]GlcNAc(b1-Sp19,-21.0808,-34.06677500000001,-14.47895,13.830575000000005
Gal(b1-4)GlcNAc(b1-6)[Gal(b1-4)GlcNAc(b1-2)]Man(a1-6)[Gal(b1-4)GlcNAc(b1-2)Man(a1-3)]Man(b1-4)GlcNAc(b1-4)[Fuc(a1-6)]GlcNAc(b1-Sp24,-30.634625,-19.570125000000004,-12.954500000000005,-32.705299999999994
Neu5Ac(a2-3)Gal(b1-3)GlcNAc(b1-2)Man(a1-6)[GlcNAc(b1-4)][Neu5Ac(a2-3)Gal(b1-3)GlcNAc(b1-2)Man(a1-3)]Man(b1-4)GlcNAc(b1-4)GlcNAc(a1-Sp21,-7.380675000000004,-15.541750000000004,-12.505175,-12.418125
Neu5Ac(a2-6)Gal(b1-4)GlcNAc(b1-6)[Fuc(a1-2)Gal(b1-4)[Fuc(a1-3)]GlcNAc(b1-3)]Gal(b1-4)Glc(a1-Sp21,-34.909575000000004,-23.299625,-7.8123,-23.873850000000004
Gal(b1-3)GlcNAc(b1-6)GalNAc(a1-Sp14,-9.017975000000002,-27.405075,-26.525825000000008,-39.05390000000001
Gal(a1-3)Gal(b1-3)GlcNAc(b1-6)GalNAc(a1-Sp14,-23.193100000000005,-26.87925000000001,-16.24895,-15.02892499999999
Gal(b1-3)[Fuc(a1-4)]GlcNAc(b1-6)GalNAc(a1-Sp14,8.611825,-33.44842499999999,-19.17875,-38.4357
Neu5Ac(a2-3)Gal(b1-3)GlcNAc(b1-6)GalNAc(a1-Sp14,-10.30545,-26.384375,-9.15065,-35.262525
(3S)Gal(b1-3)[Fuc(a1-4)]GlcNAc(b1-Sp0,9.134150000000002,-9.314700000000002,-7.721550000000002,-15.492900000000004
Gal(b1-4)[Fuc(a1-3)]GlcNAc(b1-6)[Neu5Ac(a2-6)[Neu5Ac(a2-3)Gal(b1-3)]GlcNAc(b1-3)]Gal(b1-4)Glc(a1-Sp21,-0.4641249999999992,-16.331325,-6.924249999999998,-17.425249999999984
Fuc(a1-2)Gal(b1-4)GlcNAc(b1-6)GalNAc(a1-Sp14,10.33585,-12.697375,15.25525,201.2814
Gal(a1-3)Gal(b1-4)GlcNAc(b1-6)GalNAc(a1-Sp14,-17.1509,-14.061675,-12.118050000000002,-35.39295
Gal(b1-4)[Fuc(a1-3)]GlcNAc(b1-2)Man(a1-Sp0,-12.02495,-17.966525,-7.113875000000002,-12.704675000000005
Fuc(a1-2)(6S)Gal(b1-3)GlcNAc(b1-Sp0,-6.650875000000003,-21.569275000000008,-11.940274999999998,-21.7841
Gal(a1-3)[Fuc(a1-2)]Gal(b1-4)GlcNAc(b1-6)GalNAc(a1-Sp14,-8.267275000000003,-37.8207,-8.346424999999996,-20.04605
Fuc(a1-2)Gal(b1-4)GlcNAc(b1-2)Man(a1-Sp0,-14.840575,-12.986925000000005,-4.931999999999999,-3.1034750000000066
Fuc(a1-2)Gal(b1-3)(6S)GlcNAc(b1-Sp0,-4.763150000000003,-56.020625,-6.156475000000004,158.976925
Fuc(a1-2)(6S)Gal(b1-3)(6S)GlcNAc(b1-Sp0,-30.57835000000001,-37.934825,-16.139075,73.85089999999997
Neu5Ac(a2-6)GalNAc(b1-4)(6S)GlcNAc(b1-Sp8,-10.134774999999998,-38.01777500000001,-23.845225,-42.160625
GalNAc(b1-4)[Fuc(a1-3)](6S)GlcNAc(b1-Sp8,-7.997125,-26.810475,-11.351174999999998,-43.60467500000001
(3S)GalNAc(b1-4)[Fuc(a1-3)]GlcNAc(b1-Sp8,-15.6987,-31.45254999999999,-18.22245,-36.488075
Fuc(a1-2)Gal(b1-3)GlcNAc(b1-6)[Fuc(a1-2)Gal(b1-3)GlcNAc(b1-3)]GalNAc(a1-Sp14,2.29375,-18.928725,2.6644499999999987,122.46457499999998
GalNAc(a1-3)[Fuc(a1-2)]Gal(b1-3)GlcNAc(b1-6)GalNAc(a1-Sp14,-13.784275000000004,-26.866775,-15.121975,-37.726624999999984
GlcNAc(b1-6)[GlcNAc(b1-2)]Man(a1-6)[GlcNAc(b1-4)][GlcNAc(b1-4)[GlcNAc(b1-2)]Man(a1-3)]Man(b1-4)GlcNAc(b1-4)[Fuc(a1-6)]GlcNAc(a1-Sp21,-15.305275000000005,-22.94002500000001,-24.8271,-42.471275000000034
Gal(b1-4)GlcNAc(b1-6)[Gal(b1-4)GlcNAc(b1-2)]Man(a1-6)[GlcNAc(b1-4)]Gal(b1-4)GlcNAc(b1-4)[Gal (b1-4)GlcNAc(b1-2)]Man(a1-3)]Man(b1-4)GlcNAc(b1-4)[Fuc(a1-6)]GlcNAc(a1-Sp21,-34.69342499999999,-13.472149999999996,-17.385225,-19.55245000000001
Gal(b1-3)GlcNAc(a1-3)Gal(b1-4)GlcNAc(b1-Sp8 ,-11.575699999999998,-28.955125,-12.239375,-16.906175000000005
Gal(b1-3)(6S)GlcNAc(b1-Sp8 ,-32.165274999999994,0.9250499999999988,-2.53735,-12.489474999999993
(6S)(4S)GalNAc(b1-4)GlcNAc(a1-Sp8,-19.4268,-32.78002499999999,-18.8427,-63.11379999999998
(6S)GalNAc(b1-4)GlcNAc(a1-Sp8 ,-11.4309,-30.02965000000001,-28.143625,-15.159275000000004
(3S)GalNAc(b1-4)(3S)GlcNAc(a1-Sp8,-10.813075,-25.428,-41.09967500000001,-46.631875
GalNAc(b1-4)(6S)GlcNAc(a1-Sp8 ,-21.388400000000004,-19.593125,-18.303,-76.008325
(3S)GalNAc(b1-4)GlcNAc(a1-Sp8 ,-12.031575,-11.255325,-22.055075,-25.28205
(4S)GalNac(b1-Sp10,-16.083875,-28.53127499999999,-19.637625,-34.83597499999999
Gal(b1-4)(6P)GlcNAc(b1-Sp0 ,-10.29595,-18.401375000000005,-17.201225,-33.849925
(6P)Gal(b1-4)GlcNAc(b1-SP0 ,-9.967975,-36.24604999999999,12.667974999999995,-36.28162499999999
GalNAc(a1-3)[Fuc(a1-2)]Gal(b1-4)GlcNAc(b1-6)GalNAc(a1-Sp14,-16.557775,-10.3674,-8.922649999999997,-20.106075000000004
Neu5Ac(a2-6)Gal(b1-4)GlcNAc(b1-2)Ma(n1-Sp0,-11.109025,-12.612324999999998,-11.991125,-28.046875
Gal(a1-3)Gal(b1-4)GlcNAc(b1-2)Man(a1-Sp0,-11.635875000000002,-19.451625000000003,-8.857275000000003,-26.06915000000001
Gal(a1-3)[Fuc(a1-2)]Gal(b1-4)GlcNAc(b1-2)Man(a1-Sp0,2.8828499999999986,-16.486275000000006,18.80915,-27.632375
GalNAc(a1-3)[Fuc(a1-2)]Gal(b1-4) GlcNAc(b1-2)Man(a1-Sp0,-16.943524999999998,-19.381375,-12.183274999999998,-24.888325
 Gal(b1-3)GlcNAc(b1-2)Man(a1-Sp0,3.1069999999999958,-9.327475000000003,-2.466149999999999,-12.915449999999995
Gal(a1-3)[Fuc(a1-2)]Gal(b1-3)GlcNAc(b1-6)GalNAc(a1-Sp14,-9.105250000000002,-17.368950000000005,-11.297575,-33.475224999999995
Neu5Ac(a2-3)Gal(b1-3)GlcNAc(b1-2)Man(a1-Sp0,-3.2941000000000003,-30.763125,-2.3580499999999978,6.786150000000003
Gal(a1-3)Gal(b1-3)GlcNAc(b1-2)Man(a1-Sp0,-33.7207,-22.152524999999986,-21.889875,-35.797324999999994
GalNAc(b1-4)GlcNAc(b1-2)Man(a1-Sp0,-7.648350000000002,-29.639675000000004,-11.219000000000001,-35.76112500000001
Neu5Ac(a2-3)Gal(b1-3)GlcNAc(b1-4)Gal(b1-4)Glc(b1-Sp0,-1.887825,-19.4069,10.279474999999998,-18.8566
GlcNAc(b1-2) Man(a1-6)[GlcNAc(b1-4)][GlcNAc(b1-2)Man(a1-3)]Man(b1-4)GlcNAc(b1-4)[Fuc(a1-6)]GlcNAc(a1-Sp21,-14.819450000000005,-21.624025,-5.147350000000001,-7.827550000000006
Gal(b1-4)GlcNAc(b1-2)Man(a1-6)[GlcNAc(b1-4)][Gal(b1-4)GlcNAc(b1-2)Man(a1-3)]Man(b1-4)GlcNAc(b1-4)[Fuc(a1-6)]GlcNAc(a1-Sp21,-8.834850000000003,-21.1586,-14.624224999999996,-28.622025000000008
Gal(b1-4)GlcNAc(b1-2)Man(a1-6)[Gal(b1-4)GlcNAc(b1-4)][Gal(b1-4)GlcNAc(b1-2)Man(a1-3)]Man(b1-4)GlcNAc(b1-4)[Fuc(a1-6)]GlcNAc(a1-Sp21,-13.198275,-17.4648,-4.813450000000001,-26.261425
Fuc(a1-4)[Gal(b1-3)]GlcNAc(b1-2)Man(a1-Sp0,2.206274999999998,-24.71467500000001,-16.725975,33.51762500000001
Neu5Ac(a2-3)Gal(b1-4)[Fuc(a1-3)]GlcNAc(b1-2)Man(a1-Sp0,-20.911775,-23.26257500000001,-13.10065,-30.585024999999995
GlcNAc(b1-3)Gal(b1-4)GlcNAc(b1-6)[GlcNAc(b1-3)]Gal(b1-4)GlcNAc(a1-Sp0,-8.854100000000003,-37.899875,2.5369750000000018,-53.81857500000001
GalNAc(a1-3)[Fuc(a1-2)]Gal(b1-3)GalNAc(b1-3)Gal(a1-4)Gal(b1-4)Glc(a1-Sp21,-17.573249999999998,-62.935025,-20.464199999999995,846.5455249999999
Gal(a1-3)[Fuc(a1-2)]Gal(b1-3)GalNAc(b1-3)Gal(a1-4)Gal(b1-4)Glc(a1-Sp21,-11.235775,-34.005775,-14.256900000000002,358.708525
Gal(b1-3)GalNAc(b1-3)Ga(l1-Sp21,-17.0424,-18.079975,-0.041600000000002524,-40.259275
GlcNAc(b1-3)Gal(b1-4)GlcNAc(b1-2)Man(a1-6)[GlcNAc(b1-3)Gal(b1-4)GlcNAc(b1-2)Man(a1-3)]Man(b1-4)GlcNAc(b1-4)GlcNAc(b1-Sp12,-15.747050000000005,-40.272625,-1.908574999999999,-72.71902500000002
GlcNAc(b1-3)Gal(b1-4)GlcNAc(b1-2)Man(a1-6)[GlcNAc(b1-3)Gal(b1-4)GlcNAc(b1-2)Man(a1-3)]Man(b1-4)GlcNAc(b1-4)GlcNAc(b1-Sp25,7.8082749999999965,-4.753924999999999,-5.120750000000001,0.8191000000000024
Gal(b1-4)GlcNAc(b1-3)Gal(b1-4)GlcNAc(b1-2)Man(a1-6)[Gal(b1-4)GlcNAc(b1-3)Gal(b1-4)GlcNAc(b1-2)Man(a1-3)]Man(b1-4)GlcNAc(b1-4)GlcNAc(b1-Sp12,45.51765000000001,103.200425,163.932975,117.96205
Gal(b1-4)GlcNAc(b1-3)Gal(b1-4)GlcNAc(b1-2)Man(a1-6)[Gal(b1-4)GlcNAc(b1-3)Gal(b1-4)GlcNAc(b1-2)Man(a1-3)]Man(b1-4)GlcNAc(b1-4)GlcNAc(b1-Sp24,8.526950000000003,8.606624999999998,33.00784999999999,33.013600000000004
Neu5Gc(a2-3)Gal(b1-4)GlcNAc(b1-3)Gal(b1-4)GlcNAc(b1-2)Man(a1-6)[Neu5Gc(a2-3)Gal(b1-4)GlcNAc(b1-3)Gal(b1-4)GlcNAc(b1-2)Man(a1-3)]Man(b1-4)GlcNAc(b1-4)GlcNAc(b1-Sp24,-13.820025,-12.440249999999995,15.311700000000005,-15.026525000000005
Fuc(a1-2)Gal(b1-4)GlcNAc(b1-3)Gal(b1-4)GlcNAc(b1-2)Man(a1-6)[Fuc(a1-2)Gal(b1-4)GlcNAc(b1-3)Gal(b1-4)GlcNAc(b1-2)Man(a1-3)]Man(b1-4)GlcNAc(b1-4)GlcNAc(b1-Sp24,7.178600000000001,-1.8553749999999989,-3.8571500000000007,16.745175000000017
GlcNAc(b1-3)Gal(b1-4)GlcNAc(b1-3)Gal(b1-4)GlcNAc(b1-2)Man(a1-6)[GlcNAc(b1-3)Gal(b1-4)GlcNAc(b1-3)Gal(b1-4)GlcNAc(b1-2)Man(a1-3)]Man(b1-4)GlcNAc(b1-4)GlcNAc(b1-Sp12,40.51440000000001,73.28420000000001,50.4631,58.941575
GlcNAc(b1-3)Gal(b1-4)GlcNAc(b1-3)Gal(b1-4)GlcNAc(b1-2)Man(a1-6)[GlcNAc(b1-3)Gal(b1-4)GlcNAc(b1-3)Gal(b1-4)GlcNAc(b1-2)Man(a1-3)]Man(b1-4)GlcNAc(b1-4)GlcNAc(b1-Sp25,-4.685799999999999,-14.4561,10.176724999999998,-8.052825000000002
Gal(b1-4)GlcNAc(b1-3)Gal(b1-4)GlcNAc(b1-3)Gal(b1-4)GlcNAc(b1-2)Man(a1-6)[Gal(b1-4)GlcNAc(b1-3)Gal(b1-4)GlcNAc(b1-3)Gal(b1-4)GlcNAc(b1-2)Man(a1-3)]Man(b1-4)GlcNAc(b1-4)GlcNAc(b1-Sp12,66.649075,84.969725,171.64405000000005,142.966975
Gal(b1-4)GlcNAc(b1-3)Gal(b1-4)GlcNAc(b1-3)Gal(b1-4)GlcNAc(b1-2)Man(a1-6)[Gal(b1-4)GlcNAc(b1-3)Gal(b1-4)GlcNAc(b1-3)Gal(b1-4)GlcNAc(b1-2)Man(a1-3)]Man(b1-4)GlcNAc(b1-4)GlcNAc(b1-Sp24,-2.510300000000001,0.7282999999999973,4.012800000000002,-13.4725
GlcNAc(b1-3)Gal(b1-4)GlcNAc(b1-3)Gal(b1-4)GlcNAc(b1-3)Gal(b1-4)GlcNAc(b1-2)Man(a1-6)[GlcNAc(b1-3)Gal(b1-4)GlcNAc(b1-3)Gal(b1-4)GlcNAc(b1-3)Gal(b1-4)GlcNAc(b1-2)Man(a1-3)]Man(b1-4)GlcNAc(b1-4)GlcNAc(b1-Sp25,-28.439575000000005,-32.02344999999999,-11.609125,-57.68767499999999
Gal(b1-4)GlcNAc(b1-3)Gal(b1-4)GlcNAc(b1-3)Gal(b1-4)GlcNAc(b1-3)Gal(b1-4)GlcNAc(b1-2)Man(a1-6)[Gal(b1-4)GlcNAc(b1-3)Gal(b1-4)GlcNAc(b1-3)Gal(b1-4)GlcNAc(b1-3)Gal(b1-4)GlcNAc(b1-2)Man(a1-3)]Man(b1-4)GlcNAc(b1-4)GlcNAc(b1-Sp25,-1.261675000000002,-41.60985000000001,-22.069275,-12.14975
Gal(b1-3)GlcNAc(b1-3)Gal(b1-4)GlcNAc(b1-2)Man(a1-6)[Gal(b1-3)GlcNAc(b1-3)Gal(b1-4)GlcNAc(b1-2)Man(a1-3)]Man(b1-4)GlcNAc(b1-4)GlcNAc(a1-Sp25,-7.569825000000002,-25.56775,-3.6548750000000014,21.99195000000001
Neu5Gc(a2-8)Neu5Gc(a2-3)Gal(b1-4)GlcNAc(a1-Sp0,-15.442375000000002,-28.57235,-19.305,-37.70295
Neu5Ac(a2-8)Neu5Gc(a2-3)Gal(b1-4)GlcNAc(a1-Sp0,-15.666049999999998,-11.684675000000002,3.61825,-14.23555
Neu5Gc(a2-8)Neu5Ac(a2-3)Gal(b1-4)GlcNAc(a1-Sp0,-11.166574999999998,-11.2346,-4.038799999999998,-25.61965000000001
Neu5Gc(a2-8)Neu5Gc(a2-3)Gal(b1-4)GlcNAc(b1-3)Gal(b1-4)GlcNAc(a1-Sp0,-16.474975000000004,-19.86215,0.3599750000000021,-44.3777
Neu5Gc(a2-8)Neu5Gc(a2-6)Gal(b1-4)GlcNAc(a1-Sp0,-3.25005,-13.29945,-9.552275000000003,-1.7697000000000005
Neu5Ac(a2-8)Neu5Ac(a2-3)Gal(b1-4)GlcNAc(a1-Sp0,-11.807425,-9.6538,1.2003999999999948,-47.176875
GlcNAc(b1-3)Gal(b1-4)GlcNAc(b1-6)[GlcNAc(b1-3)Gal(b1-4)GlcNAc(b1-2)]Man(a1-6)[GlcNAc(b1-3)Gal(b1-4)GlcNAc(b1-2)]Man(a1-3)]Man(b1-4)GlcNAc(b1-4)GlcNAc(a1-Sp24,-16.656325,-13.810499999999998,-2.984774999999998,67.4667
Gal(b1-4)GlcNAc(b1-3)Gal(b1-4)GlcNAc(b1-6)[Gal(b1-4)GlcNAc(b1-3)Gal(b1-4)GlcNAc(b1-2)]Man(a1-6)[Gal(b1-4)GlcNAc(b1-3)Gal(b1-4)GlcNAc(b1-2)Man(a1-3)]Man(a1-4)GlcNAc(b1-4)GlcNAc(a1-Sp24,-3.763125,-47.182875,-20.709625,267.91177500000003
Gal(a1-3)Gal(b1-4)GlcNAc(b1-2)Man(a1-6)[Gal(a1-3)Gal(b1-4)GlcNAc(b1-2)Man(a1-3)]Man(b1-4)GlcNAc(b1-4)GlcNAc(a1-Sp24,-1.126425000000003,-14.119750000000007,17.856399999999994,-18.77159999999999
GlcNAc(b1-3)Gal(b1-4)GlcNAc(b1-6)[GlcNAc(b1-3)Gal(b1-3)]GalNAc(a1-Sp14,-10.640325,-25.154725,-14.2942,-44.2218
GalNAc(b1-3)GlcNAc(b1-Sp0 ,-4.568500000000002,-24.4495,-19.4483,-32.96809999999999
GalNAc(b1-4)GlcNAc(b1-3)GalNAc(b1-4)GlcNAc(b1-Sp0 ,-18.190175000000004,-29.929175,-12.988025000000004,-64.14429999999999
GlcNAc(b1-3)Gal(b1-4)GlcNAc(b1-3)Gal(b1-4)GlcNAc(b1-3)Gal(b1-4)GlcNAc(b1-3)Gal(b1-4)GlcNAc(b1-2)Man(a1-6)[GlcNAc(b1-3)Gal(b1-4)GlcNAc(b1-3)Gal(b1-4)GlcNAc(b1-3)Gal(b1-4)GlcNAc(b1-3)Gal(b1-4)GlcNAc(b1-2)Man(a1-3)]Man(b1-4)GlcNAc(b1-4)GlcNAc(b1-Sp25,-6.1974,-28.496275000000008,-3.6018500000000007,-31.95995
Gal(b1-4)GlcNAc(b1-3)Gal(b1-4)GlcNAc(b1-3)Gal(b1-4)GlcNAc(b1-3)Gal(b1-4)GlcNAc(b1-3)Gal(b1-4)GlcNAc(b1-2)Man(a1-6)[Gal(b1-4)GlcNAc(b1-3)Gal(b1-4)GlcNAc(b1-3)Gal(b1-4)GlcNAc(b1-3)Gal(b1-4)GlcNAc(b1-3)Gal(b1-4)GlcNAc(b1-2)Man(a1-3)]Man(b1-4)GlcNAc(b1-4)GlcNAc(b1-Sp25,-5.663350000000002,-22.295,-10.882125000000002,-4.283574999999992
GlcNA(b1-3)Gal(b1-3)GalNAc(a1-Sp14,-9.909375,-26.306525,-14.542825,33750.48
Gal(b1-3)GlcNAc(b1-6)[Gal(b1-3)]GalNAc(a1-Sp14,-10.444375,-16.613250000000004,-13.465175,-17.179824999999987
Gal(b1-4)GlcNAc(b1-3)Gal(b1-4)GlcNAc(b1-3)Gal(b1-4)GlcNAc(b1-3)Gal(b1-4)GlcNAc(b1-3)Gal(b1-4)GlcNAc(b1-3)Gal(b1-4)GlcNAc(b1-2)Man(a1-6)[Gal(b1-4)GlcNAc(b1-3)Gal(b1-4)GlcNAc(b1-3)Gal(b1-4)GlcNAc(b1-3)Gal(b1-4)GlcNAc(b1-3)Gal(b1-4)GlcNAc(b1-3)Gal(b1-4)GlcNAc(b1-2)Man(a1-3)]Man(b1-4)GlcNAc(b1-4)GlcNAc(b1-Sp25,-18.68015,-40.5275,-20.3117,-22.612275
(3S)GlcA(b1-3)Gal(b1-4)GlcNAc(b1-3)Gal(b1-4)Glc(a1-Sp0,-12.33285,-11.880599999999998,-25.910275,-25.6432
(3S)GlcA(b1-3)Gal(b1-4)GlcNAc(b1-2)Man(a1-Sp0,-31.6246,-40.316875,-30.370675,-49.09627499999999
Gal(b1-3)GlcNAc(b1-3)Gal(b1-4)GlcNAc(b1-3)Gal(b1-4)GlcNAc(b1-6)[Gal(b1-3)GlcNAc(b1-3)Gal(b1-4)GlcNAc(b1-3)Gal(b1-4)GlcNA(b1-2)]Man(a1-6)[Gal(b1-3)GlcNAc(b1-3)Gal(b1-4)GlcNAc(b1-3)Gal(b1-4)GlcNAc(b1-2)Man(a1-3)]Man(b1-4)GlcNAc(b1-4)[Fuc(a1-6)]GlcNAc(b1-Sp24,-6.662925000000002,-40.029300000000006,13.857550000000005,375.654175
Gal(b1-3)GlcNAc(b1-3)Gal(b1-4)GlcNAc(b1-6)[Gal(b1-3)GlcNAc(b1-3)Gal(b1-4)GlcNA(b1-2)]Man(a1-6)[Gal(b1-3)GlcNAc(b1-3)Gal(b1-4)GlcNAc(b1-2)Man(a1-3)]Man(b1-4)GlcNAc(b1-4)[Fuc(a1-6)]GlcNAc(b1-Sp24,-37.018725,-65.834975,-9.46665,363.3482
Neu5Ac(a2-8)Neu5Ac(a2-3)Gal(b1-3)GalNAc(b1-4)[Neu5Ac(a2-3)]Gal(b1-4)Glc(a1-Sp21,-4.358075000000001,-29.44625,-23.389975000000003,-36.37027499999999
GlcNAc(b1-3)Gal(b1-4)GlcNAc(b1-2)Man(a1-6)[GlcNAc(b1-3)Gal(b1-4)GlcNAc(b1-2)Man(a1-3)]Man(b1-4)GlcNAc(b1-4)[Fuc(a1-6)]GlcNAc(b1-Sp24,-30.96195,-28.032325,13.15615,21.0586
Gal(b1-4)GlcNAc(b1-3)Gal(b1-4)GlcNAc(b1-2)Man(a1-6)[Gal(b1-4)GlcNAc(b1-3)Gal(b1-4)GlcNAc(b1-2)Man(a1-3)]Man(b1-4)GlcNAc(b1-4)[Fuc(a1-6)]GlcNAc(b1-Sp24,-19.420350000000006,-21.576225000000004,12.796174999999998,-34.34267499999999
GlcNAc(b1-3)Gal(b1-4)GlcNAc(b1-3)Gal(b1-4)GlcNAc(b1-2)Man(a1-6)[GlcNAc(b1-3)Gal(b1-4)GlcNAc(b1-3)Gal(b1-4)GlcNAc(b1-2)Man(a1-3)]Man(b1-4)GlcNAc(b1-4)[Fuc(a1-6)]GlcNAc(b1-Sp24,-9.026025,-25.51932500000001,3.944549999999996,-34.041975
Gal(b1-4)GlcNAc(b1-3)Gal(b1-4)GlcNAc(b1-3)Gal(b1-4)GlcNAc(b1-2)Man(a1-6)[Gal(b1-4)GlcNAc(b1-3)Gal(b1-4)GlcNAc(b1-3)Gal(b1-4)GlcNAc(b1-2)Man(a1-3)]Man(b1-4)GlcNAc(b1-4)[Fuc(a1-6)]GlcNAc(b1-Sp24,-10.476524999999997,-21.3412,-10.260975000000006,-20.044725
GlcNAc(b1-3)Gal(b1-4)GlcNAc(b1-3)Gal(b1-4)GlcNAc(b1-3)Gal(b1-4)GlcNAc(b1-2)Man(a1-6)[GlcNAc(b1-3)Gal(b1-4)GlcNAc(b1-3)Gal(b1-4)GlcNAc(b1-3)Gal(b1-4)GlcNAc(b1-2)Man(a1-3)]Man(b1-4)GlcNAc(b1-4)[Fuc(a1-6)]GlcNAc(b1-Sp24,-13.9436,-38.35675000000001,-6.453125,-3.6404250000000085
Gal(b1-4)GlcNAc(b1-3)Gal(b1-4)GlcNAc(b1-3)Gal(b1-4)GlcNAc(b1-3)Gal(b1-4)GlcNAc(b1-2)Man(a1-6)[Gal(b1-4)GlcNAc(b1-3)Gal(b1-4)GlcNAc(b1-3)Gal(b1-4)GlcNAc(b1-3)Gal(b1-4)GlcNAc(b1-2)Man(a1-3)]Man(b1-4)GlcNAc(b1-4)[Fuc(a1-6)]GlcNAc(b1-Sp24,-1.3505000000000005,-23.3777,2.1799250000000043,-34.43127500000001
GlcNAc(b1-3)Gal(b1-4)GlcNAc(b1-3)Gal(b1-4)GlcNAc(b1-3)Gal(b1-4)GlcNAc(b1-3)Gal(b1-4)GlcNAc(b1-2)Man(a1-6)[GlcNAc(b1-3)Gal(b1-4)GlcNAc(b1-3)Gal(b1-4)GlcNAc(b1-3)Gal(b1-4)GlcNAc(b1-3)Gal(b1-4)GlcNAc(b1-2)Man(a1-3)]Man(b1-4)GlcNAc(b1-4)[Fuc(a1-6)]GlcNAc(b1-Sp19,3.5501749999999994,-24.058550000000004,-24.590375,8.089800000000004
Gal(b1-4)GlcNAc(b1-3)Gal(b1-4)GlcNAc(b1-3)Gal(b1-4)GlcNAc(b1-3)Gal(b1-4)GlcNAc(b1-3)Gal(b1-4)GlcNAc(b1-2)Man(a1-6)[Gal(b1-4)GlcNAc(b1-3)Gal(b1-4)GlcNAc(b1-3)Gal(b1-4)GlcNAc(b1-3)Gal(b1-4)GlcNAc(b1-3)Gal(b1-4)GlcNAc(b1-2)Man(a1-3)]Man(b1-4)GlcNAc(b1-4)[Fuc(a1-6)]GlcNAc(b1-Sp19,-6.731774999999997,-29.118375,-13.940600000000005,124.56799999999998
Gal(b1-4)GlcNAc(b1-3)Gal(b1-4)GlcNAc(b1-6)[Gal(b1-4)GlcNAc(b1-3)Gal(b1-4)GlcNA(b1-2)]Man(a1-6)[Gal(b1-4)GlcNAc(b1-3)Gal(b1-4)GlcNAc(b1-2)Man(a1-3)]Man(b1-4)GlcNAc(b1-4)[Fuc(a1-6)]GlcNAc(b1-Sp24,-21.268974999999994,-32.9348,-11.000375000000005,-18.095849999999988
GlcNAc(b1-3)Gal(b1-4)GlcNAc(b1-3)Gal(b1-4)GlcNAc(b1-6)[GlcNAc(b1-3)Gal(b1-4)GlcNAc(b1-3)Gal(b1-4)GlcNA(b1-2)]Man(a1-6)[GlcNAc(b1-3)Gal(b1-4)GlcNAc(b1-3)Gal(b1-4)GlcNAc(b1-2)Man(a1-3)]Man(b1-4)GlcNAc(b1-4)[Fuc(a1-6)]GlcNAc(b1-Sp24,-23.539225,-40.42740000000001,12.442925000000002,-34.47195000000001
Gal(b1-4)GlcNAc(b1-3)Gal(b1-4)GlcNAc(b1-3)Gal(b1-4)GlcNAc(b1-6)[Gal(b1-4)GlcNAc(b1-3)Gal(b1-4)GlcNAc(b1-3)Gal(b1-4)GlcNA(b1-2)]Man(a1-6)[Gal(b1-4)GlcNAc(b1-3)Gal(b1-4)GlcNAc(b1-3)Gal(b1-4)GlcNAc(b1-2)Man(a1-3)]Man(b1-4)GlcNAc(b1-4)[Fuc(a1-6)]GlcNAc(b1-Sp24,-16.490825,-29.16415,-5.435850000000002,-24.9069
GlcNAc(b1-3)Gal(b1-4)GlcNAc(b1-3)Gal(b1-4)GlcNAc(b1-3)Gal(b1-4)GlcNAc(b1-6)[GlcNAc(b1-3)Gal(b1-4)GlcNAc(b1-3)Gal(b1-4)GlcNAc(b1-3)Gal(b1-4)GlcNA(b1-2)]Man(a1-6)[GlcNAc(b1-3)Gal(b1-4)GlcNAc(b1-3)Gal(b1-4)GlcNAc(b1-3)Gal(b1-4)GlcNAc(b1-2)Man(a1-3)]Man(b1-4)GlcNAc(b1-4)[Fuc(a1-6)]GlcNAc(b1-Sp24,-29.581325,-47.307675,-29.71247500000001,-77.0725
Gal(b1-4)GlcNAc(b1-3)Gal(b1-4)GlcNAc(b1-3)Gal(b1-4)GlcNAc(b1-3)Gal(b1-4)GlcNAc(b1-6)[Gal(b1-4)GlcNAc(b1-3)Gal(b1-4)GlcNAc(b1-3)Gal(b1-4)GlcNAc(b1-3)Gal(b1-4)GlcNA(b1-2)]Man(a1-6)[Gal(b1-4)GlcNAc(b1-3)Gal(b1-4)GlcNAc(b1-3)Gal(b1-4)GlcNAc(b1-3)Gal(b1-4)GlcNAc(b1-2)Man(a1-3)]Man(b1-4)GlcNAc(b1-4)[Fuc(a1-6)]GlcNAc(b1-Sp24,-9.633425000000102,-20.502725,-20.62785,-40.73345
GlcNAc(b1-3)Gal(b1-4)GlcNAc(b1-3)Gal(b1-4)GlcNAc(b1-3)Gal(b1-4)GlcNAc(b1-3)Gal(b1-4)GlcNAc(b1-6)[GlcNAc(b1-3)Gal(b1-4)GlcNAc(b1-3)Gal(b1-4)GlcNAc(b1-3)Gal(b1-4)GlcNAc(b1-3)Gal(b1-4)GlcNA(b1-2)]Man(a1-6)[GlcNAc(b1-3)Gal(b1-4)GlcNAc(b1-3)Gal(b1-4)GlcNAc(b1-3)Gal(b1-4)GlcNAc(b1-3)Gal(b1-4)GlcNAc(b1-2)Man(a1-3)]Man(b1-4)GlcNAc(b1-4)[Fuc(a1-6)]GlcNAc(b1-Sp24,-36.707375000000006,-47.35345,-13.842825,-53.32639999999999
Gal(b1-4)GlcNAc(b1-3)Gal(b1-4)GlcNAc(b1-3)Gal(b1-4)GlcNAc(b1-3)Gal(b1-4)GlcNAc(b1-3)Gal(b1-4)GlcNAc(b1-6)[Gal(b1-4)GlcNAc(b1-3)Gal(b1-4)GlcNAc(b1-3)Gal(b1-4)GlcNAc(b1-3)Gal(b1-4)GlcNAc(b1-3)Gal(b1-4)GlcNA(b1-2)]Man(a1-6)[Gal(b1-4)GlcNAc(b1-3)Gal(b1-4)GlcNAc(b1-3)Gal(b1-4)GlcNAc(b1-3)Gal(b1-4)GlcNAc(b1-3)Gal(b1-4)GlcNAc(b1-2)Man(a1-3)]Man(b1-4)GlcNAc(b1-4)[Fuc(a1-6)]GlcNAc(b1-Sp24,7.151624999999999,-22.510175000000004,-28.828575,55.71127499999999
Gal(b1-4)GlcNAc(b1-3)Gal(b1-4)GlcNAc(b1-3)GalNAc(a1-Sp14,50.43715,24.22435,4.0242499999999986,31683.02135000001
Gal(b1-4)GlcNAc(b1-3)Gal(b1-4)GlcNAc(b1-6)[Gal(b1-3)]GalNAc(a1-Sp14,10.836474999999995,13.027825000000007,33.88042499999999,20.223299999999995
Gal(b1-4)GlcNAc(b1-3)Gal(b1-4)GlcNAc(b1-6)[Gal(b1-4)GlcNAc(b1-3)Gal(b1-4)GlcNAc(b1-3)]GalNAc(a1-Sp14,14.702625000000005,45.12295000000001,30.21705,7.727499999999992
Neu5Ac(a2-3)Gal(b1-4)GlcNAc(b1-3)Gal(b1-4)GlcNAc(b1-3)GalNAc(a1-Sp14,-8.803925000000003,-22.9479,-11.15635,33805.273875000006
GlcNAc(b1-3)Gal(b1-4)GlcNAc(b1-3)GalNAc(a1-Sp14,-18.795475000000007,-38.26220000000001,6.219599999999996,36119.5202
GlcNAc(b1-3)Gal(b1-4)GlcNAc(b1-6)[Gal(b1-3)]GalNAc(a1-Sp14,-10.593175,-25.892675000000004,-14.1795,-39.965025
GlcNAc(b1-3)Gal(b1-4)GlcNAc(b1-6)[GlcNAc(b1-3)Gal(b1-4)GlcNAc(b1-3)]GalNAc(a1-Sp14,-7.8858,-18.482174999999994,-0.940450000000002,-32.906375000000004
Neu5Ac(a2-3)Gal(b1-4)GlcNAc(b1-3)Gal(b1-4)GlcNAc(b1-6)[Neu5Ac(a2-3)Gal(b1-4)GlcNAc(b1-3)Gal(b1-4)GlcNAc(b1-3)]GalNAc(a1-Sp14,-0.0636999999999972,1.2102999999999966,-0.20179999999999865,-3.277949999999997
Neu5Ac(a2-6)Gal(b1-4)GlcNAc(b1-3)Gal(b1-4)GlcNAc(b1-3)GalNAc(a1-Sp14,-18.142675000000004,-33.848225,-18.475674999999995,33721.552249999986
GlcNAc(b1-3)Gal(b1-4)GlcNAc(b1-3)Gal(b1-4)GlcNAc(b1-3)GalNAc(a1-Sp14,-36.09690000000001,-24.59345,-9.061150000000003,36572.284325
Gal(b1-4)GlcNAc(b1-3)Gal(b1-3)GalNAc(a1-Sp14,-17.207299999999996,-63.88475,-30.63267500000001,39004.40155
Neu5Ac(a2-3)Gal(b1-4)GlcNAc(b1-3)Gal(b1-4)GlcNAc(b1-6)[Gal(b1-3)]GalNAc(a1-Sp14,-12.699075000000002,-25.02805,-9.838174999999996,-33.10509999999999
Neu5Ac(a2-6)Gal(b1-4)GlcNAc(b1-3)Gal(b1-4)GlcNAc(b1-6)[Gal(b1-3)]GalNAc(a1-Sp14,-3.153950000000002,-11.720524999999995,-12.7617,-35.345175
Neu5Ac(a2-6)Gal(b1-4)GlcNAc(b1-6)[Gal(b1-3)]GalNAc(a1-Sp14,-15.863975,-29.648875,-13.5707,-31.364
Neu5Ac(a2-3)Gal(b1-4)GlcNAc(b1-3)Gal(b1-4)GlcNAc(b1-2)Man(a1-6)[Neu5Ac(a2-3)Gal(b1-4)GlcNAc(b1-3)Gal(b1-4)GlcNAc(b1-2)Man(a1-3)]Man(b1-4)GlcNAc(b1-4)GlcNAc(b1-Sp12,44.52774999999998,77.04925,28.062825,51.05345000000001
GlcNAc(b1-6)[Neu5Ac(a2-3)Gal(b1-3)]GalNAc(a1-Sp14,-9.950024999999998,-24.131,0.5199500000000015,-29.86780000000001
Neu5Ac(a2-6)Gal(b1-4)GlcNAc(b1-3)Gal(b1-4)GlcNAc(b1-6)[Neu5Ac(a2-6)Gal(b1-4)GlcNAc(b1-3)Gal(b1-4)GlcNAc(b1-3)]GalNAc(a1-Sp14,66.44047499999998,67.68204999999998,78.46855000000002,38.63782500000001
Neu5Ac(a2-6)Gal(b1-4)GlcNAc(b1-3)Gal(b1-4)GlcNAc(b1-3)Gal(b1-4)GlcNAc(b1-2)Man(a1-6)[Neu5Ac(a2-6)Gal(b1-4)GlcNAc(b1-3)Gal(b1-4)GlcNAc(b1-3)Gal(b1-4)GlcNAc(b1-2)Man(a1-3)]Man(b1-4)GlcNAc(b1-4)GlcNAc(b1-Sp12,34.835674999999995,6.982650000000002,42.332075,23.47850000000001
Neu5Ac(a2-3)Gal(b1-4)GlcNAc(b1-3)Gal(b1-4)GlcNAc(b1-3)Gal(b1-4)GlcNAc(b1-2)Man(a1-6)[Neu5Ac(a2-3)Gal(b1-4)GlcNAc(b1-3)Gal(b1-4)GlcNAc(b1-3)Gal(b1-4)GlcNAc(b1-2)Man(a1-3)]Man(b1-4)GlcNAc(b1-4)GlcNAc(b1-Sp12,90.10065,78.39764999999997,59.30672499999999,84.328275
Neu5Ac(a2-6)Gal(b1-4)GlcNAc(b1-3)Gal(b1-4)GlcNAc(b1-2)Man(a1-6)[Neu5Ac(a2-6)Gal(b1-4)GlcNAc(b1-3)Gal(b1-4)GlcNAc(b1-2)Man(a1-3)]Man(b1-4)GlcNAc(b1-4)GlcNAc(b1-Sp12,0.4796499999999959,-13.770425,18.59195,-38.800125
GlcNAc(b1-3)Fuc(a1-Sp21,-10.336049999999997,-37.87115,-6.809275,-35.89104999999999
Gal(b1-3)GalNAc(b1-4)[Neu5Ac(a2-8)Neu5Ac(a2-8)Neu5Ac(a2-3)]Gal(b1-4)Glc(b1-Sp21,11.576800000000002,10.8625,18.506525,18.668
