IUPAC,AMA (EY Lab) (0.1ug/ml),AMA(EY Lab) (1ug/ml),AMA(EY Lab) (10ug/ml),AMA (EY Lab) (100ug/ml)
Gal(a1-Sp8,7.614874999999998,12.856899999999996,26.409199999999995,76.18617499999998
Glc(a1-Sp8,8.672899999999998,18.927975000000007,6.217374999999998,53.45915000000001
Man(a1-Sp8,43.8602,19.131,7.843350000000001,95.52775
GalNAc(a1-Sp8,24.722275000000003,15.5653,16.161299999999994,6.421724999999999
GalNAc(a1-Sp15,38.33109999999999,28.738900000000008,31.324725,43.603775
Fuc(a1-Sp8,2.002775,9.5928,3.6087750000000014,9.717549999999996
Fuc(a1-Sp9,8.640775000000001,17.017049999999998,36.055,11.379475000000005
Rha(a1-Sp8,7.4617749999999985,11.906274999999996,7.41525,12.688724999999998
Neu5Ac(a1-Sp8,37.93705,35.861825,40.022375,36.44180000000001
Neu5Ac(a1-Sp11,12.9324,21.613075,9.247324999999991,25.060625
Neu5Ac(b1-Sp8,19.173775,8.798724999999997,4.3903750000000015,18.12125
Gal(b1-Sp8,54.23810000000001,32.402424999999994,15.2103,25.30169999999997
Glc(b1-Sp8,30.10015,10.602800000000002,22.762124999999994,18.965199999999992
Man(b1-Sp8,6.684699999999999,9.760925000000004,21.788,18.108825
GalNAc(b1-Sp8,21.711525000000005,30.164725,39.5347,31.784724999999995
GlcNAc(b1-Sp0,22.07477500000001,22.523199999999992,34.79965,28.65075
GlcNAc(b1-Sp8,23.7931,9.57255,27.32827500000001,13.843075000000002
GlcN[Gc](b1-Sp8,17.573700000000002,22.12777500000001,12.30115,20.2145
Gal(b1-4)GlcNAc(b1-6)[Gal(b1-4)GlcNAc(b1-3)]GalNAc(a1-Sp8,14.987425000000005,13.471774999999996,7.078775000000001,26.974174999999995
Gal(b1-4)GlcNAc(b1-6)[Gal(b1-4)GlcNAc(b1-3)]GalNAc(a1-Sp14,9.536525000000003,15.764224999999998,8.431825,7.054199999999998
GlcNAc(b1-6)[GlcNAc(b1-4)][GlcNAc(b1-3)]GlcNAc(a1-Sp8,4.599874999999994,6.4507249999999985,5.515125000000002,9.419075
6S(3S)Gal(b1-4)(6S)GlcNAc(b1-Sp0,11.44645,14.20825,9.166224999999997,10.7
6S(3S)Gal(b1-4)GlcNAc(b1-Sp0,2.4342750000000013,19.4522,6.666624999999999,2.475800000000003
(3S)Gal(b1-4)[Fuc(a1-3)](6S)Glc(a1-Sp0,46.06417500000001,20.787775,41.842575,92.7175
(3S)Gal(b1-4)Glc(b1-Sp8,12.896425000000004,8.9783,7.4062750000000035,35.077524999999994
(3S)Gal(b1-4)(6S)Glc(b1-Sp0,7.634474999999997,25.293025,3.9053999999999993,5.336550000000003
(3S)Gal(b1-4)(6S)Glc(b1-Sp8,16.583975000000002,20.696125,14.0439,49.28325
(3S)Gal(b1-3)[Fuc(a1-4)]GlcNAc(b1-Sp8,6.56475,7.543150000000002,19.528525,5.077975
(3S)Gal(b1-3)GalNAc(a1-Sp8,10.25025,9.354774999999997,-1.3852749999999991,31.1157
(3S)Gal(b1-3)GlcNAc(b1-Sp0,10.362949999999998,4.870525,3.543200000000001,10.286824999999997
(3S)Gal(b1-3)GlcNAc(b1-Sp8,11.06175,16.2568,7.9893,13.265874999999998
(3S)Gal(b1-4)[Fuc(a1-3)]GlcNAc(a1-Sp0 ,20.639574999999994,16.255800000000004,7.188400000000005,22.81475
(3S)Gal(b1-4)[Fuc(a1-3)]GlcNAc(a1-Sp8,17.719099999999994,17.801174999999994,10.136000000000003,26.31992500000001
(3S)Gal(b1-4)(6S)GlcNAc(b1-Sp0,21.259475,12.389474999999996,9.211525000000002,22.624675
(3S)Gal(b1-4)(6S)GlcNAc(b1-Sp8,0.2116750000000014,8.099125,19.686950000000003,13.872000000000002
(3S)Gal(b1-4)GlcNAc(b1-Sp0,10.106424999999998,16.450450000000004,16.34245,14.095700000000004
(3S)Gal(b1-4)GlcNAc(b1-Sp8,4.512100000000002,4.3713250000000015,-0.4765999999999994,14.516675
(3S)Gal(b1-Sp8,15.077649999999998,14.401099999999998,16.421625,10.03755
(6S)(4S)Gal(b1-4)GlcNAc(b1-Sp0,8.326674999999996,8.6317,10.1117,14.6208
(4S)Gal(b1-4)GlcNAc(b1-Sp8,9.225625,16.522199999999998,18.5233,15.173425
(6P)Man(a1-Sp8,9.736825,13.220875,11.4364,16.043375000000008
(6S)Gal(b1-4)Glc(b1-Sp0,14.710475,5.129375,16.328775,4.903274999999999
(6S)Gal(b1-4)Glc(b1-Sp8,12.848699999999996,9.367200000000004,14.999200000000002,24.2844
(6S)Gal(b1-4)GlcNAc(b1-Sp8,3.646225,11.114800000000002,29.9077,-3.6794499999999983
(6S)Gal(b1-4)(6S)Glc(b1-Sp8,9.3283,12.34055,28.697125,20.042749999999987
Neu5Ac(a2-3)(6S)Gal(b1-4)GlcNAc(b1-Sp8,19.44595,9.42735,13.6692,9.081375
(6S)GlcNAc(b1-Sp8,13.307000000000004,9.03715,10.159799999999997,23.528375
"Neu5,9Ac2(a1-Sp8",10.67875,15.6119,5.98125,1.3320749999999997
"Neu5,9Ac2(a2-6)Gal(b1-4)GlcNAc(b1-Sp8",1.1503499999999995,6.2502,-5.025175000000001,3.486025000000001
Man(a1-6)[Man(a1-3)]Man(b1-4)GlcNAc(b1-4)GlcNAc(b1-Sp12,70.54162500000002,978.98615,18470.7361,34248.218649999995
Man(a1-6)[Man(a1-3)]Man(b1-4)GlcNAc(b1-4)GlcNAc(b1-Sp13,2015.5899,11535.278775,35349.678875000005,36637.569400000015
GlcNAc(b1-2)Man(a1-6)[GlcNAc(b1-2)Man(a1-3)]Man(b1-4)GlcNAc(b1-4)GlcNAc(b1-Sp12,452.18162500000005,2210.2957999999994,27881.988275,34918.26710000001
GlcNAc(b1-2)Man(a1-6)[GlcNAc(b1-2)Man(a1-3)]Man(b1-4)GlcNAc(b1-4)GlcNAc(b1-Sp13,4006.640675000001,10100.77955,32697.5083,36484.51325
Gal(b1-4)GlcNAc(b1-2)Man(a1-6)[Gal(b1-4)GlcNAc(b1-2)Man(a1-3)]Man(b1-4)GlcNAc(b1-4)GlcNAc(b1-Sp12,129.36112500000002,777.2137,25972.59975,32854.54255
Neu5Ac(a2-6)Gal(b1-4)GlcNAc(b1-2)Man(a1-6)[Neu5Ac(a2-6)Gal(b1-4)GlcNAc(b1-2)Man(a1-3)]Man(b1-4)GlcNAc(b1-4)GlcNAc(b1-Sp12,12.648000000000007,2.406699999999999,65.34372499999998,15442.441300000002
Neu5Ac(a2-6)Gal(b1-4)GlcNAc(b1-2)Man(a1-6)[Neu5Ac(a2-6)Gal(b1-4)GlcNAc(b1-2)Man(a1-3)]Man(b1-4)GlcNAc(b1-4)GlcNAc(b1-Sp13,8.522025000000001,14.513675000000005,1273.9243499999998,31434.178575
Neu5Ac(a2-6)Gal(b1-4)GlcNAc(b1-2)Man(a1-6)[Neu5Ac(a2-6)Gal(b1-4)GlcNAc(b1-2)M(an-a)(a1-3)]Man(b1-4)GlcNAc(b1-4)GlcNAc(b1-Sp21,16.283974999999998,46.668075000000016,3135.16165,36530.23892500001
Neu5Ac(a2-6)Gal(b1-4)GlcNAc(b1-2)Man(a1-6)[Neu5Ac(a2-6)Gal(b1-4)GlcNAc(b1-2)Man(a1-3)]Man(b1-4)GlcNAc(b1-4)GlcNAc(b1-Sp24,12.5583,15.573250000000002,45.5255,7566.09885
Fuc(a1-2)Gal(b1-3)GalNAc(b1-3)Gal(a1-Sp9,17.03185,4.7711,20.37385,43.55659999999999
Fuc(a1-2)Gal(b1-3)GalNAc(b1-3)Gal(a1-4)Gal(b1-4)Glc(b1-Sp9,4.460675,22.21872500000001,6.5878000000000005,8.690725
Fuc(a1-2)Gal(b1-3)[Fuc(a1-4)]GlcNAc(b1-Sp8,11.398875000000002,5.5905000000000005,0.5945250000000009,-3.1666500000000024
Fuc(a1-2)Gal(b1-3)GalNAc(a1-Sp8,-0.7561000000000009,6.8640750000000015,5.56235,11.615975000000002
Fuc(a1-2)Gal(b1-3)GalNAc(a1-Sp14,9.913,3.520725,3.702075,6.267125000000003
Fuc(a1-2)Gal(b1-3)GalNAc(b1-4)[Neu5Ac(a2-3)]Gal(b1-4)Glc(b1-Sp0,11.4577,15.091924999999994,14.484849999999994,11.6481
Fuc(a1-2)Gal(b1-3)GalNAc(b1-4)[Neu5Ac(a2-3)]Gal(b1-4)Glc(b1-Sp9,14.8672,1.667974999999999,5.57995,-0.4749499999999998
Fuc(a1-2)Gal(b1-3)GlcNAc(b1-3)Gal(b1-4)Glc(b1-Sp8,12.073374999999995,3.11195,5.6945,15.372
Fuc(a1-2)Gal(b1-3)GlcNAc(b1-3)Gal(b1-4)Glc(b1-Sp10,3.2369250000000003,9.90465,11.522975,4.784625
Fuc(a1-2)Gal(b1-3)GlcNAc(b1-Sp0,5.00085,9.396275,7.095525,14.2855
Fuc(a1-2)Gal(b1-3)GlcNAc(b1-Sp8,18.137075000000006,11.791075,7.897225,6.088599999999998
Fuc(a1-2)Gal(b1-4)[Fuc(a1-3)]GlcNAc(b1-3)Gal(b1-4)[Fuc(a1-3)]GlcNAc(b1-Sp0,6.954250000000004,8.278025,-3.2490750000000013,14.364649999999996
Fuc(a1-2)Gal(b1-4)[Fuc(a1-3)]GlcNAc(b1-3)Gal(b1-4)[Fuc(a1-3)]GlcNAc(b1-3)Gal(b1-4)[Fuc(a1-3)]GlcNAc(b1-Sp0,12.237375000000005,8.065900000000003,14.042075,13.6882
Fuc(a1-2)Gal(b1-4)[Fuc(a1-3)]GlcNAc(b1-Sp0,8.08115,16.766574999999996,12.921049999999996,10.714899999999998
Fuc(a1-2)Gal(b1-4)[Fuc(a1-3)]GlcNAc(b1-Sp8,1.369375,10.438625,6.303999999999999,3.0835000000000017
Fuc(a1-2)Gal(b1-4)GlcNAc(b1-3)Gal(b1-4)GlcNAc(b1-Sp0,0.5759249999999998,11.635450000000002,6.563125,-6.584775000000002
Fuc(a1-2)Gal(b1-4)GlcNAc(b1-3)Gal(b1-4)GlcNAc(b1-3)Gal(b1-4)GlcNAc(b1-Sp0,-1.5074499999999986,8.028400000000001,6.910124999999999,-2.0628500000000027
Fuc(a1-2)Gal(b1-4)GlcNAc(b1-Sp0,3.3546749999999994,10.496950000000002,7.920125000000002,12.368174999999995
Fuc(a1-2)Gal(b1-4)GlcNAc(b1-Sp8,1.345275,3.4513999999999987,5.369225000000001,3.9737250000000044
Fuc(a1-2)Gal(b1-4)Glc(b1-Sp0,4.856774999999997,18.7727,9.872175,8.157425
Fuc(a1-2)Gal(b1-Sp8,9.933775000000002,9.788875,10.56895,41.885925
Fuc(a1-3)GlcNAc(b1-Sp8,6.006724999999999,13.5487,0.3523000000000001,4.9774499999999975
Fuc(a1-4)GlcNAc(b1-Sp8,1.9320000000000164,-4.237125000000002,7.972374999999998,28.63445
Fuc(b1-3)GlcNAc(b1-Sp8,12.507325000000005,14.012250000000002,6.680749999999998,16.255500000000005
GalNAc(a1-3)[Fuc(a1-2)]Gal(b1-3)GlcNAc(b1-Sp0,6.011525,2.4853499999999995,12.18875,23.163325
GalNAc(a1-3)[Fuc(a1-2)]Gal(b1-4)[Fuc(a1-3)]GlcNAc(b1-Sp0,13.550100000000004,22.267650000000003,34.540925,26.61805
(3S)Gal(b1-4)[Fuc(a1-3)]Glc(b1-Sp0,7.164575000000001,8.911775000000002,8.953475000000003,11.2852
GalNAc(a1-3)[Fuc(a1-2)]Gal(b1-4)GlcNAc(b1-Sp0,0.6414499999999999,0.6488749999999994,-11.369425,4.184524999999999
GalNAc(a1-3)[Fuc(a1-2)]Gal(b1-4)GlcNAc(b1-Sp8,17.08135,9.963,6.568249999999999,7.414474999999998
GalNAc(a1-3)[Fuc(a1-2)]Gal(b1-4)Glc(b1-Sp0,14.271425,8.801275,8.465575,5.1543499999999955
GlcNAc(b1-3)Gal(b1-3)GalNAc(a1-Sp8,15.310300000000005,21.272475,28.215125,42.19042500000001
GalNAc(a1-3)[Fuc(a1-2)]Gal(b1-Sp8,7.026200000000002,12.969224999999998,6.428400000000003,19.965175
GalNAc(a1-3)[Fuc(a1-2)]Gal(b1-Sp18,3.683850000000003,10.7992,3.3870749999999994,1.7522999999999982
GalNAc(a1-3)GalNAc(b1-Sp8,12.448175,5.4709749999999975,12.676175000000004,2.976925
GalNAc(a1-3)Gal(b1-Sp8,12.753425,3.7883999999999993,-0.008974999999992406,24.529375
GalNAc(a1-4)[Fuc(a1-2)]Gal(b1-4)GlcNAc(b1-Sp8,13.50935,0.7736249999999991,-12.635599999999998,-0.6680500000000027
GalNAc(b1-3)GalNAc(a1-Sp8,12.465100000000005,7.065175,12.067775,15.741575
GalNAc(b1-3)[Fuc(a1-2)]Gal(b1-Sp8,11.518900000000002,6.14705,11.383499999999998,1.6104750000000028
GalNAc(b1-3)Gal(a1-4)Gal(b1-4)GlcNAc(b1-Sp0,13.555825000000002,28.569849999999995,11.758025,19.654125
GalNAc(b1-4)[Fuc(a1-3)]GlcNAc(b1-Sp0,31.551725,11.080025,15.551024999999996,29.298525
GalNAc(b1-4)GlcNAc(b1-Sp0,9.782324999999997,3.7498000000000014,18.081475,4.964099999999995
GalNAc(b1-4)GlcNAc(b1-Sp8,17.350449999999995,14.581525,67.83077500000002,567.8670500000002
Gal(a1-2)Gal(b1-Sp8,6.1960250000000014,2.591225000000001,-0.2642749999999987,21.180625
Gal(a1-3)[Fuc(a1-2)]Gal(b1-3)GlcNAc(b1-Sp0,15.377325000000004,1.9808749999999995,16.38375,6.2329000000000025
Gal(a1-3)[Fuc(a1-2)]Gal(b1-3)GlcNAc(b1-Sp8,45.634025,21.783725,29.987025,32.49765000000001
Gal(a1-3)[Fuc(a1-2)]Gal(b1-4)[Fuc(a1-3)]GlcNAc(b1-Sp0,14.701875,16.975300000000004,30.80465,56.422275
Gal(a1-3)[Fuc(a1-2)]Gal(b1-4)[Fuc(a1-3)]GlcNAc(b1-Sp8,11.0314,2.6269000000000027,7.1045000000000025,9.106375000000003
Gal(a1-3)[Fuc(a1-2)]Gal(b1-4)GlcNAc(a1-Sp0,5.369674999999999,5.338574999999999,8.462175,7.757575000000001
Gal(a1-3)[Fuc(a1-2)]Gal(b1-4)Glc(b1-Sp0,16.182899999999997,9.167275000000002,11.147975000000002,24.966875
Gal(a1-3)[Fuc(a1-2)]Gal(b1-Sp8,20.303075,9.1192,4.3917,0.31547500000000017
Gal(a1-3)[Fuc(a1-2)]Gal(b1-Sp18,16.410224999999997,19.903125,12.589725,5.021125
Gal(a1-4)[Gal(a1-3)]Gal(b1-4)GlcNAc(b1-Sp8,27.5086,12.974325,60.3018,35.78682499999999
Gal(a1-3)GalNAc(a1-Sp8,32.36045,43.13527499999999,72.275625,37.5406
Gal(a1-3)GalNAc(a1-Sp16,12.080749999999998,11.7758,7.376100000000003,19.808825
Gal(a1-3)GalNAc(b1-Sp8,7.229749999999997,6.132825,11.53525,2.628024999999999
Gal(a1-3)Gal(b1-4)[Fuc(a1-3)]GlcNAc(b1-Sp8,6.906674999999996,8.0261,6.2249500000000015,8.9391
Gal(a1-3)Gal(b1-3)GlcNAc(b1-Sp0,13.835375000000004,15.743375000000002,8.056350000000009,37.57025
Gal(a1-3)Gal(b1-4)GlcNAc(b1-Sp8,9.990100000000002,2.6595000000000004,2.3578249999999983,8.102750000000004
Gal(a1-3)Gal(b1-4)Glc(b1-Sp0,12.0838,17.132175,16.913675000000005,27.257950000000008
Gal(a1-3)Gal(b1-4)Glc(a1-Sp10,13.223775000000002,7.476024999999999,5.504724999999998,12.12295
Gal(a1-3)Gal(b1-Sp8,3.688875,9.13495,26.1804,9.983325
Gal(a1-4)[Fuc(a1-2)]Gal(b1-4)GlcNAc(b1-Sp8,19.101025,1.126674999999996,8.183499999999999,16.882774999999995
Gal(a1-4)Gal(b1-4)GlcNAc(b1-Sp0,23.844400000000004,26.80534999999999,39.42965,0.9050000000000012
Gal(a1-4)Gal(b1-4)GlcNAc(b1-Sp8,14.8786,22.454950000000004,8.409549999999996,15.585475000000002
Gal(a1-4)Gal(b1-4)Glc(b1-Sp0,6.399149999999992,7.396424999999994,26.165899999999965,35.51315
Gal(a1-4)GlcNAc(b1-Sp8,7.834274999999997,11.02005,1.3369999999999995,-1.3095250000000007
Gal(a1-6)Glc(b1-Sp8,7.664625000000003,8.993674999999998,13.928924999999998,12.403700000000008
Gal(b1-2)Gal(b1-Sp8,11.6801,4.390474999999999,17.773600000000005,17.476175000000005
Gal(b1-3)[Fuc(a1-4)]GlcNAc(b1-3)Gal(b1-4)[Fuc(a1-3)]GlcNAc(b1-Sp0,21.369675,10.147125,8.515974999999996,-2.047274999999999
Gal(b1-3)[Fuc(a1-4)]GlcNAc(b1-3)Gal(b1-4)GlcNAc(b1-Sp0,14.011299999999993,7.54195,7.098675,1.6194500000000025
Gal(b1-3)[Fuc(a1-4)]GlcNAc(a1-Sp0,16.11235,17.146525,5.993525,-0.7178750000000029
Gal(b1-3)[Fuc(a1-4)]GlcNAc(a1-Sp8 ,15.497625,17.034324999999995,4.484849999999998,-1.2641999999999989
Fuc(a1-4)[Gal(b1-3)]GlcNAc(b1-Sp8,11.687425,13.112975,1.9737750000000007,-1.663825000000001
Gal(b1-4)GlcNAc(b1-6)GalNAc(a1-Sp8,16.381000000000004,19.911,14.94055,12.1695
Gal(b1-4)GlcNAc(b1-6)GalNAc(a1-Sp14,8.59625,17.519924999999994,19.573150000000005,22.712425
GlcNAc(b1-6)[Gal(b1-3)]GalNAc(a1-Sp8,29.959474999999994,11.829175000000005,7.998000000000001,27.39955
GlcNAc(b1-6)[Gal(b1-3)]GalNAc(a1-Sp14,4.779150000000003,4.1948500000000015,-1.8556000000000008,1.0001499999999997
Neu5Ac(a2-6)[Gal(b1-3)]GalNAc(a1-Sp8,1.8115500000000009,7.568824999999998,-5.9341,-7.036125
Neu5Ac(a2-6)[Gal(b1-3)]GalNAc(a1-Sp14,10.6236,6.3461250000000025,9.900225,8.396650000000001
Neu5Ac(b2-6)[Gal(b1-3)]GalNAc(a1-Sp8,4.281149999999999,7.624624999999999,-2.3921,12.441275000000005
Neu5Ac(a2-6)[Gal(b1-3)]GlcNAc(b1-4)Gal(b1-4)Glc(b1-Sp10,5.2486,2.328174999999998,-6.365625,5.385674999999999
Gal(b1-3)GalNAc(a1-Sp8,3.651299999999999,-0.7551749999999995,19.375325000000004,9.180250000000004
Gal(b1-3)GalNAc(a1-Sp14,11.911375,13.625850000000002,11.8855,10.514124999999998
Gal(b1-3)GalNAc(a1-Sp16,1.7979999999999985,8.905850000000003,12.7784,0.9394250000000016
Gal(b1-3)GalNAc(b1-Sp8,5.001575,5.38005,8.93375,10.70415
Gal(b1-3)GalNAc(b1-3)Gal(a1-4)Gal(b1-4)Glc(b1-Sp0,8.028574999999998,3.619149999999999,17.547400000000003,15.796399999999998
Gal(b1-3)GalNAc(b1-4)[Neu5Ac(a2-3)]Gal(b1-4)Glc(b1-Sp0,5.6066249999999975,7.03,2.9952000000000005,9.657725
Gal(b1-3)GalNAc(b1-4)Gal(b1-4)Glc(b1-Sp8,18.942025,9.091475,7.358875000000002,22.471625
Gal(b1-3)Gal(b1-Sp8,0.988999999999999,7.109725000000001,0.1470249999999993,49.80715000000001
Gal(b1-3)GlcNAc(b1-3)Gal(b1-4)GlcNAc(b1-Sp0,6.488125,7.39665,-5.2686250000000046,2.387649999999997
Gal(b1-3)GlcNAc(b1-3)Gal(b1-4)Glc(b1-Sp10,4.399950000000001,8.098474999999999,-0.7305249999999983,29.805425
Gal(b1-3)GlcNAc(b1-Sp0,3.6659749999999978,7.227675,6.064400000000001,11.427975
Gal(b1-3)GlcNAc(b1-Sp8,12.0725,7.7225,-1.6663749999999995,25.659150000000004
Gal(b1-4)[Fuc(a1-3)]GlcNAc(b1-Sp0,9.269825,2.805374999999999,1.931424999999999,14.799824999999995
Gal(b1-4)[Fuc(a1-3)]GlcNAc(b1-Sp8,4.942900000000002,3.546125,3.4557,10.839099999999998
Gal(b1-4)[Fuc(a1-3)]GlcNAc(b1-4)Gal(b1-4)[Fuc(a1-3)]GlcNAc(b1-Sp0,21.388550000000006,8.116325,14.646625000000006,8.331625
Gal(b1-4)[Fuc(a1-3)]GlcNAc(b1-4)Gal(b1-4)[Fuc(a1-3)]GlcNAc(b1-4)Gal(b1-4)[Fuc(a1-3)]GlcNAc(b1-Sp0,10.6847,8.326725,9.31135,1.171800000000001
Gal(b1-4)(6S)Glc(b1-Sp0,10.47485,7.3602750000000015,32.33569999999999,2.6949500000000004
Gal(b1-4)(6S)Glc(b1-Sp8,16.167075,13.634125,12.715249999999996,8.042774999999997
Gal(b1-4)GalNAc(a1-3)[Fuc(a1-2)]Gal(b1-4)GlcNAc(b1-Sp8,11.464199999999993,4.931475,-2.517925,3.1709249999999987
Gal(b1-4)GalNAc(b1-3)[Fuc(a1-2)]Gal(b1-4)GlcNAc(b1-Sp8,4.513225,1.3876999999999995,5.6042250000000005,8.857975000000003
Gal(b1-4)GlcNAc(b1-3)GalNAc(a1-Sp8,7.214050000000001,7.07225,17.721875,0.8493499999999976
Gal(b1-4)GlcNAc(b1-3)GalNAc(a1-Sp14,9.170299999999996,7.659599999999982,23.869675,20.563900000000004
Gal(b1-4)GlcNAc(b1-3)Gal(b1-4)[Fuc(a1-3)]GlcNAc(b1-3)Gal(b1-4)[Fuc(a1-3)]GlcNAc(b1-Sp0,17.27245,7.959375,7.102399999999998,12.74605
Gal(b1-4)GlcNAc(b1-3)Gal(b1-4)GlcNAc(b1-3)Gal(b1-4)GlcNAc(b1-Sp0,0.4868500000000005,3.630749999999999,2.1553750000000007,10.1172
Gal(b1-4)GlcNAc(b1-3)Gal(b1-4)GlcNAc(b1-Sp0,5.495050000000001,5.934800000000001,3.3468500000000017,14.606799999999994
Gal(b1-4)GlcNAc(b1-3)Gal(b1-4)Glc(b1-Sp0,11.117399999999995,12.390250000000002,10.491675,14.229950000000004
Gal(b1-4)GlcNAc(b1-3)Gal(b1-4)Glc(b1-Sp8,-0.7628500000000021,6.931725,5.231799999999999,7.180800000000001
Gal(b1-4)GlcNAc(b1-6)[Gal(b1-3)]GalNAc(a1-Sp8,15.634225,6.1933000000000025,3.589874999999997,14.711524999999995
Gal(b1-4)GlcNAc(b1-6)[Gal(b1-3)]GalNAc(a1-Sp14,6.170250000000001,6.4685250000000005,4.055574999999998,9.082375
Gal(b1-4)GlcNAc(b1-Sp0,13.8839,10.5307,17.875999999999994,16.016675
Gal(b1-4)GlcNAc(b1-Sp8,-0.6672499999999975,15.497700000000002,2.150475000000001,14.479974999999998
Gal(b1-4)GlcNAc(b1-Sp23,14.878574999999998,1.7641000000000011,-0.5138500000000015,13.289099999999998
Gal(b1-4)Glc(b1-Sp0,15.546075000000007,13.14835,9.325825000000004,73.11452500000001
Gal(b1-4)Glc(b1-Sp8,5.640374999999999,6.544675,13.200750000000005,12.678475000000002
GlcNAc(a1-3)Gal(b1-4)GlcNAc(b1-Sp8,3.3466750000000003,16.970825,7.782475,574.5025
GlcNAc(a1-6)Gal(b1-4)GlcNAc(b1-Sp8,4.867699999999999,5.06875,55.16022499999999,1283.01075
GlcNAc(b1-2)Gal(b1-3)GalNAc(a1-Sp8,9.37385,4.395525000000001,4.771225000000005,7.110999999999999
GlcNAc(b1-6)[GlcNAc(b1-3)]GalNAc(a1-Sp8,17.848975000000017,9.485575,9.21055,196.30762500000003
GlcNAc(b1-6)[GlcNAc(b1-3)]GalNAc(a1-Sp14,18.268325,14.78625,0.3642750000000001,10.344575
GlcNAc(b1-6)[GlcNAc(b1-3)]Gal(b1-4)GlcNAc(b1-Sp8,1.5863750000000003,7.799125000000001,-19.231824999999994,50.50757499999999
GlcNAc(b1-3)GalNAc(a1-Sp8,3.7490000000000014,4.780500000000001,21.252475000000004,15.317175000000004
GlcNAc(b1-3)GalNAc(a1-Sp14,2.675775,5.966474999999999,12.355449999999998,-4.066525
GlcNAc(b1-3)Gal(b1-Sp8,13.656725,5.899649999999999,10.17435,11.005399999999998
GlcNAc(b1-3)Gal(b1-4)GlcNAc(b1-Sp0,9.012975,16.688074999999998,16.848550000000003,109.60289999999998
GlcNAc(b1-3)Gal(b1-4)GlcNAc(b1-Sp8,8.416625,8.04205,12.41545,86.53527499999998
GlcNAc(b1-3)Gal(b1-4)GlcNAc(b1-3)Gal(b1-4)GlcNAc(b1-Sp0,0.06709999999999994,3.884149999999999,19.6195,280.53100000000006
GlcNAc(b1-3)Gal(b1-4)Glc(b1-Sp0,3.9019749999999984,8.809774999999998,17.88765,34.360975
GlcNAc(b1-4)(a1-MDPLys,13.489974999999998,4.435575,18.793375,14.188500000000005
GlcNAc(b1-6)[GlcNAc(b1-4)]GalNAc(a1-Sp8,10.293374999999996,15.997924999999995,8.738025000000004,0.1430499999999979
GlcNAc(b1-4)Gal(b1-4)GlcNAc(b1-Sp8,-1.6549750000000003,0.4513249999999998,-9.55985,72.66425
GlcNAc(b1-4)GlcNAc(b1-4)GlcNAc(b1-4)GlcNAc(b1-4)GlcNAc(b1-4)GlcNAc(b1-Sp8,13.080975,39.004875,183.71125,1846.0762
GlcNAc(b1-4)GlcNAc(b1-4)GlcNAc(b1-4)GlcNAc(b1-4)GlcNAc(b1-Sp8,5.834424999999998,28.98605,156.86647499999995,2059.181775
GlcNAc(b1-4)GlcNAc(b1-4)GlcNAc(b1-Sp8,12.064724999999996,15.991524999999998,195.2121,2557.748025
GlcNAc(b1-6)GalNAc(a1-Sp8,17.022225,3.734825,4.5680000000000005,63.263475
GlcNAc(b1-6)GalNAc(a1-Sp14,9.185775,7.076799999999995,0.7169750000000006,9.9128
GlcNAc(b1-6)Gal(b1-4)GlcNAc(b1-Sp8,8.084649999999996,11.655775,10.234375,12.752124999999992
Glc(a1-4)Glc(b1-Sp8,16.141075,9.972074999999997,3.8320250000000007,10.423999999999994
Glc(a1-4)Glc(a1-Sp8,8.248024999999998,15.080899999999998,13.035349999999998,9.973825
Glc(a1-6)Glc(a1-6)Glc(b1-Sp8,0.4098750000000013,7.71505,1.123125,9.66345
Glc(b1-4)Glc(b1-Sp8,-8.831750000000003,5.739925000000001,14.911525,-3.057274999999997
Glc(b1-6)Glc(b1-Sp8,9.289625,8.130150000000004,8.044199999999998,20.373325
G-ol(a1-Sp8,15.733224999999996,9.415399999999998,15.587525,16.959224999999996
GlcA(a1-Sp8,23.839675000000003,4.308875,1.9221250000000007,10.218625
GlcA(b1-Sp8,62.69802500000002,25.425075,43.3412,73.93780000000002
GlcA(b1-3)Gal(b1-Sp8,8.340049999999998,7.906050000000001,-2.698874999999994,-25.8439
GlcA(b1-6)Gal(b1-Sp8,17.442699999999995,5.828075000000005,18.283025,39.115425
KDN(a2-3)Gal(b1-3)GlcNAc(b1-Sp0,6.781025,5.694874999999998,1.956225,3.621475
KDN(a2-3)Gal(b1-4)GlcNAc(b1-Sp0,8.549724999999999,8.5811,4.659124999999999,0.3951750000000018
Man(a1-2)Man(a1-2)Man(a1-3)Man(a1-Sp9,12.338549999999998,14.516575,12.892774999999995,33.23180000000001
Man(a1-2)Man(a1-6)[Man(a1-2)Man(a1-3)]Man(a1-Sp9,10.5021,7.33035,-1.0929499999999983,6.63275
Man(a1-2)Man(a1-3)Man(a1-Sp9,17.842200000000005,9.506975,13.774524999999995,16.307875
Man(a1-6)[Man(a1-2)Man(a1-3)]Man(a1-6)[Man(a1-2)Man(a1-3)]Man(b1-4)GlcNAc(b1-4)GlcNAc(b1-Sp12,539.971125,2776.4991750000013,26897.2608,38422.87797500002
Man(a1-2)Man(a1-6)[Man(a1-3)]Man(a1-6)[Man(a1-2)Man(a1-2)Man(a1-3)]Man(b1-4)GlcNAc(b1-4)GlcNAc(b1-Sp12,1815.8615250000007,7705.755924999998,33423.788675,33045.001125
Man(a1-2)Man(a1-6)[Man(a1-2)Man(a1-3)]Man(a1-6)[Man(a1-2)Man(a1-2)Man(a1-3)]Man(b1-4)GlcNAc(b1-4)GlcNAc(b1-Sp12,36.2145,14.879875,15.9901,80.6722
Man(a1-6)[Man(a1-3)]Man(a1-Sp9,9.3617,8.330924999999997,7.057349999999998,36.71100000000001
Man(a1-2)Man(a1-2)Man(a1-6)[Man(a1-3)]Man(a1-Sp9,15.827600000000002,13.042825000000002,3.8705500000000015,9.043350000000002
Man(a1-6)[Man(a1-3)]Man(a1-6)[Man(a1-2)Man(a1-3)]Man(b1-4)GlcNAc(b1-4)GlcNAc(b1-Sp12,3571.0143499999995,15219.030774999996,34931.66535,33983.5459
Man(a1-6)[Man(a1-3)]Man(a1-6)[Man(a1-3)]Man(b1-4)GlcNAc(b1-4)GlcNAc(b1-Sp12,1039.033425,10433.215874999998,32081.972425,35005.082874999986
Man(b1-4)GlcNAc(b1-Sp0,13.187999999999999,6.740099999999997,0.8074250000000003,12.0615
Neu5Ac(a2-3)Gal(b1-4)GlcNAc(b1-3)Gal(b1-4)[Fuc(a1-3)]GlcNAc(b1-Sp0,-1.8809750000000005,4.014724999999999,-4.621575,2.993325000000004
(3S)Gal(b1-4)[Fuc(a1-3)](6S)GlcNAc(b1-Sp8,4.248125,6.8605,-1.7348250000000007,9.567999999999996
Fuc(a1-2)(6S)Gal(b1-4)GlcNAc(b1-Sp0,11.169325,8.391774999999999,3.654,14.373725000000002
Fuc(a1-2)Gal(b1-4)(6S)GlcNAc(b1-Sp8,3.023274999999998,11.384275,2.051600000000001,-2.9944999999999986
Fuc(a1-2)(6S)Gal(b1-4)(6S)Glc(b1-Sp0,13.420025,11.959325000000002,15.429625000000005,15.463425000000004
Neu5Ac(a2-3)Gal(b1-3)GalNAc(a1-Sp8,-0.3554499999999994,2.448125,0.2058750000000007,0.6826999999999988
Neu5Ac(a2-3)Gal(b1-3)GalNAc(a1-Sp14,4.352224999999999,3.2447500000000007,2.9821499999999954,-7.803349999999997
GalNAc(b1-4)[Neu5Ac(a2-8)Neu5Ac(a2-8)Neu5Ac(a2-8)Neu5Ac(a2-3)]Gal(b1-4)Glc(b1-Sp0,11.221875,13.63965,18.238425,10.683575
GalNAc(b1-4)[Neu5Ac(a2-8)Neu5Ac(a2-8)Neu5Ac(a2-3)]Gal(b1-4)Glc(b1-Sp0,26.642975,24.818825,6.279300000000001,7.0505749999999985
Neu5Ac(a2-8)Neu5Ac(a2-8)Neu5Ac(a2-3)Gal(b1-4)Glc(b1-Sp0,7.499275000000003,-0.3753000000000002,8.176799999999998,-0.28309999999999746
GalNAc(b1-4)[Neu5Ac(a2-8)Neu5Ac(a2-3)]Gal(b1-4)Glc(b1-Sp0,1.8865249999999967,3.1135499999999987,-6.186749999999999,0.3291499999999949
Neu5Ac(a2-8)Neu5Ac(a2-8)Neu5Ac(a1-Sp8,8.409225000000001,1.8763499999999995,8.7192,-6.131049999999997
Neu5Ac(a2-3)(6S)Gal(b1-4)[Fuc(a1-3)]GlcNAc(b1-Sp8,11.460925000000005,-0.6730500000000008,1.4082,3.703924999999998
GalNAc(b1-4)[Neu5Ac(a2-3)]Gal(b1-4)GlcNAc(b1-Sp0,16.508525000000002,7.120225000000001,-3.8487250000000026,-0.0950500000000023
GalNAc(b1-4)[Neu5Ac(a2-3)]Gal(b1-4)GlcNAc(b1-Sp8,6.6097,2.2477250000000017,14.988975,10.563225
GalNAc(b1-4)[Neu5Ac(a2-3)]Gal(b1-4)Glc(b1-Sp0,9.7354,4.347650000000002,37.056674999999984,22.38140000000001
Neu5Ac(a2-3)Gal(b1-3)GalNAc(b1-4)[Neu5Ac(a2-3)]Gal(b1-4)Glc(b1-Sp0,1.4762750000000011,-3.9416,-0.5507500000000007,-2.735625
Neu5Ac(a2-6)[Neu5Ac(a2-3)]GalNAc(a1-Sp8,0.6203249999999989,7.265874999999998,-0.2807750000000011,12.194074999999994
Neu5Ac(a2-3)GalNAc(a1-Sp8,5.249899999999999,3.2955249999999987,2.3035999999999994,-5.456200000000003
Neu5Ac(a2-3)GalNAc(b1-4)GlcNAc(b1-Sp0,5.257624999999997,3.636175,11.554175000000004,13.610725000000004
Neu5Ac(a2-3)Gal(b1-3)(6S)GlcNAc(a1-Sp8,33.553725,17.2838,28.388375,64.959
Neu5Ac(a2-3)Gal(b1-3)[ Fuc(a1-4)]GlcNAc(b1-Sp8,10.064725000000006,2.455350000000001,4.4411749999999985,18.5425
Neu5Ac(a2-3)Gal(b1-3)[Fuc(a1-4)]GlcNAc(b1-3)Gal(b1-4)[Fuc(a1-3)]GlcNAc(b1-Sp0,17.158949999999994,6.860950000000001,12.074600000000006,13.416575
Neu5Ac(a2-3)Gal(b1-4)[Neu5Ac(a2-3)Gal(b1-3)]GlcNAc(b1-Sp8,1.269199999999998,18.386850000000006,8.556400000000004,9.7321
Neu5Ac(a2-3)Gal(b1-3)(6S)GalNAc(a1-Sp8,16.257375000000003,5.445824999999999,6.736175,4.231799999999998
Neu5Ac(a2-6)[Neu5Ac(a2-3)Gal(b1-3)]GalNAc(a1-Sp8,9.701949999999998,3.4906999999999995,-0.9757250000000006,11.494224999999995
Neu5Ac(a2-6)[Neu5Ac(a2-3)Gal(b1-3)]GalNAc(a1-Sp14,19.980075,11.306000000000004,22.85075,21.74580000000001
Neu5Ac(a2-3)Gal(b1-Sp8,10.00435,5.645475000000002,4.105225000000001,12.553225
Neu5Ac(a2-3)Gal(b1-3)GalNAc(b1-3)Gal(a1-4)Gal(b1-4)Glc(b1-Sp0,18.599124999999994,22.379275,20.177675,10.405900000000006
Neu5Ac(a2-3)Gal(b1-3)GlcNAc(b1-3)Gal(b1-4)GlcNAc(b1-Sp0,3.4900499999999988,7.963274999999998,6.883025,5.889124999999997
Fuc(a1-2)(6S)Gal(b1-4)Glc(b1-Sp0,16.507774999999995,0.900925,15.230050000000006,4.480924999999999
Neu5Ac(a2-3)Gal(b1-3)GlcNAc(b1-Sp0,12.353500000000002,13.2743,16.91565,11.3695
Neu5Ac(a2-3)Gal(b1-3)GlcNAc(b1-Sp8,20.191750000000006,9.718,9.500049999999998,1.5292999999999992
Neu5Ac(a2-3)Gal(b1-4)(6S)GlcNAc(b1-Sp8,20.826200000000004,4.224024999999998,2.2852999999999994,1.0041999999999989
Neu5Ac(a2-3)Gal(b1-4)[Fuc(a1-3)](6S)GlcNAc(b1-Sp8,6.131824999999999,5.9482250000000025,10.8601,1.9170999999999976
Neu5Ac(a2-3)Gal(b1-4)[Fuc(a1-3)]GlcNAc(b1-3)Gal(b1-4)[Fuc(a1-3)]GlcNAc(b1-3)Gal(b1-4)[Fuc(a1-3)]GlcNAc(b1-Sp0,31.390475,19.436574999999987,18.308175,39.762
Neu5Ac(a2-3)Gal(b1-4)[Fuc(a1-3)]GlcNAc(b1-Sp0,7.74445,2.288775000000001,1.7398749999999996,10.4251
Neu5Ac(a2-3)Gal(b1-4)[Fuc(a1-3)]GlcNAc(b1-Sp8,1.1880250000000006,3.4820499999999988,14.643225,-0.1985750000000026
Neu5Ac(a2-3)Gal(b1-4)[Fuc(a1-3)]GlcNAc(b1-3)Gal(b1-Sp8,7.890799999999999,7.324275,19.812675,7.166975000000001
Neu5Ac(a2-3)Gal(b1-4)[Fuc(a1-3)]GlcNAc(b1-3)Gal(b1-4)GlcNAc(b1-Sp8,9.551025,5.8236,-2.132250000000002,16.70875
Neu5Ac(a2-3)Gal(b1-4)GlcNAc(b1-3)Gal(b1-4)GlcNAc(b1-3)Gal(b1-4)GlcNAc(b1-Sp0,6.443625000000003,9.228924999999998,6.50925,7.295
Neu5Ac(a2-3)Gal(b1-4)GlcNAc(b1-Sp0,7.5322999999999976,1.117325,11.768150000000002,4.142849999999998
Neu5Ac(a2-3)Gal(b1-4)GlcNAc(b1-Sp8,13.1543,5.145850000000001,3.5252250000000007,15.9803
Neu5Ac(a2-3)Gal(b1-4)GlcNAc(b1-3)Gal(b1-4)GlcNAc(b1-Sp0,11.392775000000002,1.3913000000000002,0.9872249999999996,-0.4676499999999351
Fuc(a1-2)Gal(b1-4)(6S)Glc(b1-Sp0,13.857900000000004,5.7132000000000005,17.366124999999997,28.612749999999995
Neu5Ac(a2-3)Gal(b1-4)Glc(b1-Sp0,48.28597499999999,18.239450000000005,21.944575,37.9229
Neu5Ac(a2-3)Gal(b1-4)Glc(b1-Sp8,16.054475000000004,8.984075,22.507375000000003,54.7691
Neu5Ac(a2-6)GalNAc(a1-Sp8,4.2165750000000015,1.2961,1.9446000000000008,-1.784724999999999
Neu5Ac(a2-6)GalNAc(b1-4)GlcNAc(b1-Sp0,10.572475,5.086299999999998,10.181475000000002,13.071825
Neu5Ac(a2-6)Gal(b1-4)(6S)GlcNAc(b1-Sp8,17.969499999999996,9.254625,10.176325000000002,7.878599999999999
Neu5Ac(a2-6)Gal(b1-4)GlcNAc(b1-Sp0,14.551750000000002,13.637224999999995,16.36315,12.261024999999998
Neu5Ac(a2-6)Gal(b1-4)GlcNAc(b1-Sp8,3.280149999999999,9.4135,8.332575,10.998075
Neu5Ac(a2-6)Gal(b1-4)GlcNAc(b1-3)Gal(b1-4)[Fuc(a1-3)]GlcNAc(b1-3)Gal(b1-4)[Fuc(a1-3)]GlcNAc(b1-Sp0,17.814775,9.088,22.246625,23.236749999999994
Neu5Ac(a2-6)Gal(b1-4)GlcNAc(b1-3)Gal(b1-4)GlcNAc(b1-Sp0,2.554125,10.2252,6.863925000000001,3.0554749999999995
Neu5Ac(a2-6)Gal(b1-4)Glc(b1-Sp0,37.0598,5.0387749999999984,8.932375000000004,18.457425
Neu5Ac(a2-6)Gal(b1-4)Glc(b1-Sp8,14.2749,7.64175,10.693274999999996,22.737225
Neu5Ac(a2-6)Gal(b1-Sp8,13.685475000000006,9.925325,13.329675,12.681525
Neu5Ac(a2-8)Neu5Ac(a1-Sp8,6.6998,10.991750000000005,7.3779,17.361425000000008
Neu5Ac(a2-8)Neu5Ac(a2-3)Gal(b1-4)Glc(b1-Sp0,1.7520750000000005,3.1195249999999994,-0.5922749999999999,-3.7516499999999984
Gal(b1-3)[Fuc(a1-4)]GlcNAc(b1-3)Gal(b1-3)[Fuc(a1-4)]GlcNAc(b1-Sp0,19.7248,12.04595,8.769925,53.65895000000001
Neu5Ac(b2-6)GalNAc(a1-Sp8,9.708125,1.3785749999999992,4.0204,7.074625000000001
Neu5Ac(b2-6)Gal(b1-4)GlcNAc(b1-Sp8,4.839775000000003,3.628174999999999,3.533775000000001,12.779524999999996
Neu5Gc(a2-3)Gal(b1-3)[Fuc(a1-4)]GlcNAc(b1-Sp0,-1.4726000000000026,11.88995,10.996775000000005,0.5258750000000028
Neu5Gc(a2-3)Gal(b1-3)GlcNAc(b1-Sp0,13.246975,9.301199999999998,10.887175000000004,13.841525000000004
Neu5Gc(a2-3)Gal(b1-4)[Fuc(a1-3)]GlcNAc(b1-Sp0,13.15165,11.267125000000002,-4.78975,24.310299999999994
Neu5Gc(a2-3)Gal(b1-4)GlcNAc(b1-Sp0,11.8958,3.932425,5.949274999999999,5.852300000000013
Neu5Gc(a2-3)Gal(b1-4)Glc(b1-Sp0,10.98815,5.607675000000002,4.483949999999998,102.73110000000004
Neu5Gc(a2-6)GalNAc(a1-Sp0,8.595600000000001,15.785825000000004,3.806825000000001,16.2699
Neu5Gc(a2-6)Gal(b1-4)GlcNAc(b1-Sp0,18.01615,4.955374999999999,19.9454,18.796949999999992
Neu5Gc(a1-Sp8,15.508075000000002,8.921575000000002,28.6999,10.276275
Neu5Ac(a2-3)Gal(b1-4)GlcNAc(b1-6)[Gal(b1-3)]GalNAc(a1-Sp14,10.80455,9.67575,11.24775,15.296374999999998
Gal(b1-3)GlcNAc(b1-3)Gal(b1-3)GlcNAc(b1-Sp0,16.658225,-0.8598000000000003,18.665775,16.9346
Gal(b1-4)[Fuc(a1-3)](6S)GlcNAc(b1-Sp0 ,21.93685,7.7685749999999985,19.3281,22.022375
Gal(b1-4)[Fuc(a1-3)](6S)Glc(b1-Sp0,16.1047,8.148225,15.62435,19.246424999999995
Gal(b1-4)[Fuc(a1-3)]GlcNAc(b1-3)Gal(b1-3)[Fuc(a1-4)]GlcNAc(b1-Sp0,23.35265,15.6933,23.718149999999994,26.00490000000001
Gal(b1-4)GlcNAc(b1-3)Gal(b1-3)GlcNAc(b1-Sp0,10.503299999999996,3.3717250000000005,8.74305,19.638725000000008
Neu5Ac(a2-3)Gal(b1-3)GlcNAc(b1-3)Gal(b1-3)GlcNAc(b1-Sp0,20.0575,6.516749999999999,1.5090750000000002,10.097025
Neu5Ac(a2-3)Gal(b1-4)GlcNAc(b1-3)Gal(b1-3)GlcNAc(b1-Sp0,14.084474999999998,0.6172749999999998,10.332725,0.0638000000000023
4S(3S)Gal(b1-4)GlcNAc(b1-Sp0,12.078700000000005,9.375,6.410799999999997,2.7883750000000003
(6S)Gal(b1-4)(6S)GlcNAc(b1-Sp0,9.722525,9.340099999999994,1.1419750000000013,10.047600000000003
(6P)Glc(b1-Sp10,24.97295,4.532599999999999,20.754825000000004,20.091825
Neu5Ac(a2-3)Gal(b1-4)[Fuc(a1-3)]GlcNAc(b1-6)[Gal(b1-3)]GalNAc(a1-Sp14,24.04332500000001,16.797175,38.35615000000001,34.719
Gal(b1-3)Gal(b1-4)GlcNAc(b1-Sp8,13.721725000000005,8.674224999999998,19.522450000000006,9.973775000000002
Neu5Ac(a2-6)Gal(b1-4)GlcNAc(b1-2)Man(a1-6)[Gal(b1-4)GlcNAc(b1-2)Man(a1-3)]Man(b1-4)GlcNAc(b1-4)GlcNAc(b1-Sp12,14.594350000000002,19.274975000000005,9903.321675,34103.44615
Gal(b1-4)GlcNAc(b1-6)[Gal(b1-4)GlcNAc(b1-3)]Gal(b1-4)GlcNAc(a1-Sp0,9.380800000000002,3.944925,6.048650000000002,8.921075000000002
GlcNAc(b1-6)[Gal(b1-4)GlcNAc(b1-3)]Gal(b1-4)GlcNAc(a1-Sp0,-8.058575,10.112825,5.462424999999996,-2.359675000000001
Gal(b1-4)GlcNAc(a1-6)Gal(b1-4)GlcNAc(b1-Sp0,7.249299999999999,1.778874999999999,5.431899999999999,11.506274999999995
Gal(b1-4)GlcNAc(b1-6)Gal(b1-4)GlcNAc(b1-Sp0,6.1457250000000005,7.899525000000002,9.2036,50.251550000000016
GalNAc(b1-3)Gal(b1-Sp8,4.310124999999998,5.005824999999999,3.2713,12.806525
GlcA(b1-3)GlcNAc(b1-Sp8,7.17985,3.878025,11.42575,40.77805000000001
Neu5Ac(a2-6)Gal(b1-4)GlcNAc(b1-2)Man(a1-6)[GlcNAc(b1-2)Man(a1-3)]Man(b1-4)GlcNAc(b1-4)GlcNAc(b1-Sp12,33.465625,97.8685,12655.356324999995,34852.99002500001
GlcNAc(b1-3)Ma(n1-Sp10,6.463824999999996,11.965975,5.982299999999999,23.673625
GlcNAc(b1-4)GlcNAc(b1-Sp10,12.68885,20.29725,118.24045,1977.61995
GlcNAc(b1-4)GlcNAc(b1-Sp12,8.387949999999996,23.282225,13.43165,77.20995000000002
MurNAc(b1-4)GlcNAc(b1-Sp10,2.4613249999999995,4.71815,6.793624999999998,7.388250000000001
Man(a1-6)Man(b1-Sp10,25.085424999999994,12.053774999999998,30.024725,17.608975
Man(a1-6)[Man(a1-3)]Man(a1-6)[Man(a1-3)]Man(b1-Sp10,18.4603,24.579525,16.922674999999998,23.531075
Man(a1-2)Man(a1-6)[Man(a1-3)]Man(a1-6)[Man(a1-2)Man(a1-2)Man(a1-3)]Man(a1-Sp9,8.384125000000001,7.244125000000001,9.133050000000004,13.205599999999995
Man(a1-2)Man(a1-6)[Man(a1-2)Man(a1-3)]Man(a1-6)[Man(a1-2)Man(a1-2)Man(a1-3)]Man(a1-Sp9,3.922600000000001,10.843224999999995,12.102825000000005,32.19067500000001
Neu5Ac(a2-3)Gal(b1-4)GlcNAc(b1-6)[Neu5Ac(a2-3)Gal(b1-3)]GalNAc(a1-Sp14,6.85665,8.092875000000003,1.6911250000000004,1.5317749999999997
Neu5Ac(a2-6)Gal(b1-4)GlcNAc(b1-2)Man(a1-6)[Neu5Ac(a2-3)Gal(b1-4)GlcNAc(b1-2)Man(a1-3)]Man(b1-4)GlcNAc(b1-4)GlcNAc(b1-Sp12,10.430375000000002,14.519575,18.91505,258.4149
Gal(b1-4)GlcNAc(b1-2)Man(a1-6)[Neu5Ac(a2-6)Gal(b1-4)GlcNAc(b1-2)Man(a1-3)]Man(b1-4)GlcNAc(b1-4)GlcNAc(b1-Sp12,19.6024,14.2803,4525.524825,35749.55865
GlcNAc(b1-2)Man(a1-6)[Neu5Ac(a2-6)Gal(b1-4)GlcNAc(b1-2)Man(a1-3)]Man(b1-4)GlcNAc(b1-4)GlcNAc(b1-Sp12,25.320975,35.50747500000001,5346.722000000002,30242.94735
Neu5Ac(a2-8)Neu5Ac(b1-Sp17,7.592900000000002,4.77225,10.874724999999998,7.4908
Neu5Ac(a2-8)Neu5Ac(a2-8)Neu5Ac(b1-Sp8,14.91605,10.779125,10.28875,11.561725
Neu5Gc(b2-6)Gal(b1-4)GlcNAc(a1-Sp8,11.064725,10.476649999999998,11.094624999999995,10.172800000000002
Gal(b1-3)GlcNAc(b1-2)Man(a1-6)[Gal(b1-3)GlcNAc(b1-2)Man(a1-3)]Man(b1-4)GlcNAc(b1-4)GlcNAc(b1-Sp19,74.98824999999997,2625.329325,35094.77822500002,41223.8819
Neu5Ac(a2-3)Gal(b1-4)GlcNAc(b1-2)Man(a1-6)[Neu5Ac(a2-3)Gal(b1-4)GlcNAc(b1-2)Man(a1-3)]Man(b1-4)GlcNAc(b1-4)GlcNAc(b1-Sp12,6.5910249999999975,3.906974999999999,30.03895,1248.316975
Neu5Ac(a2-3)Gal(b1-4)GlcNAc(b1-2)Man(a1-6)[Neu5Ac(a2-6)Gal(b1-4)GlcNAc(b1-2)Man(a1-3)]Man(b1-4)GlcNAc(b1-4)GlcNAc(b1-Sp12,3.6400499999999987,5.5130750000000015,59.43404999999999,16582.38035
Gal(b1-4)[Fuc(a1-3)]GlcNAc(b1-2)Man(a1-6)[Gal(b1-4)[Fuc(a1-3)]GlcNAc(b1-2)Man(a1-3)]Man(b1-4)GlcNAc(b1-4)GlcNAc(b1-Sp20,22.422875,56.810125,2105.95525,20050.6905
"Neu5,9Ac2(a2-3)Gal(b1-4)GlcNAc(b1-Sp0",59.59830000000001,27.951675000000005,33.274325000000005,60.51732499999999
"Neu5,9Ac2(a2-3)Gal(b1-4)GlcNAc(b1-Sp0",5.8953250000000015,0.403575,4.821325,9.798850000000002
Neu5Ac(a2-6)Gal(b1-4)GlcNAc(b1-3)Gal(b1-3)GlcNAc(b1-Sp0,-2.4178500000000014,3.127575,-1.9325,-2.9123499999999947
Neu5Ac(a2-3)Gal(b1-3)[Fuc(a1-4)]GlcNAc(b1-3)Gal(b1-3)[Fuc(a1-4)]GlcNAc(b1-Sp0,12.304875000000004,15.059575,16.9285,36.1503
Neu5Ac(a2-6)Gal(b1-4)GlcNAc(b1-3)Gal(b1-4)GlcNAc(b1-3)Gal(b1-4)GlcNAc(b1-Sp0,-1.654875000000002,7.103549999999999,4.810625,38.744425
Gal(a1-4)Gal(b1-4)GlcNAc(b1-3)Gal(b1-4)Glc(b1-Sp0,4.536825000000001,11.52795,5.633349999999979,9.792949999999998
GalNAc(b1-3)Gal(a1-4)Gal(b1-4)GlcNAc(b1-3)Gal(b1-4)Glc(b1-Sp0,7.666925000000019,4.99965,3.7988750000000007,29.970625
GalNAc(a1-3)[Fuc(a1-2)]Gal(b1-4)GlcNAc(b1-3)Gal(b1-4)GlcNAc(b1-Sp0,0.5613999999999999,11.076574999999995,2.0031500000000007,1.0634250000000005
GalNAc(a1-3)[Fuc(a1-2)]Gal(b1-4)GlcNAc(b1-3)Gal(b1-4)GlcNAc(b1-3)Gal(b1-4)GlcNAc(b1-Sp0,45.7466,36.6885,41.12327500000001,58.93115000000001
Neu5Ac(a2-3)Gal(b1-4)[Fuc(a1-3)]GlcNAc(b1-6)[Neu5Ac(a2-3)Gal(b1-3)]GalNAc(a1-Sp14,18.877725,9.6632,22.925450000000005,59.60142499999999
GlcNAc(a1-4)Gal(b1-4)GlcNAc(b1-3)Gal(b1-4)GlcNAc(b1-3)Gal(b1-4)GlcNAc(b1-Sp0,4.634925000000001,4.1825,13.435225000000004,429.7632249999999
GlcNAc(a1-4)Gal(b1-4)GlcNAc(b1-Sp0,7.647874999999997,8.741599999999998,7.099425000000003,125.871625
GlcNAc(a1-4)Gal(b1-3)GlcNAc(b1-Sp0,18.1312,9.491450000000002,21.966099999999994,155.04319999999996
GlcNAc(a1-4)Gal(b1-4)GlcNAc(b1-3)Gal(b1-4)Glc(b1-Sp0,7.744200000000001,1.2074500000000006,20.882925,72.33185
GlcNAc(a1-4)Gal(b1-4)GlcNAc(b1-3)Gal(b1-4)[Fuc(a1-3)]GlcNAc(b1-3)Gal(b1-4)[Fuc(a1-3)]GlcNAc(b1-Sp0,15.8334,18.574624999999994,37.481075,89.56765000000001
GlcNAc(a1-4)Gal(b1-4)GlcNAc(b1-3)Gal(b1-4)GlcNAc(b1-Sp0,15.778874999999996,6.308474999999999,1.1398499999999974,117.93085
GlcNAc(a1-4)Gal(b1-3)GalNAc(a1-Sp14,17.84185,10.640175,16.85875,27.25875
Neu5Ac(a2-6)Gal(b1-4)GlcNAc(b1-2)Man(a1-6)[Man(a1-3)]Man(b1-4)GlcNAc(b1-4)GlcNAc(a1-Sp12,7.3804,4.705049999999999,265.4744,17520.3186
Man(a1-6)[Neu5Ac(a2-6)Gal(b1-4)GlcNAc(b1-2)Man(a1-3)]Man(b1-4)GlcNAc(b1-4)GlcNAc(a1-Sp12,17.382175000000007,7.770049999999999,109.8555,5329.23585
Neu5Ac(a2-6)Gal(b1-4)GlcNAc(b1-2)Man(a1-6)Man(b1-4)GlcNAc(b1-4)GlcNAc(a1-Sp12,14.113599999999995,1.7044750000000004,2.47645,9.430875000000004
Neu5Ac(a2-6)Gal(b1-4)GlcNAc(b1-2)Man(a1-3)Man(b1-4)GlcNAc(b1-4)GlcNAc(a1-Sp12,19.87635,16.851074999999998,9.645175,3.535375
Gal(b1-4)GlcNAc(b1-2)Man(a1-3)Man(b1-4)GlcNAc(b1-4)GlcNAc(a1-Sp12,5.881425000000003,6.958449999999997,13.166950000000005,11.354199999999995
Gal(b1-4)GlcNAc(b1-2)Man(a1-6)Man(b1-4)GlcNAc(b1-4)GlcNAc(a1-Sp12,5.993724999999998,11.9333,5.660724999999998,11.458575000000002
Man(a1-6)[Gal(b1-4)GlcNAc(b1-2)Man(a1-3)]Man(b1-4)GlcNAc(b1-4)GlcNAc(b1-Sp12,36.36602499999999,24.883675000000004,2010.720625,22000.3153
GlcNAc(b1-2)Man(a1-6)[GlcNAc(b1-2)Man(a1-3)]Man(b1-4)GlcNAc(b1-4)[Fuc(a1-6)]GlcNAc(b1-Sp22,13.623525,22.716925,638.48725,2437.7332
Gal(b1-4)GlcNAc(b1-2)Man(a1-6)[Gal(b1-4)GlcNAc(b1-2)Man(a1-3)]Man(b1-4)GlcNAc(b1-4)[Fuc(a1-6)]GlcNAc(b1-Sp22,15.217075,19.159525,801.6872999999997,11339.2179
Gal(b1-3)GlcNAc(b1-2)Man(a1-6)[Gal(b1-3)GlcNAc(b1-2)Man(a1-3)]Man(b1-4)GlcNAc(b1-4)[Fuc(a1-6)]GlcNAc(b1-Sp22,63.1805,313.992075,9800.255575,25047.86862500001
(6S)GlcNAc(b1-3)Gal(b1-4)GlcNAc(b1-Sp0,21.927975,6.048425,3.9883499999999987,33.296875
KDN(a2-3)Gal(b1-4)[Fuc(a1-3)]GlcNAc(a1-Sp0,12.872599999999998,19.01225,12.322250000000002,9.105675000000003
KDN(a2-6)Gal(b1-4)GlcNAc(a1-Sp0,12.938724999999998,16.458574999999996,4.383700000000001,50.59975
KDN(a2-3)Gal(b1-4)Glc(a1-Sp0,12.714800000000002,13.018775,6.382299999999999,6.5015
KDN(a2-3)Gal(b1-3)GalNAc(a1-Sp14,13.481475,10.47085,16.96915,24.8647
Fuc(a1-2)Gal(b1-3)GlcNAc(b1-2)Man(a1-6)[Fuc(a1-2)Gal(b1-3)GlcNAc(b1-2)Man(a1-3)]Man(b1-4)GlcNAc(b1-4)GlcNAc(b1-Sp20,23.625674999999994,24.204525,246.06485,7353.308849999998
Fuc(a1-2)Gal(b1-4)GlcNAc(b1-2)Man(a1-6)[Fuc(a1-2)Gal(b1-4)GlcNAc(b1-2)Man(a1-3)]Man(b1-4)GlcNAc(b1-4)GlcNAc(b1-Sp20,60.641450000000006,49.906399999999984,3634.969975,32420.353199999994
Fuc(a1-2)Gal(b1-4)[Fuc(a1-3)]GlcNAc(b1-2)Man(a1-6)[Fuc(a1-2)Gal(b1-4)[Fuc(a1-3)]GlcNAc(b1-2)Man(a1-3)]Man(b1-4)GlcNAc(b1-4)GlcNA(b1-Sp20,29.186799999999995,26.11572500000001,33.451725,38.50445000000001
Gal(a1-3)Gal(b1-4)GlcNAc(b1-2)Man(a1-6)[Gal(a1-3)Gal(b1-4)GlcNAc(b1-2)Man(a1-3)]Man(b1-4)GlcNAc(b1-4)GlcNAc(b1-Sp20,15.447425,21.261425,1724.456975,31180.72025
Gal(b1-4)GlcNAc(b1-2)Man(a1-6)[Man(a1-3)]Man(b1-4)GlcNAc(b1-4)GlcNAc(b1-Sp12,2.2859,11.7197,6387.8457750000025,15771.7571
Fuc(a1-4)[Gal(b1-3)]GlcNAc(b1-2)Man(a1-6)[Fuc(a1-4)[Gal(b1-3)]GlcNAc(b1-2)Man(a1-3)]Man(b1-4)GlcNAc(b1-4)[Fuc(a1-6)]GlcNAc(b1-Sp22,8.652650000000003,20.687425,67.74859999999998,8.333375000000004
Neu5Ac(a2-6)GlcNAc(b1-4)GlcNAc(a1-Sp21,6.141949999999996,2.701675,-2.216849999999999,-12.917375000000002
Neu5Ac(a2-6)GlcNAc(b1-4)GlcNAc(b1-4)GlcNAc(a1-Sp21,13.240824999999996,9.519975,4.288100000000002,6.289075000000002
Gal(b1-4)[Fuc(a1-3)]GlcNAc(b1-6)[Fuc(a1-2)Gal(b1-4)GlcNAc(b1-3)]Gal(b1-4)Glc(a1-Sp21,11.179525000000002,1.7468000000000004,-3.660874999999997,-9.177999999999999
Gal(b1-4)GlcNAc(b1-2)Man(a1-6)[Gal(b1-4)GlcNAc(b1-4)[Gal(b1-4)GlcNAc(b1-2)]Man(a1-3)]Man(b1-4)GlcNAc(b1-4)GlcNAc(a1-Sp21,45.08895000000002,330.24815,17671.268500000002,40761.716375
GalNAc(a1-3)[Fuc(a1-2)]Gal(b1-4)GlcNAc(b1-2)Man(a1-6)[GalNAc(a1-3)[Fuc(a1-2)]Gal(b1-4)GlcNAc(b1-2)Man(a1-3)]Man(b1-4)GlcNAc(b1-4)GlcNAc(b1-Sp20,11.356725,18.015400000000003,36.36092500000001,10.475050000000003
Gal(a1-3)[Fuc(a1-2)]Gal(b1-4)GlcNAc(b1-2)Man(a1-6)[Gal(a1-3)[Fuc(a1-2)]Gal(b1-4)GlcNAc(b1-2)Man(a1-3)]Man(b1-4)GlcNAc(b1-4)GlcNAc(b1-Sp20,26.14982500000001,40.77375,1179.66,23115.186875
Gal(a1-3)Gal(b1-4)[Fuc(a1-3)]GlcNAc(b1-2)Man(a1-6)[Gal(a1-3)Gal(b1-4)[Fuc(a1-3)]GlcNAc(b1-2)Man(a1-3)]Man(b1-4)GlcNAc(b1-4)GlcNAc(b1-Sp20,123.85164999999998,137.04702499999996,108.31057500000004,123.29
GalNAc(a1-3)[Fuc(a1-2)]Gal(b1-3)GlcNAc(b1-2)Man(a1-6)[GalNAc(a1-3)[Fuc(a1-2)]Gal(b1-3)GlcNAc(b1-2)Man(a1-3)]Man(b1-4)GlcNAc(b1-4)GlcNAc(b1-Sp20,34.43775,172.817575,5136.93085,29127.327399999995
Gal(a1-3)[Fuc(a1-2)]Gal(b1-3)GlcNAc(b1-2)Man(a1-6)[Gal(a1-3)[Fuc(a1-2)]Gal(b1-3)GlcNAc(b1-2)Man(a1-3)]Man(b1-4)GlcNAc(b1-4)GlcNAc(b1-Sp20,26.290375,38.941675,2338.557424999999,22229.206075
Fuc(a1-4)[Fuc(a1-2)Gal(b1-3)]GlcNAc(b1-2)Man(a1-3)[Fuc(a1-4)[Fuc(a1-2)Gal(b1-3)]GlcNAc(b1-2)Man(a1-3)]Man(b1-4)GlcNAc(b1-4)GlcNAc(b1-Sp19,7.4726250000000025,12.62425,28.608000000000004,81.91780000000001
Neu5Ac(a2-3)Gal(b1-4)GlcNAc(b1-3)GalNAc(a1-Sp14,21.4606,4.424824999999999,-9.233725,1.9829249999999992
Neu5Ac(a2-6)Gal(b1-4)GlcNAc(b1-3)GalNAc(a1-Sp14,1.185175000000001,3.663425,-5.867774999999999,23.456125
Neu5Ac(a2-3)Gal(b1-4)[Fuc(a1-3)]GlcNAc(b1-3)GalNAc(a1-Sp14,19.233625,14.765724999999994,30.1155,33.26805
GalNAc(b1-4)GlcNAc(b1-2)Man(a1-6)[GalNAc(b1-4)GlcNAc(b1-2)Man(a1-3)]Man(b1-4)GlcNAc(b1-4)GlcNAc(a1-Sp12,112.822325,91.93104999999998,977.458975,9538.725674999998
Gal(b1-3)GalNAc(a1-3)[Fuc(a1-2)]Gal(b1-4)Glc(a1-Sp0,-1.8949500000000008,2.691200000000001,0.14975000000000005,12.562450000000002
Gal(b1-3)GalNAc(a1-3)[Fuc(a1-2)]Gal(b1-4)GlcNAc(a1-Sp0,3.724725000000001,8.573975000000003,2.2395250000000004,29.785825
Gal(b1-3)GlcNac(b1-3)Gal(b1-4)GlcNac(b1-6)[Gal(b1-3)GlcNac(b1-3)]Gal(b1-4)Glc(b1-Sp0,6.48185,10.041349999999994,-1.80345,7.249125000000001
Gal(b1-4)[Fuc(a1-3)]GlcNAc(b1-6)[Gal(b1-3)GlcNAc(b1-3)]Gal(b1-4)Glc(a1-Sp21,12.530275,1.5517250000000002,14.337000000000007,15.9346
Gal(b1-4)GlcNAc(b1-6)[Fuc(a1-4)[Fuc(a1-2)Gal(b1-3)]GlcNAc(b1-3)]Gal(b1-4)Glc(a1-Sp21,3.636875,8.098575,2.838149999999999,14.199400000000004
Gal(b1-4)[Fuc(a1-3)]GlcNAc(b1-6)[Fuc(a1-4)[Fuc(a1-2)Gal(b1-3)]GlcNAc(b1-3)]Gal(b1-4)Glc(a1-Sp21,19.218650000000004,1.41175,5.983224999999999,14.208924999999995
Gal(b1-3)GlcNAc(b1-3)Gal(b1-4)[Fuc(a1-3)]GlcNAc(b1-6)[Gal(b1-3)GlcNAc(b1-3)]Gal(b1-4)Glc(a1-Sp21,12.593100000000002,6.3050250000000005,1.5484250000000004,13.108900000000006
Gal(b1-4)GlcNac(b1-6)[Gal(b1-4)GlcNac(b1-2)]Man(a1-6)[Gal(b1-4)GlcNac(b1-4)[Gal(b1-4)GlcNac(b1-2)]Man(a1-3)]Man(b1-4)GlcNac(b1-4)GlcNac(b1-Sp21,210.6902,1447.203775,30333.887725000015,36057.18285
GlcNac(b1-2)Man(a1-6)[GlcNac(b1-4)[GlcNac(b1-2)]Man(a1-3)]Man(b1-4)GlcNac(b1-4)GlcNac(a1-Sp21,3657.62525,9845.1172,34746.1755,43183.321074999985
Fuc(a1-2)Gal(b1-3)GalNAc(a1-3)[Fuc(a1-2)]Gal(b1-4)Glc(b1-Sp0,8.385550000000002,2.9641249999999983,15.798875000000002,11.516975000000004
Fuc(a1-2)Gal(b1-3)GalNAc(a1-3)[Fuc(a1-2)]Gal(b1-4)GlcNAc(b1-Sp0,-0.4024750000000008,3.4317499999999987,4.0418,1.4576499999999992
Gal(b1-3)GlcNAc(b1-3)GalNAc(a1-Sp14,9.527000000000001,7.897274999999999,8.462074999999999,5.861424999999999
GalNAc(b1-4)[Neu5Ac(a2-3)]Gal(b1-4)GlcNAc(b1-3)GalNAc(a1-Sp14,11.50625,9.463199999999997,9.095300000000002,27.546175
GalNAc(a1-3)[Fuc(a1-2)]Gal(b1-3)GalNAc(a1-3)[Fuc(a1-2)]Gal(b1-4)GlcNAc(b1-Sp0,5.662125,10.297149999999998,5.364224999999999,1.2434999999999992
Gal(a1-3)Gal(b1-3)GlcNAc(b1-2)Man(a1-6)[Gal(a1-3)Gal(b1-3)GlcNAc(b1-2)Man(a1-3)]Man(b1-4)GlcNAc(b1-4)GlcNAc(a1-Sp19,23.801300000000005,10.146425,65.47554999999998,60.80975000000001
Gal(a1-3)Gal(b1-3)[Fuc(a1-4)]GlcNAc(b1-2)Man(a1-6)[Gal(a1-3)Gal(b1-3)[Fuc(a1-4)]GlcNAc(b1-2)Man(a1-3)]Man(b1-4)GlcNAc(b1-4)GlcNAc(a1-Sp19,34.78867499999999,7.591024999999997,75.43025,723.7274749999997
Neu5Ac(a2-3)Gal(b1-3)GlcNAc(b1-2)Man(a1-6)[Neu5Ac(a2-3)Gal(b1-3)GlcNAc(b1-2)Man(a1-3)]Man(b1-4)GlcNAc(b1-4)GlcNAc(a1-Sp19,9.658950000000008,-5.410874999999994,-34.88017500000001,19.027350000000006
GlcNAc(b1-2)Man(a1-6)[Gal(b1-4)GlcNAc(b1-2)Man(a1-3)]Man(b1-4)GlcNAc(b1-4)GlcNAc(a1-Sp12,82.487625,1003.86455,24177.672975,38343.637925
Gal(b1-4)GlcNAc(b1-2)Man(a1-6)[GlcNAc(b1-2)Man(a1-3)]Man(b1-4)GlcNAc(b1-4)GlcNAc(a1-Sp12,185.926,790.23065,18671.30115,31599.239300000016
Neu5Ac(a2-3)Gal(b1-3)GlcNAc(b1-3)GalNAc(a1-Sp14,9.461875,9.9158,11.37315,12.00245
Fuc(a1-2)Gal(b1-4)GlcNac(b1-3)GalNac(a1-Sp14,-0.4624499999999996,4.133649999999999,-13.225825,26.368599999999994
Gal(b1-4)[Fuc(a1-3)]GlcNac(b1-3)GalNac(a1-Sp14,5.291599999999999,10.19915,4.578474999999996,4.571774999999999
GalNac(a1-3)GalNac(b1-3)Gal(a1-4)Gal(b1-4)GlcNac(b1-Sp0,19.047275,2.5634500000000013,-1.5373,3.768700000000001
Gal(a1-4)Gal(b1-3)GlcNac(b1-2)Man(a1-6)[Gal(a1-4)Gal(b1-3)GlcNac(b1-2)Man(a1-3)]Man(b1-4)GlcNac(b1-4)GlcNac(b1-Sp19,2285.858425,6979.1986,37080.52075,35566.20547500002
Gal(a1-4)Gal(b1-4)GlcNac(b1-2)Man(a1-6)[Gal(a1-4)Gal(b1-4)GlcNac(b1-2)Man(a1-3)]Man(b1-4)GlcNac(b1-4)GlcNac(b1-Sp24,109.8052,485.38655000000006,16358.45575,38925.38037499999
Gal(a1-3)Gal(b1-4)GlcNac(b1-3)GalNac(a1-Sp14,4.6876,6.018300000000003,4.910950000000003,3.51385
Gal(b1-3)GlcNAc(b1-6)Gal(b1-4)GlcNAc(b1-Sp0,1.7335250000000002,0.7467749999999995,4.434650000000001,9.0204
Gal(b1-3)GlcNAc(a1-6)Gal(b1-4)GlcNAc(b1-Sp0,13.88055,13.917175,4.793049999999999,2.074375
GalNAc(b1-3)Gal(a1-6)Gal(b1-4)Glc(b1-Sp8,3.861374999999999,4.6746500000000015,9.8485,6.660400000000001
Gal(a1-3)[Fuc(a1-2)]Gal(b1-4)[Fuc(a1-3)]Glc(b1-Sp21,6.939899999999999,7.152275000000001,10.34375,11.737974999999995
Gal(b1-4)GlcNAc(b1-6)[Neu5Ac(a2-6)Gal(b1-3)GlcNAc(b1-3)]Gal(b1-4)Glc(a1-Sp21,8.042724999999997,6.449500000000001,6.07375,13.633900000000004
Gal(b1-3)GalNAc(b1-4)[Neu5Ac(a2-8)Neu5Ac(a2-3)]Gal(b1-4)Glc(b1-Sp0,9.73765,4.4202,12.2186,11.272800000000005
Neu5Ac(a2-3)Gal(b1-3)GalNAc(b1-4)[Neu5Ac(a2-8)Neu5Ac(a2-3)]Gal(b1-4)Glc(b1-Sp0,12.5637,10.3401,6.6827000000000005,8.684825000000002
Gal(a1-3)[Fuc(a1-2)]Gal(b1-4)GlcNAc(b1-3)GalNAc(a1-Sp14,25.710025,26.84895000000001,94.301875,165.62482500000004
GalNAc(a1-3)[Fuc(a1-2)]Gal(b1-4)GlcNAc(b1-3)GalNAc(a1-Sp14,9.50855,8.823950000000004,4.27525,7.293849999999997
GalNAc(a1-3)GalNAc(b1-3)Gal(a1-4)Gal(b1-4)Glc(b1-Sp0,20.283075,11.36105,-0.6816249999999995,-9.878374999999997
Fuc(a1-2)Gal(b1-4)[Fuc(a1-3)]GlcNAc(b1-3)GalNAc(a1-Sp14,23.48232499999999,15.474675000000005,42.0093,24.68052500000001
Gal(a1-3)[Fuc(a1-2)]Gal(b1-4)[Fuc(a1-3)]GlcNAc(b1-3)GalNAc(a1-Sp14,11.806624999999993,2.7105749999999995,4.661899999999998,11.463825
GalNAc(a1-3)[Fuc(a1-2)]Gal(b1-4)[Fuc(a1-3)]GlcNAc(b1-3)GalNAc(a1-Sp14,17.306749999999994,11.388975,15.362549999999995,31.5719
Gal(b1-4)[Fuc(a1-3)]GlcNAc(b1-2)Man(a1-6)[Gal(b1-4)[Fuc(a1-3)]GlcNAc(b1-2)Man(a1-3)]Man(b1-4)GlcNAc(b1-4)[Fuc(a1-6)]GlcNAc(b1-Sp22,16.929825,10.40515,23.635475,15.202474999999994
Fuc(a1-2)Gal(b1-4)GlcNAc(b1-2)Man(a1-6)[Fuc(a1-2)Gal(b1-4)GlcNAc(b1-2)Man(a1-3)]Man(b1-4)GlcNAc(b1-4)[Fuc(a1-6)]GlcNAc(b1-Sp22,14.279550000000002,23.8366,1399.3428500000002,9202.42135
GlcNAc(b1-2)[GlcNAc(b1-6)]Man(a1-6)[GlcNAc(b1-2)Man(a1-3)]Man(b1-4)GlcNAc(b1-4)GlcNAc(b1-Sp19,5.778525000000001,2.306725,3.810575,53.3412
Fuc(a1-2)Gal(b1-3)GlcNAc(b1-3)GalNAc(a1-Sp14,12.8854,2.886350000000002,7.2822999999999976,0.9361749999999986
Gal(a1-3)[Fuc(a1-2)]Gal(b1-3)GlcNAc(b1-3)GalNAc(a1-Sp14,0.22149999999999886,5.408275,15.97215,5.033400000000002
GalNAc(a1-3)[Fuc(a1-2)]Gal(b1-3)GlcNAc(b1-3)GalNAc(a1-Sp14,5.2625,-0.4001249999999996,-0.9803000000000006,29.823550000000008
Gal(a1-3)Gal(b1-3)GlcNAc(b1-3)GalNAc(a1-Sp14,5.605775000000001,5.6542,0.4913999999999987,-3.5194000000000027
Fuc(a1-2)Gal(b1-3)GlcNAc(b1-2)Man(a1-6)[Fuc(a1-2)Gal(b1-3)GlcNAc(b1-2)Man(a1-3)]Man(b1-4)GlcNAc(b1-4)[Fuc(a1-6)]GlcNAc(b1-Sp22,32.55592499999999,40.08304999999999,1801.0864750000005,9802.420725
Gal(a1-3)[Fuc(a1-2)]Gal(b1-4)GlcNAc(b1-2)Man(a1-6)[Gal(a1-3)[Fuc(a1-2)]Gal(b1-4)GlcNAc(b1-2)Man(a1-3)]Man(b1-4)GlcNAc(b1-4)[Fuc(a1-6)]GlcNAc(b1-Sp22,39.86490000000001,118.583275,8407.549524999999,30896.4501
Gal(b1-3)GlcNAc(b1-6)[Gal(b1-3)GlcNAc(b1-2)]Man(a1-6)[Gal(b1-3)GlcNAc(b1-2)Man(a1-3)]Man(b1-4)GlcNAc(b1-4)GlcNAc(b1-Sp19,5.756775000000001,8.774700000000003,5.034474999999998,321.486175
Gal(b1-4)GlcNAc(b1-6)[Fuc(a1-2)Gal(b1-3)GlcNAc(b1-3)]Gal(b1-4)Glc(a1-Sp21,13.643975,4.8055,0.5864499999999997,-4.391499999999999
Fuc(a1-3)GlcNAc(b1-6)[Gal(b1-4)GlcNAc(b1-3)]Gal(b1-4)Glc(a1-Sp21,12.066875,23.77195,1.7703000000000009,29.1972
GlcNAc(b1-2)Man(a1-6)[GlcNAc(b1-4)][GlcNAc(b1-2)Man(a1-3)]Man(b1-4)GlcNac(b1-4)GlcNAc(a1-Sp21,-7.425049999999998,-12.659,-5.876499999999997,36.4484
GlcNAc(b1-2)Man(a1-6)[GlcNAc(b1-4)][GlcNAc(b1-4)[GlcNAc(b1-2)]Man(a1-3)]Man(b1-4)GlcNAc(b1-4)GlcNAc(a1-Sp21,2.8607,9.7821,12.05805,200.56102500000003
GlcNAc(b1-6)[GlcNAc(b1-2)]Man(a1-6)[GlcNAc(b1-4)][GlcNAc(b1-2)Man(a1-3)]Man(b1-4)GlcNAc(b1-4)GlcNAc(a1-Sp21,8.684549999999996,-0.6036250000000001,-3.7417750000000014,2.85605
GlcNAc(b1-6)[GlcNAc(b1-2)]Man(a1-6)[GlcNAc(b1-4)][GlcNAc(b1-4)[GlcNAc(b1-2)]Man(a1-3)]Man(b1-4)GlcNAc(b1-4)GlcNAc(a1-Sp21,5.684700000000002,0.5240000000000005,3.3922000000000008,321.97592500000013
Gal(b1-4)GlcNAc(b1-2)Man(a1-6)[GlcNAc(b1-4)][Gal(b1-4)GlcNAc(b1-2)Man(a1-3)]Man(b1-4)GlcNAc(b1-4)GlcNAc(a1-Sp21,2.3979000000000017,6.852000000000001,4.181274999999999,15.514200000000002
Gal(b1-4)GlcNAc(b1-2)Man(a1-6)[GlcNAc(b1-4)][Gal(b1-4)GlcNAc(b1-4)[Gal(b1-4)GlcNAc(b1-2)]Man(a1-3)]Man(b1-4)GlcNAc(b1-4)GlcNAc(a1-Sp21,0.1098750000000015,5.271050000000002,2.33155,12.206
Gal(b1-4)GlcNAc(b1-6)[Gal(b1-4)GlcNAc(b1-2)]Man(a1-6)[GlcNAc(b1-4)][Gal(b1-4)GlcNAc(b1-2)Man(a1-3)]Man(b1-4)GlcNAc(b1-4)GlcNAc(a1-Sp21,6.641775000000003,5.8693,3.06335,0.4830500000000022
Gal(b1-4)GlcNAc(b1-6)[Gal(b1-4)GlcNAc(b1-2)]Man(a1-6)[GlcNAc(b1-4)][Gal(b1-4)GlcNAc(b1-4)[Gal(b1-4)GlcNAc(b1-2)]Man(a1-3)]Man(b1-4)GlcNAc(b1-4)GlcNAc(a1-Sp21,3.897324999999997,1.9117,7.234400000000001,13.773725000000004
Gal(b1-4)Gal(b1-Sp10,7.4610249999999985,11.529675000000005,15.146225,3.2889
Gal(b1-6)Gal(b1-Sp10,14.386475,8.010375000000002,7.851049999999999,-3.0440999999999985
Neu5Ac(a2-3)Gal(b1-4)GlcNAc(b1-3)Gal(b1-Sp8,2.4736499999999984,2.7496000000000014,-2.250925000000001,0.5345000000000013
GalNAc(b1-6)GalNAc(b1-Sp8,-1.91125,5.727174999999997,3.110199999999999,-11.991725000000002
(6S)Gal(b1-3)GlcNAc(b1-Sp0,4.295049999999998,8.541675000000001,0.1562500000000009,5.983725
(6S)Gal(b1-3)(6S)GlcNAc(a1-Sp0,7.768474999999999,-0.3937249999999989,-1.7541250000000022,-7.837250000000003
Fuc(a1-2)Gal(b1-4) GlcNAc(b1-2)Man(a1-6)[Fuc(a1-2)Gal(b1-4)GlcNAc(b1-2)[Fuc(a1-2)Gal(b1-4)GlcNAc(b1-4)]Man(a1-3)]Man(b1-4)GlcNAc(b1-4)GlcNAc(b1-N,47.339775,261.909225,8761.104875,28319.79635
Fuc(a1-2)Gal(b1-4)[Fuc(a1-3)]GlcNAc(b1-2)Man(a1-6)[Fuc(a1-2)Gal(b1-4)[Fuc(a1-3)]GlcNAc(b1-4)[Fuc(a1-2)Gal(b1-4)[Fuc(a1-3)]GlcNAc(b1-2)]Man(a1-3)]Man(b1-4)GlcNAc(b1-4)GlcNAc(b1-N,39.339375,38.411325,32.760099999999994,158.92745
Gal(b1-4)[Fuc(a1-3)]GlcNAc(b1-6)GalNAc(a1-Sp14,41.37545,10.536475000000003,16.723774999999996,49.441125
Gal(b1-4)GlcNAc(b1-2)Man(a1-Sp0,17.420025,8.8202,10.055875,9.969450000000002
Fuc(a1-2)Gal(b1-4)GlcNAc(b1-6)[Fuc(a1-2)Gal(b1-4)GlcNAc(b1-3)]GalNAc(a1-Sp14,8.202350000000003,11.3144,11.662475,29.470425
Gal(a1-3)Fuc(a1-2)Gal(b1-4)GlcNAc(b1-6)[Gal(a1-3)Fuc(a1-2)Gal(b1-4)GlcNAc(b1-3)]GalNAc(a1-Sp14,1.7613749999999992,5.018525000000004,4.470274999999999,44.366775
GalNAc(a1-3)[Fuc(a1-2)]Gal(b1-4)GlcNAc(b1-6)[GalNAc(a1-3)[Fuc(a1-2)]Gal(b1-4)GlcNAc(b1-3)]GalNAc(a1-Sp14,3.848725,7.4251999999999985,-1.296649999999998,15.052174999999998
Neu5Ac(a2-8)Neu5Ac(a2-3)Gal(b1-3)GalNAc(b1-4)[Neu5Ac(a2-8)Neu5Ac(a2-3)]Gal(b1-4)Glc(b1-Sp0,3.98705,3.5016750000000023,3.025525000000002,12.305149999999998
GalNAc(b1-4)Gal(b1-4)Glc(b1-Sp0,19.40285,14.702825,8.914850000000003,-6.490874999999997
GalNAc(a1-3)[Fuc(a1-2)]Gal(b1-4)GlcNAc(b1-2)Man(a1-6)[GalNAc(a1-3)[Fuc(a1-2)]Gal(b1-4)GlcNAc(b1-2)Man(a1-3)]Man(b1-4)GlcNAc(b1-4)[Fuc(a1-6)]GlcNAc(b1-Sp22,13.447275000000005,23.4783,373.266125,6249.514899999999
Gal(a1-3)[Fuc(a1-2)]Gal(b1-3)GlcNAc(b1-2)Man(a1-6)[Gal(a1-3)[Fuc(a1-2)]Gal(b1-3)GlcNAc(b1-2)Man(a1-3)]Man(b1-4)GlcNAc(b1-4)[Fuc(a1-6)]GlcNAc(b1-Sp22,2.3419499999999998,123.72192499999998,4727.889075,25782.1471
Neu5Ac(a2-6)Gal(b1-4)GlcNAc(b1-6)[Fuc(a1-2)Gal(b1-3)GlcNAc(b1-3)]Gal(b1-4)Glc(a1-Sp21,6.0906499999999975,8.972650000000002,26.0147,39.918625
GalNAc(a1-3)[Fuc(a1-2)]Gal(b1-3)GlcNAc(b1-2)Man(a1-6)[GalNAc(a1-3)[Fuc(a1-2)]Gal(b1-3)GlcNAc(b1-2)Man(a1-3)]Man(b1-4)GlcNAc(b1-4)[Fuc(a1-6)]GlcNAc(b1-Sp22,31.078650000000003,75.69990000000001,5746.103950000002,23435.562975
Gal(b1-4)GlcNAc(b1-6)[Gal(b1-4)GlcNAc(b1-2)]Man(a1-6)[Gal(b1-4)GlcNAc(b1-2)Man(a1-3)]Man(b1-4)GlcNAc(b1-4)GlcNAc(b1-Sp19,-7.244950000000001,6.3331750000000016,0.4037000000000024,40.182175
Neu5Ac(a2-3)Gal(b1-4)GlcNAc(b1-2)Man(a1-6)[GlcNAc(b1-4)][Neu5Ac(a2-3)Gal(b1-4)GlcNAc(b1-2)Man(a1-3)]Man(b1-4)GlcNAc(b1-4)GlcNAc(b1-Sp21,2.519800000000001,5.033125,2.6490499999999972,7.658450000000002
Neu5Ac(a2-3)Gal(b1-4)GlcNAc(b1-4)Man(a1-6)[GlcNAc(b1-4)][Neu5Ac(a2-3)Gal(b1-4)GlcNAc(b1-4)[Neu5Ac(a2-3)Gal(b1-4)GlcNAc(b1-2)]Man(a1-3)]Man(b1-4)GlcNAc(b1-4)GlcNAc(b1-Sp21,-1.0138500000000006,13.285,3.8139749999999992,3.365625
Neu5Ac(a2-3)Gal(b1-4)GlcNAc(b1-6)[Neu5Ac(a2-3)Gal(b1-4)GlcNAc(b1-2)]Man(a1-6)[GlcNAc(b1-4)][Neu5Ac(a2-3)Gal(b1-4)GlcNAc(b1-2)Man(a1-3)]Man(b1-4)GlcNAc(b1-4)GlcNAc(b1-Sp21,-0.8557999999999986,4.3521,7.35135,-4.266074999999997
Neu5Ac(a2-3)Gal(b1-4)GlcNAc(b1-6)[Neu5Ac(a2-3)Gal(b1-4)GlcNAc(b1-2)]Man(a1-6)[GlcNAc(b1-4)][Neu5Ac(a2-3)Gal(b1-4)GlcNAc(b1-4)[Neu5Ac(a2-3)Gal(b1-4)GlcNAc(b1-2)]Man(a1-3)]Man(b1-4)GlcNAc(b1-4)GlcNAc(b1-Sp21,4.943600000000002,3.3799749999999986,-0.09124999999999872,-10.820450000000005
Neu5Ac(a2-6)Gal(b1-4)GlcNAc(b1-2)Man(a1-6)[GlcNAc(b1-4)][Neu5Ac(a2-6)Gal(b1-4)GlcNAc(b1-2)Man(a1-3)]Man(b1-4)GlcNAc(b1-4)GlcNAc(b1-Sp21,4.317099999999999,3.2314500000000006,-0.02532499999999516,-2.7101249999999983
Neu5Ac(a2-6)Gal(b1-4)GlcNAc(b1-4)Man(a1-6)[GlcNAc(b1-4)][Neu5Ac(a2-6)Gal(b1-4)GlcNAc(b1-4)[Neu5Ac(a2-6)Gal(b1-4)GlcNAc(b1-2)]Man(a1-3)]Man(b1-4)GlcNAc(b1-4)GlcNAc(b1-Sp21,5.389350000000001,8.558649999999998,-2.703624999999999,3.4167500000000004
Neu5Ac(a2-6)Gal(b1-4)GlcNAc(b1-6)[Neu5Ac(a2-6)Gal(b1-4)GlcNAc(b1-2)]Man(a1-6)[GlcNAc(b1-4)][Neu5Ac(a2-6)Gal(b1-4)GlcNAc(b1-2)Man(a1-3)]Man(b1-4)GlcNAc(b1-4)GlcNAc(b1-Sp21,9.4422,1.4179250000000003,0.1041249999999998,-2.8024000000000004
Neu5Ac(a2-6)Gal(b1-4)GlcNAc(b1-6)[Neu5Ac(a2-6)Gal(b1-4)GlcNAc(b1-2)]Man(a1-6)[GlcNAc(b1-4)][Neu5Ac(a2-6)Gal(b1-4)GlcNAc(b1-4)[Neu5Ac(a2-6)Gal(b1-4)GlcNAc(b1-2)]Man(a1-3)]Man(b1-4)GlcNAc(b1-4)GlcNAc(b1-Sp21,3.082650000000001,4.682175000000001,3.9841500000000014,-4.508924999999998
Gal(a1-3)[Fuc(a1-2)]Gal(b1-3)GalNAc(a1-Sp8,10.784624999999998,6.673200000000002,15.080275,10.246174999999996
Gal(a1-3)[Fuc(a1-2)]Gal(b1-3)GalNAc(b1-Sp8,10.5645,11.117449999999998,5.2806249999999935,27.639125
Glc(a1-6)Glc(a1-6)Glc(a1-6)Glc(b1-Sp10,13.188650000000004,6.5480999999999945,34.75979999999999,9.50785
Glc(a1-4)Glc(a1-4)Glc(a1-4)Glc(b1-Sp10,11.313924999999998,7.983675000000002,14.712549999999995,30.08482499999999
Neu5Ac(a2-3)Gal(b1-4)GlcNAc(b1-6)[Neu5Ac(a2-3)Gal(b1-4)GlcNAc(b1-3)]GalNAc(a1-Sp14,5.327449999999999,0.8819499999999998,2.7090250000000005,16.2039
Fuc(a1-2)Gal(b1-4)[Fuc(a1-3)]GlcNAc(b1-2)Man(a1-6)[Fuc(a1-2)Gal(b1-4)[Fuc(a1-3)]GlcNAc(b1-2)Man(a1-3)]Man(b1-4)GlcNAc(b1-4)[Fuc(a1-6)]GlcNAc(b1-Sp24,40.43205,147.25335,8916.342325000003,33015.246075
Fuc(a1-2)Gal(b1-3)[Fuc(a1-4)]GlcNAc(b1-2)Man(a1-6)[Fuc(a1-2)Gal(b1-3)[Fuc(a1-4)]GlcNAc(b1-2)Man(a1-3)]Man(b1-4)GlcNAc(b1-4)[Fuc(a1-6)]GlcNA(cb-S)p(1-4)[Fuc(a1-6)]GlcNAc(b1-Sp19,22.1282,21.863775,472.0811,7381.652049999999
Neu5Ac(a2-3)Gal(b1-3)GlcNAc(b1-6)[Neu5Ac(a2-3)Gal(b1-4)GlcNAc(b1-2)]Man(a1-6)[Neu5Ac(a2-3)Gal(b1-3)GlcNAc(b1-2)Man(a1-3)]Man(b1-4)GlcNAc(b1-4)GlcNAc(b1-Sp19,12.183849999999996,0.9164000000000012,4.0471249999999985,4.086024999999999
GlcNAc(b1-6)[GlcNAc(b1-2)]Man(a1-6)[GlcNAc(b1-2)Man(a1-3)]Man(b1-4)GlcNAc(b1-4)[Fuc(a1-6)]GlcNAc(b1-Sp24,6.24155,5.761275000000001,5.975074999999998,50.56242499999999
Gal(b1-3)GlcNAc(b1-2)Man(a1-6)[GlcNAc(b1-4)][Gal(b1-3)GlcNAc(b1-2)Man(a1-3)]Man(b1-4)GlcNAc(b1-4)GlcNAc(b1-Sp21,14.234099999999998,5.593300000000001,13.4125,127.1061
Neu5Ac(a2-6)Gal(b1-4)GlcNAc(b1-6)[Gal(b1-3)GlcNAc(b1-3)]Gal(b1-4)Glc(b1-Sp21,7.144475,-1.844725,11.170125000000002,11.493625000000002
Neu5Ac(a2-3)Gal(b1-4)GlcNAc(b1-2)Man(a1-Sp0,19.883325,14.26315,12.305124999999995,50.000025
Neu5Ac(a2-3)Gal(b1-4)GlcNAc(b1-6)GalNAc(a1-Sp14,0.1525250000000007,6.025350000000001,-2.663674999999998,-2.6195249999999994
Neu5Ac(a2-6)Gal(b1-4)GlcNAc(b1-6)GalNAc(a1-Sp14,6.271825000000002,5.925350000000001,13.276649999999998,27.735025000000004
Neu5Ac(a2-6)Gal(b1-4)GlcNAc(b1-6)[Neu5Ac(a2-6)Gal(b1-4)GlcNAc(b1-3)]GalNAc(a1-Sp14,17.1757,11.216175,10.240175,39.51505
Neu5Ac(a2-6)Gal(b1-4)GlcNAc(b1-2)Man(a1-6)[Neu5Ac(a2-6)Gal(b1-4)GlcNAc(b1-2)Man(a1-3)]Man(b1-4)GlcNAc(b1-4)[Fuc(a1-6)]GlcNAc(b1-Sp24,23.588950000000004,32.036875,771.0438750000003,39425.7977
Neu5Ac(a2-3)Gal(b1-4)GlcNAc(b1-2)Man(a1-6)[Neu5Ac(a2-3)Gal(b1-4)GlcNAc(b1-2)Man(a1-3)]Man(b1-4)GlcNAc(b1-4)[Fuc(a1-6)]GlcNAc(b1-Sp24,9.396325,25.8136,388.02135,29876.206975
Man(a1-6)[Man(a1-3)]Man(b1-4)GlcNAc(b1-4)[Fuc(a1-6)]GlcNAc(b1-Sp19,241.64565,2339.1439249999994,22891.036575,39135.816375
Gal(b1-4)GlcNAc(b1-6)[Gal(b1-4)GlcNAc(b1-2)]Man(a1-6)[Gal(b1-4)GlcNAc(b1-2)Man(a1-3)]Man(b1-4)GlcNAc(b1-4)[Fuc(a1-6)]GlcNAc(b1-Sp24,-3.5292250000000003,8.922474999999997,14.52925,50.5075
Neu5Ac(a2-3)Gal(b1-3)GlcNAc(b1-2)Man(a1-6)[GlcNAc(b1-4)][Neu5Ac(a2-3)Gal(b1-3)GlcNAc(b1-2)Man(a1-3)]Man(b1-4)GlcNAc(b1-4)GlcNAc(a1-Sp21,9.4154,18.6966,13.18825,7.040074999999997
Neu5Ac(a2-6)Gal(b1-4)GlcNAc(b1-6)[Fuc(a1-2)Gal(b1-4)[Fuc(a1-3)]GlcNAc(b1-3)]Gal(b1-4)Glc(a1-Sp21,17.667125,5.4871750000000015,14.429849999999998,2.3239249999999974
Gal(b1-3)GlcNAc(b1-6)GalNAc(a1-Sp14,3.980600000000001,12.244600000000002,0.5702499999999988,5.374224999999999
Gal(a1-3)Gal(b1-3)GlcNAc(b1-6)GalNAc(a1-Sp14,5.109899999999999,6.232674999999999,6.621875,10.681200000000004
Gal(b1-3)[Fuc(a1-4)]GlcNAc(b1-6)GalNAc(a1-Sp14,2.5600749999999985,13.966675000000002,18.59815,4.4138
Neu5Ac(a2-3)Gal(b1-3)GlcNAc(b1-6)GalNAc(a1-Sp14,10.686925000000004,-0.37274999999999947,4.3088750000000005,3.4584249999999983
(3S)Gal(b1-3)[Fuc(a1-4)]GlcNAc(b1-Sp0,11.85895,5.7810500000000005,19.117474999999995,3.0029999999999983
Gal(b1-4)[Fuc(a1-3)]GlcNAc(b1-6)[Neu5Ac(a2-6)[Neu5Ac(a2-3)Gal(b1-3)]GlcNAc(b1-3)]Gal(b1-4)Glc(a1-Sp21,2.5860000000000003,7.502099999999998,10.800325,14.398499999999995
Fuc(a1-2)Gal(b1-4)GlcNAc(b1-6)GalNAc(a1-Sp14,10.953500000000005,6.991024999999999,22.864375,68.881325
Gal(a1-3)Gal(b1-4)GlcNAc(b1-6)GalNAc(a1-Sp14,4.915625,7.6188249999999975,14.1368,8.321150000000001
Gal(b1-4)[Fuc(a1-3)]GlcNAc(b1-2)Man(a1-Sp0,7.463149999999998,14.251149999999996,8.660525,2.3798749999999957
Fuc(a1-2)(6S)Gal(b1-3)GlcNAc(b1-Sp0,1.4645499999999991,4.282325000000002,4.16215,14.200325
Gal(a1-3)[Fuc(a1-2)]Gal(b1-4)GlcNAc(b1-6)GalNAc(a1-Sp14,8.03875,2.1932,11.684424999999996,10.185749999999997
Fuc(a1-2)Gal(b1-4)GlcNAc(b1-2)Man(a1-Sp0,20.621750000000006,1.2271750000000008,1.4554249999999982,14.9663
Fuc(a1-2)Gal(b1-3)(6S)GlcNAc(b1-Sp0,17.466725,4.6141000000000005,4.8528,1.3241500000000048
Fuc(a1-2)(6S)Gal(b1-3)(6S)GlcNAc(b1-Sp0,21.457625,40.4562,35.690025,49.81222500000001
Neu5Ac(a2-6)GalNAc(b1-4)(6S)GlcNAc(b1-Sp8,-1.9278999999999995,2.147375,8.173699999999998,-1.6735500000000032
GalNAc(b1-4)[Fuc(a1-3)](6S)GlcNAc(b1-Sp8,25.420500000000004,6.222375,12.512350000000005,-2.613524999999999
(3S)GalNAc(b1-4)[Fuc(a1-3)]GlcNAc(b1-Sp8,5.838000000000001,4.083725,15.339974999999995,9.547425000000004
Fuc(a1-2)Gal(b1-3)GlcNAc(b1-6)[Fuc(a1-2)Gal(b1-3)GlcNAc(b1-3)]GalNAc(a1-Sp14,16.759725000000003,20.947425000000006,18.219874999999995,46.237425
GalNAc(a1-3)[Fuc(a1-2)]Gal(b1-3)GlcNAc(b1-6)GalNAc(a1-Sp14,6.442149999999998,1.8609499999999992,5.276949999999999,2.3065750000000005
GlcNAc(b1-6)[GlcNAc(b1-2)]Man(a1-6)[GlcNAc(b1-4)][GlcNAc(b1-4)[GlcNAc(b1-2)]Man(a1-3)]Man(b1-4)GlcNAc(b1-4)[Fuc(a1-6)]GlcNAc(a1-Sp21,1.458574999999998,-1.0290999999999997,7.033725,112.77960000000002
Gal(b1-4)GlcNAc(b1-6)[Gal(b1-4)GlcNAc(b1-2)]Man(a1-6)[GlcNAc(b1-4)]Gal(b1-4)GlcNAc(b1-4)[Gal (b1-4)GlcNAc(b1-2)]Man(a1-3)]Man(b1-4)GlcNAc(b1-4)[Fuc(a1-6)]GlcNAc(a1-Sp21,3.5295250000000014,2.169875,4.076424999999999,-3.615
Gal(b1-3)GlcNAc(a1-3)Gal(b1-4)GlcNAc(b1-Sp8 ,1.2891999999999992,4.627200000000002,-1.28885,-5.189699999999998
Gal(b1-3)(6S)GlcNAc(b1-Sp8 ,-0.5114500000000017,6.42225,2.17465,7.694899999999999
(6S)(4S)GalNAc(b1-4)GlcNAc(a1-Sp8,7.462625000000003,0.7672500000000007,9.730024999999998,3.3321249999999982
(6S)GalNAc(b1-4)GlcNAc(a1-Sp8 ,0.2652999999999999,0.1980999999999989,-0.7704000000000004,-0.4276250000000008
(3S)GalNAc(b1-4)(3S)GlcNAc(a1-Sp8,5.339925000000001,1.0901750000000021,4.0302250000000015,-0.2852500000000013
GalNAc(b1-4)(6S)GlcNAc(a1-Sp8 ,-0.5286499999999981,0.5771499999999992,1.3548750000000007,2.5531999999999986
(3S)GalNAc(b1-4)GlcNAc(a1-Sp8 ,1.223099999999998,5.5795749999999975,5.565874999999999,-8.035925000000002
(4S)GalNac(b1-Sp10,2.182475,8.0659,6.249875000000002,8.963775
Gal(b1-4)(6P)GlcNAc(b1-Sp0 ,6.532175000000002,6.581075,18.9985,16.735425
(6P)Gal(b1-4)GlcNAc(b1-SP0 ,-5.4439249999999975,-9.709049999999996,-22.969225,-28.729099999999992
GalNAc(a1-3)[Fuc(a1-2)]Gal(b1-4)GlcNAc(b1-6)GalNAc(a1-Sp14,-3.400425000000001,13.978350000000002,-8.131575000000002,5.065924999999998
Neu5Ac(a2-6)Gal(b1-4)GlcNAc(b1-2)Ma(n1-Sp0,10.196525,3.5870999999999995,0.8963500000000018,39.49345
Gal(a1-3)Gal(b1-4)GlcNAc(b1-2)Man(a1-Sp0,9.990724999999998,7.358024999999998,3.2755249999999987,-3.7033000000000014
Gal(a1-3)[Fuc(a1-2)]Gal(b1-4)GlcNAc(b1-2)Man(a1-Sp0,8.802100000000003,1.9877249999999995,-6.4553249999999975,0.7635249999999996
GalNAc(a1-3)[Fuc(a1-2)]Gal(b1-4) GlcNAc(b1-2)Man(a1-Sp0,-0.24322499999999805,7.0238000000000005,-2.4362000000000004,0.9510500000000004
 Gal(b1-3)GlcNAc(b1-2)Man(a1-Sp0,16.875475,7.675675000000003,9.53025,12.818925
Gal(a1-3)[Fuc(a1-2)]Gal(b1-3)GlcNAc(b1-6)GalNAc(a1-Sp14,-0.38522500000000015,8.635025000000002,-1.4376499999999979,-7.6040249999999965
Neu5Ac(a2-3)Gal(b1-3)GlcNAc(b1-2)Man(a1-Sp0,39.416325,69.0987,421.374875,1169.0186
Gal(a1-3)Gal(b1-3)GlcNAc(b1-2)Man(a1-Sp0,37.073975,3.1589500000000026,-1.0234999999999976,17.393249999999995
GalNAc(b1-4)GlcNAc(b1-2)Man(a1-Sp0,6.185600000000001,-0.9322250000000044,5.25655,1.187650000000005
Neu5Ac(a2-3)Gal(b1-3)GlcNAc(b1-4)Gal(b1-4)Glc(b1-Sp0,18.358425,12.469850000000005,2.638675000000001,21.93245
GlcNAc(b1-2) Man(a1-6)[GlcNAc(b1-4)][GlcNAc(b1-2)Man(a1-3)]Man(b1-4)GlcNAc(b1-4)[Fuc(a1-6)]GlcNAc(a1-Sp21,17.549975,6.070574999999999,2.1360750000000017,8.373850000000001
Gal(b1-4)GlcNAc(b1-2)Man(a1-6)[GlcNAc(b1-4)][Gal(b1-4)GlcNAc(b1-2)Man(a1-3)]Man(b1-4)GlcNAc(b1-4)[Fuc(a1-6)]GlcNAc(a1-Sp21,-1.943224999999999,-0.8915750000000005,8.448925000000003,2.452600000000002
Gal(b1-4)GlcNAc(b1-2)Man(a1-6)[Gal(b1-4)GlcNAc(b1-4)][Gal(b1-4)GlcNAc(b1-2)Man(a1-3)]Man(b1-4)GlcNAc(b1-4)[Fuc(a1-6)]GlcNAc(a1-Sp21,8.450500000000002,0.3834500000000003,11.324775,1.3217250000000025
Fuc(a1-4)[Gal(b1-3)]GlcNAc(b1-2)Man(a1-Sp0,21.773775,10.536150000000003,19.307224999999995,22.454375
Neu5Ac(a2-3)Gal(b1-4)[Fuc(a1-3)]GlcNAc(b1-2)Man(a1-Sp0,12.635625,10.01505,21.364625000000004,39.22475
GlcNAc(b1-3)Gal(b1-4)GlcNAc(b1-6)[GlcNAc(b1-3)]Gal(b1-4)GlcNAc(a1-Sp0,4.677550000000001,6.114549999999999,14.0203,372.34805000000006
GalNAc(a1-3)[Fuc(a1-2)]Gal(b1-3)GalNAc(b1-3)Gal(a1-4)Gal(b1-4)Glc(a1-Sp21,1.2545499999999992,-1.9998249999999995,13.361399999999998,25.253525
Gal(a1-3)[Fuc(a1-2)]Gal(b1-3)GalNAc(b1-3)Gal(a1-4)Gal(b1-4)Glc(a1-Sp21,0.24952499999999844,4.921075000000001,8.947124999999996,3.7281750000000016
Gal(b1-3)GalNAc(b1-3)Ga(l1-Sp21,7.960974999999998,6.39315,6.039100000000001,9.437924999999991
GlcNAc(b1-3)Gal(b1-4)GlcNAc(b1-2)Man(a1-6)[GlcNAc(b1-3)Gal(b1-4)GlcNAc(b1-2)Man(a1-3)]Man(b1-4)GlcNAc(b1-4)GlcNAc(b1-Sp12,-19.4036,-15.667949999999998,3077.400775,31413.314999999995
GlcNAc(b1-3)Gal(b1-4)GlcNAc(b1-2)Man(a1-6)[GlcNAc(b1-3)Gal(b1-4)GlcNAc(b1-2)Man(a1-3)]Man(b1-4)GlcNAc(b1-4)GlcNAc(b1-Sp25,52.97625,442.995625,11373.696175,39031.74195
Gal(b1-4)GlcNAc(b1-3)Gal(b1-4)GlcNAc(b1-2)Man(a1-6)[Gal(b1-4)GlcNAc(b1-3)Gal(b1-4)GlcNAc(b1-2)Man(a1-3)]Man(b1-4)GlcNAc(b1-4)GlcNAc(b1-Sp12,263.814375,191.117725,270.4941,388.20960000000014
Gal(b1-4)GlcNAc(b1-3)Gal(b1-4)GlcNAc(b1-2)Man(a1-6)[Gal(b1-4)GlcNAc(b1-3)Gal(b1-4)GlcNAc(b1-2)Man(a1-3)]Man(b1-4)GlcNAc(b1-4)GlcNAc(b1-Sp24,24.855400000000003,107.72285,2390.38665,35435.88427499998
Neu5Gc(a2-3)Gal(b1-4)GlcNAc(b1-3)Gal(b1-4)GlcNAc(b1-2)Man(a1-6)[Neu5Gc(a2-3)Gal(b1-4)GlcNAc(b1-3)Gal(b1-4)GlcNAc(b1-2)Man(a1-3)]Man(b1-4)GlcNAc(b1-4)GlcNAc(b1-Sp24,8.90175,23.660025000000005,86.54552499999998,3197.054825
Fuc(a1-2)Gal(b1-4)GlcNAc(b1-3)Gal(b1-4)GlcNAc(b1-2)Man(a1-6)[Fuc(a1-2)Gal(b1-4)GlcNAc(b1-3)Gal(b1-4)GlcNAc(b1-2)Man(a1-3)]Man(b1-4)GlcNAc(b1-4)GlcNAc(b1-Sp24,29.601800000000008,37.44679999999999,328.8246249999999,27396.474350000004
GlcNAc(b1-3)Gal(b1-4)GlcNAc(b1-3)Gal(b1-4)GlcNAc(b1-2)Man(a1-6)[GlcNAc(b1-3)Gal(b1-4)GlcNAc(b1-3)Gal(b1-4)GlcNAc(b1-2)Man(a1-3)]Man(b1-4)GlcNAc(b1-4)GlcNAc(b1-Sp12,117.521775,115.378325,276.017675,650.731875
GlcNAc(b1-3)Gal(b1-4)GlcNAc(b1-3)Gal(b1-4)GlcNAc(b1-2)Man(a1-6)[GlcNAc(b1-3)Gal(b1-4)GlcNAc(b1-3)Gal(b1-4)GlcNAc(b1-2)Man(a1-3)]Man(b1-4)GlcNAc(b1-4)GlcNAc(b1-Sp25,30.080250000000003,56.22924999999999,1265.9492749999995,28958.60095
Gal(b1-4)GlcNAc(b1-3)Gal(b1-4)GlcNAc(b1-3)Gal(b1-4)GlcNAc(b1-2)Man(a1-6)[Gal(b1-4)GlcNAc(b1-3)Gal(b1-4)GlcNAc(b1-3)Gal(b1-4)GlcNAc(b1-2)Man(a1-3)]Man(b1-4)GlcNAc(b1-4)GlcNAc(b1-Sp12,272.3725,151.720225,308.36357500000014,689.117775
Gal(b1-4)GlcNAc(b1-3)Gal(b1-4)GlcNAc(b1-3)Gal(b1-4)GlcNAc(b1-2)Man(a1-6)[Gal(b1-4)GlcNAc(b1-3)Gal(b1-4)GlcNAc(b1-3)Gal(b1-4)GlcNAc(b1-2)Man(a1-3)]Man(b1-4)GlcNAc(b1-4)GlcNAc(b1-Sp24,6.782750000000003,28.05045,358.37075000000016,19640.45445
GlcNAc(b1-3)Gal(b1-4)GlcNAc(b1-3)Gal(b1-4)GlcNAc(b1-3)Gal(b1-4)GlcNAc(b1-2)Man(a1-6)[GlcNAc(b1-3)Gal(b1-4)GlcNAc(b1-3)Gal(b1-4)GlcNAc(b1-3)Gal(b1-4)GlcNAc(b1-2)Man(a1-3)]Man(b1-4)GlcNAc(b1-4)GlcNAc(b1-Sp25,35.88040000000001,55.80567500000001,892.8794,17185.295025
Gal(b1-4)GlcNAc(b1-3)Gal(b1-4)GlcNAc(b1-3)Gal(b1-4)GlcNAc(b1-3)Gal(b1-4)GlcNAc(b1-2)Man(a1-6)[Gal(b1-4)GlcNAc(b1-3)Gal(b1-4)GlcNAc(b1-3)Gal(b1-4)GlcNAc(b1-3)Gal(b1-4)GlcNAc(b1-2)Man(a1-3)]Man(b1-4)GlcNAc(b1-4)GlcNAc(b1-Sp25,54.96300000000001,62.381625,242.677575,9331.92705
Gal(b1-3)GlcNAc(b1-3)Gal(b1-4)GlcNAc(b1-2)Man(a1-6)[Gal(b1-3)GlcNAc(b1-3)Gal(b1-4)GlcNAc(b1-2)Man(a1-3)]Man(b1-4)GlcNAc(b1-4)GlcNAc(a1-Sp25,12.2921,19.206625000000006,235.018425,20035.41455
Neu5Gc(a2-8)Neu5Gc(a2-3)Gal(b1-4)GlcNAc(a1-Sp0,1.6029750000000007,4.171425,4.972349999999999,7.4025
Neu5Ac(a2-8)Neu5Gc(a2-3)Gal(b1-4)GlcNAc(a1-Sp0,4.7798250000000015,3.2174750000000003,4.755549999999999,1.7853000000000003
Neu5Gc(a2-8)Neu5Ac(a2-3)Gal(b1-4)GlcNAc(a1-Sp0,-0.8786000000000005,3.9982999999999986,3.6085,-1.6740250000000003
Neu5Gc(a2-8)Neu5Gc(a2-3)Gal(b1-4)GlcNAc(b1-3)Gal(b1-4)GlcNAc(a1-Sp0,7.615649999999999,4.905775,2.87315,4.280199999999999
Neu5Gc(a2-8)Neu5Gc(a2-6)Gal(b1-4)GlcNAc(a1-Sp0,9.4923,12.44245,21.20615,0.2974249999999969
Neu5Ac(a2-8)Neu5Ac(a2-3)Gal(b1-4)GlcNAc(a1-Sp0,6.606,0.6624249999999989,8.6215,1.025475
GlcNAc(b1-3)Gal(b1-4)GlcNAc(b1-6)[GlcNAc(b1-3)Gal(b1-4)GlcNAc(b1-2)]Man(a1-6)[GlcNAc(b1-3)Gal(b1-4)GlcNAc(b1-2)]Man(a1-3)]Man(b1-4)GlcNAc(b1-4)GlcNAc(a1-Sp24,5.844100000000001,12.4526,113.44095,1140.3452500000005
Gal(b1-4)GlcNAc(b1-3)Gal(b1-4)GlcNAc(b1-6)[Gal(b1-4)GlcNAc(b1-3)Gal(b1-4)GlcNAc(b1-2)]Man(a1-6)[Gal(b1-4)GlcNAc(b1-3)Gal(b1-4)GlcNAc(b1-2)Man(a1-3)]Man(a1-4)GlcNAc(b1-4)GlcNAc(a1-Sp24,5.0936749999999975,8.902849999999988,4.36375,60.926875
Gal(a1-3)Gal(b1-4)GlcNAc(b1-2)Man(a1-6)[Gal(a1-3)Gal(b1-4)GlcNAc(b1-2)Man(a1-3)]Man(b1-4)GlcNAc(b1-4)GlcNAc(a1-Sp24,79.126475,149.94007499999995,15521.011725,38242.93700000001
GlcNAc(b1-3)Gal(b1-4)GlcNAc(b1-6)[GlcNAc(b1-3)Gal(b1-3)]GalNAc(a1-Sp14,4.138375000000002,5.801299999999998,-0.4842750000000002,39.829925
GalNAc(b1-3)GlcNAc(b1-Sp0 ,4.573525,-0.4898750000000005,-6.45355,-14.624550000000005
GalNAc(b1-4)GlcNAc(b1-3)GalNAc(b1-4)GlcNAc(b1-Sp0 ,3.413499999999998,-0.3796999999999988,0.5771999999999764,-5.6571500000000015
GlcNAc(b1-3)Gal(b1-4)GlcNAc(b1-3)Gal(b1-4)GlcNAc(b1-3)Gal(b1-4)GlcNAc(b1-3)Gal(b1-4)GlcNAc(b1-2)Man(a1-6)[GlcNAc(b1-3)Gal(b1-4)GlcNAc(b1-3)Gal(b1-4)GlcNAc(b1-3)Gal(b1-4)GlcNAc(b1-3)Gal(b1-4)GlcNAc(b1-2)Man(a1-3)]Man(b1-4)GlcNAc(b1-4)GlcNAc(b1-Sp25,15.70705,63.03117500000001,679.79145,14587.0576
Gal(b1-4)GlcNAc(b1-3)Gal(b1-4)GlcNAc(b1-3)Gal(b1-4)GlcNAc(b1-3)Gal(b1-4)GlcNAc(b1-3)Gal(b1-4)GlcNAc(b1-2)Man(a1-6)[Gal(b1-4)GlcNAc(b1-3)Gal(b1-4)GlcNAc(b1-3)Gal(b1-4)GlcNAc(b1-3)Gal(b1-4)GlcNAc(b1-3)Gal(b1-4)GlcNAc(b1-2)Man(a1-3)]Man(b1-4)GlcNAc(b1-4)GlcNAc(b1-Sp25,29.733450000000005,19.9782,45.89655000000001,1352.9742
GlcNA(b1-3)Gal(b1-3)GalNAc(a1-Sp14,0.5516499999999969,4.800549999999999,-2.3024500000000008,5.552100000000002
Gal(b1-3)GlcNAc(b1-6)[Gal(b1-3)]GalNAc(a1-Sp14,9.59725,7.960025,21.9436,5.4428
Gal(b1-4)GlcNAc(b1-3)Gal(b1-4)GlcNAc(b1-3)Gal(b1-4)GlcNAc(b1-3)Gal(b1-4)GlcNAc(b1-3)Gal(b1-4)GlcNAc(b1-3)Gal(b1-4)GlcNAc(b1-2)Man(a1-6)[Gal(b1-4)GlcNAc(b1-3)Gal(b1-4)GlcNAc(b1-3)Gal(b1-4)GlcNAc(b1-3)Gal(b1-4)GlcNAc(b1-3)Gal(b1-4)GlcNAc(b1-3)Gal(b1-4)GlcNAc(b1-2)Man(a1-3)]Man(b1-4)GlcNAc(b1-4)GlcNAc(b1-Sp25,12.453725,16.193475000000007,49.4237,355.09267500000016
(3S)GlcA(b1-3)Gal(b1-4)GlcNAc(b1-3)Gal(b1-4)Glc(a1-Sp0,11.8916,5.404674999999999,-2.4406499999999998,-10.94125
(3S)GlcA(b1-3)Gal(b1-4)GlcNAc(b1-2)Man(a1-Sp0,0.727199999999999,11.652774999999995,33.3687,-1.4711999999999978
Gal(b1-3)GlcNAc(b1-3)Gal(b1-4)GlcNAc(b1-3)Gal(b1-4)GlcNAc(b1-6)[Gal(b1-3)GlcNAc(b1-3)Gal(b1-4)GlcNAc(b1-3)Gal(b1-4)GlcNA(b1-2)]Man(a1-6)[Gal(b1-3)GlcNAc(b1-3)Gal(b1-4)GlcNAc(b1-3)Gal(b1-4)GlcNAc(b1-2)Man(a1-3)]Man(b1-4)GlcNAc(b1-4)[Fuc(a1-6)]GlcNAc(b1-Sp24,34.86857499999999,18.38605,74.64974999999998,171.47535
Gal(b1-3)GlcNAc(b1-3)Gal(b1-4)GlcNAc(b1-6)[Gal(b1-3)GlcNAc(b1-3)Gal(b1-4)GlcNA(b1-2)]Man(a1-6)[Gal(b1-3)GlcNAc(b1-3)Gal(b1-4)GlcNAc(b1-2)Man(a1-3)]Man(b1-4)GlcNAc(b1-4)[Fuc(a1-6)]GlcNAc(b1-Sp24,44.987725,35.88744999999999,77.22625,200.190425
Neu5Ac(a2-8)Neu5Ac(a2-3)Gal(b1-3)GalNAc(b1-4)[Neu5Ac(a2-3)]Gal(b1-4)Glc(a1-Sp21,15.684599999999996,17.0587,3.281,7.245300000000004
GlcNAc(b1-3)Gal(b1-4)GlcNAc(b1-2)Man(a1-6)[GlcNAc(b1-3)Gal(b1-4)GlcNAc(b1-2)Man(a1-3)]Man(b1-4)GlcNAc(b1-4)[Fuc(a1-6)]GlcNAc(b1-Sp24,134.10924999999997,864.8701000000003,23055.033475,40049.84165
Gal(b1-4)GlcNAc(b1-3)Gal(b1-4)GlcNAc(b1-2)Man(a1-6)[Gal(b1-4)GlcNAc(b1-3)Gal(b1-4)GlcNAc(b1-2)Man(a1-3)]Man(b1-4)GlcNAc(b1-4)[Fuc(a1-6)]GlcNAc(b1-Sp24,105.53425,320.380775,22872.41155,46475.009975
GlcNAc(b1-3)Gal(b1-4)GlcNAc(b1-3)Gal(b1-4)GlcNAc(b1-2)Man(a1-6)[GlcNAc(b1-3)Gal(b1-4)GlcNAc(b1-3)Gal(b1-4)GlcNAc(b1-2)Man(a1-3)]Man(b1-4)GlcNAc(b1-4)[Fuc(a1-6)]GlcNAc(b1-Sp24,48.128025,194.52225,7836.054225,38161.339525
Gal(b1-4)GlcNAc(b1-3)Gal(b1-4)GlcNAc(b1-3)Gal(b1-4)GlcNAc(b1-2)Man(a1-6)[Gal(b1-4)GlcNAc(b1-3)Gal(b1-4)GlcNAc(b1-3)Gal(b1-4)GlcNAc(b1-2)Man(a1-3)]Man(b1-4)GlcNAc(b1-4)[Fuc(a1-6)]GlcNAc(b1-Sp24,42.20375,65.288725,6855.806775,38662.85347500002
GlcNAc(b1-3)Gal(b1-4)GlcNAc(b1-3)Gal(b1-4)GlcNAc(b1-3)Gal(b1-4)GlcNAc(b1-2)Man(a1-6)[GlcNAc(b1-3)Gal(b1-4)GlcNAc(b1-3)Gal(b1-4)GlcNAc(b1-3)Gal(b1-4)GlcNAc(b1-2)Man(a1-3)]Man(b1-4)GlcNAc(b1-4)[Fuc(a1-6)]GlcNAc(b1-Sp24,64.43934999999999,152.925975,2503.3309,30320.9701
Gal(b1-4)GlcNAc(b1-3)Gal(b1-4)GlcNAc(b1-3)Gal(b1-4)GlcNAc(b1-3)Gal(b1-4)GlcNAc(b1-2)Man(a1-6)[Gal(b1-4)GlcNAc(b1-3)Gal(b1-4)GlcNAc(b1-3)Gal(b1-4)GlcNAc(b1-3)Gal(b1-4)GlcNAc(b1-2)Man(a1-3)]Man(b1-4)GlcNAc(b1-4)[Fuc(a1-6)]GlcNAc(b1-Sp24,52.446825,49.891075,1005.463425,24715.50415
GlcNAc(b1-3)Gal(b1-4)GlcNAc(b1-3)Gal(b1-4)GlcNAc(b1-3)Gal(b1-4)GlcNAc(b1-3)Gal(b1-4)GlcNAc(b1-2)Man(a1-6)[GlcNAc(b1-3)Gal(b1-4)GlcNAc(b1-3)Gal(b1-4)GlcNAc(b1-3)Gal(b1-4)GlcNAc(b1-3)Gal(b1-4)GlcNAc(b1-2)Man(a1-3)]Man(b1-4)GlcNAc(b1-4)[Fuc(a1-6)]GlcNAc(b1-Sp19,38.55822500000001,139.44882499999997,917.14305,26568.084425
Gal(b1-4)GlcNAc(b1-3)Gal(b1-4)GlcNAc(b1-3)Gal(b1-4)GlcNAc(b1-3)Gal(b1-4)GlcNAc(b1-3)Gal(b1-4)GlcNAc(b1-2)Man(a1-6)[Gal(b1-4)GlcNAc(b1-3)Gal(b1-4)GlcNAc(b1-3)Gal(b1-4)GlcNAc(b1-3)Gal(b1-4)GlcNAc(b1-3)Gal(b1-4)GlcNAc(b1-2)Man(a1-3)]Man(b1-4)GlcNAc(b1-4)[Fuc(a1-6)]GlcNAc(b1-Sp19,12.028850000000002,21.135024999999995,239.450025,17641.918925000005
Gal(b1-4)GlcNAc(b1-3)Gal(b1-4)GlcNAc(b1-6)[Gal(b1-4)GlcNAc(b1-3)Gal(b1-4)GlcNA(b1-2)]Man(a1-6)[Gal(b1-4)GlcNAc(b1-3)Gal(b1-4)GlcNAc(b1-2)Man(a1-3)]Man(b1-4)GlcNAc(b1-4)[Fuc(a1-6)]GlcNAc(b1-Sp24,33.2587,23.1098,14.583874999999995,16.212850000000003
GlcNAc(b1-3)Gal(b1-4)GlcNAc(b1-3)Gal(b1-4)GlcNAc(b1-6)[GlcNAc(b1-3)Gal(b1-4)GlcNAc(b1-3)Gal(b1-4)GlcNA(b1-2)]Man(a1-6)[GlcNAc(b1-3)Gal(b1-4)GlcNAc(b1-3)Gal(b1-4)GlcNAc(b1-2)Man(a1-3)]Man(b1-4)GlcNAc(b1-4)[Fuc(a1-6)]GlcNAc(b1-Sp24,95.45795,63.598525,773.0977,3695.2524499999986
Gal(b1-4)GlcNAc(b1-3)Gal(b1-4)GlcNAc(b1-3)Gal(b1-4)GlcNAc(b1-6)[Gal(b1-4)GlcNAc(b1-3)Gal(b1-4)GlcNAc(b1-3)Gal(b1-4)GlcNA(b1-2)]Man(a1-6)[Gal(b1-4)GlcNAc(b1-3)Gal(b1-4)GlcNAc(b1-3)Gal(b1-4)GlcNAc(b1-2)Man(a1-3)]Man(b1-4)GlcNAc(b1-4)[Fuc(a1-6)]GlcNAc(b1-Sp24,22.5005,16.134175000000006,18.3698,26.0762
GlcNAc(b1-3)Gal(b1-4)GlcNAc(b1-3)Gal(b1-4)GlcNAc(b1-3)Gal(b1-4)GlcNAc(b1-6)[GlcNAc(b1-3)Gal(b1-4)GlcNAc(b1-3)Gal(b1-4)GlcNAc(b1-3)Gal(b1-4)GlcNA(b1-2)]Man(a1-6)[GlcNAc(b1-3)Gal(b1-4)GlcNAc(b1-3)Gal(b1-4)GlcNAc(b1-3)Gal(b1-4)GlcNAc(b1-2)Man(a1-3)]Man(b1-4)GlcNAc(b1-4)[Fuc(a1-6)]GlcNAc(b1-Sp24,67.631275,80.54445000000003,954.159175,5342.89745
Gal(b1-4)GlcNAc(b1-3)Gal(b1-4)GlcNAc(b1-3)Gal(b1-4)GlcNAc(b1-3)Gal(b1-4)GlcNAc(b1-6)[Gal(b1-4)GlcNAc(b1-3)Gal(b1-4)GlcNAc(b1-3)Gal(b1-4)GlcNAc(b1-3)Gal(b1-4)GlcNA(b1-2)]Man(a1-6)[Gal(b1-4)GlcNAc(b1-3)Gal(b1-4)GlcNAc(b1-3)Gal(b1-4)GlcNAc(b1-3)Gal(b1-4)GlcNAc(b1-2)Man(a1-3)]Man(b1-4)GlcNAc(b1-4)[Fuc(a1-6)]GlcNAc(b1-Sp24,19.796325,15.017449999999998,31.42837500000001,8.081725000000006
GlcNAc(b1-3)Gal(b1-4)GlcNAc(b1-3)Gal(b1-4)GlcNAc(b1-3)Gal(b1-4)GlcNAc(b1-3)Gal(b1-4)GlcNAc(b1-6)[GlcNAc(b1-3)Gal(b1-4)GlcNAc(b1-3)Gal(b1-4)GlcNAc(b1-3)Gal(b1-4)GlcNAc(b1-3)Gal(b1-4)GlcNA(b1-2)]Man(a1-6)[GlcNAc(b1-3)Gal(b1-4)GlcNAc(b1-3)Gal(b1-4)GlcNAc(b1-3)Gal(b1-4)GlcNAc(b1-3)Gal(b1-4)GlcNAc(b1-2)Man(a1-3)]Man(b1-4)GlcNAc(b1-4)[Fuc(a1-6)]GlcNAc(b1-Sp24,82.0392,130.8757,981.771475,6698.741224999999
Gal(b1-4)GlcNAc(b1-3)Gal(b1-4)GlcNAc(b1-3)Gal(b1-4)GlcNAc(b1-3)Gal(b1-4)GlcNAc(b1-3)Gal(b1-4)GlcNAc(b1-6)[Gal(b1-4)GlcNAc(b1-3)Gal(b1-4)GlcNAc(b1-3)Gal(b1-4)GlcNAc(b1-3)Gal(b1-4)GlcNAc(b1-3)Gal(b1-4)GlcNA(b1-2)]Man(a1-6)[Gal(b1-4)GlcNAc(b1-3)Gal(b1-4)GlcNAc(b1-3)Gal(b1-4)GlcNAc(b1-3)Gal(b1-4)GlcNAc(b1-3)Gal(b1-4)GlcNAc(b1-2)Man(a1-3)]Man(b1-4)GlcNAc(b1-4)[Fuc(a1-6)]GlcNAc(b1-Sp24,17.386324999999996,27.490050000000004,14.520449999999995,10.280724999999991
Gal(b1-4)GlcNAc(b1-3)Gal(b1-4)GlcNAc(b1-3)GalNAc(a1-Sp14,66.166725,56.88719999999999,66.44320000000002,129.221575
Gal(b1-4)GlcNAc(b1-3)Gal(b1-4)GlcNAc(b1-6)[Gal(b1-3)]GalNAc(a1-Sp14,88.41449999999998,44.1341,72.47352500000002,106.02375
Gal(b1-4)GlcNAc(b1-3)Gal(b1-4)GlcNAc(b1-6)[Gal(b1-4)GlcNAc(b1-3)Gal(b1-4)GlcNAc(b1-3)]GalNAc(a1-Sp14,93.962125,72.50327500000002,88.3996,137.58592499999997
Neu5Ac(a2-3)Gal(b1-4)GlcNAc(b1-3)Gal(b1-4)GlcNAc(b1-3)GalNAc(a1-Sp14,-0.7126250000000011,8.666575,-0.23857499999999954,-0.8235750000000017
GlcNAc(b1-3)Gal(b1-4)GlcNAc(b1-3)GalNAc(a1-Sp14,3.19515,4.7783750000000005,2.141325,19.098449999999982
GlcNAc(b1-3)Gal(b1-4)GlcNAc(b1-6)[Gal(b1-3)]GalNAc(a1-Sp14,11.97575,4.964975000000003,5.6643500000000016,8.686525
GlcNAc(b1-3)Gal(b1-4)GlcNAc(b1-6)[GlcNAc(b1-3)Gal(b1-4)GlcNAc(b1-3)]GalNAc(a1-Sp14,7.5278499999999955,19.46615,5.830524999999998,119.51725000000003
Neu5Ac(a2-3)Gal(b1-4)GlcNAc(b1-3)Gal(b1-4)GlcNAc(b1-6)[Neu5Ac(a2-3)Gal(b1-4)GlcNAc(b1-3)Gal(b1-4)GlcNAc(b1-3)]GalNAc(a1-Sp14,36.0805,9.75755,19.3787,50.28310000000002
Neu5Ac(a2-6)Gal(b1-4)GlcNAc(b1-3)Gal(b1-4)GlcNAc(b1-3)GalNAc(a1-Sp14,10.8789,3.490149999999999,10.814699999999998,-4.51285
GlcNAc(b1-3)Gal(b1-4)GlcNAc(b1-3)Gal(b1-4)GlcNAc(b1-3)GalNAc(a1-Sp14,5.937674999999999,16.8078,9.844500000000004,59.43554999999999
Gal(b1-4)GlcNAc(b1-3)Gal(b1-3)GalNAc(a1-Sp14,3.3836249999999977,0.31587499999999924,8.665674999999998,-1.3318250000000038
Neu5Ac(a2-3)Gal(b1-4)GlcNAc(b1-3)Gal(b1-4)GlcNAc(b1-6)[Gal(b1-3)]GalNAc(a1-Sp14,37.30369999999999,30.69,52.57057500000001,23.87205
Neu5Ac(a2-6)Gal(b1-4)GlcNAc(b1-3)Gal(b1-4)GlcNAc(b1-6)[Gal(b1-3)]GalNAc(a1-Sp14,41.736275,17.464774999999996,19.498500000000003,36.0615
Neu5Ac(a2-6)Gal(b1-4)GlcNAc(b1-6)[Gal(b1-3)]GalNAc(a1-Sp14,16.89345,3.49705,45.39895,15.508300000000002
Neu5Ac(a2-3)Gal(b1-4)GlcNAc(b1-3)Gal(b1-4)GlcNAc(b1-2)Man(a1-6)[Neu5Ac(a2-3)Gal(b1-4)GlcNAc(b1-3)Gal(b1-4)GlcNAc(b1-2)Man(a1-3)]Man(b1-4)GlcNAc(b1-4)GlcNAc(b1-Sp12,100.23157499999998,56.352875,89.77555000000002,418.9774
GlcNAc(b1-6)[Neu5Ac(a2-3)Gal(b1-3)]GalNAc(a1-Sp14,2.881400000000002,4.638100000000001,3.914075,5.442399999999991
Neu5Ac(a2-6)Gal(b1-4)GlcNAc(b1-3)Gal(b1-4)GlcNAc(b1-6)[Neu5Ac(a2-6)Gal(b1-4)GlcNAc(b1-3)Gal(b1-4)GlcNAc(b1-3)]GalNAc(a1-Sp14,116.40419999999996,56.861675,79.82255,169.58752500000003
Neu5Ac(a2-6)Gal(b1-4)GlcNAc(b1-3)Gal(b1-4)GlcNAc(b1-3)Gal(b1-4)GlcNAc(b1-2)Man(a1-6)[Neu5Ac(a2-6)Gal(b1-4)GlcNAc(b1-3)Gal(b1-4)GlcNAc(b1-3)Gal(b1-4)GlcNAc(b1-2)Man(a1-3)]Man(b1-4)GlcNAc(b1-4)GlcNAc(b1-Sp12,141.05287499999997,84.87095000000002,96.022,2097.808875
Neu5Ac(a2-3)Gal(b1-4)GlcNAc(b1-3)Gal(b1-4)GlcNAc(b1-3)Gal(b1-4)GlcNAc(b1-2)Man(a1-6)[Neu5Ac(a2-3)Gal(b1-4)GlcNAc(b1-3)Gal(b1-4)GlcNAc(b1-3)Gal(b1-4)GlcNAc(b1-2)Man(a1-3)]Man(b1-4)GlcNAc(b1-4)GlcNAc(b1-Sp12,232.0782,118.64924999999998,134.59670000000003,330.31995
Neu5Ac(a2-6)Gal(b1-4)GlcNAc(b1-3)Gal(b1-4)GlcNAc(b1-2)Man(a1-6)[Neu5Ac(a2-6)Gal(b1-4)GlcNAc(b1-3)Gal(b1-4)GlcNAc(b1-2)Man(a1-3)]Man(b1-4)GlcNAc(b1-4)GlcNAc(b1-Sp12,48.76690000000001,27.12087500000001,37.210375,783.1089999999997
GlcNAc(b1-3)Fuc(a1-Sp21,12.309674999999995,7.59515,5.000074999999999,42.84802500000001
Gal(b1-3)GalNAc(b1-4)[Neu5Ac(a2-8)Neu5Ac(a2-8)Neu5Ac(a2-3)]Gal(b1-4)Glc(b1-Sp21,18.110325,5.488200000000001,23.016275,25.8614
