IUPAC,BPL (1ug/ml),BPL (10ug/ml),BPL (100ug/ml)
Gal(a1-Sp8,11.371924999999996,11.372949999999996,11.23535
Glc(a1-Sp8,4.6524,5.7562,12.046074999999998
Man(a1-Sp8,13.293875,32.133849999999995,32.894025
GalNAc(a1-Sp8,769.5719999999997,3189.71685,13749.68065
GalNAc(a1-Sp15,12.374799999999995,83.50617499999998,597.848875
Fuc(a1-Sp8,10.130124999999996,2.036749999999998,6.822375000000001
Fuc(a1-Sp9,2.094099999999999,7.4527,12.25235
Rha(a1-Sp8,9.481299999999994,10.554424999999998,9.3198
Neu5Ac(a1-Sp8,1.2490499999999989,7.781650000000001,11.099175000000002
Neu5Ac(a1-Sp11,21.283275,7.777850000000001,-0.7974500000000013
Neu5Ac(b1-Sp8,7.3713,-5.556200000000002,8.124474999999997
Gal(b1-Sp8,6.1941500000000005,13.19555,41.670525
Glc(b1-Sp8,9.431,10.878849999999998,1.5082250000000013
Man(b1-Sp8,7.696325,9.975825,4.408424999999999
GalNAc(b1-Sp8,2324.4993,6006.866875000002,20230.123075
GlcNAc(b1-Sp0,13.263075,-2.3039749999999994,3.005625
GlcNAc(b1-Sp8,3.5905500000000004,-4.810049999999999,-10.548425
GlcN[Gc](b1-Sp8,7.213250000000002,3.877699999999999,28.08985
Gal(b1-4)GlcNAc(b1-6)[Gal(b1-4)GlcNAc(b1-3)]GalNAc(a1-Sp8,17.140575,340.0664500000001,2979.20085
Gal(b1-4)GlcNAc(b1-6)[Gal(b1-4)GlcNAc(b1-3)]GalNAc(a1-Sp14,14.4507,54.70545,936.432625
GlcNAc(b1-6)[GlcNAc(b1-4)][GlcNAc(b1-3)]GlcNAc(a1-Sp8,13.88765,7.4945249999999985,10.874924999999996
6S(3S)Gal(b1-4)(6S)GlcNAc(b1-Sp0,-2.357624999999997,-0.1725000000000012,-10.720475
6S(3S)Gal(b1-4)GlcNAc(b1-Sp0,0.7093500000000024,-1.924375,-4.642375000000003
(3S)Gal(b1-4)[Fuc(a1-3)](6S)Glc(a1-Sp0,35.72037499999999,41.036,25.43175
(3S)Gal(b1-4)Glc(b1-Sp8,14.512175000000004,7.114899999999998,-0.7409999999999961
(3S)Gal(b1-4)(6S)Glc(b1-Sp0,1.103250000000001,2.060575000000001,8.368924999999997
(3S)Gal(b1-4)(6S)Glc(b1-Sp8,7.629225,1.2316500000000303,12.687625
(3S)Gal(b1-3)[Fuc(a1-4)]GlcNAc(b1-Sp8,2.111300000000001,-0.9890999999999996,-4.385100000000001
(3S)Gal(b1-3)GalNAc(a1-Sp8,2.3087,10.071175,3.6195749999999975
(3S)Gal(b1-3)GlcNAc(b1-Sp0,0.2641499999999999,-1.1169499999999974,-7.171125000000003
(3S)Gal(b1-3)GlcNAc(b1-Sp8,-3.8385000000000007,-2.2807499999999834,-10.274025000000002
(3S)Gal(b1-4)[Fuc(a1-3)]GlcNAc(a1-Sp0 ,9.99375,14.3929,8.1893
(3S)Gal(b1-4)[Fuc(a1-3)]GlcNAc(a1-Sp8,-3.7421749999999983,4.469175,-11.113475
(3S)Gal(b1-4)(6S)GlcNAc(b1-Sp0,8.760999999999997,7.212600000000003,-1.2861999999999971
(3S)Gal(b1-4)(6S)GlcNAc(b1-Sp8,5.27995,-1.5041250000000002,-4.5387
(3S)Gal(b1-4)GlcNAc(b1-Sp0,12.279449999999995,-6.189825000000001,7.0149250000000025
(3S)Gal(b1-4)GlcNAc(b1-Sp8,10.9901,-0.4116249999999981,-3.9563499999999987
(3S)Gal(b1-Sp8,7.920899999999996,11.25775,4.5976
(6S)(4S)Gal(b1-4)GlcNAc(b1-Sp0,2.9426250000000014,1.2258250000000004,-6.887125000000003
(4S)Gal(b1-4)GlcNAc(b1-Sp8,-0.27927500000000194,4.6437750000000015,2.8415
(6P)Man(a1-Sp8,9.958900000000002,12.798225,13.304475
(6S)Gal(b1-4)Glc(b1-Sp0,0.14569999999999972,18.26685,6.658925
(6S)Gal(b1-4)Glc(b1-Sp8,1.752675,-2.1536999999999997,-1.8238750000000028
(6S)Gal(b1-4)GlcNAc(b1-Sp8,-1.9699000000000009,4.2970500000000005,3.4172499999999992
(6S)Gal(b1-4)(6S)Glc(b1-Sp8,11.192850000000002,0.410750000000002,0.8430250000000008
Neu5Ac(a2-3)(6S)Gal(b1-4)GlcNAc(b1-Sp8,-4.962325,1.2015000000000002,-2.0886250000000004
(6S)GlcNAc(b1-Sp8,2.9592250000000018,5.054575,-5.64375
"Neu5,9Ac2(a1-Sp8",-2.8801499999999987,1.2655999999999992,-7.8347250000000015
"Neu5,9Ac2(a2-6)Gal(b1-4)GlcNAc(b1-Sp8",-1.0089000000000017,2.53155,0.3287250000000004
Man(a1-6)[Man(a1-3)]Man(b1-4)GlcNAc(b1-4)GlcNAc(b1-Sp12,11.178274999999996,11.508150000000004,8.469425
Man(a1-6)[Man(a1-3)]Man(b1-4)GlcNAc(b1-4)GlcNAc(b1-Sp13,15.320725,9.301275,-1.0093000000000014
GlcNAc(b1-2)Man(a1-6)[GlcNAc(b1-2)Man(a1-3)]Man(b1-4)GlcNAc(b1-4)GlcNAc(b1-Sp12,7.709249999999997,4.308975000000002,1.4350750000000012
GlcNAc(b1-2)Man(a1-6)[GlcNAc(b1-2)Man(a1-3)]Man(b1-4)GlcNAc(b1-4)GlcNAc(b1-Sp13,4.758224999999999,6.761574999999998,0.8049000000000017
Gal(b1-4)GlcNAc(b1-2)Man(a1-6)[Gal(b1-4)GlcNAc(b1-2)Man(a1-3)]Man(b1-4)GlcNAc(b1-4)GlcNAc(b1-Sp12,18.791674999999994,238.231925,4454.127225
Neu5Ac(a2-6)Gal(b1-4)GlcNAc(b1-2)Man(a1-6)[Neu5Ac(a2-6)Gal(b1-4)GlcNAc(b1-2)Man(a1-3)]Man(b1-4)GlcNAc(b1-4)GlcNAc(b1-Sp12,2.1544000000000008,3.202874999999999,0.3200250000000011
Neu5Ac(a2-6)Gal(b1-4)GlcNAc(b1-2)Man(a1-6)[Neu5Ac(a2-6)Gal(b1-4)GlcNAc(b1-2)Man(a1-3)]Man(b1-4)GlcNAc(b1-4)GlcNAc(b1-Sp13,-0.6144499999999997,1.3895499999999978,7.500375000000004
Neu5Ac(a2-6)Gal(b1-4)GlcNAc(b1-2)Man(a1-6)[Neu5Ac(a2-6)Gal(b1-4)GlcNAc(b1-2)M(an-a)(a1-3)]Man(b1-4)GlcNAc(b1-4)GlcNAc(b1-Sp21,1.9800749999999976,9.278874999999998,12.575249999999995
Neu5Ac(a2-6)Gal(b1-4)GlcNAc(b1-2)Man(a1-6)[Neu5Ac(a2-6)Gal(b1-4)GlcNAc(b1-2)Man(a1-3)]Man(b1-4)GlcNAc(b1-4)GlcNAc(b1-Sp24,6.060525,19.209850000000007,22.301700000000004
Fuc(a1-2)Gal(b1-3)GalNAc(b1-3)Gal(a1-Sp9,8.746199999999998,7.425650000000001,21.791625000000003
Fuc(a1-2)Gal(b1-3)GalNAc(b1-3)Gal(a1-4)Gal(b1-4)Glc(b1-Sp9,9.73125,34.908125,19.138525
Fuc(a1-2)Gal(b1-3)[Fuc(a1-4)]GlcNAc(b1-Sp8,8.418725,9.891624999999996,-0.6368000000000009
Fuc(a1-2)Gal(b1-3)GalNAc(a1-Sp8,6.65125,-2.1606500000000013,-5.25315
Fuc(a1-2)Gal(b1-3)GalNAc(a1-Sp14,11.63125,-2.342150000000001,1.7232749999999992
Fuc(a1-2)Gal(b1-3)GalNAc(b1-4)[Neu5Ac(a2-3)]Gal(b1-4)Glc(b1-Sp0,0.8226000000000004,11.51045,1.923049999999998
Fuc(a1-2)Gal(b1-3)GalNAc(b1-4)[Neu5Ac(a2-3)]Gal(b1-4)Glc(b1-Sp9,-2.67045,-0.1842999999999977,2.5083
Fuc(a1-2)Gal(b1-3)GlcNAc(b1-3)Gal(b1-4)Glc(b1-Sp8,1.7414750000000012,4.792925000000002,8.759299999999998
Fuc(a1-2)Gal(b1-3)GlcNAc(b1-3)Gal(b1-4)Glc(b1-Sp10,5.333224999999997,5.204349999999998,17.709925
Fuc(a1-2)Gal(b1-3)GlcNAc(b1-Sp0,6.969050000000001,3.8305500000000015,-6.618025000000002
Fuc(a1-2)Gal(b1-3)GlcNAc(b1-Sp8,3.123125,4.618099999999998,14.03385
Fuc(a1-2)Gal(b1-4)[Fuc(a1-3)]GlcNAc(b1-3)Gal(b1-4)[Fuc(a1-3)]GlcNAc(b1-Sp0,2.729225,8.911050000000003,6.881800000000003
Fuc(a1-2)Gal(b1-4)[Fuc(a1-3)]GlcNAc(b1-3)Gal(b1-4)[Fuc(a1-3)]GlcNAc(b1-3)Gal(b1-4)[Fuc(a1-3)]GlcNAc(b1-Sp0,19.2417,21.045875,27.5757
Fuc(a1-2)Gal(b1-4)[Fuc(a1-3)]GlcNAc(b1-Sp0,-0.006650000000000489,-1.1080750000000013,-3.0977500000000013
Fuc(a1-2)Gal(b1-4)[Fuc(a1-3)]GlcNAc(b1-Sp8,5.2143000000000015,9.433025000000002,-1.239200000000002
Fuc(a1-2)Gal(b1-4)GlcNAc(b1-3)Gal(b1-4)GlcNAc(b1-Sp0,2.3366249999999997,44.63497500000002,1.3400250000000025
Fuc(a1-2)Gal(b1-4)GlcNAc(b1-3)Gal(b1-4)GlcNAc(b1-3)Gal(b1-4)GlcNAc(b1-Sp0,7.82005,-0.5039249999999997,10.1331
Fuc(a1-2)Gal(b1-4)GlcNAc(b1-Sp0,7.576325,8.199449999999999,-0.09742499999999944
Fuc(a1-2)Gal(b1-4)GlcNAc(b1-Sp8,1.1536500000000012,1.151625000000001,-2.3714000000000013
Fuc(a1-2)Gal(b1-4)Glc(b1-Sp0,8.454325,12.103574999999996,0.050949999999998496
Fuc(a1-2)Gal(b1-Sp8,7.533025,2.8922500000000007,10.190199999999997
Fuc(a1-3)GlcNAc(b1-Sp8,-1.8712749999999967,3.6494000000000018,0.27865000000000073
Fuc(a1-4)GlcNAc(b1-Sp8,0.7801749999999981,1.5035500000000006,-6.909975000000001
Fuc(b1-3)GlcNAc(b1-Sp8,3.910400000000001,6.154325,0.7142
GalNAc(a1-3)[Fuc(a1-2)]Gal(b1-3)GlcNAc(b1-Sp0,9.813724999999998,-4.7958500000000015,-5.7364000000000015
GalNAc(a1-3)[Fuc(a1-2)]Gal(b1-4)[Fuc(a1-3)]GlcNAc(b1-Sp0,25.758525,27.399300000000004,23.87370000000001
(3S)Gal(b1-4)[Fuc(a1-3)]Glc(b1-Sp0,4.6384750000000015,7.4217,1.0222250000000006
GalNAc(a1-3)[Fuc(a1-2)]Gal(b1-4)GlcNAc(b1-Sp0,2.0083750000000005,12.777575000000004,0.3922499999999989
GalNAc(a1-3)[Fuc(a1-2)]Gal(b1-4)GlcNAc(b1-Sp8,5.285299999999999,0.8993750000000009,0.1806499999999982
GalNAc(a1-3)[Fuc(a1-2)]Gal(b1-4)Glc(b1-Sp0,8.714225,5.168075,4.022424999999998
GlcNAc(b1-3)Gal(b1-3)GalNAc(a1-Sp8,5.7251499999999975,3.4909000000000017,17.313424999999995
GalNAc(a1-3)[Fuc(a1-2)]Gal(b1-Sp8,2.5235749999999992,2.5978499999999976,-0.8792750000000016
GalNAc(a1-3)[Fuc(a1-2)]Gal(b1-Sp18,2.29045,17.832099999999997,269.64020000000005
GalNAc(a1-3)GalNAc(b1-Sp8,-3.91445,-3.0166249999999977,154.34
GalNAc(a1-3)Gal(b1-Sp8,1531.972425,3930.098225000001,11493.074949999998
GalNAc(a1-4)[Fuc(a1-2)]Gal(b1-4)GlcNAc(b1-Sp8,-4.264800000000001,-1.7484250000000008,-0.2935749999999988
GalNAc(b1-3)GalNAc(a1-Sp8,0.23572499999999866,-0.775974999999999,1.2970499999999952
GalNAc(b1-3)[Fuc(a1-2)]Gal(b1-Sp8,3094.235,12749.118975,28306.949575
GalNAc(b1-3)Gal(a1-4)Gal(b1-4)GlcNAc(b1-Sp0,885.0888249999997,3411.3686249999987,10542.812025
GalNAc(b1-4)[Fuc(a1-3)]GlcNAc(b1-Sp0,3124.182525,11493.54345,20045.3354
GalNAc(b1-4)GlcNAc(b1-Sp0,4467.386,12038.238724999996,29148.732525
GalNAc(b1-4)GlcNAc(b1-Sp8,1894.4932,5090.378575000002,16852.59545
Gal(a1-2)Gal(b1-Sp8,5.9579999999999975,31.52555000000001,72.60560000000002
Gal(a1-3)[Fuc(a1-2)]Gal(b1-3)GlcNAc(b1-Sp0,9.6406,1.44975,5.38205
Gal(a1-3)[Fuc(a1-2)]Gal(b1-3)GlcNAc(b1-Sp8,14.034850000000002,8.516199999999998,11.8556
Gal(a1-3)[Fuc(a1-2)]Gal(b1-4)[Fuc(a1-3)]GlcNAc(b1-Sp0,5.014025000000004,11.958800000000005,24.99615000000001
Gal(a1-3)[Fuc(a1-2)]Gal(b1-4)[Fuc(a1-3)]GlcNAc(b1-Sp8,11.345249999999998,-3.0898000000000003,-1.7740999999999991
Gal(a1-3)[Fuc(a1-2)]Gal(b1-4)GlcNAc(a1-Sp0,6.522100000000003,2.498900000000001,11.442424999999998
Gal(a1-3)[Fuc(a1-2)]Gal(b1-4)Glc(b1-Sp0,2.049624999999999,5.6576499999999985,3.794974999999996
Gal(a1-3)[Fuc(a1-2)]Gal(b1-Sp8,12.508974999999998,5.548724999999999,3.386524999999999
Gal(a1-3)[Fuc(a1-2)]Gal(b1-Sp18,14.123874999999998,34.2699,24.573525
Gal(a1-4)[Gal(a1-3)]Gal(b1-4)GlcNAc(b1-Sp8,9.227525000000004,-0.908875,13.328025
Gal(a1-3)GalNAc(a1-Sp8,35.748725,20.42395,20.5821
Gal(a1-3)GalNAc(a1-Sp16,3.736625000000001,4.8277,1.6850749999999994
Gal(a1-3)GalNAc(b1-Sp8,-0.2452999999999994,8.256574999999998,5.951025
Gal(a1-3)Gal(b1-4)[Fuc(a1-3)]GlcNAc(b1-Sp8,5.596525,8.56377499999999,44.8152
Gal(a1-3)Gal(b1-3)GlcNAc(b1-Sp0,2.1029500000000008,18.5423,418.53712499999983
Gal(a1-3)Gal(b1-4)GlcNAc(b1-Sp8,3.836675,95.95730000000002,1376.7641750000007
Gal(a1-3)Gal(b1-4)Glc(b1-Sp0,7.2319999999999975,21.649675,166.00275000000005
Gal(a1-3)Gal(b1-4)Glc(a1-Sp10,9.687325,17.234874999999995,44.2075
Gal(a1-3)Gal(b1-Sp8,-1.502324999999999,12.838775000000002,980.26135
Gal(a1-4)[Fuc(a1-2)]Gal(b1-4)GlcNAc(b1-Sp8,3.233775,4.789050000000001,14.621125000000005
Gal(a1-4)Gal(b1-4)GlcNAc(b1-Sp0,13.269075,15.3539,23.69245
Gal(a1-4)Gal(b1-4)GlcNAc(b1-Sp8,7.75125,10.112775,-0.4922249999999977
Gal(a1-4)Gal(b1-4)Glc(b1-Sp0,1.0160250000000008,16.10935,19.789775
Gal(a1-4)GlcNAc(b1-Sp8,1.7109500000000004,19.480075,-1.7436249999999998
Gal(a1-6)Glc(b1-Sp8,10.279825000000002,0.43067499999999903,9.201225
Gal(b1-2)Gal(b1-Sp8,3.4528,2.4435,11.467975000000004
Gal(b1-3)[Fuc(a1-4)]GlcNAc(b1-3)Gal(b1-4)[Fuc(a1-3)]GlcNAc(b1-Sp0,4.739424999999999,20.615025000000006,721.8403000000003
Gal(b1-3)[Fuc(a1-4)]GlcNAc(b1-3)Gal(b1-4)GlcNAc(b1-Sp0,716.864325,5051.193074999999,19580.40245
Gal(b1-3)[Fuc(a1-4)]GlcNAc(a1-Sp0,8.058925,7.124574999999997,45.34087500000001
Gal(b1-3)[Fuc(a1-4)]GlcNAc(a1-Sp8 ,-0.0220500000000019,6.0566749999999985,116.21997499999998
Fuc(a1-4)[Gal(b1-3)]GlcNAc(b1-Sp8,6.73375,2.802275,43.71117500000001
Gal(b1-4)GlcNAc(b1-6)GalNAc(a1-Sp8,65.13175000000001,732.6987750000003,3055.1912
Gal(b1-4)GlcNAc(b1-6)GalNAc(a1-Sp14,25.858825,10.202525000000003,10.936600000000002
GlcNAc(b1-6)[Gal(b1-3)]GalNAc(a1-Sp8,1338.211075,8631.039299999999,24637.010575
GlcNAc(b1-6)[Gal(b1-3)]GalNAc(a1-Sp14,220.4799,1952.0521000000006,11505.938775
Neu5Ac(a2-6)[Gal(b1-3)]GalNAc(a1-Sp8,4231.00545,12809.0101,22980.9603
Neu5Ac(a2-6)[Gal(b1-3)]GalNAc(a1-Sp14,93.899175,932.69125,6621.319425
Neu5Ac(b2-6)[Gal(b1-3)]GalNAc(a1-Sp8,4181.8533,10886.503975000003,23651.1995
Neu5Ac(a2-6)[Gal(b1-3)]GlcNAc(b1-4)Gal(b1-4)Glc(b1-Sp10,559.5854499999998,3239.0990250000004,13746.100750000005
Gal(b1-3)GalNAc(a1-Sp8,1727.96175,6187.671350000001,22040.1725
Gal(b1-3)GalNAc(a1-Sp14,19.888525,115.113375,1530.31355
Gal(b1-3)GalNAc(a1-Sp16,31.52330000000001,98.71575,2257.032775
Gal(b1-3)GalNAc(b1-Sp8,3714.137325,10108.576925,22537.945075000003
Gal(b1-3)GalNAc(b1-3)Gal(a1-4)Gal(b1-4)Glc(b1-Sp0,1065.43415,3628.38505,9546.37405
Gal(b1-3)GalNAc(b1-4)[Neu5Ac(a2-3)]Gal(b1-4)Glc(b1-Sp0,239.366825,1535.5955249999995,17779.700624999998
Gal(b1-3)GalNAc(b1-4)Gal(b1-4)Glc(b1-Sp8,4754.258975000002,13862.724625000004,28308.890025
Gal(b1-3)Gal(b1-Sp8,8.6785,2.7973,62.871025
Gal(b1-3)GlcNAc(b1-3)Gal(b1-4)GlcNAc(b1-Sp0,968.5256750000003,6278.116999999998,18238.248275
Gal(b1-3)GlcNAc(b1-3)Gal(b1-4)Glc(b1-Sp10,1438.565275,6654.194925,19260.1951
Gal(b1-3)GlcNAc(b1-Sp0,697.8053,3521.4802,17206.778675
Gal(b1-3)GlcNAc(b1-Sp8,713.9353000000001,3749.936725,17290.907225
Gal(b1-4)[Fuc(a1-3)]GlcNAc(b1-Sp0,774.8327500000001,3783.828025000001,13739.895975
Gal(b1-4)[Fuc(a1-3)]GlcNAc(b1-Sp8,888.7965250000003,4697.54545,19100.636025
Gal(b1-4)[Fuc(a1-3)]GlcNAc(b1-4)Gal(b1-4)[Fuc(a1-3)]GlcNAc(b1-Sp0,1170.151525,5671.9846000000025,17756.306500000002
Gal(b1-4)[Fuc(a1-3)]GlcNAc(b1-4)Gal(b1-4)[Fuc(a1-3)]GlcNAc(b1-4)Gal(b1-4)[Fuc(a1-3)]GlcNAc(b1-Sp0,4600.06335,17360.382125,28458.904624999985
Gal(b1-4)(6S)Glc(b1-Sp0,-1.4071750000000005,1.7375749999999996,-3.441225000000001
Gal(b1-4)(6S)Glc(b1-Sp8,3.538625000000001,9.9266,12.08325
Gal(b1-4)GalNAc(a1-3)[Fuc(a1-2)]Gal(b1-4)GlcNAc(b1-Sp8,5.796875,151.36565000000004,4119.570225000001
Gal(b1-4)GalNAc(b1-3)[Fuc(a1-2)]Gal(b1-4)GlcNAc(b1-Sp8,20.795825,505.1742249999999,9207.465550000004
Gal(b1-4)GlcNAc(b1-3)GalNAc(a1-Sp8,3.973525,49.89910000000001,2767.2224
Gal(b1-4)GlcNAc(b1-3)GalNAc(a1-Sp14,3.3001999999999985,14.560725,424.19175
Gal(b1-4)GlcNAc(b1-3)Gal(b1-4)[Fuc(a1-3)]GlcNAc(b1-3)Gal(b1-4)[Fuc(a1-3)]GlcNAc(b1-Sp0,36.568325,370.94417499999986,4242.740500000002
Gal(b1-4)GlcNAc(b1-3)Gal(b1-4)GlcNAc(b1-3)Gal(b1-4)GlcNAc(b1-Sp0,47.52910000000002,149.81059999999997,2932.45085
Gal(b1-4)GlcNAc(b1-3)Gal(b1-4)GlcNAc(b1-Sp0,12.828424999999996,83.74220000000003,1907.768775
Gal(b1-4)GlcNAc(b1-3)Gal(b1-4)Glc(b1-Sp0,36.001825,44.499575,1847.89845
Gal(b1-4)GlcNAc(b1-3)Gal(b1-4)Glc(b1-Sp8,31.645225,59.01865,958.89525
Gal(b1-4)GlcNAc(b1-6)[Gal(b1-3)]GalNAc(a1-Sp8,1927.0872,5396.5386,16514.159849999996
Gal(b1-4)GlcNAc(b1-6)[Gal(b1-3)]GalNAc(a1-Sp14,1183.7123,4449.809150000001,15486.534500000002
Gal(b1-4)GlcNAc(b1-Sp0,6.8609500000000025,7.2369249999999985,13.3989
Gal(b1-4)GlcNAc(b1-Sp8,11.109425,121.7053,5008.878400000001
Gal(b1-4)GlcNAc(b1-Sp23,8.61125,67.617575,2154.748150000001
Gal(b1-4)Glc(b1-Sp0,8.174125,-0.6370749999999985,10.248024999999997
Gal(b1-4)Glc(b1-Sp8,12.915425,2.1993250000000018,15.26685
GlcNAc(a1-3)Gal(b1-4)GlcNAc(b1-Sp8,2.5162749999999985,5.86495,-8.832975
GlcNAc(a1-6)Gal(b1-4)GlcNAc(b1-Sp8,972.05685,3683.168900000001,15570.665325000005
GlcNAc(b1-2)Gal(b1-3)GalNAc(a1-Sp8,12.902925,5.208025000000001,-10.405475
GlcNAc(b1-6)[GlcNAc(b1-3)]GalNAc(a1-Sp8,5.131724999999999,3.434600000000001,8.771574999999999
GlcNAc(b1-6)[GlcNAc(b1-3)]GalNAc(a1-Sp14,-0.5900500000000015,9.260625,15.124099999999995
GlcNAc(b1-6)[GlcNAc(b1-3)]Gal(b1-4)GlcNAc(b1-Sp8,-11.126975000000002,0.76295,-11.606800000000005
GlcNAc(b1-3)GalNAc(a1-Sp8,1.866950000000001,8.19195,7.297050000000013
GlcNAc(b1-3)GalNAc(a1-Sp14,5.038400000000003,4.996124999999998,-1.9187999999999992
GlcNAc(b1-3)Gal(b1-Sp8,9.96205,7.321224999999997,7.16155
GlcNAc(b1-3)Gal(b1-4)GlcNAc(b1-Sp0,1.883275,0.5477750000000006,3.790974999999997
GlcNAc(b1-3)Gal(b1-4)GlcNAc(b1-Sp8,1.7239250000000013,-1.3832999999999993,-2.3441249999999982
GlcNAc(b1-3)Gal(b1-4)GlcNAc(b1-3)Gal(b1-4)GlcNAc(b1-Sp0,1.8885000000000003,6.406225000000003,2.2889
GlcNAc(b1-3)Gal(b1-4)Glc(b1-Sp0,-0.2618000000000009,-1.263125,2.3425
GlcNAc(b1-4)(a1-MDPLys,1.7513750000000012,2.6819999999999986,5.833050000000004
GlcNAc(b1-6)[GlcNAc(b1-4)]GalNAc(a1-Sp8,-0.8674,5.646424999999999,-6.714199999999997
GlcNAc(b1-4)Gal(b1-4)GlcNAc(b1-Sp8,-2.4274499999999986,0.8372500000000009,-0.3029250000000037
GlcNAc(b1-4)GlcNAc(b1-4)GlcNAc(b1-4)GlcNAc(b1-4)GlcNAc(b1-4)GlcNAc(b1-Sp8,20.04965,9.578400000000004,4.128674999999999
GlcNAc(b1-4)GlcNAc(b1-4)GlcNAc(b1-4)GlcNAc(b1-4)GlcNAc(b1-Sp8,23.318375000000003,-1.0459000000000014,11.15675
GlcNAc(b1-4)GlcNAc(b1-4)GlcNAc(b1-Sp8,2.922099999999995,5.74125,4.677175000000002
GlcNAc(b1-6)GalNAc(a1-Sp8,4.1515,-1.3207249999999997,198.82745000000008
GlcNAc(b1-6)GalNAc(a1-Sp14,8.096275,9.692375000000002,19.380650000000013
GlcNAc(b1-6)Gal(b1-4)GlcNAc(b1-Sp8,6.5637250000000025,28.899925000000003,535.4929
Glc(a1-4)Glc(b1-Sp8,4.967674999999995,9.539925000000002,3.8096000000000023
Glc(a1-4)Glc(a1-Sp8,3.0997999999999983,-1.3295999999999992,7.803774999999997
Glc(a1-6)Glc(a1-6)Glc(b1-Sp8,7.5527,-0.90325,3.6
Glc(b1-4)Glc(b1-Sp8,5.307850000000002,2.506824999999999,13.805650000000002
Glc(b1-6)Glc(b1-Sp8,11.737350000000005,13.237299999999998,9.69405
G-ol(a1-Sp8,12.560200000000002,8.502025000000001,7.402474999999999
GlcA(a1-Sp8,-0.8626749999999994,5.669300000000002,-1.756524999999998
GlcA(b1-Sp8,8.849175000000002,19.300025,28.40172500000001
GlcA(b1-3)Gal(b1-Sp8,6.786075000000002,16.4513,-2.1327749999999988
GlcA(b1-6)Gal(b1-Sp8,14.341474999999996,4.071450000000001,4.5484500000000025
KDN(a2-3)Gal(b1-3)GlcNAc(b1-Sp0,5.666375000000002,6.335125,9.898975000000002
KDN(a2-3)Gal(b1-4)GlcNAc(b1-Sp0,-3.5222749999999987,16.770724999999995,-2.8246
Man(a1-2)Man(a1-2)Man(a1-3)Man(a1-Sp9,5.468374999999997,2.454649999999999,6.6674500000000005
Man(a1-2)Man(a1-6)[Man(a1-2)Man(a1-3)]Man(a1-Sp9,3.4331749999999994,9.1611,2.217200000000001
Man(a1-2)Man(a1-3)Man(a1-Sp9,10.1995,6.465525000000001,6.4907
Man(a1-6)[Man(a1-2)Man(a1-3)]Man(a1-6)[Man(a1-2)Man(a1-3)]Man(b1-4)GlcNAc(b1-4)GlcNAc(b1-Sp12,2.652575,12.714024999999992,-3.914649999999998
Man(a1-2)Man(a1-6)[Man(a1-3)]Man(a1-6)[Man(a1-2)Man(a1-2)Man(a1-3)]Man(b1-4)GlcNAc(b1-4)GlcNAc(b1-Sp12,5.982225,-1.6904999999999983,26.592825
Man(a1-2)Man(a1-6)[Man(a1-2)Man(a1-3)]Man(a1-6)[Man(a1-2)Man(a1-2)Man(a1-3)]Man(b1-4)GlcNAc(b1-4)GlcNAc(b1-Sp12,30.3539,4.578775,355.54035000000016
Man(a1-6)[Man(a1-3)]Man(a1-Sp9,-1.5682249999999982,12.311725,2.4406
Man(a1-2)Man(a1-2)Man(a1-6)[Man(a1-3)]Man(a1-Sp9,14.727125000000008,5.334349999999997,21.578675
Man(a1-6)[Man(a1-3)]Man(a1-6)[Man(a1-2)Man(a1-3)]Man(b1-4)GlcNAc(b1-4)GlcNAc(b1-Sp12,24.574674999999985,22.615275,27.0225
Man(a1-6)[Man(a1-3)]Man(a1-6)[Man(a1-3)]Man(b1-4)GlcNAc(b1-4)GlcNAc(b1-Sp12,14.340650000000005,32.522775,10.298425000000002
Man(b1-4)GlcNAc(b1-Sp0,12.843425,-0.4225000000000012,-5.675649999999999
Neu5Ac(a2-3)Gal(b1-4)GlcNAc(b1-3)Gal(b1-4)[Fuc(a1-3)]GlcNAc(b1-Sp0,1.7696249999999978,7.832900000000002,2.815
(3S)Gal(b1-4)[Fuc(a1-3)](6S)GlcNAc(b1-Sp8,-2.160375,7.68934999999999,-0.3747000000000007
Fuc(a1-2)(6S)Gal(b1-4)GlcNAc(b1-Sp0,1.4388249999999978,3.64395,-1.4761000000000006
Fuc(a1-2)Gal(b1-4)(6S)GlcNAc(b1-Sp8,8.917625000000003,2.484924999999997,1.6897750000000027
Fuc(a1-2)(6S)Gal(b1-4)(6S)Glc(b1-Sp0,3.1562749999999986,5.062949999999995,4.9360250000000025
Neu5Ac(a2-3)Gal(b1-3)GalNAc(a1-Sp8,6.9704,0.3409749999999985,8.231124999999999
Neu5Ac(a2-3)Gal(b1-3)GalNAc(a1-Sp14,-2.9566,3.138125,-4.077175
GalNAc(b1-4)[Neu5Ac(a2-8)Neu5Ac(a2-8)Neu5Ac(a2-8)Neu5Ac(a2-3)]Gal(b1-4)Glc(b1-Sp0,11.466550000000002,4.521925000000003,14.43375
GalNAc(b1-4)[Neu5Ac(a2-8)Neu5Ac(a2-8)Neu5Ac(a2-3)]Gal(b1-4)Glc(b1-Sp0,-1.1119999999999992,1.5395000000000003,1.9333249999999984
Neu5Ac(a2-8)Neu5Ac(a2-8)Neu5Ac(a2-3)Gal(b1-4)Glc(b1-Sp0,17.106449999999995,-2.661900000000001,18.907725000000006
GalNAc(b1-4)[Neu5Ac(a2-8)Neu5Ac(a2-3)]Gal(b1-4)Glc(b1-Sp0,-2.49515,-3.8961249999999983,-9.21115
Neu5Ac(a2-8)Neu5Ac(a2-8)Neu5Ac(a1-Sp8,1.8976000000000008,-2.6343500000000004,-12.218875
Neu5Ac(a2-3)(6S)Gal(b1-4)[Fuc(a1-3)]GlcNAc(b1-Sp8,4.702275,-2.223250000000001,-2.100075000000002
GalNAc(b1-4)[Neu5Ac(a2-3)]Gal(b1-4)GlcNAc(b1-Sp0,1.1620000000000008,9.095425000000002,9.941424999999997
GalNAc(b1-4)[Neu5Ac(a2-3)]Gal(b1-4)GlcNAc(b1-Sp8,13.523249999999996,0.1653999999999991,-3.965075
GalNAc(b1-4)[Neu5Ac(a2-3)]Gal(b1-4)Glc(b1-Sp0,6.015974999999997,-0.9194000000000004,-2.9672
Neu5Ac(a2-3)Gal(b1-3)GalNAc(b1-4)[Neu5Ac(a2-3)]Gal(b1-4)Glc(b1-Sp0,1.689824999999999,10.6637,-1.722574999999999
Neu5Ac(a2-6)[Neu5Ac(a2-3)]GalNAc(a1-Sp8,8.46475,-0.05212499999999931,-15.248725
Neu5Ac(a2-3)GalNAc(a1-Sp8,-0.3312250000000017,-0.6860250000000008,-8.90095
Neu5Ac(a2-3)GalNAc(b1-4)GlcNAc(b1-Sp0,-0.23132499999999825,-3.827625000000001,1.3009749999999976
Neu5Ac(a2-3)Gal(b1-3)(6S)GlcNAc(a1-Sp8,18.033,27.553225000000005,25.642299999999995
Neu5Ac(a2-3)Gal(b1-3)[ Fuc(a1-4)]GlcNAc(b1-Sp8,4.622775000000002,1.854525000000006,9.883025
Neu5Ac(a2-3)Gal(b1-3)[Fuc(a1-4)]GlcNAc(b1-3)Gal(b1-4)[Fuc(a1-3)]GlcNAc(b1-Sp0,9.155225000000002,14.170800000000005,51.34930000000002
Neu5Ac(a2-3)Gal(b1-4)[Neu5Ac(a2-3)Gal(b1-3)]GlcNAc(b1-Sp8,-4.884950000000004,-5.6649499999999975,-5.861699999999997
Neu5Ac(a2-3)Gal(b1-3)(6S)GalNAc(a1-Sp8,22.038675,13.529875,36.501
Neu5Ac(a2-6)[Neu5Ac(a2-3)Gal(b1-3)]GalNAc(a1-Sp8,14.311850000000005,2.620225,70.229275
Neu5Ac(a2-6)[Neu5Ac(a2-3)Gal(b1-3)]GalNAc(a1-Sp14,2.3490500000000054,63.82139999999999,86.292925
Neu5Ac(a2-3)Gal(b1-Sp8,2.4845750000000004,6.616375,0.1190250000000006
Neu5Ac(a2-3)Gal(b1-3)GalNAc(b1-3)Gal(a1-4)Gal(b1-4)Glc(b1-Sp0,21.525325,18.586375000000004,21.357450000000004
Neu5Ac(a2-3)Gal(b1-3)GlcNAc(b1-3)Gal(b1-4)GlcNAc(b1-Sp0,10.554850000000002,-1.9275,5.094800000000003
Fuc(a1-2)(6S)Gal(b1-4)Glc(b1-Sp0,3.428849999999997,7.168949999999999,9.9347
Neu5Ac(a2-3)Gal(b1-3)GlcNAc(b1-Sp0,2.1088000000000022,0.6637249999999986,-2.9741250000000026
Neu5Ac(a2-3)Gal(b1-3)GlcNAc(b1-Sp8,0.4459750000000007,-1.2892750000000015,-2.9200500000000043
Neu5Ac(a2-3)Gal(b1-4)(6S)GlcNAc(b1-Sp8,-6.877525000000002,-1.2003249999999976,-11.590375000000005
Neu5Ac(a2-3)Gal(b1-4)[Fuc(a1-3)](6S)GlcNAc(b1-Sp8,1.8042,-6.243499999999999,-12.749325000000004
Neu5Ac(a2-3)Gal(b1-4)[Fuc(a1-3)]GlcNAc(b1-3)Gal(b1-4)[Fuc(a1-3)]GlcNAc(b1-3)Gal(b1-4)[Fuc(a1-3)]GlcNAc(b1-Sp0,5.434024999999997,17.685575000000007,12.551799999999998
Neu5Ac(a2-3)Gal(b1-4)[Fuc(a1-3)]GlcNAc(b1-Sp0,1.4533499999999997,2.448525000000001,1.3786499999999997
Neu5Ac(a2-3)Gal(b1-4)[Fuc(a1-3)]GlcNAc(b1-Sp8,7.737275,5.696375,-4.284175
Neu5Ac(a2-3)Gal(b1-4)[Fuc(a1-3)]GlcNAc(b1-3)Gal(b1-Sp8,1.4934000000000005,3.52075,-5.0996000000000015
Neu5Ac(a2-3)Gal(b1-4)[Fuc(a1-3)]GlcNAc(b1-3)Gal(b1-4)GlcNAc(b1-Sp8,13.110275,16.35855,24.349925
Neu5Ac(a2-3)Gal(b1-4)GlcNAc(b1-3)Gal(b1-4)GlcNAc(b1-3)Gal(b1-4)GlcNAc(b1-Sp0,4.714924999999997,1.938675000000004,-2.968599999999997
Neu5Ac(a2-3)Gal(b1-4)GlcNAc(b1-Sp0,2.1470249999999966,-4.49375,-4.47655
Neu5Ac(a2-3)Gal(b1-4)GlcNAc(b1-Sp8,9.268525,15.880950000000004,-13.423350000000005
Neu5Ac(a2-3)Gal(b1-4)GlcNAc(b1-3)Gal(b1-4)GlcNAc(b1-Sp0,-0.7625750000000009,9.39515,-6.653625000000003
Fuc(a1-2)Gal(b1-4)(6S)Glc(b1-Sp0,10.514575000000002,7.719975000000002,18.647949999999987
Neu5Ac(a2-3)Gal(b1-4)Glc(b1-Sp0,7.4385249999999985,22.744225,13.695375
Neu5Ac(a2-3)Gal(b1-4)Glc(b1-Sp8,0.05444999999999745,3.375100000000004,4.2248999999999945
Neu5Ac(a2-6)GalNAc(a1-Sp8,-2.817700000000001,9.818125,-3.2898500000000004
Neu5Ac(a2-6)GalNAc(b1-4)GlcNAc(b1-Sp0,4.818924999999998,3.2686249999999983,-0.8665749999999974
Neu5Ac(a2-6)Gal(b1-4)(6S)GlcNAc(b1-Sp8,1.1623249999999992,4.082550000000001,-4.736325
Neu5Ac(a2-6)Gal(b1-4)GlcNAc(b1-Sp0,3.4901249999999986,3.0403499999999983,-5.009475
Neu5Ac(a2-6)Gal(b1-4)GlcNAc(b1-Sp8,0.16284999999999886,8.745799999999996,13.847924999999995
Neu5Ac(a2-6)Gal(b1-4)GlcNAc(b1-3)Gal(b1-4)[Fuc(a1-3)]GlcNAc(b1-3)Gal(b1-4)[Fuc(a1-3)]GlcNAc(b1-Sp0,10.535625,10.394225,2.100824999999997
Neu5Ac(a2-6)Gal(b1-4)GlcNAc(b1-3)Gal(b1-4)GlcNAc(b1-Sp0,7.208099999999997,9.499249999999998,5.507650000000003
Neu5Ac(a2-6)Gal(b1-4)Glc(b1-Sp0,6.231125000000002,2.309775,3.868900000000004
Neu5Ac(a2-6)Gal(b1-4)Glc(b1-Sp8,9.48665,14.109625,10.582575
Neu5Ac(a2-6)Gal(b1-Sp8,3.3255250000000043,2.315274999999998,-0.6100000000000029
Neu5Ac(a2-8)Neu5Ac(a1-Sp8,3.3238749999999992,2.1168250000000004,-0.08882500000000347
Neu5Ac(a2-8)Neu5Ac(a2-3)Gal(b1-4)Glc(b1-Sp0,-0.4927999999999981,5.113849999999999,5.623900000000003
Gal(b1-3)[Fuc(a1-4)]GlcNAc(b1-3)Gal(b1-3)[Fuc(a1-4)]GlcNAc(b1-Sp0,6.106450000000002,31.303525,906.1422
Neu5Ac(b2-6)GalNAc(a1-Sp8,5.357275000000001,-0.3954750000000011,5.605575
Neu5Ac(b2-6)Gal(b1-4)GlcNAc(b1-Sp8,4.703525000000001,3.2346000000000017,-7.96725
Neu5Gc(a2-3)Gal(b1-3)[Fuc(a1-4)]GlcNAc(b1-Sp0,1.04915,11.246400000000005,-2.976175
Neu5Gc(a2-3)Gal(b1-3)GlcNAc(b1-Sp0,3.418175,6.635600000000002,1.5443499999999997
Neu5Gc(a2-3)Gal(b1-4)[Fuc(a1-3)]GlcNAc(b1-Sp0,0.918825,-0.4384249999999996,2.5602000000000023
Neu5Gc(a2-3)Gal(b1-4)GlcNAc(b1-Sp0,4.4839249999999975,4.919550000000003,-2.262300000000001
Neu5Gc(a2-3)Gal(b1-4)Glc(b1-Sp0,3.74405,4.607950000000017,2.13625
Neu5Gc(a2-6)GalNAc(a1-Sp0,11.92885,2.055325,14.263699999999995
Neu5Gc(a2-6)Gal(b1-4)GlcNAc(b1-Sp0,6.335625,18.677775,6.193299999999998
Neu5Gc(a1-Sp8,19.71935,19.499250000000004,9.159075
Neu5Ac(a2-3)Gal(b1-4)GlcNAc(b1-6)[Gal(b1-3)]GalNAc(a1-Sp14,37.55772500000001,168.97680000000003,1325.5755250000002
Gal(b1-3)GlcNAc(b1-3)Gal(b1-3)GlcNAc(b1-Sp0,178.44375,820.7834500000001,4787.296549999999
Gal(b1-4)[Fuc(a1-3)](6S)GlcNAc(b1-Sp0 ,2181.7016750000007,9198.46355,25395.388275
Gal(b1-4)[Fuc(a1-3)](6S)Glc(b1-Sp0,48.79170000000001,249.66705,2146.845875
Gal(b1-4)[Fuc(a1-3)]GlcNAc(b1-3)Gal(b1-3)[Fuc(a1-4)]GlcNAc(b1-Sp0,727.2948999999999,5077.068449999999,15881.736549999998
Gal(b1-4)GlcNAc(b1-3)Gal(b1-3)GlcNAc(b1-Sp0,9.053024999999998,1.4012000000000011,-0.452650000000002
Neu5Ac(a2-3)Gal(b1-3)GlcNAc(b1-3)Gal(b1-3)GlcNAc(b1-Sp0,10.314650000000002,6.4500249999999975,4.455725000000003
Neu5Ac(a2-3)Gal(b1-4)GlcNAc(b1-3)Gal(b1-3)GlcNAc(b1-Sp0,-3.5528000000000013,-0.3386250000000004,-1.755625
4S(3S)Gal(b1-4)GlcNAc(b1-Sp0,-0.041025000000002976,-4.690075,-1.6008250000000075
(6S)Gal(b1-4)(6S)GlcNAc(b1-Sp0,-3.1629499999999977,-1.4644500000000011,-1.8102250000000009
(6P)Glc(b1-Sp10,2.3194000000000017,13.543649999999996,18.87565
Neu5Ac(a2-3)Gal(b1-4)[Fuc(a1-3)]GlcNAc(b1-6)[Gal(b1-3)]GalNAc(a1-Sp14,22.754175000000004,27.7562,27.011525
Gal(b1-3)Gal(b1-4)GlcNAc(b1-Sp8,16.575799999999994,1.924250000000001,35.28175
Neu5Ac(a2-6)Gal(b1-4)GlcNAc(b1-2)Man(a1-6)[Gal(b1-4)GlcNAc(b1-2)Man(a1-3)]Man(b1-4)GlcNAc(b1-4)GlcNAc(b1-Sp12,4.873399999999997,76.00475,2018.4179
Gal(b1-4)GlcNAc(b1-6)[Gal(b1-4)GlcNAc(b1-3)]Gal(b1-4)GlcNAc(a1-Sp0,392.70859999999993,5771.422050000001,31918.0014
GlcNAc(b1-6)[Gal(b1-4)GlcNAc(b1-3)]Gal(b1-4)GlcNAc(a1-Sp0,61.64755,530.578125,9890.10755
Gal(b1-4)GlcNAc(a1-6)Gal(b1-4)GlcNAc(b1-Sp0,2602.383825000001,7880.055299999997,21936.829475
Gal(b1-4)GlcNAc(b1-6)Gal(b1-4)GlcNAc(b1-Sp0,63.557175,496.331175,7191.4279499999975
GalNAc(b1-3)Gal(b1-Sp8,2157.213725,4816.90415,16485.041325
GlcA(b1-3)GlcNAc(b1-Sp8,2.6716749999999987,3.3733500000000003,-5.235050000000005
Neu5Ac(a2-6)Gal(b1-4)GlcNAc(b1-2)Man(a1-6)[GlcNAc(b1-2)Man(a1-3)]Man(b1-4)GlcNAc(b1-4)GlcNAc(b1-Sp12,15.074949999999996,5.030749999999999,12.786025
GlcNAc(b1-3)Ma(n1-Sp10,4.365224999999999,10.235725000000008,22.9533
GlcNAc(b1-4)GlcNAc(b1-Sp10,7.435274999999999,-1.9361250000000003,-5.142675000000004
GlcNAc(b1-4)GlcNAc(b1-Sp12,2.276225,4.9467250000000025,6.83905
MurNAc(b1-4)GlcNAc(b1-Sp10,-2.8966999999999987,3.7424750000000016,1.0616500000000038
Man(a1-6)Man(b1-Sp10,11.324575,-1.1332250000000013,14.441125
Man(a1-6)[Man(a1-3)]Man(a1-6)[Man(a1-3)]Man(b1-Sp10,6.880850000000002,11.228924999999995,4.3517250000000045
Man(a1-2)Man(a1-6)[Man(a1-3)]Man(a1-6)[Man(a1-2)Man(a1-2)Man(a1-3)]Man(a1-Sp9,10.283899999999992,4.507,18.964749999999995
Man(a1-2)Man(a1-6)[Man(a1-2)Man(a1-3)]Man(a1-6)[Man(a1-2)Man(a1-2)Man(a1-3)]Man(a1-Sp9,-3.334224999999998,2.61125,0.2717500000000008
Neu5Ac(a2-3)Gal(b1-4)GlcNAc(b1-6)[Neu5Ac(a2-3)Gal(b1-3)]GalNAc(a1-Sp14,-1.0665750000000005,5.2202,1.0724499999999964
Neu5Ac(a2-6)Gal(b1-4)GlcNAc(b1-2)Man(a1-6)[Neu5Ac(a2-3)Gal(b1-4)GlcNAc(b1-2)Man(a1-3)]Man(b1-4)GlcNAc(b1-4)GlcNAc(b1-Sp12,0.8327000000000009,-2.7279000000000018,-5.731875
Gal(b1-4)GlcNAc(b1-2)Man(a1-6)[Neu5Ac(a2-6)Gal(b1-4)GlcNAc(b1-2)Man(a1-3)]Man(b1-4)GlcNAc(b1-4)GlcNAc(b1-Sp12,5.9366,1.1125500000000006,19.043025
GlcNAc(b1-2)Man(a1-6)[Neu5Ac(a2-6)Gal(b1-4)GlcNAc(b1-2)Man(a1-3)]Man(b1-4)GlcNAc(b1-4)GlcNAc(b1-Sp12,1.303125,-3.9790500000000284,-2.693475000000003
Neu5Ac(a2-8)Neu5Ac(b1-Sp17,0.3492000000000033,11.496100000000006,6.955049999999996
Neu5Ac(a2-8)Neu5Ac(a2-8)Neu5Ac(b1-Sp8,-1.1671999999999991,-0.5807749999999992,-1.7034250000000009
Neu5Gc(b2-6)Gal(b1-4)GlcNAc(a1-Sp8,20.157824999999995,20.6075,-4.295425000000002
Gal(b1-3)GlcNAc(b1-2)Man(a1-6)[Gal(b1-3)GlcNAc(b1-2)Man(a1-3)]Man(b1-4)GlcNAc(b1-4)GlcNAc(b1-Sp19,3383.2254499999995,20768.776825,35123.667675000004
Neu5Ac(a2-3)Gal(b1-4)GlcNAc(b1-2)Man(a1-6)[Neu5Ac(a2-3)Gal(b1-4)GlcNAc(b1-2)Man(a1-3)]Man(b1-4)GlcNAc(b1-4)GlcNAc(b1-Sp12,-0.354275000000003,4.3393000000000015,-5.342699999999999
Neu5Ac(a2-3)Gal(b1-4)GlcNAc(b1-2)Man(a1-6)[Neu5Ac(a2-6)Gal(b1-4)GlcNAc(b1-2)Man(a1-3)]Man(b1-4)GlcNAc(b1-4)GlcNAc(b1-Sp12,7.904724999999999,0.6035250000000003,-4.296149999999999
Gal(b1-4)[Fuc(a1-3)]GlcNAc(b1-2)Man(a1-6)[Gal(b1-4)[Fuc(a1-3)]GlcNAc(b1-2)Man(a1-3)]Man(b1-4)GlcNAc(b1-4)GlcNAc(b1-Sp20,1088.860675,5061.2205749999985,10598.194025
"Neu5,9Ac2(a2-3)Gal(b1-4)GlcNAc(b1-Sp0",17.761675,5.504599999999997,4.828374999999999
"Neu5,9Ac2(a2-3)Gal(b1-4)GlcNAc(b1-Sp0",-4.547200000000002,0.960625,14.182724999999998
Neu5Ac(a2-6)Gal(b1-4)GlcNAc(b1-3)Gal(b1-3)GlcNAc(b1-Sp0,12.065725,-0.16157499999999916,-1.7035250000000026
Neu5Ac(a2-3)Gal(b1-3)[Fuc(a1-4)]GlcNAc(b1-3)Gal(b1-3)[Fuc(a1-4)]GlcNAc(b1-Sp0,23.6217,54.18887499999999,69.24029999999999
Neu5Ac(a2-6)Gal(b1-4)GlcNAc(b1-3)Gal(b1-4)GlcNAc(b1-3)Gal(b1-4)GlcNAc(b1-Sp0,1.0301749999999998,2.487400000000001,6.9331
Gal(a1-4)Gal(b1-4)GlcNAc(b1-3)Gal(b1-4)Glc(b1-Sp0,6.956749999999996,15.728875000000002,5.959325000000002
GalNAc(b1-3)Gal(a1-4)Gal(b1-4)GlcNAc(b1-3)Gal(b1-4)Glc(b1-Sp0,849.699325,2836.003025,10249.662925
GalNAc(a1-3)[Fuc(a1-2)]Gal(b1-4)GlcNAc(b1-3)Gal(b1-4)GlcNAc(b1-Sp0,8.673974999999999,0.927274999999998,3.848074999999996
GalNAc(a1-3)[Fuc(a1-2)]Gal(b1-4)GlcNAc(b1-3)Gal(b1-4)GlcNAc(b1-3)Gal(b1-4)GlcNAc(b1-Sp0,7.006599999999999,30.120349999999995,28.6127
Neu5Ac(a2-3)Gal(b1-4)[Fuc(a1-3)]GlcNAc(b1-6)[Neu5Ac(a2-3)Gal(b1-3)]GalNAc(a1-Sp14,23.531225,52.18412499999999,50.88389999999999
GlcNAc(a1-4)Gal(b1-4)GlcNAc(b1-3)Gal(b1-4)GlcNAc(b1-3)Gal(b1-4)GlcNAc(b1-Sp0,11.377575,11.63685,4.34535
GlcNAc(a1-4)Gal(b1-4)GlcNAc(b1-Sp0,3.7716249999999993,0.6068750000000023,1.9109
GlcNAc(a1-4)Gal(b1-3)GlcNAc(b1-Sp0,1.3870000000000005,9.117749999999996,4.785949999999996
GlcNAc(a1-4)Gal(b1-4)GlcNAc(b1-3)Gal(b1-4)Glc(b1-Sp0,3.3517749999999986,6.905824999999991,-5.386824999999997
GlcNAc(a1-4)Gal(b1-4)GlcNAc(b1-3)Gal(b1-4)[Fuc(a1-3)]GlcNAc(b1-3)Gal(b1-4)[Fuc(a1-3)]GlcNAc(b1-Sp0,12.781475,34.61765,308.3931750000001
GlcNAc(a1-4)Gal(b1-4)GlcNAc(b1-3)Gal(b1-4)GlcNAc(b1-Sp0,1.0015249999999971,10.181349999999997,3.905
GlcNAc(a1-4)Gal(b1-3)GalNAc(a1-Sp14,3.8264000000000067,2.3425749999999983,7.672574999999997
Neu5Ac(a2-6)Gal(b1-4)GlcNAc(b1-2)Man(a1-6)[Man(a1-3)]Man(b1-4)GlcNAc(b1-4)GlcNAc(a1-Sp12,-4.386525000000002,0.9426499999999997,-4.4141
Man(a1-6)[Neu5Ac(a2-6)Gal(b1-4)GlcNAc(b1-2)Man(a1-3)]Man(b1-4)GlcNAc(b1-4)GlcNAc(a1-Sp12,4.134824999999998,9.680675000000004,4.077250000000001
Neu5Ac(a2-6)Gal(b1-4)GlcNAc(b1-2)Man(a1-6)Man(b1-4)GlcNAc(b1-4)GlcNAc(a1-Sp12,2.153299999999998,-0.607350000000002,3.613299999999997
Neu5Ac(a2-6)Gal(b1-4)GlcNAc(b1-2)Man(a1-3)Man(b1-4)GlcNAc(b1-4)GlcNAc(a1-Sp12,-0.4870750000000026,2.6717000000000013,-2.2458499999999955
Gal(b1-4)GlcNAc(b1-2)Man(a1-3)Man(b1-4)GlcNAc(b1-4)GlcNAc(a1-Sp12,6.468150000000001,7.884849999999997,533.5346
Gal(b1-4)GlcNAc(b1-2)Man(a1-6)Man(b1-4)GlcNAc(b1-4)GlcNAc(a1-Sp12,0.7598000000000021,4.168249999999999,14.649875000000002
Man(a1-6)[Gal(b1-4)GlcNAc(b1-2)Man(a1-3)]Man(b1-4)GlcNAc(b1-4)GlcNAc(b1-Sp12,0.40375,2.544174999999999,208.515075
GlcNAc(b1-2)Man(a1-6)[GlcNAc(b1-2)Man(a1-3)]Man(b1-4)GlcNAc(b1-4)[Fuc(a1-6)]GlcNAc(b1-Sp22,5.62515,16.28165,39.96625
Gal(b1-4)GlcNAc(b1-2)Man(a1-6)[Gal(b1-4)GlcNAc(b1-2)Man(a1-3)]Man(b1-4)GlcNAc(b1-4)[Fuc(a1-6)]GlcNAc(b1-Sp22,8.559799999999997,10.478725000000004,67.26027500000001
Gal(b1-3)GlcNAc(b1-2)Man(a1-6)[Gal(b1-3)GlcNAc(b1-2)Man(a1-3)]Man(b1-4)GlcNAc(b1-4)[Fuc(a1-6)]GlcNAc(b1-Sp22,402.2145,1939.71605,7530.999075
(6S)GlcNAc(b1-3)Gal(b1-4)GlcNAc(b1-Sp0,11.854925,34.44292499999999,1134.9483
KDN(a2-3)Gal(b1-4)[Fuc(a1-3)]GlcNAc(a1-Sp0,6.439725000000003,14.709625000000004,36.970225000000006
KDN(a2-6)Gal(b1-4)GlcNAc(a1-Sp0,12.479149999999995,22.4163,7.864274999999999
KDN(a2-3)Gal(b1-4)Glc(a1-Sp0,9.950949999999997,5.113525000000001,6.262424999999998
KDN(a2-3)Gal(b1-3)GalNAc(a1-Sp14,0.12914999999999746,22.169225,4.391400000000001
Fuc(a1-2)Gal(b1-3)GlcNAc(b1-2)Man(a1-6)[Fuc(a1-2)Gal(b1-3)GlcNAc(b1-2)Man(a1-3)]Man(b1-4)GlcNAc(b1-4)GlcNAc(b1-Sp20,33.43627500000001,41.39315,77.16762500000002
Fuc(a1-2)Gal(b1-4)GlcNAc(b1-2)Man(a1-6)[Fuc(a1-2)Gal(b1-4)GlcNAc(b1-2)Man(a1-3)]Man(b1-4)GlcNAc(b1-4)GlcNAc(b1-Sp20,20.8068,17.043275,14.6061
Fuc(a1-2)Gal(b1-4)[Fuc(a1-3)]GlcNAc(b1-2)Man(a1-6)[Fuc(a1-2)Gal(b1-4)[Fuc(a1-3)]GlcNAc(b1-2)Man(a1-3)]Man(b1-4)GlcNAc(b1-4)GlcNA(b1-Sp20,8.624575000000005,11.347824999999995,34.809574999999995
Gal(a1-3)Gal(b1-4)GlcNAc(b1-2)Man(a1-6)[Gal(a1-3)Gal(b1-4)GlcNAc(b1-2)Man(a1-3)]Man(b1-4)GlcNAc(b1-4)GlcNAc(b1-Sp20,449.8218249999998,1809.7023,14308.421975
Gal(b1-4)GlcNAc(b1-2)Man(a1-6)[Man(a1-3)]Man(b1-4)GlcNAc(b1-4)GlcNAc(b1-Sp12,1.993850000000002,0.8046750000000005,148.6895
Fuc(a1-4)[Gal(b1-3)]GlcNAc(b1-2)Man(a1-6)[Fuc(a1-4)[Gal(b1-3)]GlcNAc(b1-2)Man(a1-3)]Man(b1-4)GlcNAc(b1-4)[Fuc(a1-6)]GlcNAc(b1-Sp22,43.10635,79.115425,224.5483
Neu5Ac(a2-6)GlcNAc(b1-4)GlcNAc(a1-Sp21,-1.4085249999999991,16.212250000000008,-11.001875
Neu5Ac(a2-6)GlcNAc(b1-4)GlcNAc(b1-4)GlcNAc(a1-Sp21,3.9360250000000008,2.044375,-6.874474999999999
Gal(b1-4)[Fuc(a1-3)]GlcNAc(b1-6)[Fuc(a1-2)Gal(b1-4)GlcNAc(b1-3)]Gal(b1-4)Glc(a1-Sp21,831.157025,7850.064600000002,24228.184425
Gal(b1-4)GlcNAc(b1-2)Man(a1-6)[Gal(b1-4)GlcNAc(b1-4)[Gal(b1-4)GlcNAc(b1-2)]Man(a1-3)]Man(b1-4)GlcNAc(b1-4)GlcNAc(a1-Sp21,217.28275,2483.8998250000004,8655.788349999999
GalNAc(a1-3)[Fuc(a1-2)]Gal(b1-4)GlcNAc(b1-2)Man(a1-6)[GalNAc(a1-3)[Fuc(a1-2)]Gal(b1-4)GlcNAc(b1-2)Man(a1-3)]Man(b1-4)GlcNAc(b1-4)GlcNAc(b1-Sp20,0.27372500000000155,1.855475,-2.355499999999996
Gal(a1-3)[Fuc(a1-2)]Gal(b1-4)GlcNAc(b1-2)Man(a1-6)[Gal(a1-3)[Fuc(a1-2)]Gal(b1-4)GlcNAc(b1-2)Man(a1-3)]Man(b1-4)GlcNAc(b1-4)GlcNAc(b1-Sp20,12.4,9.472275000000002,-5.102125000000001
Gal(a1-3)Gal(b1-4)[Fuc(a1-3)]GlcNAc(b1-2)Man(a1-6)[Gal(a1-3)Gal(b1-4)[Fuc(a1-3)]GlcNAc(b1-2)Man(a1-3)]Man(b1-4)GlcNAc(b1-4)GlcNAc(b1-Sp20,3.8427000000000007,-3.4775,128.08502500000003
GalNAc(a1-3)[Fuc(a1-2)]Gal(b1-3)GlcNAc(b1-2)Man(a1-6)[GalNAc(a1-3)[Fuc(a1-2)]Gal(b1-3)GlcNAc(b1-2)Man(a1-3)]Man(b1-4)GlcNAc(b1-4)GlcNAc(b1-Sp20,3.856275000000002,4.269024999999999,10.017375
Gal(a1-3)[Fuc(a1-2)]Gal(b1-3)GlcNAc(b1-2)Man(a1-6)[Gal(a1-3)[Fuc(a1-2)]Gal(b1-3)GlcNAc(b1-2)Man(a1-3)]Man(b1-4)GlcNAc(b1-4)GlcNAc(b1-Sp20,8.913150000000002,15.539725000000002,17.848775000000003
Fuc(a1-4)[Fuc(a1-2)Gal(b1-3)]GlcNAc(b1-2)Man(a1-3)[Fuc(a1-4)[Fuc(a1-2)Gal(b1-3)]GlcNAc(b1-2)Man(a1-3)]Man(b1-4)GlcNAc(b1-4)GlcNAc(b1-Sp19,10.99335,27.5188,44.864725
Neu5Ac(a2-3)Gal(b1-4)GlcNAc(b1-3)GalNAc(a1-Sp14,-0.07417499999999855,-2.896450000000001,3.149150000000004
Neu5Ac(a2-6)Gal(b1-4)GlcNAc(b1-3)GalNAc(a1-Sp14,2.998125,1.3491,15.827799999999998
Neu5Ac(a2-3)Gal(b1-4)[Fuc(a1-3)]GlcNAc(b1-3)GalNAc(a1-Sp14,15.298049999999995,18.872,35.99207500000001
GalNAc(b1-4)GlcNAc(b1-2)Man(a1-6)[GalNAc(b1-4)GlcNAc(b1-2)Man(a1-3)]Man(b1-4)GlcNAc(b1-4)GlcNAc(a1-Sp12,83.250925,166.11645,937.5048
Gal(b1-3)GalNAc(a1-3)[Fuc(a1-2)]Gal(b1-4)Glc(a1-Sp0,1400.6313,6145.516249999999,16650.7246
Gal(b1-3)GalNAc(a1-3)[Fuc(a1-2)]Gal(b1-4)GlcNAc(a1-Sp0,1801.738125,7715.69745,20199.545974999994
Gal(b1-3)GlcNac(b1-3)Gal(b1-4)GlcNac(b1-6)[Gal(b1-3)GlcNac(b1-3)]Gal(b1-4)Glc(b1-Sp0,2425.1853750000005,9038.724525,29732.551200000005
Gal(b1-4)[Fuc(a1-3)]GlcNAc(b1-6)[Gal(b1-3)GlcNAc(b1-3)]Gal(b1-4)Glc(a1-Sp21,1538.0147249999993,5304.7975000000015,17740.186425
Gal(b1-4)GlcNAc(b1-6)[Fuc(a1-4)[Fuc(a1-2)Gal(b1-3)]GlcNAc(b1-3)]Gal(b1-4)Glc(a1-Sp21,10.674025,47.32787500000001,934.108375
Gal(b1-4)[Fuc(a1-3)]GlcNAc(b1-6)[Fuc(a1-4)[Fuc(a1-2)Gal(b1-3)]GlcNAc(b1-3)]Gal(b1-4)Glc(a1-Sp21,334.598025,2494.4496749999994,15833.816000000004
Gal(b1-3)GlcNAc(b1-3)Gal(b1-4)[Fuc(a1-3)]GlcNAc(b1-6)[Gal(b1-3)GlcNAc(b1-3)]Gal(b1-4)Glc(a1-Sp21,1893.4610999999993,9206.248475,26171.03045000001
Gal(b1-4)GlcNac(b1-6)[Gal(b1-4)GlcNac(b1-2)]Man(a1-6)[Gal(b1-4)GlcNac(b1-4)[Gal(b1-4)GlcNac(b1-2)]Man(a1-3)]Man(b1-4)GlcNac(b1-4)GlcNac(b1-Sp21,371.4804500000001,1942.12715,17564.09695
GlcNac(b1-2)Man(a1-6)[GlcNac(b1-4)[GlcNac(b1-2)]Man(a1-3)]Man(b1-4)GlcNac(b1-4)GlcNac(a1-Sp21,12.807475,4.21425,20.906325
Fuc(a1-2)Gal(b1-3)GalNAc(a1-3)[Fuc(a1-2)]Gal(b1-4)Glc(b1-Sp0,4.063700000000001,16.637724999999996,10.129125000000004
Fuc(a1-2)Gal(b1-3)GalNAc(a1-3)[Fuc(a1-2)]Gal(b1-4)GlcNAc(b1-Sp0,7.017800000000002,8.056000000000001,17.585950000000004
Gal(b1-3)GlcNAc(b1-3)GalNAc(a1-Sp14,98.67832499999996,818.955925,6342.087874999997
GalNAc(b1-4)[Neu5Ac(a2-3)]Gal(b1-4)GlcNAc(b1-3)GalNAc(a1-Sp14,67.74535,55.381725,76.6156
GalNAc(a1-3)[Fuc(a1-2)]Gal(b1-3)GalNAc(a1-3)[Fuc(a1-2)]Gal(b1-4)GlcNAc(b1-Sp0,1.3858750000000022,13.432999999999998,9.036
Gal(a1-3)Gal(b1-3)GlcNAc(b1-2)Man(a1-6)[Gal(a1-3)Gal(b1-3)GlcNAc(b1-2)Man(a1-3)]Man(b1-4)GlcNAc(b1-4)GlcNAc(a1-Sp19,89.17297499999998,89.61515000000004,147.81644999999997
Gal(a1-3)Gal(b1-3)[Fuc(a1-4)]GlcNAc(b1-2)Man(a1-6)[Gal(a1-3)Gal(b1-3)[Fuc(a1-4)]GlcNAc(b1-2)Man(a1-3)]Man(b1-4)GlcNAc(b1-4)GlcNAc(a1-Sp19,40.934325,34.805525,121.996
Neu5Ac(a2-3)Gal(b1-3)GlcNAc(b1-2)Man(a1-6)[Neu5Ac(a2-3)Gal(b1-3)GlcNAc(b1-2)Man(a1-3)]Man(b1-4)GlcNAc(b1-4)GlcNAc(a1-Sp19,13.606849999999998,10.231349999999997,5.719524999999997
GlcNAc(b1-2)Man(a1-6)[Gal(b1-4)GlcNAc(b1-2)Man(a1-3)]Man(b1-4)GlcNAc(b1-4)GlcNAc(a1-Sp12,4.865725000000003,92.753925,3643.63875
Gal(b1-4)GlcNAc(b1-2)Man(a1-6)[GlcNAc(b1-2)Man(a1-3)]Man(b1-4)GlcNAc(b1-4)GlcNAc(a1-Sp12,5.345900000000002,5.8724500000000015,135.079925
Neu5Ac(a2-3)Gal(b1-3)GlcNAc(b1-3)GalNAc(a1-Sp14,2.558125,0.015674999999999883,-0.4978999999999969
Fuc(a1-2)Gal(b1-4)GlcNac(b1-3)GalNac(a1-Sp14,9.661724999999997,9.78875,4.804874999999997
Gal(b1-4)[Fuc(a1-3)]GlcNac(b1-3)GalNac(a1-Sp14,210.884975,1242.9116500000002,6146.073299999997
GalNac(a1-3)GalNac(b1-3)Gal(a1-4)Gal(b1-4)GlcNac(b1-Sp0,1.2019500000000019,5.062949999999997,9.347299999999997
Gal(a1-4)Gal(b1-3)GlcNac(b1-2)Man(a1-6)[Gal(a1-4)Gal(b1-3)GlcNac(b1-2)Man(a1-3)]Man(b1-4)GlcNac(b1-4)GlcNac(b1-Sp19,13.1218,1.2970250000000003,12.471275
Gal(a1-4)Gal(b1-4)GlcNac(b1-2)Man(a1-6)[Gal(a1-4)Gal(b1-4)GlcNac(b1-2)Man(a1-3)]Man(b1-4)GlcNac(b1-4)GlcNac(b1-Sp24,15.073575000000005,23.080425,23.72044999999999
Gal(a1-3)Gal(b1-4)GlcNac(b1-3)GalNac(a1-Sp14,14.2122,6.679425,21.46435
Gal(b1-3)GlcNAc(b1-6)Gal(b1-4)GlcNAc(b1-Sp0,841.6901999999997,4080.93035,18489.850275000004
Gal(b1-3)GlcNAc(a1-6)Gal(b1-4)GlcNAc(b1-Sp0,1128.89045,3495.0622500000013,16443.4747
GalNAc(b1-3)Gal(a1-6)Gal(b1-4)Glc(b1-Sp8,2225.790925,8185.937175000001,21864.35425
Gal(a1-3)[Fuc(a1-2)]Gal(b1-4)[Fuc(a1-3)]Glc(b1-Sp21,5.7371750000000015,5.613599999999992,25.824325
Gal(b1-4)GlcNAc(b1-6)[Neu5Ac(a2-6)Gal(b1-3)GlcNAc(b1-3)]Gal(b1-4)Glc(a1-Sp21,7.720324999999999,7.5379749999999985,233.813625
Gal(b1-3)GalNAc(b1-4)[Neu5Ac(a2-8)Neu5Ac(a2-3)]Gal(b1-4)Glc(b1-Sp0,24.163499999999992,448.4196749999999,2092.228625
Neu5Ac(a2-3)Gal(b1-3)GalNAc(b1-4)[Neu5Ac(a2-8)Neu5Ac(a2-3)]Gal(b1-4)Glc(b1-Sp0,6.216875,-3.2740250000000035,12.82495
Gal(a1-3)[Fuc(a1-2)]Gal(b1-4)GlcNAc(b1-3)GalNAc(a1-Sp14,-0.20157499999999828,-0.811399999999999,4.7025500000000005
GalNAc(a1-3)[Fuc(a1-2)]Gal(b1-4)GlcNAc(b1-3)GalNAc(a1-Sp14,7.4911499999999975,13.31725,20.617475
GalNAc(a1-3)GalNAc(b1-3)Gal(a1-4)Gal(b1-4)Glc(b1-Sp0,17.255650000000006,12.971675000000005,1.9474250000000024
Fuc(a1-2)Gal(b1-4)[Fuc(a1-3)]GlcNAc(b1-3)GalNAc(a1-Sp14,104.76559999999998,111.588725,235.55480000000009
Gal(a1-3)[Fuc(a1-2)]Gal(b1-4)[Fuc(a1-3)]GlcNAc(b1-3)GalNAc(a1-Sp14,26.564325,15.630924999999996,-0.6465249999999969
GalNAc(a1-3)[Fuc(a1-2)]Gal(b1-4)[Fuc(a1-3)]GlcNAc(b1-3)GalNAc(a1-Sp14,94.46085,97.24607500000003,232.3161
Gal(b1-4)[Fuc(a1-3)]GlcNAc(b1-2)Man(a1-6)[Gal(b1-4)[Fuc(a1-3)]GlcNAc(b1-2)Man(a1-3)]Man(b1-4)GlcNAc(b1-4)[Fuc(a1-6)]GlcNAc(b1-Sp22,43.23755,28.258375,54.47594999999998
Fuc(a1-2)Gal(b1-4)GlcNAc(b1-2)Man(a1-6)[Fuc(a1-2)Gal(b1-4)GlcNAc(b1-2)Man(a1-3)]Man(b1-4)GlcNAc(b1-4)[Fuc(a1-6)]GlcNAc(b1-Sp22,17.466524999999994,34.652725000000004,89.58214999999996
GlcNAc(b1-2)[GlcNAc(b1-6)]Man(a1-6)[GlcNAc(b1-2)Man(a1-3)]Man(b1-4)GlcNAc(b1-4)GlcNAc(b1-Sp19,7.5318999999999985,5.181475000000002,-8.215125
Fuc(a1-2)Gal(b1-3)GlcNAc(b1-3)GalNAc(a1-Sp14,0.1966750000000008,1.2208250000000032,4.525425
Gal(a1-3)[Fuc(a1-2)]Gal(b1-3)GlcNAc(b1-3)GalNAc(a1-Sp14,1.877725,4.719150000000001,10.01
GalNAc(a1-3)[Fuc(a1-2)]Gal(b1-3)GlcNAc(b1-3)GalNAc(a1-Sp14,9.55085,13.461125000000004,4.630224999999994
Gal(a1-3)Gal(b1-3)GlcNAc(b1-3)GalNAc(a1-Sp14,-1.097649999999998,2.9585250000000007,0.7836500000000015
Fuc(a1-2)Gal(b1-3)GlcNAc(b1-2)Man(a1-6)[Fuc(a1-2)Gal(b1-3)GlcNAc(b1-2)Man(a1-3)]Man(b1-4)GlcNAc(b1-4)[Fuc(a1-6)]GlcNAc(b1-Sp22,20.198150000000005,22.46875,42.51780000000001
Gal(a1-3)[Fuc(a1-2)]Gal(b1-4)GlcNAc(b1-2)Man(a1-6)[Gal(a1-3)[Fuc(a1-2)]Gal(b1-4)GlcNAc(b1-2)Man(a1-3)]Man(b1-4)GlcNAc(b1-4)[Fuc(a1-6)]GlcNAc(b1-Sp22,12.305150000000005,11.332875,29.4126
Gal(b1-3)GlcNAc(b1-6)[Gal(b1-3)GlcNAc(b1-2)]Man(a1-6)[Gal(b1-3)GlcNAc(b1-2)Man(a1-3)]Man(b1-4)GlcNAc(b1-4)GlcNAc(b1-Sp19,2468.486675,8831.979475,20907.56445
Gal(b1-4)GlcNAc(b1-6)[Fuc(a1-2)Gal(b1-3)GlcNAc(b1-3)]Gal(b1-4)Glc(a1-Sp21,14.9869,18.31915,16.37655000000001
Fuc(a1-3)GlcNAc(b1-6)[Gal(b1-4)GlcNAc(b1-3)]Gal(b1-4)Glc(a1-Sp21,966.566475,3789.0834499999987,14360.905875
GlcNAc(b1-2)Man(a1-6)[GlcNAc(b1-4)][GlcNAc(b1-2)Man(a1-3)]Man(b1-4)GlcNac(b1-4)GlcNAc(a1-Sp21,6.058824999999999,2.221400000000001,13.532300000000005
GlcNAc(b1-2)Man(a1-6)[GlcNAc(b1-4)][GlcNAc(b1-4)[GlcNAc(b1-2)]Man(a1-3)]Man(b1-4)GlcNAc(b1-4)GlcNAc(a1-Sp21,18.27835,103.22590000000004,1563.7583249999998
GlcNAc(b1-6)[GlcNAc(b1-2)]Man(a1-6)[GlcNAc(b1-4)][GlcNAc(b1-2)Man(a1-3)]Man(b1-4)GlcNAc(b1-4)GlcNAc(a1-Sp21,-3.292250000000001,-0.5138499999999997,0.17392500000000144
GlcNAc(b1-6)[GlcNAc(b1-2)]Man(a1-6)[GlcNAc(b1-4)][GlcNAc(b1-4)[GlcNAc(b1-2)]Man(a1-3)]Man(b1-4)GlcNAc(b1-4)GlcNAc(a1-Sp21,7.804150000000003,6.481300000000003,335.0587
Gal(b1-4)GlcNAc(b1-2)Man(a1-6)[GlcNAc(b1-4)][Gal(b1-4)GlcNAc(b1-2)Man(a1-3)]Man(b1-4)GlcNAc(b1-4)GlcNAc(a1-Sp21,9.966799999999996,6.253275,671.56645
Gal(b1-4)GlcNAc(b1-2)Man(a1-6)[GlcNAc(b1-4)][Gal(b1-4)GlcNAc(b1-4)[Gal(b1-4)GlcNAc(b1-2)]Man(a1-3)]Man(b1-4)GlcNAc(b1-4)GlcNAc(a1-Sp21,26.174375,251.3968,2179.552
Gal(b1-4)GlcNAc(b1-6)[Gal(b1-4)GlcNAc(b1-2)]Man(a1-6)[GlcNAc(b1-4)][Gal(b1-4)GlcNAc(b1-2)Man(a1-3)]Man(b1-4)GlcNAc(b1-4)GlcNAc(a1-Sp21,2.0667249999999964,19.119675,1410.5414999999994
Gal(b1-4)GlcNAc(b1-6)[Gal(b1-4)GlcNAc(b1-2)]Man(a1-6)[GlcNAc(b1-4)][Gal(b1-4)GlcNAc(b1-4)[Gal(b1-4)GlcNAc(b1-2)]Man(a1-3)]Man(b1-4)GlcNAc(b1-4)GlcNAc(a1-Sp21,71.87177499999999,279.04915,2155.3238249999995
Gal(b1-4)Gal(b1-Sp10,3.761949999999999,-0.8684249999999984,-4.643000000000002
Gal(b1-6)Gal(b1-Sp10,29.473575,21.331225,35.85645
Neu5Ac(a2-3)Gal(b1-4)GlcNAc(b1-3)Gal(b1-Sp8,1.3153999999999986,14.872425000000002,-15.903324999999995
GalNAc(b1-6)GalNAc(b1-Sp8,-1.1999500000000012,-2.2226500000000016,-10.695049999999997
(6S)Gal(b1-3)GlcNAc(b1-Sp0,-13.4147,-5.267850000000001,-10.068775
(6S)Gal(b1-3)(6S)GlcNAc(a1-Sp0,-0.42367500000000025,2.8572749999999982,-1.934575
Fuc(a1-2)Gal(b1-4) GlcNAc(b1-2)Man(a1-6)[Fuc(a1-2)Gal(b1-4)GlcNAc(b1-2)[Fuc(a1-2)Gal(b1-4)GlcNAc(b1-4)]Man(a1-3)]Man(b1-4)GlcNAc(b1-4)GlcNAc(b1-N,9.25045,9.411525000000003,22.791425
Fuc(a1-2)Gal(b1-4)[Fuc(a1-3)]GlcNAc(b1-2)Man(a1-6)[Fuc(a1-2)Gal(b1-4)[Fuc(a1-3)]GlcNAc(b1-4)[Fuc(a1-2)Gal(b1-4)[Fuc(a1-3)]GlcNAc(b1-2)]Man(a1-3)]Man(b1-4)GlcNAc(b1-4)GlcNAc(b1-N,19.601325,36.51157500000001,39.192625
Gal(b1-4)[Fuc(a1-3)]GlcNAc(b1-6)GalNAc(a1-Sp14,15.4805,16.970025,129.05492499999997
Gal(b1-4)GlcNAc(b1-2)Man(a1-Sp0,3.8645249999999987,14.366525,1.0818500000000046
Fuc(a1-2)Gal(b1-4)GlcNAc(b1-6)[Fuc(a1-2)Gal(b1-4)GlcNAc(b1-3)]GalNAc(a1-Sp14,15.626149999999996,4.541399999999999,12.615400000000005
Gal(a1-3)Fuc(a1-2)Gal(b1-4)GlcNAc(b1-6)[Gal(a1-3)Fuc(a1-2)Gal(b1-4)GlcNAc(b1-3)]GalNAc(a1-Sp14,1.2579250000000002,4.231700000000002,-5.605625
GalNAc(a1-3)[Fuc(a1-2)]Gal(b1-4)GlcNAc(b1-6)[GalNAc(a1-3)[Fuc(a1-2)]Gal(b1-4)GlcNAc(b1-3)]GalNAc(a1-Sp14,-0.2172249999999991,0.11312500000000192,8.456899999999997
Neu5Ac(a2-8)Neu5Ac(a2-3)Gal(b1-3)GalNAc(b1-4)[Neu5Ac(a2-8)Neu5Ac(a2-3)]Gal(b1-4)Glc(b1-Sp0,-3.255075,-0.8210999999999995,316.5755000000001
GalNAc(b1-4)Gal(b1-4)Glc(b1-Sp0,31.269300000000005,13.752574999999995,28.726900000000004
GalNAc(a1-3)[Fuc(a1-2)]Gal(b1-4)GlcNAc(b1-2)Man(a1-6)[GalNAc(a1-3)[Fuc(a1-2)]Gal(b1-4)GlcNAc(b1-2)Man(a1-3)]Man(b1-4)GlcNAc(b1-4)[Fuc(a1-6)]GlcNAc(b1-Sp22,8.631125000000003,19.746475000000007,20.386975000000007
Gal(a1-3)[Fuc(a1-2)]Gal(b1-3)GlcNAc(b1-2)Man(a1-6)[Gal(a1-3)[Fuc(a1-2)]Gal(b1-3)GlcNAc(b1-2)Man(a1-3)]Man(b1-4)GlcNAc(b1-4)[Fuc(a1-6)]GlcNAc(b1-Sp22,13.194400000000002,26.0321,26.997525
Neu5Ac(a2-6)Gal(b1-4)GlcNAc(b1-6)[Fuc(a1-2)Gal(b1-3)GlcNAc(b1-3)]Gal(b1-4)Glc(a1-Sp21,-3.8553999999999977,2.9764250000000008,33.411674999999995
GalNAc(a1-3)[Fuc(a1-2)]Gal(b1-3)GlcNAc(b1-2)Man(a1-6)[GalNAc(a1-3)[Fuc(a1-2)]Gal(b1-3)GlcNAc(b1-2)Man(a1-3)]Man(b1-4)GlcNAc(b1-4)[Fuc(a1-6)]GlcNAc(b1-Sp22,9.034625000000002,8.840999999999996,7.230675
Gal(b1-4)GlcNAc(b1-6)[Gal(b1-4)GlcNAc(b1-2)]Man(a1-6)[Gal(b1-4)GlcNAc(b1-2)Man(a1-3)]Man(b1-4)GlcNAc(b1-4)GlcNAc(b1-Sp19,81.59889999999999,797.0808,10471.55495
Neu5Ac(a2-3)Gal(b1-4)GlcNAc(b1-2)Man(a1-6)[GlcNAc(b1-4)][Neu5Ac(a2-3)Gal(b1-4)GlcNAc(b1-2)Man(a1-3)]Man(b1-4)GlcNAc(b1-4)GlcNAc(b1-Sp21,-3.4613500000000013,-2.070425000000002,-2.0467499999999994
Neu5Ac(a2-3)Gal(b1-4)GlcNAc(b1-4)Man(a1-6)[GlcNAc(b1-4)][Neu5Ac(a2-3)Gal(b1-4)GlcNAc(b1-4)[Neu5Ac(a2-3)Gal(b1-4)GlcNAc(b1-2)]Man(a1-3)]Man(b1-4)GlcNAc(b1-4)GlcNAc(b1-Sp21,4.942974999999997,-1.8437250000000027,-8.165700000000001
Neu5Ac(a2-3)Gal(b1-4)GlcNAc(b1-6)[Neu5Ac(a2-3)Gal(b1-4)GlcNAc(b1-2)]Man(a1-6)[GlcNAc(b1-4)][Neu5Ac(a2-3)Gal(b1-4)GlcNAc(b1-2)Man(a1-3)]Man(b1-4)GlcNAc(b1-4)GlcNAc(b1-Sp21,-4.389275000000001,5.927924999999997,-5.0539750000000065
Neu5Ac(a2-3)Gal(b1-4)GlcNAc(b1-6)[Neu5Ac(a2-3)Gal(b1-4)GlcNAc(b1-2)]Man(a1-6)[GlcNAc(b1-4)][Neu5Ac(a2-3)Gal(b1-4)GlcNAc(b1-4)[Neu5Ac(a2-3)Gal(b1-4)GlcNAc(b1-2)]Man(a1-3)]Man(b1-4)GlcNAc(b1-4)GlcNAc(b1-Sp21,-2.4319750000000013,0.9864250000000014,5.920475
Neu5Ac(a2-6)Gal(b1-4)GlcNAc(b1-2)Man(a1-6)[GlcNAc(b1-4)][Neu5Ac(a2-6)Gal(b1-4)GlcNAc(b1-2)Man(a1-3)]Man(b1-4)GlcNAc(b1-4)GlcNAc(b1-Sp21,-2.727425,0.29307499999998754,-14.55125
Neu5Ac(a2-6)Gal(b1-4)GlcNAc(b1-4)Man(a1-6)[GlcNAc(b1-4)][Neu5Ac(a2-6)Gal(b1-4)GlcNAc(b1-4)[Neu5Ac(a2-6)Gal(b1-4)GlcNAc(b1-2)]Man(a1-3)]Man(b1-4)GlcNAc(b1-4)GlcNAc(b1-Sp21,14.843600000000004,2.7191500000000013,20.994775
Neu5Ac(a2-6)Gal(b1-4)GlcNAc(b1-6)[Neu5Ac(a2-6)Gal(b1-4)GlcNAc(b1-2)]Man(a1-6)[GlcNAc(b1-4)][Neu5Ac(a2-6)Gal(b1-4)GlcNAc(b1-2)Man(a1-3)]Man(b1-4)GlcNAc(b1-4)GlcNAc(b1-Sp21,-3.357799999999997,4.719749999999999,-14.559049999999996
Neu5Ac(a2-6)Gal(b1-4)GlcNAc(b1-6)[Neu5Ac(a2-6)Gal(b1-4)GlcNAc(b1-2)]Man(a1-6)[GlcNAc(b1-4)][Neu5Ac(a2-6)Gal(b1-4)GlcNAc(b1-4)[Neu5Ac(a2-6)Gal(b1-4)GlcNAc(b1-2)]Man(a1-3)]Man(b1-4)GlcNAc(b1-4)GlcNAc(b1-Sp21,12.309449999999995,4.466374999999998,10.654649999999997
Gal(a1-3)[Fuc(a1-2)]Gal(b1-3)GalNAc(a1-Sp8,-3.783150000000002,3.121950000000002,-7.209424999999999
Gal(a1-3)[Fuc(a1-2)]Gal(b1-3)GalNAc(b1-Sp8,2.249299999999998,19.33325,29.916150000000005
Glc(a1-6)Glc(a1-6)Glc(a1-6)Glc(b1-Sp10,14.134924999999996,27.07682500000001,7.567549999999998
Glc(a1-4)Glc(a1-4)Glc(a1-4)Glc(b1-Sp10,0.7609000000000004,-3.990475,0.8815749999999979
Neu5Ac(a2-3)Gal(b1-4)GlcNAc(b1-6)[Neu5Ac(a2-3)Gal(b1-4)GlcNAc(b1-3)]GalNAc(a1-Sp14,7.0839000000000025,-0.025274999999998826,9.901175
Fuc(a1-2)Gal(b1-4)[Fuc(a1-3)]GlcNAc(b1-2)Man(a1-6)[Fuc(a1-2)Gal(b1-4)[Fuc(a1-3)]GlcNAc(b1-2)Man(a1-3)]Man(b1-4)GlcNAc(b1-4)[Fuc(a1-6)]GlcNAc(b1-Sp24,11.961375000000002,6.322749999999999,27.06685
Fuc(a1-2)Gal(b1-3)[Fuc(a1-4)]GlcNAc(b1-2)Man(a1-6)[Fuc(a1-2)Gal(b1-3)[Fuc(a1-4)]GlcNAc(b1-2)Man(a1-3)]Man(b1-4)GlcNAc(b1-4)[Fuc(a1-6)]GlcNA(cb-S)p(1-4)[Fuc(a1-6)]GlcNAc(b1-Sp19,6.567850000000003,9.203725000000002,16.676425000000002
Neu5Ac(a2-3)Gal(b1-3)GlcNAc(b1-6)[Neu5Ac(a2-3)Gal(b1-4)GlcNAc(b1-2)]Man(a1-6)[Neu5Ac(a2-3)Gal(b1-3)GlcNAc(b1-2)Man(a1-3)]Man(b1-4)GlcNAc(b1-4)GlcNAc(b1-Sp19,1.7847000000000008,4.185774999999998,1.8704750000000008
GlcNAc(b1-6)[GlcNAc(b1-2)]Man(a1-6)[GlcNAc(b1-2)Man(a1-3)]Man(b1-4)GlcNAc(b1-4)[Fuc(a1-6)]GlcNAc(b1-Sp24,7.252874999999999,0.3499750000000024,10.304699999999992
Gal(b1-3)GlcNAc(b1-2)Man(a1-6)[GlcNAc(b1-4)][Gal(b1-3)GlcNAc(b1-2)Man(a1-3)]Man(b1-4)GlcNAc(b1-4)GlcNAc(b1-Sp21,1766.471075,10269.795449999998,22019.699925
Neu5Ac(a2-6)Gal(b1-4)GlcNAc(b1-6)[Gal(b1-3)GlcNAc(b1-3)]Gal(b1-4)Glc(b1-Sp21,102.84192500000002,829.9640750000003,4486.036525
Neu5Ac(a2-3)Gal(b1-4)GlcNAc(b1-2)Man(a1-Sp0,1.8796499999999976,8.459175000000004,31.44472500000001
Neu5Ac(a2-3)Gal(b1-4)GlcNAc(b1-6)GalNAc(a1-Sp14,-0.8139250000000002,9.764600000000003,13.327750000000002
Neu5Ac(a2-6)Gal(b1-4)GlcNAc(b1-6)GalNAc(a1-Sp14,16.624200000000002,15.313125,28.034525
Neu5Ac(a2-6)Gal(b1-4)GlcNAc(b1-6)[Neu5Ac(a2-6)Gal(b1-4)GlcNAc(b1-3)]GalNAc(a1-Sp14,0.1424499999999984,3.154375,-6.7120750000000005
Neu5Ac(a2-6)Gal(b1-4)GlcNAc(b1-2)Man(a1-6)[Neu5Ac(a2-6)Gal(b1-4)GlcNAc(b1-2)Man(a1-3)]Man(b1-4)GlcNAc(b1-4)[Fuc(a1-6)]GlcNAc(b1-Sp24,2.5787750000000003,8.735825,-6.455575
Neu5Ac(a2-3)Gal(b1-4)GlcNAc(b1-2)Man(a1-6)[Neu5Ac(a2-3)Gal(b1-4)GlcNAc(b1-2)Man(a1-3)]Man(b1-4)GlcNAc(b1-4)[Fuc(a1-6)]GlcNAc(b1-Sp24,0.7678250000000021,0.406550000000002,-1.9466250000000027
Man(a1-6)[Man(a1-3)]Man(b1-4)GlcNAc(b1-4)[Fuc(a1-6)]GlcNAc(b1-Sp19,3.910475,10.073275000000002,3.899725
Gal(b1-4)GlcNAc(b1-6)[Gal(b1-4)GlcNAc(b1-2)]Man(a1-6)[Gal(b1-4)GlcNAc(b1-2)Man(a1-3)]Man(b1-4)GlcNAc(b1-4)[Fuc(a1-6)]GlcNAc(b1-Sp24,317.3976,1646.0165750000006,19720.280675
Neu5Ac(a2-3)Gal(b1-3)GlcNAc(b1-2)Man(a1-6)[GlcNAc(b1-4)][Neu5Ac(a2-3)Gal(b1-3)GlcNAc(b1-2)Man(a1-3)]Man(b1-4)GlcNAc(b1-4)GlcNAc(a1-Sp21,6.146974999999998,-1.5487000000000022,14.261550000000005
Neu5Ac(a2-6)Gal(b1-4)GlcNAc(b1-6)[Fuc(a1-2)Gal(b1-4)[Fuc(a1-3)]GlcNAc(b1-3)]Gal(b1-4)Glc(a1-Sp21,17.034174999999998,0.39492499999999797,2.9569499999999955
Gal(b1-3)GlcNAc(b1-6)GalNAc(a1-Sp14,597.43425,2440.160700000001,11792.080924999998
Gal(a1-3)Gal(b1-3)GlcNAc(b1-6)GalNAc(a1-Sp14,11.49405,5.080425000000002,16.745949999999997
Gal(b1-3)[Fuc(a1-4)]GlcNAc(b1-6)GalNAc(a1-Sp14,14.503525,11.068125,4.9364750000000015
Neu5Ac(a2-3)Gal(b1-3)GlcNAc(b1-6)GalNAc(a1-Sp14,1.8306999999999984,8.04545,8.025225000000002
(3S)Gal(b1-3)[Fuc(a1-4)]GlcNAc(b1-Sp0,13.236024999999998,6.520974999999997,-1.138074999999997
Gal(b1-4)[Fuc(a1-3)]GlcNAc(b1-6)[Neu5Ac(a2-6)[Neu5Ac(a2-3)Gal(b1-3)]GlcNAc(b1-3)]Gal(b1-4)Glc(a1-Sp21,871.4824249999997,6395.445275,23635.2792
Fuc(a1-2)Gal(b1-4)GlcNAc(b1-6)GalNAc(a1-Sp14,10.415599999999998,9.224349999999996,11.937125000000002
Gal(a1-3)Gal(b1-4)GlcNAc(b1-6)GalNAc(a1-Sp14,47.89090000000001,1062.77295,10969.3949
Gal(b1-4)[Fuc(a1-3)]GlcNAc(b1-2)Man(a1-Sp0,3.07945,10.078425,79.075325
Fuc(a1-2)(6S)Gal(b1-3)GlcNAc(b1-Sp0,-1.430925000000002,-2.7523500000000016,-4.036025
Gal(a1-3)[Fuc(a1-2)]Gal(b1-4)GlcNAc(b1-6)GalNAc(a1-Sp14,0.13007499999999794,10.157300000000003,-0.10170000000000098
Fuc(a1-2)Gal(b1-4)GlcNAc(b1-2)Man(a1-Sp0,3.5715000000000017,-1.1523499999999984,19.289375
Fuc(a1-2)Gal(b1-3)(6S)GlcNAc(b1-Sp0,4.9418500000000005,5.932175000000001,38.845225
Fuc(a1-2)(6S)Gal(b1-3)(6S)GlcNAc(b1-Sp0,7.090399999999999,13.461274999999995,22.64507500000001
Neu5Ac(a2-6)GalNAc(b1-4)(6S)GlcNAc(b1-Sp8,9.809824999999998,2.0103499999999963,-1.0219750000000012
GalNAc(b1-4)[Fuc(a1-3)](6S)GlcNAc(b1-Sp8,2578.9308,13328.78735,24837.950175000005
(3S)GalNAc(b1-4)[Fuc(a1-3)]GlcNAc(b1-Sp8,-1.86985,-1.7368249999999996,-13.303600000000005
Fuc(a1-2)Gal(b1-3)GlcNAc(b1-6)[Fuc(a1-2)Gal(b1-3)GlcNAc(b1-3)]GalNAc(a1-Sp14,306.5691500000001,3917.16,12301.204875
GalNAc(a1-3)[Fuc(a1-2)]Gal(b1-3)GlcNAc(b1-6)GalNAc(a1-Sp14,1.6673999999999989,-2.450525,1.4432250000000009
GlcNAc(b1-6)[GlcNAc(b1-2)]Man(a1-6)[GlcNAc(b1-4)][GlcNAc(b1-4)[GlcNAc(b1-2)]Man(a1-3)]Man(b1-4)GlcNAc(b1-4)[Fuc(a1-6)]GlcNAc(a1-Sp21,0.3774250000000024,25.75672500000001,737.3785749999997
Gal(b1-4)GlcNAc(b1-6)[Gal(b1-4)GlcNAc(b1-2)]Man(a1-6)[GlcNAc(b1-4)]Gal(b1-4)GlcNAc(b1-4)[Gal (b1-4)GlcNAc(b1-2)]Man(a1-3)]Man(b1-4)GlcNAc(b1-4)[Fuc(a1-6)]GlcNAc(a1-Sp21,100.50335000000004,969.4281,12848.097675
Gal(b1-3)GlcNAc(a1-3)Gal(b1-4)GlcNAc(b1-Sp8 ,488.77617500000014,4235.293125000001,16124.159249999995
Gal(b1-3)(6S)GlcNAc(b1-Sp8 ,1305.600625,4438.024875,14302.731900000002
(6S)(4S)GalNAc(b1-4)GlcNAc(a1-Sp8,-0.2105750000000004,-0.058500000000002224,-4.782899999999998
(6S)GalNAc(b1-4)GlcNAc(a1-Sp8 ,-4.242449999999999,-0.521875,61.92995000000001
(3S)GalNAc(b1-4)(3S)GlcNAc(a1-Sp8,-3.13875,6.938099999999999,-8.880599999999998
GalNAc(b1-4)(6S)GlcNAc(a1-Sp8 ,-2.491675,1.6725249999999985,404.342325
(3S)GalNAc(b1-4)GlcNAc(a1-Sp8 ,-4.450700000000001,4.483125,-5.748225000000002
(4S)GalNac(b1-Sp10,0.6112750000000009,3.3303,-8.493925000000003
Gal(b1-4)(6P)GlcNAc(b1-Sp0 ,1.7588250000000016,6.423024999999999,-7.850574999999999
(6P)Gal(b1-4)GlcNAc(b1-SP0 ,7.731074999999998,0.6940250000000017,-15.359575000000005
GalNAc(a1-3)[Fuc(a1-2)]Gal(b1-4)GlcNAc(b1-6)GalNAc(a1-Sp14,1.7453750000000008,68.20769999999999,1344.8473999999997
Neu5Ac(a2-6)Gal(b1-4)GlcNAc(b1-2)Ma(n1-Sp0,5.419224999999999,9.331775,-3.033549999999998
Gal(a1-3)Gal(b1-4)GlcNAc(b1-2)Man(a1-Sp0,-0.6609499999999997,65.10307499999999,1039.4010750000002
Gal(a1-3)[Fuc(a1-2)]Gal(b1-4)GlcNAc(b1-2)Man(a1-Sp0,11.051825,-1.5112999999999983,9.425025000000003
GalNAc(a1-3)[Fuc(a1-2)]Gal(b1-4) GlcNAc(b1-2)Man(a1-Sp0,-5.36685,12.331325,7.356449999999999
 Gal(b1-3)GlcNAc(b1-2)Man(a1-Sp0,371.4883749999999,1685.4074999999998,8183.755075000001
Gal(a1-3)[Fuc(a1-2)]Gal(b1-3)GlcNAc(b1-6)GalNAc(a1-Sp14,18.036175,23.57515,6.295175
Neu5Ac(a2-3)Gal(b1-3)GlcNAc(b1-2)Man(a1-Sp0,14.156499999999996,18.109550000000006,66.5436
Gal(a1-3)Gal(b1-3)GlcNAc(b1-2)Man(a1-Sp0,5.152250000000002,111.78119999999998,3038.383775
GalNAc(b1-4)GlcNAc(b1-2)Man(a1-Sp0,2799.1617249999995,17804.223325000006,32088.727025
Neu5Ac(a2-3)Gal(b1-3)GlcNAc(b1-4)Gal(b1-4)Glc(b1-Sp0,3.62895,9.7739,-0.5400749999999999
GlcNAc(b1-2) Man(a1-6)[GlcNAc(b1-4)][GlcNAc(b1-2)Man(a1-3)]Man(b1-4)GlcNAc(b1-4)[Fuc(a1-6)]GlcNAc(a1-Sp21,-0.7186500000000021,-0.6277249999999999,11.625200000000005
Gal(b1-4)GlcNAc(b1-2)Man(a1-6)[GlcNAc(b1-4)][Gal(b1-4)GlcNAc(b1-2)Man(a1-3)]Man(b1-4)GlcNAc(b1-4)[Fuc(a1-6)]GlcNAc(a1-Sp21,11.116024999999995,77.88367500000003,3506.466125
Gal(b1-4)GlcNAc(b1-2)Man(a1-6)[Gal(b1-4)GlcNAc(b1-4)][Gal(b1-4)GlcNAc(b1-2)Man(a1-3)]Man(b1-4)GlcNAc(b1-4)[Fuc(a1-6)]GlcNAc(a1-Sp21,4.545850000000003,3.446275,224.6529
Fuc(a1-4)[Gal(b1-3)]GlcNAc(b1-2)Man(a1-Sp0,16.769675000000007,9.256825000000003,23.5012
Neu5Ac(a2-3)Gal(b1-4)[Fuc(a1-3)]GlcNAc(b1-2)Man(a1-Sp0,1.4513249999999966,5.880550000000001,5.272875000000003
GlcNAc(b1-3)Gal(b1-4)GlcNAc(b1-6)[GlcNAc(b1-3)]Gal(b1-4)GlcNAc(a1-Sp0,8.522700000000002,3.522549999999999,6.301325000000002
GalNAc(a1-3)[Fuc(a1-2)]Gal(b1-3)GalNAc(b1-3)Gal(a1-4)Gal(b1-4)Glc(a1-Sp21,1.0014749999999992,4.822949999999999,7.711675000000002
Gal(a1-3)[Fuc(a1-2)]Gal(b1-3)GalNAc(b1-3)Gal(a1-4)Gal(b1-4)Glc(a1-Sp21,5.318225,27.240124999999992,27.925450000000005
Gal(b1-3)GalNAc(b1-3)Ga(l1-Sp21,7664.398975,15113.867875,28534.740475
GlcNAc(b1-3)Gal(b1-4)GlcNAc(b1-2)Man(a1-6)[GlcNAc(b1-3)Gal(b1-4)GlcNAc(b1-2)Man(a1-3)]Man(b1-4)GlcNAc(b1-4)GlcNAc(b1-Sp12,1.2864500000000003,-5.535025000000001,-17.59035
GlcNAc(b1-3)Gal(b1-4)GlcNAc(b1-2)Man(a1-6)[GlcNAc(b1-3)Gal(b1-4)GlcNAc(b1-2)Man(a1-3)]Man(b1-4)GlcNAc(b1-4)GlcNAc(b1-Sp25,22.306425,29.760299999999994,46.25025
Gal(b1-4)GlcNAc(b1-3)Gal(b1-4)GlcNAc(b1-2)Man(a1-6)[Gal(b1-4)GlcNAc(b1-3)Gal(b1-4)GlcNAc(b1-2)Man(a1-3)]Man(b1-4)GlcNAc(b1-4)GlcNAc(b1-Sp12,63.24680000000001,91.25775000000002,368.8241
Gal(b1-4)GlcNAc(b1-3)Gal(b1-4)GlcNAc(b1-2)Man(a1-6)[Gal(b1-4)GlcNAc(b1-3)Gal(b1-4)GlcNAc(b1-2)Man(a1-3)]Man(b1-4)GlcNAc(b1-4)GlcNAc(b1-Sp24,999.6960250000003,5447.736475,28651.907975
Neu5Gc(a2-3)Gal(b1-4)GlcNAc(b1-3)Gal(b1-4)GlcNAc(b1-2)Man(a1-6)[Neu5Gc(a2-3)Gal(b1-4)GlcNAc(b1-3)Gal(b1-4)GlcNAc(b1-2)Man(a1-3)]Man(b1-4)GlcNAc(b1-4)GlcNAc(b1-Sp24,8.292049999999998,16.415775000000004,10.212349999999997
Fuc(a1-2)Gal(b1-4)GlcNAc(b1-3)Gal(b1-4)GlcNAc(b1-2)Man(a1-6)[Fuc(a1-2)Gal(b1-4)GlcNAc(b1-3)Gal(b1-4)GlcNAc(b1-2)Man(a1-3)]Man(b1-4)GlcNAc(b1-4)GlcNAc(b1-Sp24,17.671774999999997,11.1055,48.324625
GlcNAc(b1-3)Gal(b1-4)GlcNAc(b1-3)Gal(b1-4)GlcNAc(b1-2)Man(a1-6)[GlcNAc(b1-3)Gal(b1-4)GlcNAc(b1-3)Gal(b1-4)GlcNAc(b1-2)Man(a1-3)]Man(b1-4)GlcNAc(b1-4)GlcNAc(b1-Sp12,62.803225,59.79117499999998,155.722625
GlcNAc(b1-3)Gal(b1-4)GlcNAc(b1-3)Gal(b1-4)GlcNAc(b1-2)Man(a1-6)[GlcNAc(b1-3)Gal(b1-4)GlcNAc(b1-3)Gal(b1-4)GlcNAc(b1-2)Man(a1-3)]Man(b1-4)GlcNAc(b1-4)GlcNAc(b1-Sp25,8.04855,13.9622,34.92480000000001
Gal(b1-4)GlcNAc(b1-3)Gal(b1-4)GlcNAc(b1-3)Gal(b1-4)GlcNAc(b1-2)Man(a1-6)[Gal(b1-4)GlcNAc(b1-3)Gal(b1-4)GlcNAc(b1-3)Gal(b1-4)GlcNAc(b1-2)Man(a1-3)]Man(b1-4)GlcNAc(b1-4)GlcNAc(b1-Sp12,202.281925,342.4725,1246.53775
Gal(b1-4)GlcNAc(b1-3)Gal(b1-4)GlcNAc(b1-3)Gal(b1-4)GlcNAc(b1-2)Man(a1-6)[Gal(b1-4)GlcNAc(b1-3)Gal(b1-4)GlcNAc(b1-3)Gal(b1-4)GlcNAc(b1-2)Man(a1-3)]Man(b1-4)GlcNAc(b1-4)GlcNAc(b1-Sp24,2472.83785,5040.584525000001,31838.651899999993
GlcNAc(b1-3)Gal(b1-4)GlcNAc(b1-3)Gal(b1-4)GlcNAc(b1-3)Gal(b1-4)GlcNAc(b1-2)Man(a1-6)[GlcNAc(b1-3)Gal(b1-4)GlcNAc(b1-3)Gal(b1-4)GlcNAc(b1-3)Gal(b1-4)GlcNAc(b1-2)Man(a1-3)]Man(b1-4)GlcNAc(b1-4)GlcNAc(b1-Sp25,3.1999749999999985,2.9767750000000035,61.662425000000006
Gal(b1-4)GlcNAc(b1-3)Gal(b1-4)GlcNAc(b1-3)Gal(b1-4)GlcNAc(b1-3)Gal(b1-4)GlcNAc(b1-2)Man(a1-6)[Gal(b1-4)GlcNAc(b1-3)Gal(b1-4)GlcNAc(b1-3)Gal(b1-4)GlcNAc(b1-3)Gal(b1-4)GlcNAc(b1-2)Man(a1-3)]Man(b1-4)GlcNAc(b1-4)GlcNAc(b1-Sp25,1263.41195,14790.255049999994,41774.01505
Gal(b1-3)GlcNAc(b1-3)Gal(b1-4)GlcNAc(b1-2)Man(a1-6)[Gal(b1-3)GlcNAc(b1-3)Gal(b1-4)GlcNAc(b1-2)Man(a1-3)]Man(b1-4)GlcNAc(b1-4)GlcNAc(a1-Sp25,1816.00955,8303.837375,28420.084700000014
Neu5Gc(a2-8)Neu5Gc(a2-3)Gal(b1-4)GlcNAc(a1-Sp0,-7.016425000000003,-1.7342750000000002,0.22754999999999906
Neu5Ac(a2-8)Neu5Gc(a2-3)Gal(b1-4)GlcNAc(a1-Sp0,3.1673000000000013,-2.2593999999999994,-3.955775000000002
Neu5Gc(a2-8)Neu5Ac(a2-3)Gal(b1-4)GlcNAc(a1-Sp0,-1.2813,0.8153499999999987,-8.88215
Neu5Gc(a2-8)Neu5Gc(a2-3)Gal(b1-4)GlcNAc(b1-3)Gal(b1-4)GlcNAc(a1-Sp0,-2.419175,-2.581174999999999,-5.9945749999999975
Neu5Gc(a2-8)Neu5Gc(a2-6)Gal(b1-4)GlcNAc(a1-Sp0,2.610899999999999,-1.4021999999999988,5.062099999999997
Neu5Ac(a2-8)Neu5Ac(a2-3)Gal(b1-4)GlcNAc(a1-Sp0,-2.233775,-7.7776999999999985,6.609724999999999
GlcNAc(b1-3)Gal(b1-4)GlcNAc(b1-6)[GlcNAc(b1-3)Gal(b1-4)GlcNAc(b1-2)]Man(a1-6)[GlcNAc(b1-3)Gal(b1-4)GlcNAc(b1-2)]Man(a1-3)]Man(b1-4)GlcNAc(b1-4)GlcNAc(a1-Sp24,25.430475,65.95275,96.695425
Gal(b1-4)GlcNAc(b1-3)Gal(b1-4)GlcNAc(b1-6)[Gal(b1-4)GlcNAc(b1-3)Gal(b1-4)GlcNAc(b1-2)]Man(a1-6)[Gal(b1-4)GlcNAc(b1-3)Gal(b1-4)GlcNAc(b1-2)Man(a1-3)]Man(a1-4)GlcNAc(b1-4)GlcNAc(a1-Sp24,239.74135,824.200675,6466.1623249999975
Gal(a1-3)Gal(b1-4)GlcNAc(b1-2)Man(a1-6)[Gal(a1-3)Gal(b1-4)GlcNAc(b1-2)Man(a1-3)]Man(b1-4)GlcNAc(b1-4)GlcNAc(a1-Sp24,1704.2001249999994,4626.689625000001,27212.73155
GlcNAc(b1-3)Gal(b1-4)GlcNAc(b1-6)[GlcNAc(b1-3)Gal(b1-3)]GalNAc(a1-Sp14,7.9450999999999965,3.956100000000001,12.653599999999996
GalNAc(b1-3)GlcNAc(b1-Sp0 ,6524.519975000001,14346.0426,23320.369175
GalNAc(b1-4)GlcNAc(b1-3)GalNAc(b1-4)GlcNAc(b1-Sp0 ,7873.372775,16906.642875,33004.7432
GlcNAc(b1-3)Gal(b1-4)GlcNAc(b1-3)Gal(b1-4)GlcNAc(b1-3)Gal(b1-4)GlcNAc(b1-3)Gal(b1-4)GlcNAc(b1-2)Man(a1-6)[GlcNAc(b1-3)Gal(b1-4)GlcNAc(b1-3)Gal(b1-4)GlcNAc(b1-3)Gal(b1-4)GlcNAc(b1-3)Gal(b1-4)GlcNAc(b1-2)Man(a1-3)]Man(b1-4)GlcNAc(b1-4)GlcNAc(b1-Sp25,44.5589,35.8022,86.93112500000002
Gal(b1-4)GlcNAc(b1-3)Gal(b1-4)GlcNAc(b1-3)Gal(b1-4)GlcNAc(b1-3)Gal(b1-4)GlcNAc(b1-3)Gal(b1-4)GlcNAc(b1-2)Man(a1-6)[Gal(b1-4)GlcNAc(b1-3)Gal(b1-4)GlcNAc(b1-3)Gal(b1-4)GlcNAc(b1-3)Gal(b1-4)GlcNAc(b1-3)Gal(b1-4)GlcNAc(b1-2)Man(a1-3)]Man(b1-4)GlcNAc(b1-4)GlcNAc(b1-Sp25,3369.644250000001,10852.46185,46492.30932500001
GlcNA(b1-3)Gal(b1-3)GalNAc(a1-Sp14,5.685175000000001,5.749950000000003,8.045675000000003
Gal(b1-3)GlcNAc(b1-6)[Gal(b1-3)]GalNAc(a1-Sp14,630.1516250000002,1972.745475,9276.01475
Gal(b1-4)GlcNAc(b1-3)Gal(b1-4)GlcNAc(b1-3)Gal(b1-4)GlcNAc(b1-3)Gal(b1-4)GlcNAc(b1-3)Gal(b1-4)GlcNAc(b1-3)Gal(b1-4)GlcNAc(b1-2)Man(a1-6)[Gal(b1-4)GlcNAc(b1-3)Gal(b1-4)GlcNAc(b1-3)Gal(b1-4)GlcNAc(b1-3)Gal(b1-4)GlcNAc(b1-3)Gal(b1-4)GlcNAc(b1-3)Gal(b1-4)GlcNAc(b1-2)Man(a1-3)]Man(b1-4)GlcNAc(b1-4)GlcNAc(b1-Sp25,1621.74325,11170.0222,35384.961375
(3S)GlcA(b1-3)Gal(b1-4)GlcNAc(b1-3)Gal(b1-4)Glc(a1-Sp0,8.825675000000004,1.6842500000000005,18.204499999999992
(3S)GlcA(b1-3)Gal(b1-4)GlcNAc(b1-2)Man(a1-Sp0,-5.998025000000003,-2.7281499999999994,-7.393975000000001
Gal(b1-3)GlcNAc(b1-3)Gal(b1-4)GlcNAc(b1-3)Gal(b1-4)GlcNAc(b1-6)[Gal(b1-3)GlcNAc(b1-3)Gal(b1-4)GlcNAc(b1-3)Gal(b1-4)GlcNA(b1-2)]Man(a1-6)[Gal(b1-3)GlcNAc(b1-3)Gal(b1-4)GlcNAc(b1-3)Gal(b1-4)GlcNAc(b1-2)Man(a1-3)]Man(b1-4)GlcNAc(b1-4)[Fuc(a1-6)]GlcNAc(b1-Sp24,4088.626725,19824.252975,36173.602925
Gal(b1-3)GlcNAc(b1-3)Gal(b1-4)GlcNAc(b1-6)[Gal(b1-3)GlcNAc(b1-3)Gal(b1-4)GlcNA(b1-2)]Man(a1-6)[Gal(b1-3)GlcNAc(b1-3)Gal(b1-4)GlcNAc(b1-2)Man(a1-3)]Man(b1-4)GlcNAc(b1-4)[Fuc(a1-6)]GlcNAc(b1-Sp24,600.7376249999999,12627.60155,28917.29675
Neu5Ac(a2-8)Neu5Ac(a2-3)Gal(b1-3)GalNAc(b1-4)[Neu5Ac(a2-3)]Gal(b1-4)Glc(a1-Sp21,6.948500000000001,9.854475,-7.2048999999999985
GlcNAc(b1-3)Gal(b1-4)GlcNAc(b1-2)Man(a1-6)[GlcNAc(b1-3)Gal(b1-4)GlcNAc(b1-2)Man(a1-3)]Man(b1-4)GlcNAc(b1-4)[Fuc(a1-6)]GlcNAc(b1-Sp24,26.25275,42.35575,98.679
Gal(b1-4)GlcNAc(b1-3)Gal(b1-4)GlcNAc(b1-2)Man(a1-6)[Gal(b1-4)GlcNAc(b1-3)Gal(b1-4)GlcNAc(b1-2)Man(a1-3)]Man(b1-4)GlcNAc(b1-4)[Fuc(a1-6)]GlcNAc(b1-Sp24,1413.465975,3343.7394,22842.710975
GlcNAc(b1-3)Gal(b1-4)GlcNAc(b1-3)Gal(b1-4)GlcNAc(b1-2)Man(a1-6)[GlcNAc(b1-3)Gal(b1-4)GlcNAc(b1-3)Gal(b1-4)GlcNAc(b1-2)Man(a1-3)]Man(b1-4)GlcNAc(b1-4)[Fuc(a1-6)]GlcNAc(b1-Sp24,28.743725,32.45455,118.25125
Gal(b1-4)GlcNAc(b1-3)Gal(b1-4)GlcNAc(b1-3)Gal(b1-4)GlcNAc(b1-2)Man(a1-6)[Gal(b1-4)GlcNAc(b1-3)Gal(b1-4)GlcNAc(b1-3)Gal(b1-4)GlcNAc(b1-2)Man(a1-3)]Man(b1-4)GlcNAc(b1-4)[Fuc(a1-6)]GlcNAc(b1-Sp24,2534.97975,7028.348575,30520.69115
GlcNAc(b1-3)Gal(b1-4)GlcNAc(b1-3)Gal(b1-4)GlcNAc(b1-3)Gal(b1-4)GlcNAc(b1-2)Man(a1-6)[GlcNAc(b1-3)Gal(b1-4)GlcNAc(b1-3)Gal(b1-4)GlcNAc(b1-3)Gal(b1-4)GlcNAc(b1-2)Man(a1-3)]Man(b1-4)GlcNAc(b1-4)[Fuc(a1-6)]GlcNAc(b1-Sp24,22.385825000000004,40.948425,109.66759999999996
Gal(b1-4)GlcNAc(b1-3)Gal(b1-4)GlcNAc(b1-3)Gal(b1-4)GlcNAc(b1-3)Gal(b1-4)GlcNAc(b1-2)Man(a1-6)[Gal(b1-4)GlcNAc(b1-3)Gal(b1-4)GlcNAc(b1-3)Gal(b1-4)GlcNAc(b1-3)Gal(b1-4)GlcNAc(b1-2)Man(a1-3)]Man(b1-4)GlcNAc(b1-4)[Fuc(a1-6)]GlcNAc(b1-Sp24,2560.656375,8485.3688,32225.662424999995
GlcNAc(b1-3)Gal(b1-4)GlcNAc(b1-3)Gal(b1-4)GlcNAc(b1-3)Gal(b1-4)GlcNAc(b1-3)Gal(b1-4)GlcNAc(b1-2)Man(a1-6)[GlcNAc(b1-3)Gal(b1-4)GlcNAc(b1-3)Gal(b1-4)GlcNAc(b1-3)Gal(b1-4)GlcNAc(b1-3)Gal(b1-4)GlcNAc(b1-2)Man(a1-3)]Man(b1-4)GlcNAc(b1-4)[Fuc(a1-6)]GlcNAc(b1-Sp19,-0.8942250000000005,7.869,15.2778
Gal(b1-4)GlcNAc(b1-3)Gal(b1-4)GlcNAc(b1-3)Gal(b1-4)GlcNAc(b1-3)Gal(b1-4)GlcNAc(b1-3)Gal(b1-4)GlcNAc(b1-2)Man(a1-6)[Gal(b1-4)GlcNAc(b1-3)Gal(b1-4)GlcNAc(b1-3)Gal(b1-4)GlcNAc(b1-3)Gal(b1-4)GlcNAc(b1-3)Gal(b1-4)GlcNAc(b1-2)Man(a1-3)]Man(b1-4)GlcNAc(b1-4)[Fuc(a1-6)]GlcNAc(b1-Sp19,2750.70435,12495.641900000002,41494.33885
Gal(b1-4)GlcNAc(b1-3)Gal(b1-4)GlcNAc(b1-6)[Gal(b1-4)GlcNAc(b1-3)Gal(b1-4)GlcNA(b1-2)]Man(a1-6)[Gal(b1-4)GlcNAc(b1-3)Gal(b1-4)GlcNAc(b1-2)Man(a1-3)]Man(b1-4)GlcNAc(b1-4)[Fuc(a1-6)]GlcNAc(b1-Sp24,2071.1910499999994,6549.137324999998,26336.173225
GlcNAc(b1-3)Gal(b1-4)GlcNAc(b1-3)Gal(b1-4)GlcNAc(b1-6)[GlcNAc(b1-3)Gal(b1-4)GlcNAc(b1-3)Gal(b1-4)GlcNA(b1-2)]Man(a1-6)[GlcNAc(b1-3)Gal(b1-4)GlcNAc(b1-3)Gal(b1-4)GlcNAc(b1-2)Man(a1-3)]Man(b1-4)GlcNAc(b1-4)[Fuc(a1-6)]GlcNAc(b1-Sp24,7.897474999999997,2.132175,54.955775
Gal(b1-4)GlcNAc(b1-3)Gal(b1-4)GlcNAc(b1-3)Gal(b1-4)GlcNAc(b1-6)[Gal(b1-4)GlcNAc(b1-3)Gal(b1-4)GlcNAc(b1-3)Gal(b1-4)GlcNA(b1-2)]Man(a1-6)[Gal(b1-4)GlcNAc(b1-3)Gal(b1-4)GlcNAc(b1-3)Gal(b1-4)GlcNAc(b1-2)Man(a1-3)]Man(b1-4)GlcNAc(b1-4)[Fuc(a1-6)]GlcNAc(b1-Sp24,2806.123175,11403.165225,33331.2558
GlcNAc(b1-3)Gal(b1-4)GlcNAc(b1-3)Gal(b1-4)GlcNAc(b1-3)Gal(b1-4)GlcNAc(b1-6)[GlcNAc(b1-3)Gal(b1-4)GlcNAc(b1-3)Gal(b1-4)GlcNAc(b1-3)Gal(b1-4)GlcNA(b1-2)]Man(a1-6)[GlcNAc(b1-3)Gal(b1-4)GlcNAc(b1-3)Gal(b1-4)GlcNAc(b1-3)Gal(b1-4)GlcNAc(b1-2)Man(a1-3)]Man(b1-4)GlcNAc(b1-4)[Fuc(a1-6)]GlcNAc(b1-Sp24,7.3051999999999975,3.41165,62.966375
Gal(b1-4)GlcNAc(b1-3)Gal(b1-4)GlcNAc(b1-3)Gal(b1-4)GlcNAc(b1-3)Gal(b1-4)GlcNAc(b1-6)[Gal(b1-4)GlcNAc(b1-3)Gal(b1-4)GlcNAc(b1-3)Gal(b1-4)GlcNAc(b1-3)Gal(b1-4)GlcNA(b1-2)]Man(a1-6)[Gal(b1-4)GlcNAc(b1-3)Gal(b1-4)GlcNAc(b1-3)Gal(b1-4)GlcNAc(b1-3)Gal(b1-4)GlcNAc(b1-2)Man(a1-3)]Man(b1-4)GlcNAc(b1-4)[Fuc(a1-6)]GlcNAc(b1-Sp24,2486.3814,15561.5656,30261.395975000014
GlcNAc(b1-3)Gal(b1-4)GlcNAc(b1-3)Gal(b1-4)GlcNAc(b1-3)Gal(b1-4)GlcNAc(b1-3)Gal(b1-4)GlcNAc(b1-6)[GlcNAc(b1-3)Gal(b1-4)GlcNAc(b1-3)Gal(b1-4)GlcNAc(b1-3)Gal(b1-4)GlcNAc(b1-3)Gal(b1-4)GlcNA(b1-2)]Man(a1-6)[GlcNAc(b1-3)Gal(b1-4)GlcNAc(b1-3)Gal(b1-4)GlcNAc(b1-3)Gal(b1-4)GlcNAc(b1-3)Gal(b1-4)GlcNAc(b1-2)Man(a1-3)]Man(b1-4)GlcNAc(b1-4)[Fuc(a1-6)]GlcNAc(b1-Sp24,-0.9593999999999988,9.635475,40.34815
Gal(b1-4)GlcNAc(b1-3)Gal(b1-4)GlcNAc(b1-3)Gal(b1-4)GlcNAc(b1-3)Gal(b1-4)GlcNAc(b1-3)Gal(b1-4)GlcNAc(b1-6)[Gal(b1-4)GlcNAc(b1-3)Gal(b1-4)GlcNAc(b1-3)Gal(b1-4)GlcNAc(b1-3)Gal(b1-4)GlcNAc(b1-3)Gal(b1-4)GlcNA(b1-2)]Man(a1-6)[Gal(b1-4)GlcNAc(b1-3)Gal(b1-4)GlcNAc(b1-3)Gal(b1-4)GlcNAc(b1-3)Gal(b1-4)GlcNAc(b1-3)Gal(b1-4)GlcNAc(b1-2)Man(a1-3)]Man(b1-4)GlcNAc(b1-4)[Fuc(a1-6)]GlcNAc(b1-Sp24,1096.2947,23592.7953,42687.67215
Gal(b1-4)GlcNAc(b1-3)Gal(b1-4)GlcNAc(b1-3)GalNAc(a1-Sp14,83.83470000000001,83.860775,270.45635000000004
Gal(b1-4)GlcNAc(b1-3)Gal(b1-4)GlcNAc(b1-6)[Gal(b1-3)]GalNAc(a1-Sp14,212.11162500000003,762.6970249999997,3037.4562
Gal(b1-4)GlcNAc(b1-3)Gal(b1-4)GlcNAc(b1-6)[Gal(b1-4)GlcNAc(b1-3)Gal(b1-4)GlcNAc(b1-3)]GalNAc(a1-Sp14,118.74025,119.497725,622.7094749999999
Neu5Ac(a2-3)Gal(b1-4)GlcNAc(b1-3)Gal(b1-4)GlcNAc(b1-3)GalNAc(a1-Sp14,5.468349999999999,13.51,18.605275
GlcNAc(b1-3)Gal(b1-4)GlcNAc(b1-3)GalNAc(a1-Sp14,4.458525000000002,0.1210749999999976,19.760324999999995
GlcNAc(b1-3)Gal(b1-4)GlcNAc(b1-6)[Gal(b1-3)]GalNAc(a1-Sp14,34.262325000000004,118.8224,1088.56945
GlcNAc(b1-3)Gal(b1-4)GlcNAc(b1-6)[GlcNAc(b1-3)Gal(b1-4)GlcNAc(b1-3)]GalNAc(a1-Sp14,0.8105250000000002,0.9500249999999985,-3.92925
Neu5Ac(a2-3)Gal(b1-4)GlcNAc(b1-3)Gal(b1-4)GlcNAc(b1-6)[Neu5Ac(a2-3)Gal(b1-4)GlcNAc(b1-3)Gal(b1-4)GlcNAc(b1-3)]GalNAc(a1-Sp14,3.957324999999999,12.1602,12.726074999999998
Neu5Ac(a2-6)Gal(b1-4)GlcNAc(b1-3)Gal(b1-4)GlcNAc(b1-3)GalNAc(a1-Sp14,4.280925,14.686300000000005,6.372350000000001
GlcNAc(b1-3)Gal(b1-4)GlcNAc(b1-3)Gal(b1-4)GlcNAc(b1-3)GalNAc(a1-Sp14,18.6289,7.199949999999999,12.576424999999995
Gal(b1-4)GlcNAc(b1-3)Gal(b1-3)GalNAc(a1-Sp14,12.295249999999996,23.888400000000004,48.50070000000001
Neu5Ac(a2-3)Gal(b1-4)GlcNAc(b1-3)Gal(b1-4)GlcNAc(b1-6)[Gal(b1-3)]GalNAc(a1-Sp14,48.392575,60.84447499999999,213.06345000000005
Neu5Ac(a2-6)Gal(b1-4)GlcNAc(b1-3)Gal(b1-4)GlcNAc(b1-6)[Gal(b1-3)]GalNAc(a1-Sp14,29.81882500000001,78.59979999999999,1731.522375
Neu5Ac(a2-6)Gal(b1-4)GlcNAc(b1-6)[Gal(b1-3)]GalNAc(a1-Sp14,30.20277500000001,471.396625,2850.945975
Neu5Ac(a2-3)Gal(b1-4)GlcNAc(b1-3)Gal(b1-4)GlcNAc(b1-2)Man(a1-6)[Neu5Ac(a2-3)Gal(b1-4)GlcNAc(b1-3)Gal(b1-4)GlcNAc(b1-2)Man(a1-3)]Man(b1-4)GlcNAc(b1-4)GlcNAc(b1-Sp12,44.658125,61.28602499999998,101.50824999999998
GlcNAc(b1-6)[Neu5Ac(a2-3)Gal(b1-3)]GalNAc(a1-Sp14,-1.3806500000000008,3.382149999999997,0.4246000000000016
Neu5Ac(a2-6)Gal(b1-4)GlcNAc(b1-3)Gal(b1-4)GlcNAc(b1-6)[Neu5Ac(a2-6)Gal(b1-4)GlcNAc(b1-3)Gal(b1-4)GlcNAc(b1-3)]GalNAc(a1-Sp14,106.423175,90.859175,137.77470000000002
Neu5Ac(a2-6)Gal(b1-4)GlcNAc(b1-3)Gal(b1-4)GlcNAc(b1-3)Gal(b1-4)GlcNAc(b1-2)Man(a1-6)[Neu5Ac(a2-6)Gal(b1-4)GlcNAc(b1-3)Gal(b1-4)GlcNAc(b1-3)Gal(b1-4)GlcNAc(b1-2)Man(a1-3)]Man(b1-4)GlcNAc(b1-4)GlcNAc(b1-Sp12,52.18907500000002,81.07335,125.70260000000002
Neu5Ac(a2-3)Gal(b1-4)GlcNAc(b1-3)Gal(b1-4)GlcNAc(b1-3)Gal(b1-4)GlcNAc(b1-2)Man(a1-6)[Neu5Ac(a2-3)Gal(b1-4)GlcNAc(b1-3)Gal(b1-4)GlcNAc(b1-3)Gal(b1-4)GlcNAc(b1-2)Man(a1-3)]Man(b1-4)GlcNAc(b1-4)GlcNAc(b1-Sp12,57.08410000000001,45.536150000000006,146.00307499999997
Neu5Ac(a2-6)Gal(b1-4)GlcNAc(b1-3)Gal(b1-4)GlcNAc(b1-2)Man(a1-6)[Neu5Ac(a2-6)Gal(b1-4)GlcNAc(b1-3)Gal(b1-4)GlcNAc(b1-2)Man(a1-3)]Man(b1-4)GlcNAc(b1-4)GlcNAc(b1-Sp12,37.062525,72.4003,84.06932499999998
GlcNAc(b1-3)Fuc(a1-Sp21,4.942275,2.0974250000000008,-1.8304749999999976
Gal(b1-3)GalNAc(b1-4)[Neu5Ac(a2-8)Neu5Ac(a2-8)Neu5Ac(a2-3)]Gal(b1-4)Glc(b1-Sp21,13.732824999999995,10.580175000000008,27.852725
