IUPAC,DSL (0.1ug/ml),DSL (1ug/ml),DSL (10ug/ml),DSL (100ug/ml)
Gal(a1-Sp8,8.635174999999998,16.4836,20.721824999999995,15.821625000000004
Glc(a1-Sp8,4.556449999999998,12.998725000000006,18.5531,8.508299999999998
Man(a1-Sp8,14.215175000000002,32.308975000000004,27.706624999999995,29.66525
GalNAc(a1-Sp8,-1.5022000000000002,8.723650000000003,11.789025,2.2646999999999977
GalNAc(a1-Sp15,13.041999999999993,21.994624999999992,10.916375,12.2761
Fuc(a1-Sp8,-3.3850750000000023,10.276725,9.133499999999994,23.008725
Fuc(a1-Sp9,-5.26895,5.217100000000002,11.77155,-1.8817749999999958
Rha(a1-Sp8,5.767225,4.809775000000002,12.080575000000005,6.002675
Neu5Ac(a1-Sp8,18.13665,15.5925,11.590549999999995,31.45035000000001
Neu5Ac(a1-Sp11,24.107825,3.7315250000000013,14.856925,14.964725000000005
Neu5Ac(b1-Sp8,1.6831750000000003,7.375774999999999,1.0646499999999983,15.178425
Gal(b1-Sp8,9.326075,13.615875,32.8965,3.075174999999998
Glc(b1-Sp8,3.0274,11.610874999999998,13.849975,1.698325000000004
Man(b1-Sp8,9.2178,6.170925,10.626075,-4.919550000000003
GalNAc(b1-Sp8,18.03465,21.851275,13.503925,22.457825
GlcNAc(b1-Sp0,19.032775,31.925275,24.79375,16.606350000000006
GlcNAc(b1-Sp8,1.6008749999999985,14.921525,13.72545000000001,-3.927375000000005
GlcN[Gc](b1-Sp8,9.447074999999996,11.2638,5.783174999999997,-1.6364249999999974
Gal(b1-4)GlcNAc(b1-6)[Gal(b1-4)GlcNAc(b1-3)]GalNAc(a1-Sp8,-1.7569999999999997,5.151625000000002,15.387424999999995,168.108625
Gal(b1-4)GlcNAc(b1-6)[Gal(b1-4)GlcNAc(b1-3)]GalNAc(a1-Sp14,1.680625,7.71725,3.8825,0.7896000000000054
GlcNAc(b1-6)[GlcNAc(b1-4)][GlcNAc(b1-3)]GlcNAc(a1-Sp8,5.052424999999999,8.352300000000001,8.097550000000002,-12.357900000000004
6S(3S)Gal(b1-4)(6S)GlcNAc(b1-Sp0,-4.350050000000001,10.39055,5.086075000000001,7.125475
6S(3S)Gal(b1-4)GlcNAc(b1-Sp0,11.497350000000004,0.8835999999999995,6.1174249999999954,-14.764
(3S)Gal(b1-4)[Fuc(a1-3)](6S)Glc(a1-Sp0,39.4094,30.424825,38.2813,1.7719499999999968
(3S)Gal(b1-4)Glc(b1-Sp8,5.1755749999999985,3.2380750000000003,11.3428,4.93385
(3S)Gal(b1-4)(6S)Glc(b1-Sp0,-0.45230000000000103,12.025,6.139499999999999,5.815399999999999
(3S)Gal(b1-4)(6S)Glc(b1-Sp8,10.9158,8.835275,3.698550000000001,19.269575
(3S)Gal(b1-3)[Fuc(a1-4)]GlcNAc(b1-Sp8,-1.8295,8.617725000000002,0.8801000000000005,2.469225
(3S)Gal(b1-3)GalNAc(a1-Sp8,5.2230500000000015,4.427824999999999,5.4383750000000015,3.114600000000001
(3S)Gal(b1-3)GlcNAc(b1-Sp0,1.884625,1.4312750000000003,4.165824999999998,-2.9671499999999984
(3S)Gal(b1-3)GlcNAc(b1-Sp8,-1.80655,4.218400000000003,5.767924999999997,2.784575
(3S)Gal(b1-4)[Fuc(a1-3)]GlcNAc(a1-Sp0 ,1.5935750000000013,15.39375,9.651324999999998,4.535099999999996
(3S)Gal(b1-4)[Fuc(a1-3)]GlcNAc(a1-Sp8,7.8947249999999976,5.6521750000000015,1.0238500000000013,-1.0675750000000015
(3S)Gal(b1-4)(6S)GlcNAc(b1-Sp0,2.8786500000000004,12.023775000000002,175.76552500000003,951.556925
(3S)Gal(b1-4)(6S)GlcNAc(b1-Sp8,5.137049999999999,87.76184999999997,522.1547499999998,2456.3634
(3S)Gal(b1-4)GlcNAc(b1-Sp0,-2.7823749999999983,156.1646,721.8822500000001,2374.8003
(3S)Gal(b1-4)GlcNAc(b1-Sp8,3.0969250000000006,54.349275,314.99235,1158.50205
(3S)Gal(b1-Sp8,-1.5302249999999995,1.7379249999999988,4.5005000000000015,9.35295
(6S)(4S)Gal(b1-4)GlcNAc(b1-Sp0,1.3232750000000006,-0.4265250000000007,12.537325,4.886324999999999
(4S)Gal(b1-4)GlcNAc(b1-Sp8,46.44684999999999,165.23122500000005,1279.346775,3671.2092250000014
(6P)Man(a1-Sp8,7.150475,2.6903249999999983,15.776525000000005,0.8288250000000019
(6S)Gal(b1-4)Glc(b1-Sp0,14.240425000000005,17.857449999999996,2.3043499999999995,-4.859675000000001
(6S)Gal(b1-4)Glc(b1-Sp8,8.534525000000002,22.462049999999994,3.7123500000000007,-5.649975
(6S)Gal(b1-4)GlcNAc(b1-Sp8,1.7400249999999993,1.2183749999999989,2.1092000000000013,-3.5605750000000014
(6S)Gal(b1-4)(6S)Glc(b1-Sp8,-3.982850000000001,5.272425,4.464725000000001,-0.5027249999999999
Neu5Ac(a2-3)(6S)Gal(b1-4)GlcNAc(b1-Sp8,-1.1612000000000011,-0.26715,3.5518,0.962525000000003
(6S)GlcNAc(b1-Sp8,2.533300000000001,0.8361999999999998,0.6361250000000016,-10.9267
"Neu5,9Ac2(a1-Sp8",4.274250000000002,7.8310499999999985,9.379149999999996,4.308900000000001
"Neu5,9Ac2(a2-6)Gal(b1-4)GlcNAc(b1-Sp8",-0.2934499999999982,3.198875,1.5842999999999998,1.677649999999998
Man(a1-6)[Man(a1-3)]Man(b1-4)GlcNAc(b1-4)GlcNAc(b1-Sp12,2.312524999999999,10.358925,56.90440000000001,484.01065
Man(a1-6)[Man(a1-3)]Man(b1-4)GlcNAc(b1-4)GlcNAc(b1-Sp13,18.687575,9.56515,150.156,1067.3273
GlcNAc(b1-2)Man(a1-6)[GlcNAc(b1-2)Man(a1-3)]Man(b1-4)GlcNAc(b1-4)GlcNAc(b1-Sp12,4.2357749999999985,11.9149,19.77735,253.011575
GlcNAc(b1-2)Man(a1-6)[GlcNAc(b1-2)Man(a1-3)]Man(b1-4)GlcNAc(b1-4)GlcNAc(b1-Sp13,7.526924999999998,11.36105,41.01670000000001,310.9949000000001
Gal(b1-4)GlcNAc(b1-2)Man(a1-6)[Gal(b1-4)GlcNAc(b1-2)Man(a1-3)]Man(b1-4)GlcNAc(b1-4)GlcNAc(b1-Sp12,1.2221750000000018,7.2376999999999985,26.88045,255.19799999999998
Neu5Ac(a2-6)Gal(b1-4)GlcNAc(b1-2)Man(a1-6)[Neu5Ac(a2-6)Gal(b1-4)GlcNAc(b1-2)Man(a1-3)]Man(b1-4)GlcNAc(b1-4)GlcNAc(b1-Sp12,2.4728750000000037,11.739624999999998,9.781550000000003,94.01925000000004
Neu5Ac(a2-6)Gal(b1-4)GlcNAc(b1-2)Man(a1-6)[Neu5Ac(a2-6)Gal(b1-4)GlcNAc(b1-2)Man(a1-3)]Man(b1-4)GlcNAc(b1-4)GlcNAc(b1-Sp13,6.583174999999999,23.180425000000003,33.6635,111.653175
Neu5Ac(a2-6)Gal(b1-4)GlcNAc(b1-2)Man(a1-6)[Neu5Ac(a2-6)Gal(b1-4)GlcNAc(b1-2)M(an-a)(a1-3)]Man(b1-4)GlcNAc(b1-4)GlcNAc(b1-Sp21,4.493475,9.13325,5.044350000000001,69.089575
Neu5Ac(a2-6)Gal(b1-4)GlcNAc(b1-2)Man(a1-6)[Neu5Ac(a2-6)Gal(b1-4)GlcNAc(b1-2)Man(a1-3)]Man(b1-4)GlcNAc(b1-4)GlcNAc(b1-Sp24,33.732375000000005,163.361375,1041.3253249999998,3936.574225000001
Fuc(a1-2)Gal(b1-3)GalNAc(b1-3)Gal(a1-Sp9,20.06465,19.2269,7.045724999999999,30.4329
Fuc(a1-2)Gal(b1-3)GalNAc(b1-3)Gal(a1-4)Gal(b1-4)Glc(b1-Sp9,6.938925000000001,7.023675000000001,9.611299999999998,0.3586249999999964
Fuc(a1-2)Gal(b1-3)[Fuc(a1-4)]GlcNAc(b1-Sp8,3.804074999999999,8.900100000000002,10.754425,1.344424999999999
Fuc(a1-2)Gal(b1-3)GalNAc(a1-Sp8,1.9970000000000017,1.3298249999999996,6.318375000000002,-3.8964500000000006
Fuc(a1-2)Gal(b1-3)GalNAc(a1-Sp14,6.42215,8.738625000000004,4.6971500000000015,6.141425
Fuc(a1-2)Gal(b1-3)GalNAc(b1-4)[Neu5Ac(a2-3)]Gal(b1-4)Glc(b1-Sp0,11.122725,3.42375,18.20285,0.2964999999999982
Fuc(a1-2)Gal(b1-3)GalNAc(b1-4)[Neu5Ac(a2-3)]Gal(b1-4)Glc(b1-Sp9,10.999325,-5.902175,9.975,3.4019999999999992
Fuc(a1-2)Gal(b1-3)GlcNAc(b1-3)Gal(b1-4)Glc(b1-Sp8,7.390349999999996,4.5116,4.27325,8.265700000000002
Fuc(a1-2)Gal(b1-3)GlcNAc(b1-3)Gal(b1-4)Glc(b1-Sp10,-6.2965750000000025,17.541175000000006,14.322675000000002,35.20092500000001
Fuc(a1-2)Gal(b1-3)GlcNAc(b1-Sp0,22.404175,-1.329699999999999,5.3207,3.664499999999999
Fuc(a1-2)Gal(b1-3)GlcNAc(b1-Sp8,11.886200000000002,11.441224999999998,-2.7956749999999992,-7.437750000000001
Fuc(a1-2)Gal(b1-4)[Fuc(a1-3)]GlcNAc(b1-3)Gal(b1-4)[Fuc(a1-3)]GlcNAc(b1-Sp0,-0.050675000000000026,0.07177500000000059,7.808649999999997,0.67455
Fuc(a1-2)Gal(b1-4)[Fuc(a1-3)]GlcNAc(b1-3)Gal(b1-4)[Fuc(a1-3)]GlcNAc(b1-3)Gal(b1-4)[Fuc(a1-3)]GlcNAc(b1-Sp0,9.273825000000002,14.257575,9.894675,1.7054999999999971
Fuc(a1-2)Gal(b1-4)[Fuc(a1-3)]GlcNAc(b1-Sp0,9.59185,15.575349999999998,5.990675,-9.7094
Fuc(a1-2)Gal(b1-4)[Fuc(a1-3)]GlcNAc(b1-Sp8,5.9072749999999985,3.550725,10.795175,13.551225000000002
Fuc(a1-2)Gal(b1-4)GlcNAc(b1-3)Gal(b1-4)GlcNAc(b1-Sp0,1.2890249999999996,16.625174999999995,151.79309999999995,1004.8310749999997
Fuc(a1-2)Gal(b1-4)GlcNAc(b1-3)Gal(b1-4)GlcNAc(b1-3)Gal(b1-4)GlcNAc(b1-Sp0,26.74087500000001,125.10377499999998,1077.357175,4625.449200000001
Fuc(a1-2)Gal(b1-4)GlcNAc(b1-Sp0,1.450775,0.07430000000000002,0.1903249999999992,28.36745
Fuc(a1-2)Gal(b1-4)GlcNAc(b1-Sp8,-0.3077500000000004,6.746200000000003,97.235575,639.3218
Fuc(a1-2)Gal(b1-4)Glc(b1-Sp0,11.144625,1.4348999999999998,14.022224999999995,2.630700000000001
Fuc(a1-2)Gal(b1-Sp8,21.264249999999983,8.86855,3.838875,8.898375
Fuc(a1-3)GlcNAc(b1-Sp8,2.4550500000000017,7.8549000000000015,9.957050000000002,-9.655
Fuc(a1-4)GlcNAc(b1-Sp8,5.208025000000001,1.6779000000000002,-4.74855,-5.736674999999997
Fuc(b1-3)GlcNAc(b1-Sp8,5.299050000000001,7.684424999999999,3.683724999999999,-3.9441749999999978
GalNAc(a1-3)[Fuc(a1-2)]Gal(b1-3)GlcNAc(b1-Sp0,1.5851000000000006,13.9959,9.14595,-0.8694250000000032
GalNAc(a1-3)[Fuc(a1-2)]Gal(b1-4)[Fuc(a1-3)]GlcNAc(b1-Sp0,26.466200000000004,31.10155,2.693125,16.661025000000002
(3S)Gal(b1-4)[Fuc(a1-3)]Glc(b1-Sp0,-0.7742249999999995,9.065400000000004,1.8162249999999984,0.2280499999999979
GalNAc(a1-3)[Fuc(a1-2)]Gal(b1-4)GlcNAc(b1-Sp0,18.297549999999994,97.87875,405.35962500000016,1202.877575
GalNAc(a1-3)[Fuc(a1-2)]Gal(b1-4)GlcNAc(b1-Sp8,6.41875,44.6345,452.2603499999999,2775.0426
GalNAc(a1-3)[Fuc(a1-2)]Gal(b1-4)Glc(b1-Sp0,1.836125000000001,4.904700000000002,4.64275,-1.2222000000000008
GlcNAc(b1-3)Gal(b1-3)GalNAc(a1-Sp8,9.895875000000002,9.146125,7.6914500000000015,4.876799999999996
GalNAc(a1-3)[Fuc(a1-2)]Gal(b1-Sp8,-2.44285,-2.6609250000000007,1.8978250000000016,6.34975
GalNAc(a1-3)[Fuc(a1-2)]Gal(b1-Sp18,-1.7753999999999976,2.5739250000000027,6.6949000000000005,-5.232275
GalNAc(a1-3)GalNAc(b1-Sp8,-0.9517499999999988,-4.130775000000001,0.8340250000000005,3.221375000000001
GalNAc(a1-3)Gal(b1-Sp8,-7.51655,3.655025000000002,8.100174999999998,-11.1031
GalNAc(a1-4)[Fuc(a1-2)]Gal(b1-4)GlcNAc(b1-Sp8,-0.7970000000000006,12.768925000000005,131.2262,1272.448075
GalNAc(b1-3)GalNAc(a1-Sp8,4.485574999999999,-2.552949999999999,-0.09422500000000067,-10.118000000000002
GalNAc(b1-3)[Fuc(a1-2)]Gal(b1-Sp8,-1.94375,3.8929750000000016,1.7847499999999992,3.73375
GalNAc(b1-3)Gal(a1-4)Gal(b1-4)GlcNAc(b1-Sp0,13.557225,43.05487500000001,404.10737500000016,1695.4660500000002
GalNAc(b1-4)[Fuc(a1-3)]GlcNAc(b1-Sp0,9.904524999999998,8.35805,7.660525000000002,8.3396
GalNAc(b1-4)GlcNAc(b1-Sp0,16.939724999999996,37.4639,221.15770000000006,2185.658725
GalNAc(b1-4)GlcNAc(b1-Sp8,10.773400000000004,43.81307499999999,313.717325,2934.150125
Gal(a1-2)Gal(b1-Sp8,2.463000000000001,8.0977,5.406875,8.133275000000001
Gal(a1-3)[Fuc(a1-2)]Gal(b1-3)GlcNAc(b1-Sp0,63.148175,75.77912500000002,252.169725,109.022775
Gal(a1-3)[Fuc(a1-2)]Gal(b1-3)GlcNAc(b1-Sp8,91.245525,226.213075,29.00725,100.14895000000004
Gal(a1-3)[Fuc(a1-2)]Gal(b1-4)[Fuc(a1-3)]GlcNAc(b1-Sp0,23.831000000000003,22.727825,11.60665,5.451024999999998
Gal(a1-3)[Fuc(a1-2)]Gal(b1-4)[Fuc(a1-3)]GlcNAc(b1-Sp8,3.048675000000001,3.908499999999999,6.983174999999999,6.265575
Gal(a1-3)[Fuc(a1-2)]Gal(b1-4)GlcNAc(a1-Sp0,122.4695,435.811425,1714.160475,4666.740925
Gal(a1-3)[Fuc(a1-2)]Gal(b1-4)Glc(b1-Sp0,17.376374999999996,59.21317499999999,22.092475,57.08012500000001
Gal(a1-3)[Fuc(a1-2)]Gal(b1-Sp8,5.341424999999999,6.837975,4.299074999999997,3.0291
Gal(a1-3)[Fuc(a1-2)]Gal(b1-Sp18,38.627275,21.56855,16.725199999999994,37.72147500000001
Gal(a1-4)[Gal(a1-3)]Gal(b1-4)GlcNAc(b1-Sp8,118.66165,407.42315,1300.1521,8843.703949999997
Gal(a1-3)GalNAc(a1-Sp8,28.2266,33.83995,43.3395,24.352525
Gal(a1-3)GalNAc(a1-Sp16,16.6145,2.0314000000000005,2.7967250000000012,4.086875
Gal(a1-3)GalNAc(b1-Sp8,3.768524999999999,6.2604500000000005,1.5858249999999998,-6.606900000000001
Gal(a1-3)Gal(b1-4)[Fuc(a1-3)]GlcNAc(b1-Sp8,-0.3412000000000006,4.1323500000000015,4.656475000000002,0.7568250000000011
Gal(a1-3)Gal(b1-3)GlcNAc(b1-Sp0,5.937325,20.519475,11.873375,11.508200000000004
Gal(a1-3)Gal(b1-4)GlcNAc(b1-Sp8,44.442475,332.38039999999995,1575.26895,6304.288825
Gal(a1-3)Gal(b1-4)Glc(b1-Sp0,3.3957749999999987,20.604975000000003,19.132225,-3.5683750000000014
Gal(a1-3)Gal(b1-4)Glc(a1-Sp10,6.018225000000001,4.743025000000001,2.70045,-4.999900000000004
Gal(a1-3)Gal(b1-Sp8,4.659224999999998,-0.5916249999999987,8.959425,14.270075
Gal(a1-4)[Fuc(a1-2)]Gal(b1-4)GlcNAc(b1-Sp8,17.025525000000002,14.5102,52.91005000000001,662.7528
Gal(a1-4)Gal(b1-4)GlcNAc(b1-Sp0,12.25285,44.83805,272.41485,1584.2781249999994
Gal(a1-4)Gal(b1-4)GlcNAc(b1-Sp8,10.223449999999994,68.148625,590.4713499999998,4299.490375
Gal(a1-4)Gal(b1-4)Glc(b1-Sp0,12.914224999999998,10.274175000000003,3.7152000000000096,22.01127500000001
Gal(a1-4)GlcNAc(b1-Sp8,2.8310250000000003,4.415724999999999,2.207475,16.170325
Gal(a1-6)Glc(b1-Sp8,-3.705375,14.515075,1.232525,-4.4906000000000015
Gal(b1-2)Gal(b1-Sp8,7.881850000000003,10.445050000000002,11.7258,26.2091
Gal(b1-3)[Fuc(a1-4)]GlcNAc(b1-3)Gal(b1-4)[Fuc(a1-3)]GlcNAc(b1-Sp0,1.6554999999999982,2.7028,6.183075,-5.412450000000002
Gal(b1-3)[Fuc(a1-4)]GlcNAc(b1-3)Gal(b1-4)GlcNAc(b1-Sp0,2.7913499999999978,10.535,14.163225000000011,14.340175
Gal(b1-3)[Fuc(a1-4)]GlcNAc(a1-Sp0,2.958500000000001,14.421024999999998,12.332850000000002,10.261175
Gal(b1-3)[Fuc(a1-4)]GlcNAc(a1-Sp8 ,0.4097749999999998,15.087849999999998,2.006174999999999,-5.91625
Fuc(a1-4)[Gal(b1-3)]GlcNAc(b1-Sp8,8.251450000000002,5.849974999999999,7.6653249999999975,-11.609025
Gal(b1-4)GlcNAc(b1-6)GalNAc(a1-Sp8,-7.782775000000003,13.953175000000005,12.802075,139.26635
Gal(b1-4)GlcNAc(b1-6)GalNAc(a1-Sp14,13.016575,12.6957,10.734425000000002,1.3090499999999992
GlcNAc(b1-6)[Gal(b1-3)]GalNAc(a1-Sp8,7.0290250000000025,16.892924999999998,17.9826,0.34754999999999825
GlcNAc(b1-6)[Gal(b1-3)]GalNAc(a1-Sp14,-3.2242499999999987,6.3646499999999975,2.569875000000001,-6.305625
Neu5Ac(a2-6)[Gal(b1-3)]GalNAc(a1-Sp8,-0.5901749999999986,5.424200000000001,0.3895749999999989,-7.5062000000000015
Neu5Ac(a2-6)[Gal(b1-3)]GalNAc(a1-Sp14,6.1565499999999975,10.49415,12.996175,8.865299999999998
Neu5Ac(b2-6)[Gal(b1-3)]GalNAc(a1-Sp8,-2.323525,5.5495750000000035,4.431850000000002,-5.282850000000002
Neu5Ac(a2-6)[Gal(b1-3)]GlcNAc(b1-4)Gal(b1-4)Glc(b1-Sp10,-4.3734,-1.86485,2.339574999999999,-11.709249999999995
Gal(b1-3)GalNAc(a1-Sp8,-5.753400000000001,3.2132500000000004,-1.4738750000000005,-4.895999999999999
Gal(b1-3)GalNAc(a1-Sp14,2.785375,2.17125,5.1735000000000015,-10.486525
Gal(b1-3)GalNAc(a1-Sp16,-2.1436749999999978,1.1193499999999998,2.7311499999999995,-3.5139750000000003
Gal(b1-3)GalNAc(b1-Sp8,15.530549999999998,6.1807250000000025,7.7982,8.145625
Gal(b1-3)GalNAc(b1-3)Gal(a1-4)Gal(b1-4)Glc(b1-Sp0,8.967850000000004,2.149250000000002,10.108449999999998,5.1028000000000056
Gal(b1-3)GalNAc(b1-4)[Neu5Ac(a2-3)]Gal(b1-4)Glc(b1-Sp0,6.025974999999999,1.6562749999999982,9.720899999999997,2.1380000000000017
Gal(b1-3)GalNAc(b1-4)Gal(b1-4)Glc(b1-Sp8,12.79005,8.808649999999995,4.189500000000002,1.320074999999992
Gal(b1-3)Gal(b1-Sp8,1.2260500000000008,7.791099999999991,8.836325000000002,32.20715
Gal(b1-3)GlcNAc(b1-3)Gal(b1-4)GlcNAc(b1-Sp0,4.656675,22.664475000000003,44.14655000000001,459.069825
Gal(b1-3)GlcNAc(b1-3)Gal(b1-4)Glc(b1-Sp10,7.9102999999999986,-1.6821000000000008,0.19907500000000145,4.488875000000002
Gal(b1-3)GlcNAc(b1-Sp0,0.5139000000000014,10.694249999999998,2.115025,6.663125
Gal(b1-3)GlcNAc(b1-Sp8,11.364724999999998,6.3817999999999975,1.3179749999999988,12.2576
Gal(b1-4)[Fuc(a1-3)]GlcNAc(b1-Sp0,-0.08170000000000144,8.183050000000003,16.853724999999994,9.303549999999994
Gal(b1-4)[Fuc(a1-3)]GlcNAc(b1-Sp8,-1.877699999999999,3.4353750000000005,1.4358999999999966,13.421625
Gal(b1-4)[Fuc(a1-3)]GlcNAc(b1-4)Gal(b1-4)[Fuc(a1-3)]GlcNAc(b1-Sp0,8.810949999999998,8.030399999999998,10.211475,-1.7943250000000042
Gal(b1-4)[Fuc(a1-3)]GlcNAc(b1-4)Gal(b1-4)[Fuc(a1-3)]GlcNAc(b1-4)Gal(b1-4)[Fuc(a1-3)]GlcNAc(b1-Sp0,13.177225,13.641275000000006,10.680725,-1.342175000000001
Gal(b1-4)(6S)Glc(b1-Sp0,9.8803,12.667000000000007,7.842525000000002,-5.482449999999997
Gal(b1-4)(6S)Glc(b1-Sp8,2.75875,0.9634999999999998,7.262675,2.795024999999999
Gal(b1-4)GalNAc(a1-3)[Fuc(a1-2)]Gal(b1-4)GlcNAc(b1-Sp8,9.171075,109.6721,971.788625,3731.372375
Gal(b1-4)GalNAc(b1-3)[Fuc(a1-2)]Gal(b1-4)GlcNAc(b1-Sp8,-1.4712750000000003,2.226074999999999,9.040275,10.635
Gal(b1-4)GlcNAc(b1-3)GalNAc(a1-Sp8,-1.8468249999999973,2.67225,5.68625,69.93152499999998
Gal(b1-4)GlcNAc(b1-3)GalNAc(a1-Sp14,1.8052999999999968,13.535125,5.450375000000002,-0.07564999999999777
Gal(b1-4)GlcNAc(b1-3)Gal(b1-4)[Fuc(a1-3)]GlcNAc(b1-3)Gal(b1-4)[Fuc(a1-3)]GlcNAc(b1-Sp0,-3.062025,11.63795,1.6187750000000012,4.8518500000000016
Gal(b1-4)GlcNAc(b1-3)Gal(b1-4)GlcNAc(b1-3)Gal(b1-4)GlcNAc(b1-Sp0,32.596599999999995,103.9632,700.4294249999997,4533.288624999999
Gal(b1-4)GlcNAc(b1-3)Gal(b1-4)GlcNAc(b1-Sp0,14.150449999999998,142.093125,1151.3584,4255.4216000000015
Gal(b1-4)GlcNAc(b1-3)Gal(b1-4)Glc(b1-Sp0,4.58605,0.9625749999999976,-0.7654250000000005,2.9345750000000006
Gal(b1-4)GlcNAc(b1-3)Gal(b1-4)Glc(b1-Sp8,12.813350000000005,9.02125,7.624250000000003,122.877775
Gal(b1-4)GlcNAc(b1-6)[Gal(b1-3)]GalNAc(a1-Sp8,9.604874999999996,10.9248,9.801225,31.154250000000008
Gal(b1-4)GlcNAc(b1-6)[Gal(b1-3)]GalNAc(a1-Sp14,2.5514749999999977,6.132074999999999,6.405,-5.3042250000000015
Gal(b1-4)GlcNAc(b1-Sp0,-0.306300000000002,0.10669999999999824,18.1594,729.592975
Gal(b1-4)GlcNAc(b1-Sp8,3.413400000000001,31.276650000000004,419.19085,1725.3406249999994
Gal(b1-4)GlcNAc(b1-Sp23,-2.329825,0.6598750000000004,36.732725,335.01537500000006
Gal(b1-4)Glc(b1-Sp0,7.143125,6.427400000000002,10.812275,3.0784749999999987
Gal(b1-4)Glc(b1-Sp8,4.261174999999998,2.045675000000001,11.6796,8.959724999999997
GlcNAc(a1-3)Gal(b1-4)GlcNAc(b1-Sp8,78.357725,451.4699249999999,1441.55665,5249.2295749999985
GlcNAc(a1-6)Gal(b1-4)GlcNAc(b1-Sp8,-4.268049999999999,4.9141499999999985,1.8583249999999991,-5.3915500000000005
GlcNAc(b1-2)Gal(b1-3)GalNAc(a1-Sp8,4.493525,1.459175000000001,1.3709499999999988,0.056550000000004985
GlcNAc(b1-6)[GlcNAc(b1-3)]GalNAc(a1-Sp8,6.657424999999997,12.455675,4.518799999999999,-0.9437999999999996
GlcNAc(b1-6)[GlcNAc(b1-3)]GalNAc(a1-Sp14,-8.75625,4.535,6.687399999999995,-5.3487000000000045
GlcNAc(b1-6)[GlcNAc(b1-3)]Gal(b1-4)GlcNAc(b1-Sp8,-4.137475,1.4351749999999992,-1.154675,-4.013000000000002
GlcNAc(b1-3)GalNAc(a1-Sp8,5.30625,8.720949999999998,9.704725,-4.5235749999999975
GlcNAc(b1-3)GalNAc(a1-Sp14,3.2875,1.9312250000000004,1.8152000000000024,-2.8324750000000005
GlcNAc(b1-3)Gal(b1-Sp8,4.338249999999999,-1.111475,5.619799999999999,-1.6390250000000002
GlcNAc(b1-3)Gal(b1-4)GlcNAc(b1-Sp0,3.2308249999999994,24.91085,159.79672500000004,1378.58615
GlcNAc(b1-3)Gal(b1-4)GlcNAc(b1-Sp8,5.862250000000002,21.65875,103.06555,710.3531250000003
GlcNAc(b1-3)Gal(b1-4)GlcNAc(b1-3)Gal(b1-4)GlcNAc(b1-Sp0,3.9205499999999986,83.94920000000002,524.8596749999998,2635.969475000001
GlcNAc(b1-3)Gal(b1-4)Glc(b1-Sp0,-3.1325,3.160475,0.4064500000000004,0.7233250000000009
GlcNAc(b1-4)(a1-MDPLys,2.322050000000001,12.610425,5.264850000000001,-9.971174999999997
GlcNAc(b1-6)[GlcNAc(b1-4)]GalNAc(a1-Sp8,3.6176250000000016,-5.856899999999998,-2.098450000000001,-0.3118250000000007
GlcNAc(b1-4)Gal(b1-4)GlcNAc(b1-Sp8,5.367575000000002,178.798275,983.0405750000003,3637.9845000000014
GlcNAc(b1-4)GlcNAc(b1-4)GlcNAc(b1-4)GlcNAc(b1-4)GlcNAc(b1-4)GlcNAc(b1-Sp8,119.700675,754.588175,2891.397975,5922.404825000001
GlcNAc(b1-4)GlcNAc(b1-4)GlcNAc(b1-4)GlcNAc(b1-4)GlcNAc(b1-Sp8,188.235675,1204.0537,3858.517125,8510.96645
GlcNAc(b1-4)GlcNAc(b1-4)GlcNAc(b1-Sp8,72.07287500000002,602.7231750000002,3369.9017000000013,7859.869925000001
GlcNAc(b1-6)GalNAc(a1-Sp8,-5.333075000000001,3.3354750000000006,3.001125,-4.261925
GlcNAc(b1-6)GalNAc(a1-Sp14,-0.937224999999998,2.2595750000000017,3.0274750000000026,-20.451625
GlcNAc(b1-6)Gal(b1-4)GlcNAc(b1-Sp8,3.5373750000000026,4.606374999999998,2.3096500000000013,-4.571574999999998
Glc(a1-4)Glc(b1-Sp8,21.110149999999994,16.047575,8.05,0.1678500000000014
Glc(a1-4)Glc(a1-Sp8,10.661149999999996,0.5974000000000008,1.2859250000000009,18.015625
Glc(a1-6)Glc(a1-6)Glc(b1-Sp8,9.263525,10.439125,6.209249999999999,-1.1622749999999993
Glc(b1-4)Glc(b1-Sp8,14.699450000000002,13.605550000000004,-0.3693999999999989,5.028675
Glc(b1-6)Glc(b1-Sp8,1.5707249999999997,0.9740000000000006,9.992725000000004,4.197050000000001
G-ol(a1-Sp8,4.853774999999999,14.483774999999996,3.725,6.358375000000002
GlcA(a1-Sp8,5.3271,4.0277499999999975,0.3618249999999996,2.020675000000004
GlcA(b1-Sp8,66.822325,19.099775,20.04285,48.4614
GlcA(b1-3)Gal(b1-Sp8,5.4377,-6.149499999999998,9.616649999999998,5.877099999999999
GlcA(b1-6)Gal(b1-Sp8,-0.3150750000000002,9.244875000000002,6.8624250000000035,0.680950000000001
KDN(a2-3)Gal(b1-3)GlcNAc(b1-Sp0,7.30085,7.291599999999999,5.289075,-4.9421
KDN(a2-3)Gal(b1-4)GlcNAc(b1-Sp0,2.5303250000000013,7.497675000000003,43.75702500000001,461.450275
Man(a1-2)Man(a1-2)Man(a1-3)Man(a1-Sp9,7.849025000000001,2.6161000000000003,8.634525,4.584299999999999
Man(a1-2)Man(a1-6)[Man(a1-2)Man(a1-3)]Man(a1-Sp9,5.5564,4.608974999999999,7.451325,11.109524999999998
Man(a1-2)Man(a1-3)Man(a1-Sp9,13.532550000000002,3.7665499999999983,7.6323250000000025,1.0232500000000009
Man(a1-6)[Man(a1-2)Man(a1-3)]Man(a1-6)[Man(a1-2)Man(a1-3)]Man(b1-4)GlcNAc(b1-4)GlcNAc(b1-Sp12,11.9335,7.3902,25.79200000000001,262.856175
Man(a1-2)Man(a1-6)[Man(a1-3)]Man(a1-6)[Man(a1-2)Man(a1-2)Man(a1-3)]Man(b1-4)GlcNAc(b1-4)GlcNAc(b1-Sp12,7.83225,36.221975,243.71025,949.057875
Man(a1-2)Man(a1-6)[Man(a1-2)Man(a1-3)]Man(a1-6)[Man(a1-2)Man(a1-2)Man(a1-3)]Man(b1-4)GlcNAc(b1-4)GlcNAc(b1-Sp12,33.563275000000004,21.910225,34.649950000000004,11.894600000000004
Man(a1-6)[Man(a1-3)]Man(a1-Sp9,4.357075000000002,12.838275,3.299100000000001,-5.811174999999998
Man(a1-2)Man(a1-2)Man(a1-6)[Man(a1-3)]Man(a1-Sp9,2.443250000000001,4.22095,-0.2973250000000007,-5.315850000000008
Man(a1-6)[Man(a1-3)]Man(a1-6)[Man(a1-2)Man(a1-3)]Man(b1-4)GlcNAc(b1-4)GlcNAc(b1-Sp12,54.0686,47.9511,643.4591000000003,1198.5729
Man(a1-6)[Man(a1-3)]Man(a1-6)[Man(a1-3)]Man(b1-4)GlcNAc(b1-4)GlcNAc(b1-Sp12,2.694800000000006,9.09885,158.74410000000003,619.9920500000002
Man(b1-4)GlcNAc(b1-Sp0,3.02205,-0.980225,10.28335,216.582425
Neu5Ac(a2-3)Gal(b1-4)GlcNAc(b1-3)Gal(b1-4)[Fuc(a1-3)]GlcNAc(b1-Sp0,-1.5100499999999997,0.24239999999999906,-9.1278,11.898449999999995
(3S)Gal(b1-4)[Fuc(a1-3)](6S)GlcNAc(b1-Sp8,11.053675000000005,-1.7521749999999994,11.775874999999996,10.933949999999996
Fuc(a1-2)(6S)Gal(b1-4)GlcNAc(b1-Sp0,-2.7484,1.8982250000000043,7.332749999999997,-3.2719000000000005
Fuc(a1-2)Gal(b1-4)(6S)GlcNAc(b1-Sp8,1.4148499999999995,11.445774999999998,182.58017500000003,837.5577
Fuc(a1-2)(6S)Gal(b1-4)(6S)Glc(b1-Sp0,-1.2303749999999989,7.427049999999999,6.4109,2.89375
Neu5Ac(a2-3)Gal(b1-3)GalNAc(a1-Sp8,-4.901999999999999,7.584175000000003,6.80625,-13.459800000000005
Neu5Ac(a2-3)Gal(b1-3)GalNAc(a1-Sp14,-1.9937250000000013,3.957274999999999,2.319125,-13.889125
GalNAc(b1-4)[Neu5Ac(a2-8)Neu5Ac(a2-8)Neu5Ac(a2-8)Neu5Ac(a2-3)]Gal(b1-4)Glc(b1-Sp0,-4.984449999999997,10.374824999999998,6.796099999999999,-0.16624999999999804
GalNAc(b1-4)[Neu5Ac(a2-8)Neu5Ac(a2-8)Neu5Ac(a2-3)]Gal(b1-4)Glc(b1-Sp0,3.9675500000000063,3.482175,16.746525000000002,-6.75825
Neu5Ac(a2-8)Neu5Ac(a2-8)Neu5Ac(a2-3)Gal(b1-4)Glc(b1-Sp0,-0.16372499999999768,0.270150000000001,-1.1150750000000027,-4.7723
GalNAc(b1-4)[Neu5Ac(a2-8)Neu5Ac(a2-3)]Gal(b1-4)Glc(b1-Sp0,-2.9001249999999974,5.082849999999999,0.23804999999999946,-9.259175
Neu5Ac(a2-8)Neu5Ac(a2-8)Neu5Ac(a1-Sp8,-10.104225,-0.3304749999999981,-2.6891250000000024,-0.2970000000000006
Neu5Ac(a2-3)(6S)Gal(b1-4)[Fuc(a1-3)]GlcNAc(b1-Sp8,5.905525,5.786099999999999,6.773074999999999,-0.04399999999999872
GalNAc(b1-4)[Neu5Ac(a2-3)]Gal(b1-4)GlcNAc(b1-Sp0,2.0262750000000023,4.375,18.7011,81.41515000000003
GalNAc(b1-4)[Neu5Ac(a2-3)]Gal(b1-4)GlcNAc(b1-Sp8,12.427400000000002,5.456624999999999,6.561624999999999,125.13910000000004
GalNAc(b1-4)[Neu5Ac(a2-3)]Gal(b1-4)Glc(b1-Sp0,-5.645625,2.414725,3.1953000000000005,5.43815
Neu5Ac(a2-3)Gal(b1-3)GalNAc(b1-4)[Neu5Ac(a2-3)]Gal(b1-4)Glc(b1-Sp0,0.2881499999999999,6.1612750000000025,3.037099999999999,-6.809124999999996
Neu5Ac(a2-6)[Neu5Ac(a2-3)]GalNAc(a1-Sp8,-7.871350000000001,-3.79095,-1.7706750000000009,-10.228950000000003
Neu5Ac(a2-3)GalNAc(a1-Sp8,-4.027700000000001,1.0227999999999977,9.3453,-4.171700000000001
Neu5Ac(a2-3)GalNAc(b1-4)GlcNAc(b1-Sp0,4.159274999999999,4.026375000000002,10.240425,279.02065
Neu5Ac(a2-3)Gal(b1-3)(6S)GlcNAc(a1-Sp8,31.69929999999999,16.624025000000003,12.009600000000004,18.449325
Neu5Ac(a2-3)Gal(b1-3)[ Fuc(a1-4)]GlcNAc(b1-Sp8,3.514050000000001,2.691374999999999,2.292250000000001,-10.213825000000002
Neu5Ac(a2-3)Gal(b1-3)[Fuc(a1-4)]GlcNAc(b1-3)Gal(b1-4)[Fuc(a1-3)]GlcNAc(b1-Sp0,12.625400000000004,4.488574999999999,9.408900000000003,60.031475
Neu5Ac(a2-3)Gal(b1-4)[Neu5Ac(a2-3)Gal(b1-3)]GlcNAc(b1-Sp8,-5.3733999999999975,10.90195,6.186750000000003,8.696899999999996
Neu5Ac(a2-3)Gal(b1-3)(6S)GalNAc(a1-Sp8,-0.9325499999999992,1.76,16.715425000000003,16.690475
Neu5Ac(a2-6)[Neu5Ac(a2-3)Gal(b1-3)]GalNAc(a1-Sp8,-2.857450000000002,6.890475000000001,8.86235,-6.839699999999999
Neu5Ac(a2-6)[Neu5Ac(a2-3)Gal(b1-3)]GalNAc(a1-Sp14,0.00022500000000036382,9.1352,9.070325,0.42637500000000017
Neu5Ac(a2-3)Gal(b1-Sp8,-2.560549999999999,6.118825,7.018900000000004,1.1985499999999971
Neu5Ac(a2-3)Gal(b1-3)GalNAc(b1-3)Gal(a1-4)Gal(b1-4)Glc(b1-Sp0,0.4346750000000021,20.846875,13.644725,-11.18805
Neu5Ac(a2-3)Gal(b1-3)GlcNAc(b1-3)Gal(b1-4)GlcNAc(b1-Sp0,0.873974999999998,4.654750000000002,51.009075,473.5961
Fuc(a1-2)(6S)Gal(b1-4)Glc(b1-Sp0,18.8902,8.5786,7.180675000000001,-7.108324999999998
Neu5Ac(a2-3)Gal(b1-3)GlcNAc(b1-Sp0,6.2435750000000025,-6.16915,9.192874999999997,11.30692499999999
Neu5Ac(a2-3)Gal(b1-3)GlcNAc(b1-Sp8,-2.1097,2.5375749999999986,5.498175,-16.16065
Neu5Ac(a2-3)Gal(b1-4)(6S)GlcNAc(b1-Sp8,5.36445,2.9615750000000016,14.2368,377.9317750000001
Neu5Ac(a2-3)Gal(b1-4)[Fuc(a1-3)](6S)GlcNAc(b1-Sp8,1.23625,1.8588750000000007,4.810950000000002,-16.460375
Neu5Ac(a2-3)Gal(b1-4)[Fuc(a1-3)]GlcNAc(b1-3)Gal(b1-4)[Fuc(a1-3)]GlcNAc(b1-3)Gal(b1-4)[Fuc(a1-3)]GlcNAc(b1-Sp0,1.3983749999999997,7.939000000000003,8.940649999999998,4.273275
Neu5Ac(a2-3)Gal(b1-4)[Fuc(a1-3)]GlcNAc(b1-Sp0,3.814425,7.364500000000001,4.018125,9.927575
Neu5Ac(a2-3)Gal(b1-4)[Fuc(a1-3)]GlcNAc(b1-Sp8,3.4032500000000017,-1.4707749999999988,8.3181,-5.8060750000000025
Neu5Ac(a2-3)Gal(b1-4)[Fuc(a1-3)]GlcNAc(b1-3)Gal(b1-Sp8,0.39682499999999976,1.0954499999999987,6.844125,-0.6671249999999986
Neu5Ac(a2-3)Gal(b1-4)[Fuc(a1-3)]GlcNAc(b1-3)Gal(b1-4)GlcNAc(b1-Sp8,7.6449,15.124800000000002,52.14415,359.26642500000014
Neu5Ac(a2-3)Gal(b1-4)GlcNAc(b1-3)Gal(b1-4)GlcNAc(b1-3)Gal(b1-4)GlcNAc(b1-Sp0,13.022125000000004,148.1031,1312.9748500000005,6167.8344499999985
Neu5Ac(a2-3)Gal(b1-4)GlcNAc(b1-Sp0,6.5496750000000015,16.520649999999993,100.9018,739.2193
Neu5Ac(a2-3)Gal(b1-4)GlcNAc(b1-Sp8,0.5010750000000002,12.62625,72.000425,671.9157749999998
Neu5Ac(a2-3)Gal(b1-4)GlcNAc(b1-3)Gal(b1-4)GlcNAc(b1-Sp0,10.135375000000002,77.7104,522.962925,3403.353775
Fuc(a1-2)Gal(b1-4)(6S)Glc(b1-Sp0,2.7298500000000008,11.749100000000002,1.873950000000001,-7.511649999999999
Neu5Ac(a2-3)Gal(b1-4)Glc(b1-Sp0,10.280375000000003,9.218725000000003,1.1907000000000014,21.48625
Neu5Ac(a2-3)Gal(b1-4)Glc(b1-Sp8,9.513074999999994,6.713299999999998,6.566900000000004,-1.238150000000001
Neu5Ac(a2-6)GalNAc(a1-Sp8,1.8042250000000009,4.642675000000001,-0.11165000000000004,-2.1083000000000016
Neu5Ac(a2-6)GalNAc(b1-4)GlcNAc(b1-Sp0,-1.3393250000000003,2.566650000000001,13.8656,-0.15850000000000186
Neu5Ac(a2-6)Gal(b1-4)(6S)GlcNAc(b1-Sp8,-3.5915999999999983,1.022949999999999,-0.995175,1.5723250000000029
Neu5Ac(a2-6)Gal(b1-4)GlcNAc(b1-Sp0,7.391300000000005,11.209675,5.959800000000001,4.2097250000000015
Neu5Ac(a2-6)Gal(b1-4)GlcNAc(b1-Sp8,3.1644999999999985,1.0039750000000005,-1.5497749999999977,-5.538725
Neu5Ac(a2-6)Gal(b1-4)GlcNAc(b1-3)Gal(b1-4)[Fuc(a1-3)]GlcNAc(b1-3)Gal(b1-4)[Fuc(a1-3)]GlcNAc(b1-Sp0,9.081350000000004,9.16805,2.3581000000000003,-3.638049999999998
Neu5Ac(a2-6)Gal(b1-4)GlcNAc(b1-3)Gal(b1-4)GlcNAc(b1-Sp0,13.796474999999996,53.9821,430.215425,977.187175
Neu5Ac(a2-6)Gal(b1-4)Glc(b1-Sp0,13.008999999999995,7.1406750000000025,4.772,5.7258
Neu5Ac(a2-6)Gal(b1-4)Glc(b1-Sp8,0.5406750000000002,0.9714249999999982,13.977925,-6.429300000000005
Neu5Ac(a2-6)Gal(b1-Sp8,0.25675000000000026,9.4765,3.3581499999999984,-0.415625
Neu5Ac(a2-8)Neu5Ac(a1-Sp8,1.357850000000001,1.9038749999999995,7.553925,-6.369824999999995
Neu5Ac(a2-8)Neu5Ac(a2-3)Gal(b1-4)Glc(b1-Sp0,-0.7481499999999999,-2.61665,1.1988749999999984,-4.200900000000002
Gal(b1-3)[Fuc(a1-4)]GlcNAc(b1-3)Gal(b1-3)[Fuc(a1-4)]GlcNAc(b1-Sp0,8.903725,6.686775000000003,5.998574999999995,2.466
Neu5Ac(b2-6)GalNAc(a1-Sp8,-3.7531500000000007,11.001300000000004,0.8611500000000003,8.5604
Neu5Ac(b2-6)Gal(b1-4)GlcNAc(b1-Sp8,-1.3236749999999995,1.5073000000000008,5.2013,-5.109525
Neu5Gc(a2-3)Gal(b1-3)[Fuc(a1-4)]GlcNAc(b1-Sp0,5.89165,4.608775000000001,9.713375,0.9003250000000005
Neu5Gc(a2-3)Gal(b1-3)GlcNAc(b1-Sp0,-0.002200000000000202,9.28745,4.053375000000001,2.952850000000001
Neu5Gc(a2-3)Gal(b1-4)[Fuc(a1-3)]GlcNAc(b1-Sp0,2.0016749999999965,1.1276999999999981,6.012875000000001,17.6706
Neu5Gc(a2-3)Gal(b1-4)GlcNAc(b1-Sp0,3.0463499999999986,53.102075000000006,358.848975,864.931875
Neu5Gc(a2-3)Gal(b1-4)Glc(b1-Sp0,-1.3112999999999992,4.493725,2.4936000000000007,14.677975
Neu5Gc(a2-6)GalNAc(a1-Sp0,7.516400000000001,12.236525,11.453575,-2.332399999999998
Neu5Gc(a2-6)Gal(b1-4)GlcNAc(b1-Sp0,3.815975,3.047025,0.9616499999999988,16.013475
Neu5Gc(a1-Sp8,6.5553500000000025,8.74585,1.9259250000000003,0.6905999999999999
Neu5Ac(a2-3)Gal(b1-4)GlcNAc(b1-6)[Gal(b1-3)]GalNAc(a1-Sp14,17.153525000000002,6.3366500000000014,10.9055,2.812025000000002
Gal(b1-3)GlcNAc(b1-3)Gal(b1-3)GlcNAc(b1-Sp0,-1.201274999999999,9.400449999999998,2.461375000000002,-2.315375000000003
Gal(b1-4)[Fuc(a1-3)](6S)GlcNAc(b1-Sp0 ,3.056875,13.031975,5.691675,46.9198
Gal(b1-4)[Fuc(a1-3)](6S)Glc(b1-Sp0,14.573999999999995,7.785225,10.584699999999998,8.449725
Gal(b1-4)[Fuc(a1-3)]GlcNAc(b1-3)Gal(b1-3)[Fuc(a1-4)]GlcNAc(b1-Sp0,3.9609499999999986,4.2506499999999985,4.713850000000001,-0.8550750000000011
Gal(b1-4)GlcNAc(b1-3)Gal(b1-3)GlcNAc(b1-Sp0,5.631549999999998,1.7582250000000004,2.0985000000000014,10.15605
Neu5Ac(a2-3)Gal(b1-3)GlcNAc(b1-3)Gal(b1-3)GlcNAc(b1-Sp0,-7.258125,1.7872499999999985,3.50225,-4.095949999999998
Neu5Ac(a2-3)Gal(b1-4)GlcNAc(b1-3)Gal(b1-3)GlcNAc(b1-Sp0,-1.3062749999999994,-3.359675,4.520200000000003,-0.1710749999999983
4S(3S)Gal(b1-4)GlcNAc(b1-Sp0,11.251974999999995,110.9254,856.0965249999997,1872.393425
(6S)Gal(b1-4)(6S)GlcNAc(b1-Sp0,16.140625,2.3842999999999988,2.289175000000002,-2.332025
(6P)Glc(b1-Sp10,11.947825,1.4614749999999983,14.733675,18.66185
Neu5Ac(a2-3)Gal(b1-4)[Fuc(a1-3)]GlcNAc(b1-6)[Gal(b1-3)]GalNAc(a1-Sp14,5.067475,40.9663,14.96935,30.824225
Gal(b1-3)Gal(b1-4)GlcNAc(b1-Sp8,7.856124999999998,11.724524999999998,17.874599999999994,260.43875
Neu5Ac(a2-6)Gal(b1-4)GlcNAc(b1-2)Man(a1-6)[Gal(b1-4)GlcNAc(b1-2)Man(a1-3)]Man(b1-4)GlcNAc(b1-4)GlcNAc(b1-Sp12,-0.2303500000000014,4.391674999999998,1.0882000000000025,168.50872499999997
Gal(b1-4)GlcNAc(b1-6)[Gal(b1-4)GlcNAc(b1-3)]Gal(b1-4)GlcNAc(a1-Sp0,17.937475,111.6651,2213.471675,14100.1078
GlcNAc(b1-6)[Gal(b1-4)GlcNAc(b1-3)]Gal(b1-4)GlcNAc(a1-Sp0,6.337699999999997,7.102400000000001,14.484925,146.15002499999997
Gal(b1-4)GlcNAc(a1-6)Gal(b1-4)GlcNAc(b1-Sp0,3.2391749999999995,3.8676749999999993,22.016125,208.697525
Gal(b1-4)GlcNAc(b1-6)Gal(b1-4)GlcNAc(b1-Sp0,1.696174999999999,-6.4802750000000024,31.56847500000001,552.9336250000001
GalNAc(b1-3)Gal(b1-Sp8,0.3376249999999974,6.126875,-2.449375,2.835325000000001
GlcA(b1-3)GlcNAc(b1-Sp8,10.895950000000004,1.5229249999999992,4.302124999999998,2.9926749999999966
Neu5Ac(a2-6)Gal(b1-4)GlcNAc(b1-2)Man(a1-6)[GlcNAc(b1-2)Man(a1-3)]Man(b1-4)GlcNAc(b1-4)GlcNAc(b1-Sp12,-4.730049999999999,13.909725000000002,38.5901,192.51315
GlcNAc(b1-3)Ma(n1-Sp10,18.237250000000003,3.644725000000001,8.15945,-0.8833000000000021
GlcNAc(b1-4)GlcNAc(b1-Sp10,5.582474999999995,2.7221500000000027,53.2307,398.4761
GlcNAc(b1-4)GlcNAc(b1-Sp12,3.9692749999999983,5.816124999999999,17.435699999999994,164.470525
MurNAc(b1-4)GlcNAc(b1-Sp10,-2.3466749999999994,7.115424999999997,4.425775,-3.776525
Man(a1-6)Man(b1-Sp10,-1.683125,14.315425000000005,10.756000000000002,29.75397500000001
Man(a1-6)[Man(a1-3)]Man(a1-6)[Man(a1-3)]Man(b1-Sp10,1.8329250000000008,3.1148999999999987,2.26,13.000649999999995
Man(a1-2)Man(a1-6)[Man(a1-3)]Man(a1-6)[Man(a1-2)Man(a1-2)Man(a1-3)]Man(a1-Sp9,8.077725,10.232425,-1.352149999999999,-1.0114750000000008
Man(a1-2)Man(a1-6)[Man(a1-2)Man(a1-3)]Man(a1-6)[Man(a1-2)Man(a1-2)Man(a1-3)]Man(a1-Sp9,0.05454999999999899,10.820675000000005,6.951525,-1.2406000000000006
Neu5Ac(a2-3)Gal(b1-4)GlcNAc(b1-6)[Neu5Ac(a2-3)Gal(b1-3)]GalNAc(a1-Sp14,-3.94655,8.006750000000004,-3.2807499999999976,-10.546049999999996
Neu5Ac(a2-6)Gal(b1-4)GlcNAc(b1-2)Man(a1-6)[Neu5Ac(a2-3)Gal(b1-4)GlcNAc(b1-2)Man(a1-3)]Man(b1-4)GlcNAc(b1-4)GlcNAc(b1-Sp12,-6.0905999999999985,3.2628999999999992,9.103675000000004,89.30245000000002
Gal(b1-4)GlcNAc(b1-2)Man(a1-6)[Neu5Ac(a2-6)Gal(b1-4)GlcNAc(b1-2)Man(a1-3)]Man(b1-4)GlcNAc(b1-4)GlcNAc(b1-Sp12,6.406749999999999,5.46665,19.81605,214.32657500000005
GlcNAc(b1-2)Man(a1-6)[Neu5Ac(a2-6)Gal(b1-4)GlcNAc(b1-2)Man(a1-3)]Man(b1-4)GlcNAc(b1-4)GlcNAc(b1-Sp12,-1.257699999999998,2.6905750000000026,12.6917,152.862075
Neu5Ac(a2-8)Neu5Ac(b1-Sp17,9.343075,0.8849500000000017,6.722724999999999,4.0256500000000015
Neu5Ac(a2-8)Neu5Ac(a2-8)Neu5Ac(b1-Sp8,4.463574999999999,0.9452249999999988,3.252349999999999,-0.9381000000000022
Neu5Gc(b2-6)Gal(b1-4)GlcNAc(a1-Sp8,0.6778000000000031,5.401100000000001,6.709475000000005,4.484699999999997
Gal(b1-3)GlcNAc(b1-2)Man(a1-6)[Gal(b1-3)GlcNAc(b1-2)Man(a1-3)]Man(b1-4)GlcNAc(b1-4)GlcNAc(b1-Sp19,9.925449999999996,11.6701,24.4345,244.62605
Neu5Ac(a2-3)Gal(b1-4)GlcNAc(b1-2)Man(a1-6)[Neu5Ac(a2-3)Gal(b1-4)GlcNAc(b1-2)Man(a1-3)]Man(b1-4)GlcNAc(b1-4)GlcNAc(b1-Sp12,5.559799999999999,3.2845499999999994,1.156875,73.47627500000002
Neu5Ac(a2-3)Gal(b1-4)GlcNAc(b1-2)Man(a1-6)[Neu5Ac(a2-6)Gal(b1-4)GlcNAc(b1-2)Man(a1-3)]Man(b1-4)GlcNAc(b1-4)GlcNAc(b1-Sp12,6.169400000000002,3.1373999999999995,13.508024999999998,132.145325
Gal(b1-4)[Fuc(a1-3)]GlcNAc(b1-2)Man(a1-6)[Gal(b1-4)[Fuc(a1-3)]GlcNAc(b1-2)Man(a1-3)]Man(b1-4)GlcNAc(b1-4)GlcNAc(b1-Sp20,3.72245,7.4354749999999985,-1.8237249999999976,16.483775
"Neu5,9Ac2(a2-3)Gal(b1-4)GlcNAc(b1-Sp0",17.535775,20.2651,85.10975000000002,550.9710749999998
"Neu5,9Ac2(a2-3)Gal(b1-4)GlcNAc(b1-Sp0",-2.5324250000000017,0.4549500000000006,4.000575000000001,0.9394250000000016
Neu5Ac(a2-6)Gal(b1-4)GlcNAc(b1-3)Gal(b1-3)GlcNAc(b1-Sp0,0.10452500000000063,12.601325,8.4757,8.683900000000001
Neu5Ac(a2-3)Gal(b1-3)[Fuc(a1-4)]GlcNAc(b1-3)Gal(b1-3)[Fuc(a1-4)]GlcNAc(b1-Sp0,0.2800500000000046,2.0172500000000007,22.725225,3.614300000000004
Neu5Ac(a2-6)Gal(b1-4)GlcNAc(b1-3)Gal(b1-4)GlcNAc(b1-3)Gal(b1-4)GlcNAc(b1-Sp0,7.708299999999998,95.646225,499.7033999999999,2911.1397
Gal(a1-4)Gal(b1-4)GlcNAc(b1-3)Gal(b1-4)Glc(b1-Sp0,-0.1640750000000022,-0.9174000000000008,11.499625,-3.1629500000000057
GalNAc(b1-3)Gal(a1-4)Gal(b1-4)GlcNAc(b1-3)Gal(b1-4)Glc(b1-Sp0,-0.9774999999999991,3.4514250000000004,13.837899999999996,22.42400000000001
GalNAc(a1-3)[Fuc(a1-2)]Gal(b1-4)GlcNAc(b1-3)Gal(b1-4)GlcNAc(b1-Sp0,7.100774999999999,36.30885000000001,295.21850000000006,2481.49435
GalNAc(a1-3)[Fuc(a1-2)]Gal(b1-4)GlcNAc(b1-3)Gal(b1-4)GlcNAc(b1-3)Gal(b1-4)GlcNAc(b1-Sp0,69.999375,138.2807,649.5980750000001,4219.33865
Neu5Ac(a2-3)Gal(b1-4)[Fuc(a1-3)]GlcNAc(b1-6)[Neu5Ac(a2-3)Gal(b1-3)]GalNAc(a1-Sp14,41.68285000000001,11.022325,40.552275,74.61627500000002
GlcNAc(a1-4)Gal(b1-4)GlcNAc(b1-3)Gal(b1-4)GlcNAc(b1-3)Gal(b1-4)GlcNAc(b1-Sp0,35.006475,277.93315,2039.8356000000006,11656.546449999998
GlcNAc(a1-4)Gal(b1-4)GlcNAc(b1-Sp0,40.242625,128.753075,737.7820250000003,1999.253825
GlcNAc(a1-4)Gal(b1-3)GlcNAc(b1-Sp0,8.195749999999999,3.430325,10.332199999999998,-2.4502500000000005
GlcNAc(a1-4)Gal(b1-4)GlcNAc(b1-3)Gal(b1-4)Glc(b1-Sp0,-1.409325,2.829625,10.812600000000005,180.8413
GlcNAc(a1-4)Gal(b1-4)GlcNAc(b1-3)Gal(b1-4)[Fuc(a1-3)]GlcNAc(b1-3)Gal(b1-4)[Fuc(a1-3)]GlcNAc(b1-Sp0,14.5069,16.463825,39.420499999999976,138.922575
GlcNAc(a1-4)Gal(b1-4)GlcNAc(b1-3)Gal(b1-4)GlcNAc(b1-Sp0,26.00992500000001,64.32829999999998,583.13765,3029.7804250000013
GlcNAc(a1-4)Gal(b1-3)GalNAc(a1-Sp14,5.969974999999998,6.68675,-4.346625,5.478950000000001
Neu5Ac(a2-6)Gal(b1-4)GlcNAc(b1-2)Man(a1-6)[Man(a1-3)]Man(b1-4)GlcNAc(b1-4)GlcNAc(a1-Sp12,-0.6971249999999979,25.484725000000005,41.927975,164.72314999999998
Man(a1-6)[Neu5Ac(a2-6)Gal(b1-4)GlcNAc(b1-2)Man(a1-3)]Man(b1-4)GlcNAc(b1-4)GlcNAc(a1-Sp12,0.6069250000000004,22.356125,14.187775,194.06900000000002
Neu5Ac(a2-6)Gal(b1-4)GlcNAc(b1-2)Man(a1-6)Man(b1-4)GlcNAc(b1-4)GlcNAc(a1-Sp12,2.3601000000000028,0.23905000000000065,2.220649999999999,9.80165
Neu5Ac(a2-6)Gal(b1-4)GlcNAc(b1-2)Man(a1-3)Man(b1-4)GlcNAc(b1-4)GlcNAc(a1-Sp12,13.903824999999998,15.8506,102.026325,1009.5611500000003
Gal(b1-4)GlcNAc(b1-2)Man(a1-3)Man(b1-4)GlcNAc(b1-4)GlcNAc(a1-Sp12,0.19625000000000087,39.9222,399.48615,1723.1386000000007
Gal(b1-4)GlcNAc(b1-2)Man(a1-6)Man(b1-4)GlcNAc(b1-4)GlcNAc(a1-Sp12,9.637099999999998,0.6795749999999989,15.3502,76.469975
Man(a1-6)[Gal(b1-4)GlcNAc(b1-2)Man(a1-3)]Man(b1-4)GlcNAc(b1-4)GlcNAc(b1-Sp12,3.3352500000000003,11.481775,98.536925,433.227875
GlcNAc(b1-2)Man(a1-6)[GlcNAc(b1-2)Man(a1-3)]Man(b1-4)GlcNAc(b1-4)[Fuc(a1-6)]GlcNAc(b1-Sp22,4.9841250000000015,7.4507499999999975,8.539974999999998,9.027725
Gal(b1-4)GlcNAc(b1-2)Man(a1-6)[Gal(b1-4)GlcNAc(b1-2)Man(a1-3)]Man(b1-4)GlcNAc(b1-4)[Fuc(a1-6)]GlcNAc(b1-Sp22,6.271799999999999,15.14655,11.365799999999998,36.93662500000001
Gal(b1-3)GlcNAc(b1-2)Man(a1-6)[Gal(b1-3)GlcNAc(b1-2)Man(a1-3)]Man(b1-4)GlcNAc(b1-4)[Fuc(a1-6)]GlcNAc(b1-Sp22,9.55615,3.29845,11.95225,-5.249124999999999
(6S)GlcNAc(b1-3)Gal(b1-4)GlcNAc(b1-Sp0,13.427275000000002,2.3325,11.973499999999998,102.4314
KDN(a2-3)Gal(b1-4)[Fuc(a1-3)]GlcNAc(a1-Sp0,2.5463749999999994,3.423600000000004,18.189125000000004,5.1374
KDN(a2-6)Gal(b1-4)GlcNAc(a1-Sp0,-5.218549999999999,1.4660500000000027,9.475375000000003,8.229450000000002
KDN(a2-3)Gal(b1-4)Glc(a1-Sp0,2.9891999999999985,0.5786250000000006,16.20345,-7.446449999999999
KDN(a2-3)Gal(b1-3)GalNAc(a1-Sp14,1.6775250000000008,7.777424999999997,2.2814,34.121550000000006
Fuc(a1-2)Gal(b1-3)GlcNAc(b1-2)Man(a1-6)[Fuc(a1-2)Gal(b1-3)GlcNAc(b1-2)Man(a1-3)]Man(b1-4)GlcNAc(b1-4)GlcNAc(b1-Sp20,25.49105,14.940625,27.731925000000004,49.20217499999998
Fuc(a1-2)Gal(b1-4)GlcNAc(b1-2)Man(a1-6)[Fuc(a1-2)Gal(b1-4)GlcNAc(b1-2)Man(a1-3)]Man(b1-4)GlcNAc(b1-4)GlcNAc(b1-Sp20,10.42515,14.820250000000005,16.599024999999994,181.84435
Fuc(a1-2)Gal(b1-4)[Fuc(a1-3)]GlcNAc(b1-2)Man(a1-6)[Fuc(a1-2)Gal(b1-4)[Fuc(a1-3)]GlcNAc(b1-2)Man(a1-3)]Man(b1-4)GlcNAc(b1-4)GlcNA(b1-Sp20,8.761974999999996,17.262749999999997,17.18195,18.89235
Gal(a1-3)Gal(b1-4)GlcNAc(b1-2)Man(a1-6)[Gal(a1-3)Gal(b1-4)GlcNAc(b1-2)Man(a1-3)]Man(b1-4)GlcNAc(b1-4)GlcNAc(b1-Sp20,13.729150000000002,26.350649999999995,64.58865,259.55875
Gal(b1-4)GlcNAc(b1-2)Man(a1-6)[Man(a1-3)]Man(b1-4)GlcNAc(b1-4)GlcNAc(b1-Sp12,0.8781249999999989,-0.9195750000000018,4.211625,208.869625
Fuc(a1-4)[Gal(b1-3)]GlcNAc(b1-2)Man(a1-6)[Fuc(a1-4)[Gal(b1-3)]GlcNAc(b1-2)Man(a1-3)]Man(b1-4)GlcNAc(b1-4)[Fuc(a1-6)]GlcNAc(b1-Sp22,0.2325499999999998,18.4795,8.062299999999999,28.51400000000001
Neu5Ac(a2-6)GlcNAc(b1-4)GlcNAc(a1-Sp21,-3.0190250000000014,-1.5992999999999986,-3.197725,-11.236775000000005
Neu5Ac(a2-6)GlcNAc(b1-4)GlcNAc(b1-4)GlcNAc(a1-Sp21,-4.087850000000001,10.827475000000007,267.10392499999995,1293.0216500000004
Gal(b1-4)[Fuc(a1-3)]GlcNAc(b1-6)[Fuc(a1-2)Gal(b1-4)GlcNAc(b1-3)]Gal(b1-4)Glc(a1-Sp21,3.945550000000001,13.266349999999996,3.822025000000002,-4.0122999999999935
Gal(b1-4)GlcNAc(b1-2)Man(a1-6)[Gal(b1-4)GlcNAc(b1-4)[Gal(b1-4)GlcNAc(b1-2)]Man(a1-3)]Man(b1-4)GlcNAc(b1-4)GlcNAc(a1-Sp21,3647.015575,4657.772325000001,8418.855,23722.383875
GalNAc(a1-3)[Fuc(a1-2)]Gal(b1-4)GlcNAc(b1-2)Man(a1-6)[GalNAc(a1-3)[Fuc(a1-2)]Gal(b1-4)GlcNAc(b1-2)Man(a1-3)]Man(b1-4)GlcNAc(b1-4)GlcNAc(b1-Sp20,12.433825000000004,-0.9692500000000006,18.122624999999992,51.26419999999999
Gal(a1-3)[Fuc(a1-2)]Gal(b1-4)GlcNAc(b1-2)Man(a1-6)[Gal(a1-3)[Fuc(a1-2)]Gal(b1-4)GlcNAc(b1-2)Man(a1-3)]Man(b1-4)GlcNAc(b1-4)GlcNAc(b1-Sp20,193.45675,91.243925,53.37472500000001,567.013725
Gal(a1-3)Gal(b1-4)[Fuc(a1-3)]GlcNAc(b1-2)Man(a1-6)[Gal(a1-3)Gal(b1-4)[Fuc(a1-3)]GlcNAc(b1-2)Man(a1-3)]Man(b1-4)GlcNAc(b1-4)GlcNAc(b1-Sp20,14.229825,1.6012249999999997,1.2330000000000003,8.005800000000004
GalNAc(a1-3)[Fuc(a1-2)]Gal(b1-3)GlcNAc(b1-2)Man(a1-6)[GalNAc(a1-3)[Fuc(a1-2)]Gal(b1-3)GlcNAc(b1-2)Man(a1-3)]Man(b1-4)GlcNAc(b1-4)GlcNAc(b1-Sp20,12.198425000000002,3.808824999999999,11.343475000000002,28.166100000000004
Gal(a1-3)[Fuc(a1-2)]Gal(b1-3)GlcNAc(b1-2)Man(a1-6)[Gal(a1-3)[Fuc(a1-2)]Gal(b1-3)GlcNAc(b1-2)Man(a1-3)]Man(b1-4)GlcNAc(b1-4)GlcNAc(b1-Sp20,46.742975,122.9168,13.301425,133.785075
Fuc(a1-4)[Fuc(a1-2)Gal(b1-3)]GlcNAc(b1-2)Man(a1-3)[Fuc(a1-4)[Fuc(a1-2)Gal(b1-3)]GlcNAc(b1-2)Man(a1-3)]Man(b1-4)GlcNAc(b1-4)GlcNAc(b1-Sp19,43.97745,19.409025,32.767475,29.2765
Neu5Ac(a2-3)Gal(b1-4)GlcNAc(b1-3)GalNAc(a1-Sp14,16.0616,2.363375,2.378349999999994,-3.3695250000000048
Neu5Ac(a2-6)Gal(b1-4)GlcNAc(b1-3)GalNAc(a1-Sp14,-1.331125,2.3720000000000008,4.830625,6.433175000000002
Neu5Ac(a2-3)Gal(b1-4)[Fuc(a1-3)]GlcNAc(b1-3)GalNAc(a1-Sp14,22.46595,18.324725,19.24405,18.432725
GalNAc(b1-4)GlcNAc(b1-2)Man(a1-6)[GalNAc(b1-4)GlcNAc(b1-2)Man(a1-3)]Man(b1-4)GlcNAc(b1-4)GlcNAc(a1-Sp12,41.310200000000016,25.145225000000003,63.28215,223.721175
Gal(b1-3)GalNAc(a1-3)[Fuc(a1-2)]Gal(b1-4)Glc(a1-Sp0,7.332675,2.7722999999999995,4.250425,-4.137224999999999
Gal(b1-3)GalNAc(a1-3)[Fuc(a1-2)]Gal(b1-4)GlcNAc(a1-Sp0,12.452075000000004,100.93,494.22835,1548.3682499999993
Gal(b1-3)GlcNac(b1-3)Gal(b1-4)GlcNac(b1-6)[Gal(b1-3)GlcNac(b1-3)]Gal(b1-4)Glc(b1-Sp0,5.032249999999999,8.72055,19.704675,41.75435
Gal(b1-4)[Fuc(a1-3)]GlcNAc(b1-6)[Gal(b1-3)GlcNAc(b1-3)]Gal(b1-4)Glc(a1-Sp21,11.4752,5.1317,6.736500000000001,7.006749999999998
Gal(b1-4)GlcNAc(b1-6)[Fuc(a1-4)[Fuc(a1-2)Gal(b1-3)]GlcNAc(b1-3)]Gal(b1-4)Glc(a1-Sp21,-0.3464500000000008,30.062325,20.022450000000006,364.37015000000014
Gal(b1-4)[Fuc(a1-3)]GlcNAc(b1-6)[Fuc(a1-4)[Fuc(a1-2)Gal(b1-3)]GlcNAc(b1-3)]Gal(b1-4)Glc(a1-Sp21,-7.118350000000001,2.272450000000001,14.812125000000002,-6.3583750000000006
Gal(b1-3)GlcNAc(b1-3)Gal(b1-4)[Fuc(a1-3)]GlcNAc(b1-6)[Gal(b1-3)GlcNAc(b1-3)]Gal(b1-4)Glc(a1-Sp21,30.46967500000001,16.967024999999996,6.290524999999999,10.533775
Gal(b1-4)GlcNac(b1-6)[Gal(b1-4)GlcNac(b1-2)]Man(a1-6)[Gal(b1-4)GlcNac(b1-4)[Gal(b1-4)GlcNac(b1-2)]Man(a1-3)]Man(b1-4)GlcNac(b1-4)GlcNac(b1-Sp21,3058.765875,7611.648175,13289.6797,26181.48167500001
GlcNac(b1-2)Man(a1-6)[GlcNac(b1-4)[GlcNac(b1-2)]Man(a1-3)]Man(b1-4)GlcNac(b1-4)GlcNac(a1-Sp21,501.75395000000015,2771.0657250000004,8626.70735,18817.743575
Fuc(a1-2)Gal(b1-3)GalNAc(a1-3)[Fuc(a1-2)]Gal(b1-4)Glc(b1-Sp0,1.8990499999999968,3.728824999999997,3.2544250000000012,-4.785150000000002
Fuc(a1-2)Gal(b1-3)GalNAc(a1-3)[Fuc(a1-2)]Gal(b1-4)GlcNAc(b1-Sp0,2.5327,9.854349999999998,22.1673,185.799175
Gal(b1-3)GlcNAc(b1-3)GalNAc(a1-Sp14,-7.500449999999999,-2.7990249999999968,3.5828750000000014,-12.730175
GalNAc(b1-4)[Neu5Ac(a2-3)]Gal(b1-4)GlcNAc(b1-3)GalNAc(a1-Sp14,20.534274999999994,35.15655,30.500575,28.512974999999994
GalNAc(a1-3)[Fuc(a1-2)]Gal(b1-3)GalNAc(a1-3)[Fuc(a1-2)]Gal(b1-4)GlcNAc(b1-Sp0,-3.4041250000000023,9.032025,16.068475,287.4714
Gal(a1-3)Gal(b1-3)GlcNAc(b1-2)Man(a1-6)[Gal(a1-3)Gal(b1-3)GlcNAc(b1-2)Man(a1-3)]Man(b1-4)GlcNAc(b1-4)GlcNAc(a1-Sp19,10.846149999999998,32.279,22.883500000000005,46.568325
Gal(a1-3)Gal(b1-3)[Fuc(a1-4)]GlcNAc(b1-2)Man(a1-6)[Gal(a1-3)Gal(b1-3)[Fuc(a1-4)]GlcNAc(b1-2)Man(a1-3)]Man(b1-4)GlcNAc(b1-4)GlcNAc(a1-Sp19,11.6204,36.15755,41.2611,-19.125
Neu5Ac(a2-3)Gal(b1-3)GlcNAc(b1-2)Man(a1-6)[Neu5Ac(a2-3)Gal(b1-3)GlcNAc(b1-2)Man(a1-3)]Man(b1-4)GlcNAc(b1-4)GlcNAc(a1-Sp19,19.8632,6.460825,10.447675000000002,29.64255
GlcNAc(b1-2)Man(a1-6)[Gal(b1-4)GlcNAc(b1-2)Man(a1-3)]Man(b1-4)GlcNAc(b1-4)GlcNAc(a1-Sp12,-2.9455250000000017,14.7148,49.971375,418.255
Gal(b1-4)GlcNAc(b1-2)Man(a1-6)[GlcNAc(b1-2)Man(a1-3)]Man(b1-4)GlcNAc(b1-4)GlcNAc(a1-Sp12,6.197350000000004,15.988025,99.787025,499.08885
Neu5Ac(a2-3)Gal(b1-3)GlcNAc(b1-3)GalNAc(a1-Sp14,8.5657,6.1416,1.735625,-1.1677250000000008
Fuc(a1-2)Gal(b1-4)GlcNac(b1-3)GalNac(a1-Sp14,0.4767749999999982,9.5921,3.7338000000000013,-2.8544499999999964
Gal(b1-4)[Fuc(a1-3)]GlcNac(b1-3)GalNac(a1-Sp14,22.593075,14.519199999999998,6.421700000000001,14.309125000000005
GalNac(a1-3)GalNac(b1-3)Gal(a1-4)Gal(b1-4)GlcNac(b1-Sp0,7.882249999999999,14.1005,64.201025,444.6341249999999
Gal(a1-4)Gal(b1-3)GlcNac(b1-2)Man(a1-6)[Gal(a1-4)Gal(b1-3)GlcNac(b1-2)Man(a1-3)]Man(b1-4)GlcNac(b1-4)GlcNac(b1-Sp19,3.1953000000000014,9.665224999999998,16.8632,301.39082500000006
Gal(a1-4)Gal(b1-4)GlcNac(b1-2)Man(a1-6)[Gal(a1-4)Gal(b1-4)GlcNac(b1-2)Man(a1-3)]Man(b1-4)GlcNac(b1-4)GlcNac(b1-Sp24,59.63477500000001,216.76899999999995,1135.66345,4348.781225
Gal(a1-3)Gal(b1-4)GlcNac(b1-3)GalNac(a1-Sp14,9.671525,4.499075,-1.2375249999999989,8.326450000000001
Gal(b1-3)GlcNAc(b1-6)Gal(b1-4)GlcNAc(b1-Sp0,14.83315,9.353725,10.481525,4.973800000000004
Gal(b1-3)GlcNAc(a1-6)Gal(b1-4)GlcNAc(b1-Sp0,-2.41225,-1.425974999999999,3.7217249999999975,-6.9924500000000025
GalNAc(b1-3)Gal(a1-6)Gal(b1-4)Glc(b1-Sp8,8.5474,1.8218500000000004,7.53895,-1.7817000000000025
Gal(a1-3)[Fuc(a1-2)]Gal(b1-4)[Fuc(a1-3)]Glc(b1-Sp21,2.077074999999999,3.4632750000000003,6.4599,10.9408
Gal(b1-4)GlcNAc(b1-6)[Neu5Ac(a2-6)Gal(b1-3)GlcNAc(b1-3)]Gal(b1-4)Glc(a1-Sp21,3.783300000000001,4.493649999999999,5.081474999999998,76.13085000000002
Gal(b1-3)GalNAc(b1-4)[Neu5Ac(a2-8)Neu5Ac(a2-3)]Gal(b1-4)Glc(b1-Sp0,1.046924999999998,9.892899999999996,4.864049999999997,6.846024999999999
Neu5Ac(a2-3)Gal(b1-3)GalNAc(b1-4)[Neu5Ac(a2-8)Neu5Ac(a2-3)]Gal(b1-4)Glc(b1-Sp0,2.885874999999997,7.567,4.450925000000002,-4.7175499999999975
Gal(a1-3)[Fuc(a1-2)]Gal(b1-4)GlcNAc(b1-3)GalNAc(a1-Sp14,26.935575,8.340975,-1.6534499999999994,86.05612500000002
GalNAc(a1-3)[Fuc(a1-2)]Gal(b1-4)GlcNAc(b1-3)GalNAc(a1-Sp14,10.846375000000002,2.762675000000004,6.184775,-4.297050000000001
GalNAc(a1-3)GalNAc(b1-3)Gal(a1-4)Gal(b1-4)Glc(b1-Sp0,8.083825,0.709674999999999,-0.1961750000000002,-1.4814749999999997
Fuc(a1-2)Gal(b1-4)[Fuc(a1-3)]GlcNAc(b1-3)GalNAc(a1-Sp14,16.420099999999987,60.518,42.87864999999999,56.19497500000002
Gal(a1-3)[Fuc(a1-2)]Gal(b1-4)[Fuc(a1-3)]GlcNAc(b1-3)GalNAc(a1-Sp14,7.063474999999999,13.562874999999993,6.34295,-7.345324999999994
GalNAc(a1-3)[Fuc(a1-2)]Gal(b1-4)[Fuc(a1-3)]GlcNAc(b1-3)GalNAc(a1-Sp14,14.702025000000011,46.663875,27.377675,20.0942
Gal(b1-4)[Fuc(a1-3)]GlcNAc(b1-2)Man(a1-6)[Gal(b1-4)[Fuc(a1-3)]GlcNAc(b1-2)Man(a1-3)]Man(b1-4)GlcNAc(b1-4)[Fuc(a1-6)]GlcNAc(b1-Sp22,4.571525000000001,34.564125,32.30100000000001,-5.974750000000004
Fuc(a1-2)Gal(b1-4)GlcNAc(b1-2)Man(a1-6)[Fuc(a1-2)Gal(b1-4)GlcNAc(b1-2)Man(a1-3)]Man(b1-4)GlcNAc(b1-4)[Fuc(a1-6)]GlcNAc(b1-Sp22,17.250799999999995,8.775650000000002,7.781449999999999,25.52362500000001
GlcNAc(b1-2)[GlcNAc(b1-6)]Man(a1-6)[GlcNAc(b1-2)Man(a1-3)]Man(b1-4)GlcNAc(b1-4)GlcNAc(b1-Sp19,2.2587249999999983,7.215024999999999,28.09607500000001,360.53035
Fuc(a1-2)Gal(b1-3)GlcNAc(b1-3)GalNAc(a1-Sp14,19.383625,17.191474999999997,4.060625,12.188450000000007
Gal(a1-3)[Fuc(a1-2)]Gal(b1-3)GlcNAc(b1-3)GalNAc(a1-Sp14,11.320325000000004,11.93315,22.93195,14.005250000000006
GalNAc(a1-3)[Fuc(a1-2)]Gal(b1-3)GlcNAc(b1-3)GalNAc(a1-Sp14,12.211199999999995,34.708175,38.28865,22.240425
Gal(a1-3)Gal(b1-3)GlcNAc(b1-3)GalNAc(a1-Sp14,4.616975000000002,11.729425,13.2071,-8.575824999999998
Fuc(a1-2)Gal(b1-3)GlcNAc(b1-2)Man(a1-6)[Fuc(a1-2)Gal(b1-3)GlcNAc(b1-2)Man(a1-3)]Man(b1-4)GlcNAc(b1-4)[Fuc(a1-6)]GlcNAc(b1-Sp22,26.091725,9.482999999999997,9.483725,16.813850000000002
Gal(a1-3)[Fuc(a1-2)]Gal(b1-4)GlcNAc(b1-2)Man(a1-6)[Gal(a1-3)[Fuc(a1-2)]Gal(b1-4)GlcNAc(b1-2)Man(a1-3)]Man(b1-4)GlcNAc(b1-4)[Fuc(a1-6)]GlcNAc(b1-Sp22,31.52085000000001,65.77295000000001,93.335275,84.29764999999998
Gal(b1-3)GlcNAc(b1-6)[Gal(b1-3)GlcNAc(b1-2)]Man(a1-6)[Gal(b1-3)GlcNAc(b1-2)Man(a1-3)]Man(b1-4)GlcNAc(b1-4)GlcNAc(b1-Sp19,10.032999999999998,10.620575000000002,27.057575,211.60635
Gal(b1-4)GlcNAc(b1-6)[Fuc(a1-2)Gal(b1-3)GlcNAc(b1-3)]Gal(b1-4)Glc(a1-Sp21,4.6709749999999985,0.02002500000000218,3.2831499999999987,5.411150000000006
Fuc(a1-3)GlcNAc(b1-6)[Gal(b1-4)GlcNAc(b1-3)]Gal(b1-4)Glc(a1-Sp21,-0.4740500000000001,7.9651,4.059050000000001,5.264899999999994
GlcNAc(b1-2)Man(a1-6)[GlcNAc(b1-4)][GlcNAc(b1-2)Man(a1-3)]Man(b1-4)GlcNac(b1-4)GlcNAc(a1-Sp21,8.005749999999995,5.711549999999999,13.5968,200.26545
GlcNAc(b1-2)Man(a1-6)[GlcNAc(b1-4)][GlcNAc(b1-4)[GlcNAc(b1-2)]Man(a1-3)]Man(b1-4)GlcNAc(b1-4)GlcNAc(a1-Sp21,2291.074475,7598.419924999997,14020.655449999995,22584.821225
GlcNAc(b1-6)[GlcNAc(b1-2)]Man(a1-6)[GlcNAc(b1-4)][GlcNAc(b1-2)Man(a1-3)]Man(b1-4)GlcNAc(b1-4)GlcNAc(a1-Sp21,-3.833975000000001,14.518424999999995,9.2993,105.325175
GlcNAc(b1-6)[GlcNAc(b1-2)]Man(a1-6)[GlcNAc(b1-4)][GlcNAc(b1-4)[GlcNAc(b1-2)]Man(a1-3)]Man(b1-4)GlcNAc(b1-4)GlcNAc(a1-Sp21,1585.9217,4648.012675,9536.773550000002,24548.1183
Gal(b1-4)GlcNAc(b1-2)Man(a1-6)[GlcNAc(b1-4)][Gal(b1-4)GlcNAc(b1-2)Man(a1-3)]Man(b1-4)GlcNAc(b1-4)GlcNAc(a1-Sp21,-5.8789000000000025,1.9115,0.9142499999999982,69.60135000000001
Gal(b1-4)GlcNAc(b1-2)Man(a1-6)[GlcNAc(b1-4)][Gal(b1-4)GlcNAc(b1-4)[Gal(b1-4)GlcNAc(b1-2)]Man(a1-3)]Man(b1-4)GlcNAc(b1-4)GlcNAc(a1-Sp21,1620.1876499999994,3351.0908749999994,7106.065700000001,22043.23235
Gal(b1-4)GlcNAc(b1-6)[Gal(b1-4)GlcNAc(b1-2)]Man(a1-6)[GlcNAc(b1-4)][Gal(b1-4)GlcNAc(b1-2)Man(a1-3)]Man(b1-4)GlcNAc(b1-4)GlcNAc(a1-Sp21,125.59855000000002,279.431425,2597.12465,18692.0591
Gal(b1-4)GlcNAc(b1-6)[Gal(b1-4)GlcNAc(b1-2)]Man(a1-6)[GlcNAc(b1-4)][Gal(b1-4)GlcNAc(b1-4)[Gal(b1-4)GlcNAc(b1-2)]Man(a1-3)]Man(b1-4)GlcNAc(b1-4)GlcNAc(a1-Sp21,4479.359375,11898.610275,20044.576425,33410.632849999995
Gal(b1-4)Gal(b1-Sp10,-2.6267499999999995,8.302800000000003,3.9427499999999984,-18.913225
Gal(b1-6)Gal(b1-Sp10,-2.1980249999999995,20.218625000000007,16.66735,-15.267824999999998
Neu5Ac(a2-3)Gal(b1-4)GlcNAc(b1-3)Gal(b1-Sp8,-6.721924999999998,-4.218250000000001,13.354625,-13.416500000000005
GalNAc(b1-6)GalNAc(b1-Sp8,-6.843174999999999,-1.3087,0.6349750000000007,14.956450000000006
(6S)Gal(b1-3)GlcNAc(b1-Sp0,-9.440899999999996,-9.354875000000003,-4.453425000000001,-14.546800000000005
(6S)Gal(b1-3)(6S)GlcNAc(a1-Sp0,0.9114250000000012,13.850824999999995,3.166475000000001,5.737174999999999
Fuc(a1-2)Gal(b1-4) GlcNAc(b1-2)Man(a1-6)[Fuc(a1-2)Gal(b1-4)GlcNAc(b1-2)[Fuc(a1-2)Gal(b1-4)GlcNAc(b1-4)]Man(a1-3)]Man(b1-4)GlcNAc(b1-4)GlcNAc(b1-N,32.890575000000005,51.71632500000001,310.6656,746.7834000000001
Fuc(a1-2)Gal(b1-4)[Fuc(a1-3)]GlcNAc(b1-2)Man(a1-6)[Fuc(a1-2)Gal(b1-4)[Fuc(a1-3)]GlcNAc(b1-4)[Fuc(a1-2)Gal(b1-4)[Fuc(a1-3)]GlcNAc(b1-2)]Man(a1-3)]Man(b1-4)GlcNAc(b1-4)GlcNAc(b1-N,19.171425000000006,21.246325,15.704950000000006,39.25415
Gal(b1-4)[Fuc(a1-3)]GlcNAc(b1-6)GalNAc(a1-Sp14,29.087675,13.8493,17.679275,27.054475
Gal(b1-4)GlcNAc(b1-2)Man(a1-Sp0,12.888075,11.218149999999998,-5.075299999999999,1.438200000000002
Fuc(a1-2)Gal(b1-4)GlcNAc(b1-6)[Fuc(a1-2)Gal(b1-4)GlcNAc(b1-3)]GalNAc(a1-Sp14,0.17374999999999652,4.515024999999998,7.364750000000001,-0.7850750000000026
Gal(a1-3)Fuc(a1-2)Gal(b1-4)GlcNAc(b1-6)[Gal(a1-3)Fuc(a1-2)Gal(b1-4)GlcNAc(b1-3)]GalNAc(a1-Sp14,18.025974999999995,36.73252500000001,8.526374999999998,25.266075
GalNAc(a1-3)[Fuc(a1-2)]Gal(b1-4)GlcNAc(b1-6)[GalNAc(a1-3)[Fuc(a1-2)]Gal(b1-4)GlcNAc(b1-3)]GalNAc(a1-Sp14,4.255200000000002,16.285874999999994,6.27875,1.925324999999999
Neu5Ac(a2-8)Neu5Ac(a2-3)Gal(b1-3)GalNAc(b1-4)[Neu5Ac(a2-8)Neu5Ac(a2-3)]Gal(b1-4)Glc(b1-Sp0,1.0806500000000003,2.318275,15.814049999999998,16.521575
GalNAc(b1-4)Gal(b1-4)Glc(b1-Sp0,13.787150000000002,5.092725,11.005125,5.094175000000004
GalNAc(a1-3)[Fuc(a1-2)]Gal(b1-4)GlcNAc(b1-2)Man(a1-6)[GalNAc(a1-3)[Fuc(a1-2)]Gal(b1-4)GlcNAc(b1-2)Man(a1-3)]Man(b1-4)GlcNAc(b1-4)[Fuc(a1-6)]GlcNAc(b1-Sp22,11.255550000000005,9.515925000000003,6.16325,24.938575000000004
Gal(a1-3)[Fuc(a1-2)]Gal(b1-3)GlcNAc(b1-2)Man(a1-6)[Gal(a1-3)[Fuc(a1-2)]Gal(b1-3)GlcNAc(b1-2)Man(a1-3)]Man(b1-4)GlcNAc(b1-4)[Fuc(a1-6)]GlcNAc(b1-Sp22,43.264074999999984,52.04545,19.100825000000004,67.778825
Neu5Ac(a2-6)Gal(b1-4)GlcNAc(b1-6)[Fuc(a1-2)Gal(b1-3)GlcNAc(b1-3)]Gal(b1-4)Glc(a1-Sp21,3.9357250000000015,7.023824999999999,1.074600000000002,-10.104274999999998
GalNAc(a1-3)[Fuc(a1-2)]Gal(b1-3)GlcNAc(b1-2)Man(a1-6)[GalNAc(a1-3)[Fuc(a1-2)]Gal(b1-3)GlcNAc(b1-2)Man(a1-3)]Man(b1-4)GlcNAc(b1-4)[Fuc(a1-6)]GlcNAc(b1-Sp22,3.0263500000000008,-0.5334499999999993,-3.369275000000002,-0.7325499999999998
Gal(b1-4)GlcNAc(b1-6)[Gal(b1-4)GlcNAc(b1-2)]Man(a1-6)[Gal(b1-4)GlcNAc(b1-2)Man(a1-3)]Man(b1-4)GlcNAc(b1-4)GlcNAc(b1-Sp19,110.164875,503.1279,3740.02335,24626.38892500001
Neu5Ac(a2-3)Gal(b1-4)GlcNAc(b1-2)Man(a1-6)[GlcNAc(b1-4)][Neu5Ac(a2-3)Gal(b1-4)GlcNAc(b1-2)Man(a1-3)]Man(b1-4)GlcNAc(b1-4)GlcNAc(b1-Sp21,-7.1089249999999975,-1.86185,-6.179100000000003,60.848175
Neu5Ac(a2-3)Gal(b1-4)GlcNAc(b1-4)Man(a1-6)[GlcNAc(b1-4)][Neu5Ac(a2-3)Gal(b1-4)GlcNAc(b1-4)[Neu5Ac(a2-3)Gal(b1-4)GlcNAc(b1-2)]Man(a1-3)]Man(b1-4)GlcNAc(b1-4)GlcNAc(b1-Sp21,1407.0641749999998,5108.500550000002,10793.648275,24203.90185
Neu5Ac(a2-3)Gal(b1-4)GlcNAc(b1-6)[Neu5Ac(a2-3)Gal(b1-4)GlcNAc(b1-2)]Man(a1-6)[GlcNAc(b1-4)][Neu5Ac(a2-3)Gal(b1-4)GlcNAc(b1-2)Man(a1-3)]Man(b1-4)GlcNAc(b1-4)GlcNAc(b1-Sp21,10.545174999999997,46.4586,586.07995,11177.237124999996
Neu5Ac(a2-3)Gal(b1-4)GlcNAc(b1-6)[Neu5Ac(a2-3)Gal(b1-4)GlcNAc(b1-2)]Man(a1-6)[GlcNAc(b1-4)][Neu5Ac(a2-3)Gal(b1-4)GlcNAc(b1-4)[Neu5Ac(a2-3)Gal(b1-4)GlcNAc(b1-2)]Man(a1-3)]Man(b1-4)GlcNAc(b1-4)GlcNAc(b1-Sp21,3337.4836749999995,14372.446875,25265.496175000004,33148.30525
Neu5Ac(a2-6)Gal(b1-4)GlcNAc(b1-2)Man(a1-6)[GlcNAc(b1-4)][Neu5Ac(a2-6)Gal(b1-4)GlcNAc(b1-2)Man(a1-3)]Man(b1-4)GlcNAc(b1-4)GlcNAc(b1-Sp21,-4.87275,-2.574650000000002,-0.4653500000000008,51.05865000000002
Neu5Ac(a2-6)Gal(b1-4)GlcNAc(b1-4)Man(a1-6)[GlcNAc(b1-4)][Neu5Ac(a2-6)Gal(b1-4)GlcNAc(b1-4)[Neu5Ac(a2-6)Gal(b1-4)GlcNAc(b1-2)]Man(a1-3)]Man(b1-4)GlcNAc(b1-4)GlcNAc(b1-Sp21,21.68135,310.15165,1623.0268500000002,9081.91365
Neu5Ac(a2-6)Gal(b1-4)GlcNAc(b1-6)[Neu5Ac(a2-6)Gal(b1-4)GlcNAc(b1-2)]Man(a1-6)[GlcNAc(b1-4)][Neu5Ac(a2-6)Gal(b1-4)GlcNAc(b1-2)Man(a1-3)]Man(b1-4)GlcNAc(b1-4)GlcNAc(b1-Sp21,-11.568849999999996,6.946025000000002,-6.468300000000001,-22.669375
Neu5Ac(a2-6)Gal(b1-4)GlcNAc(b1-6)[Neu5Ac(a2-6)Gal(b1-4)GlcNAc(b1-2)]Man(a1-6)[GlcNAc(b1-4)][Neu5Ac(a2-6)Gal(b1-4)GlcNAc(b1-4)[Neu5Ac(a2-6)Gal(b1-4)GlcNAc(b1-2)]Man(a1-3)]Man(b1-4)GlcNAc(b1-4)GlcNAc(b1-Sp21,4.0883,170.00585,802.2235499999997,6480.111574999999
Gal(a1-3)[Fuc(a1-2)]Gal(b1-3)GalNAc(a1-Sp8,11.335550000000005,17.033825,13.8741,56.31184999999998
Gal(a1-3)[Fuc(a1-2)]Gal(b1-3)GalNAc(b1-Sp8,34.150450000000006,198.22787500000004,36.26995,30.0712
Glc(a1-6)Glc(a1-6)Glc(a1-6)Glc(b1-Sp10,2.690549999999998,9.821599999999998,12.602450000000005,-5.276499999999999
Glc(a1-4)Glc(a1-4)Glc(a1-4)Glc(b1-Sp10,21.425225,0.6483750000000015,7.881824999999999,61.21022499999999
Neu5Ac(a2-3)Gal(b1-4)GlcNAc(b1-6)[Neu5Ac(a2-3)Gal(b1-4)GlcNAc(b1-3)]GalNAc(a1-Sp14,7.507350000000002,9.136100000000004,6.679375,-15.354150000000004
Fuc(a1-2)Gal(b1-4)[Fuc(a1-3)]GlcNAc(b1-2)Man(a1-6)[Fuc(a1-2)Gal(b1-4)[Fuc(a1-3)]GlcNAc(b1-2)Man(a1-3)]Man(b1-4)GlcNAc(b1-4)[Fuc(a1-6)]GlcNAc(b1-Sp24,7.721975000000002,13.047025,33.186825000000006,411.70200000000017
Fuc(a1-2)Gal(b1-3)[Fuc(a1-4)]GlcNAc(b1-2)Man(a1-6)[Fuc(a1-2)Gal(b1-3)[Fuc(a1-4)]GlcNAc(b1-2)Man(a1-3)]Man(b1-4)GlcNAc(b1-4)[Fuc(a1-6)]GlcNA(cb-S)p(1-4)[Fuc(a1-6)]GlcNAc(b1-Sp19,3.9133000000000013,3.255825,10.993375,18.362675
Neu5Ac(a2-3)Gal(b1-3)GlcNAc(b1-6)[Neu5Ac(a2-3)Gal(b1-4)GlcNAc(b1-2)]Man(a1-6)[Neu5Ac(a2-3)Gal(b1-3)GlcNAc(b1-2)Man(a1-3)]Man(b1-4)GlcNAc(b1-4)GlcNAc(b1-Sp19,11.033924999999998,3.6829000000000014,7.1746750000000015,149.62715000000003
GlcNAc(b1-6)[GlcNAc(b1-2)]Man(a1-6)[GlcNAc(b1-2)Man(a1-3)]Man(b1-4)GlcNAc(b1-4)[Fuc(a1-6)]GlcNAc(b1-Sp24,17.81845,130.407125,928.89825,2714.5660000000007
Gal(b1-3)GlcNAc(b1-2)Man(a1-6)[GlcNAc(b1-4)][Gal(b1-3)GlcNAc(b1-2)Man(a1-3)]Man(b1-4)GlcNAc(b1-4)GlcNAc(b1-Sp21,3.41475,20.331775,21.846075,141.26505000000003
Neu5Ac(a2-6)Gal(b1-4)GlcNAc(b1-6)[Gal(b1-3)GlcNAc(b1-3)]Gal(b1-4)Glc(b1-Sp21,3.846675,2.8144500000000026,14.2159,-1.4246249999999991
Neu5Ac(a2-3)Gal(b1-4)GlcNAc(b1-2)Man(a1-Sp0,7.6625,7.855375,21.00435,13.447924999999998
Neu5Ac(a2-3)Gal(b1-4)GlcNAc(b1-6)GalNAc(a1-Sp14,5.359724999999997,4.786375000000001,7.5565250000000015,6.964649999999999
Neu5Ac(a2-6)Gal(b1-4)GlcNAc(b1-6)GalNAc(a1-Sp14,12.684974999999998,11.613575,9.120425,-2.9262999999999995
Neu5Ac(a2-6)Gal(b1-4)GlcNAc(b1-6)[Neu5Ac(a2-6)Gal(b1-4)GlcNAc(b1-3)]GalNAc(a1-Sp14,-2.687825,-2.0215499999999995,4.277075,-15.92505
Neu5Ac(a2-6)Gal(b1-4)GlcNAc(b1-2)Man(a1-6)[Neu5Ac(a2-6)Gal(b1-4)GlcNAc(b1-2)Man(a1-3)]Man(b1-4)GlcNAc(b1-4)[Fuc(a1-6)]GlcNAc(b1-Sp24,10.04125,33.4442,290.941975,1961.41405
Neu5Ac(a2-3)Gal(b1-4)GlcNAc(b1-2)Man(a1-6)[Neu5Ac(a2-3)Gal(b1-4)GlcNAc(b1-2)Man(a1-3)]Man(b1-4)GlcNAc(b1-4)[Fuc(a1-6)]GlcNAc(b1-Sp24,-1.7808999999999973,43.58640000000001,393.528175,2057.4018750000005
Man(a1-6)[Man(a1-3)]Man(b1-4)GlcNAc(b1-4)[Fuc(a1-6)]GlcNAc(b1-Sp19,5.356649999999998,-1.7037749999999994,10.736324999999997,110.35025
Gal(b1-4)GlcNAc(b1-6)[Gal(b1-4)GlcNAc(b1-2)]Man(a1-6)[Gal(b1-4)GlcNAc(b1-2)Man(a1-3)]Man(b1-4)GlcNAc(b1-4)[Fuc(a1-6)]GlcNAc(b1-Sp24,1373.5016999999998,4747.84325,11041.610975,28229.836999999985
Neu5Ac(a2-3)Gal(b1-3)GlcNAc(b1-2)Man(a1-6)[GlcNAc(b1-4)][Neu5Ac(a2-3)Gal(b1-3)GlcNAc(b1-2)Man(a1-3)]Man(b1-4)GlcNAc(b1-4)GlcNAc(a1-Sp21,-11.0897,1.7455749999999988,7.131350000000001,-13.7349
Neu5Ac(a2-6)Gal(b1-4)GlcNAc(b1-6)[Fuc(a1-2)Gal(b1-4)[Fuc(a1-3)]GlcNAc(b1-3)]Gal(b1-4)Glc(a1-Sp21,-1.8907500000000008,0.8592750000000021,5.024049999999999,2.244375
Gal(b1-3)GlcNAc(b1-6)GalNAc(a1-Sp14,-6.1248000000000005,-0.8174249999999987,2.9123,-13.425749999999995
Gal(a1-3)Gal(b1-3)GlcNAc(b1-6)GalNAc(a1-Sp14,-5.70065,5.82875,8.421225000000002,-12.210525000000002
Gal(b1-3)[Fuc(a1-4)]GlcNAc(b1-6)GalNAc(a1-Sp14,-10.836950000000005,2.5584000000000024,-0.8476999999999997,-16.256625000000007
Neu5Ac(a2-3)Gal(b1-3)GlcNAc(b1-6)GalNAc(a1-Sp14,1.5779499999999975,-1.8982499999999984,12.821950000000005,5.047825
(3S)Gal(b1-3)[Fuc(a1-4)]GlcNAc(b1-Sp0,1.6109250000000015,-1.5184250000000006,-1.7532000000000003,19.270325000000007
Gal(b1-4)[Fuc(a1-3)]GlcNAc(b1-6)[Neu5Ac(a2-6)[Neu5Ac(a2-3)Gal(b1-3)]GlcNAc(b1-3)]Gal(b1-4)Glc(a1-Sp21,4.554349999999999,7.037175000000002,2.594425000000001,3.158700000000003
Fuc(a1-2)Gal(b1-4)GlcNAc(b1-6)GalNAc(a1-Sp14,16.723224999999996,4.302574999999999,5.691275000000001,17.206875
Gal(a1-3)Gal(b1-4)GlcNAc(b1-6)GalNAc(a1-Sp14,4.747575000000001,0.3730499999999992,5.869925,48.14020000000001
Gal(b1-4)[Fuc(a1-3)]GlcNAc(b1-2)Man(a1-Sp0,3.8220500000000026,3.3080999999999983,3.0463749999999967,-0.2378
Fuc(a1-2)(6S)Gal(b1-3)GlcNAc(b1-Sp0,4.552125000000002,-0.8402750000000014,6.390049999999999,-2.7866500000000016
Gal(a1-3)[Fuc(a1-2)]Gal(b1-4)GlcNAc(b1-6)GalNAc(a1-Sp14,0.6637999999999966,2.7201249999999986,-1.4207750000000008,1.845675
Fuc(a1-2)Gal(b1-4)GlcNAc(b1-2)Man(a1-Sp0,22.498950000000008,5.6022,10.022225000000002,8.641525000000911
Fuc(a1-2)Gal(b1-3)(6S)GlcNAc(b1-Sp0,10.597225,3.645950000000002,9.62215,-8.5488
Fuc(a1-2)(6S)Gal(b1-3)(6S)GlcNAc(b1-Sp0,-1.2932250000000014,0.2907250000000001,11.211774999999998,12.96285
Neu5Ac(a2-6)GalNAc(b1-4)(6S)GlcNAc(b1-Sp8,-8.712375,3.702399999999999,8.984074999999997,-0.8633750000000013
GalNAc(b1-4)[Fuc(a1-3)](6S)GlcNAc(b1-Sp8,-7.445675000000001,1.8930749999999976,5.4511,-11.5772
(3S)GalNAc(b1-4)[Fuc(a1-3)]GlcNAc(b1-Sp8,0.3105749999999983,-2.186,0.6197499999999998,-21.96220000000001
Fuc(a1-2)Gal(b1-3)GlcNAc(b1-6)[Fuc(a1-2)Gal(b1-3)GlcNAc(b1-3)]GalNAc(a1-Sp14,25.301975,5.605025,2.2831499999999973,3.3925749999999972
GalNAc(a1-3)[Fuc(a1-2)]Gal(b1-3)GlcNAc(b1-6)GalNAc(a1-Sp14,0.9807249999999996,-0.7166749999999977,5.8155,-17.723475000000008
GlcNAc(b1-6)[GlcNAc(b1-2)]Man(a1-6)[GlcNAc(b1-4)][GlcNAc(b1-4)[GlcNAc(b1-2)]Man(a1-3)]Man(b1-4)GlcNAc(b1-4)[Fuc(a1-6)]GlcNAc(a1-Sp21,2272.762025,4910.630750000001,10617.064325,16943.391025
Gal(b1-4)GlcNAc(b1-6)[Gal(b1-4)GlcNAc(b1-2)]Man(a1-6)[GlcNAc(b1-4)]Gal(b1-4)GlcNAc(b1-4)[Gal (b1-4)GlcNAc(b1-2)]Man(a1-3)]Man(b1-4)GlcNAc(b1-4)[Fuc(a1-6)]GlcNAc(a1-Sp21,4105.1328,17996.4942,27282.030725,31593.487799999995
Gal(b1-3)GlcNAc(a1-3)Gal(b1-4)GlcNAc(b1-Sp8 ,0.5446249999999999,82.7683,663.2311749999999,2561.58995
Gal(b1-3)(6S)GlcNAc(b1-Sp8 ,-7.837425,15.064550000000004,4.638950000000001,-24.89465000000001
(6S)(4S)GalNAc(b1-4)GlcNAc(a1-Sp8,-14.955025,-0.15665000000000173,-1.6909499999999973,-24.27805
(6S)GalNAc(b1-4)GlcNAc(a1-Sp8 ,-11.017175,-0.7788500000000003,7.785,-16.77375
(3S)GalNAc(b1-4)(3S)GlcNAc(a1-Sp8,-3.980700000000004,-2.7036750000000023,3.4629250000000016,-25.489025
GalNAc(b1-4)(6S)GlcNAc(a1-Sp8 ,2.672550000000001,49.24417500000001,601.6338750000002,3665.7479
(3S)GalNAc(b1-4)GlcNAc(a1-Sp8 ,-4.22245,34.483825,358.97927499999986,2421.128025
(4S)GalNac(b1-Sp10,-1.0948250000000022,1.5692999999999993,3.59525,-3.8634999999999984
Gal(b1-4)(6P)GlcNAc(b1-Sp0 ,-11.428875,8.99325,7.9474750000000025,166.04957499999998
(6P)Gal(b1-4)GlcNAc(b1-SP0 ,16.467125000000006,-6.3089,-0.865149999999999,11.263525
GalNAc(a1-3)[Fuc(a1-2)]Gal(b1-4)GlcNAc(b1-6)GalNAc(a1-Sp14,0.7234999999999996,6.71535,3.8054250000000014,50.493775
Neu5Ac(a2-6)Gal(b1-4)GlcNAc(b1-2)Ma(n1-Sp0,-0.2256999999999998,9.711700000000004,0.8150249999999977,13.360250000000002
Gal(a1-3)Gal(b1-4)GlcNAc(b1-2)Man(a1-Sp0,5.223375000000001,9.8843,18.484725000000005,10.917824999999995
Gal(a1-3)[Fuc(a1-2)]Gal(b1-4)GlcNAc(b1-2)Man(a1-Sp0,31.044025000000005,84.905125,14.378924999999995,130.75635
GalNAc(a1-3)[Fuc(a1-2)]Gal(b1-4) GlcNAc(b1-2)Man(a1-Sp0,2.2230250000000016,14.999274999999995,6.857124999999997,10.551375000000004
 Gal(b1-3)GlcNAc(b1-2)Man(a1-Sp0,8.16245,9.621375,13.433674999999996,25.805875000000004
Gal(a1-3)[Fuc(a1-2)]Gal(b1-3)GlcNAc(b1-6)GalNAc(a1-Sp14,9.728975000000002,32.51239999999999,6.226625,12.076825
Neu5Ac(a2-3)Gal(b1-3)GlcNAc(b1-2)Man(a1-Sp0,27.915725,37.47015,52.17882500000001,116.02885
Gal(a1-3)Gal(b1-3)GlcNAc(b1-2)Man(a1-Sp0,1.3233749999999969,3.81855,-5.343199999999999,-20.9568
GalNAc(b1-4)GlcNAc(b1-2)Man(a1-Sp0,-4.1820749999999975,8.586125,5.401700000000003,-11.107975000000005
Neu5Ac(a2-3)Gal(b1-3)GlcNAc(b1-4)Gal(b1-4)Glc(b1-Sp0,1.4197000000000006,9.087475,2.8331500000000065,-10.048375000000002
GlcNAc(b1-2) Man(a1-6)[GlcNAc(b1-4)][GlcNAc(b1-2)Man(a1-3)]Man(b1-4)GlcNAc(b1-4)[Fuc(a1-6)]GlcNAc(a1-Sp21,2.9879750000000005,6.492375000000001,7.728624999999997,131.78322499999996
Gal(b1-4)GlcNAc(b1-2)Man(a1-6)[GlcNAc(b1-4)][Gal(b1-4)GlcNAc(b1-2)Man(a1-3)]Man(b1-4)GlcNAc(b1-4)[Fuc(a1-6)]GlcNAc(a1-Sp21,-5.3915500000000005,-0.1874999999999991,8.992900000000002,117.004925
Gal(b1-4)GlcNAc(b1-2)Man(a1-6)[Gal(b1-4)GlcNAc(b1-4)][Gal(b1-4)GlcNAc(b1-2)Man(a1-3)]Man(b1-4)GlcNAc(b1-4)[Fuc(a1-6)]GlcNAc(a1-Sp21,3.568150000000001,3.8744500000000013,14.638499999999995,149.2585
Fuc(a1-4)[Gal(b1-3)]GlcNAc(b1-2)Man(a1-Sp0,14.278675,14.994375,7.01825,-6.314349999999999
Neu5Ac(a2-3)Gal(b1-4)[Fuc(a1-3)]GlcNAc(b1-2)Man(a1-Sp0,-5.9650750000000015,5.821950000000001,10.819024999999998,-24.254825
GlcNAc(b1-3)Gal(b1-4)GlcNAc(b1-6)[GlcNAc(b1-3)]Gal(b1-4)GlcNAc(a1-Sp0,-5.201875,12.682899999999998,-0.15307500000000296,-4.533699999999998
GalNAc(a1-3)[Fuc(a1-2)]Gal(b1-3)GalNAc(b1-3)Gal(a1-4)Gal(b1-4)Glc(a1-Sp21,0.6505749999999999,5.796775000000002,-5.493999999999998,9.346924999999997
Gal(a1-3)[Fuc(a1-2)]Gal(b1-3)GalNAc(b1-3)Gal(a1-4)Gal(b1-4)Glc(a1-Sp21,17.9196,44.83272500000001,22.2075,32.5915
Gal(b1-3)GalNAc(b1-3)Ga(l1-Sp21,0.7202500000000036,2.4788250000000005,1.6065750000000032,1.3517750000000035
GlcNAc(b1-3)Gal(b1-4)GlcNAc(b1-2)Man(a1-6)[GlcNAc(b1-3)Gal(b1-4)GlcNAc(b1-2)Man(a1-3)]Man(b1-4)GlcNAc(b1-4)GlcNAc(b1-Sp12,-0.8880749999999988,0.5245750000000013,2.099149999999998,146.73685000000003
GlcNAc(b1-3)Gal(b1-4)GlcNAc(b1-2)Man(a1-6)[GlcNAc(b1-3)Gal(b1-4)GlcNAc(b1-2)Man(a1-3)]Man(b1-4)GlcNAc(b1-4)GlcNAc(b1-Sp25,54.86234999999999,35.797549999999994,369.21395000000007,2553.52655
Gal(b1-4)GlcNAc(b1-3)Gal(b1-4)GlcNAc(b1-2)Man(a1-6)[Gal(b1-4)GlcNAc(b1-3)Gal(b1-4)GlcNAc(b1-2)Man(a1-3)]Man(b1-4)GlcNAc(b1-4)GlcNAc(b1-Sp12,60.724525,68.562275,84.54692500000002,246.60695
Gal(b1-4)GlcNAc(b1-3)Gal(b1-4)GlcNAc(b1-2)Man(a1-6)[Gal(b1-4)GlcNAc(b1-3)Gal(b1-4)GlcNAc(b1-2)Man(a1-3)]Man(b1-4)GlcNAc(b1-4)GlcNAc(b1-Sp24,39.035375,303.35615,1763.335825,9877.637375
Neu5Gc(a2-3)Gal(b1-4)GlcNAc(b1-3)Gal(b1-4)GlcNAc(b1-2)Man(a1-6)[Neu5Gc(a2-3)Gal(b1-4)GlcNAc(b1-3)Gal(b1-4)GlcNAc(b1-2)Man(a1-3)]Man(b1-4)GlcNAc(b1-4)GlcNAc(b1-Sp24,22.70055000000001,122.56305000000002,938.98965,6152.5936500000025
Fuc(a1-2)Gal(b1-4)GlcNAc(b1-3)Gal(b1-4)GlcNAc(b1-2)Man(a1-6)[Fuc(a1-2)Gal(b1-4)GlcNAc(b1-3)Gal(b1-4)GlcNAc(b1-2)Man(a1-3)]Man(b1-4)GlcNAc(b1-4)GlcNAc(b1-Sp24,32.664075,171.59447500000005,1001.0664999999997,6555.96655
GlcNAc(b1-3)Gal(b1-4)GlcNAc(b1-3)Gal(b1-4)GlcNAc(b1-2)Man(a1-6)[GlcNAc(b1-3)Gal(b1-4)GlcNAc(b1-3)Gal(b1-4)GlcNAc(b1-2)Man(a1-3)]Man(b1-4)GlcNAc(b1-4)GlcNAc(b1-Sp12,78.29230000000003,44.957975,84.61470000000001,411.18125
GlcNAc(b1-3)Gal(b1-4)GlcNAc(b1-3)Gal(b1-4)GlcNAc(b1-2)Man(a1-6)[GlcNAc(b1-3)Gal(b1-4)GlcNAc(b1-3)Gal(b1-4)GlcNAc(b1-2)Man(a1-3)]Man(b1-4)GlcNAc(b1-4)GlcNAc(b1-Sp25,25.60325000000001,180.565225,1336.25095,7341.990200000002
Gal(b1-4)GlcNAc(b1-3)Gal(b1-4)GlcNAc(b1-3)Gal(b1-4)GlcNAc(b1-2)Man(a1-6)[Gal(b1-4)GlcNAc(b1-3)Gal(b1-4)GlcNAc(b1-3)Gal(b1-4)GlcNAc(b1-2)Man(a1-3)]Man(b1-4)GlcNAc(b1-4)GlcNAc(b1-Sp12,132.011275,153.89095,328.7775249999999,2538.950025
Gal(b1-4)GlcNAc(b1-3)Gal(b1-4)GlcNAc(b1-3)Gal(b1-4)GlcNAc(b1-2)Man(a1-6)[Gal(b1-4)GlcNAc(b1-3)Gal(b1-4)GlcNAc(b1-3)Gal(b1-4)GlcNAc(b1-2)Man(a1-3)]Man(b1-4)GlcNAc(b1-4)GlcNAc(b1-Sp24,78.3912,770.2136,4379.364775,18364.82105
GlcNAc(b1-3)Gal(b1-4)GlcNAc(b1-3)Gal(b1-4)GlcNAc(b1-3)Gal(b1-4)GlcNAc(b1-2)Man(a1-6)[GlcNAc(b1-3)Gal(b1-4)GlcNAc(b1-3)Gal(b1-4)GlcNAc(b1-3)Gal(b1-4)GlcNAc(b1-2)Man(a1-3)]Man(b1-4)GlcNAc(b1-4)GlcNAc(b1-Sp25,105.66065000000003,293.093025,1697.20635,11090.748499999998
Gal(b1-4)GlcNAc(b1-3)Gal(b1-4)GlcNAc(b1-3)Gal(b1-4)GlcNAc(b1-3)Gal(b1-4)GlcNAc(b1-2)Man(a1-6)[Gal(b1-4)GlcNAc(b1-3)Gal(b1-4)GlcNAc(b1-3)Gal(b1-4)GlcNAc(b1-3)Gal(b1-4)GlcNAc(b1-2)Man(a1-3)]Man(b1-4)GlcNAc(b1-4)GlcNAc(b1-Sp25,288.3741,839.0986750000003,3940.1677,15921.923175
Gal(b1-3)GlcNAc(b1-3)Gal(b1-4)GlcNAc(b1-2)Man(a1-6)[Gal(b1-3)GlcNAc(b1-3)Gal(b1-4)GlcNAc(b1-2)Man(a1-3)]Man(b1-4)GlcNAc(b1-4)GlcNAc(a1-Sp25,0.2508499999999998,14.465449999999995,35.8625,305.694975
Neu5Gc(a2-8)Neu5Gc(a2-3)Gal(b1-4)GlcNAc(a1-Sp0,-0.37274999999999897,3.562525,7.6812749999999985,16.560975
Neu5Ac(a2-8)Neu5Gc(a2-3)Gal(b1-4)GlcNAc(a1-Sp0,13.46935,5.471450000000001,4.277199999999997,12.963649999999998
Neu5Gc(a2-8)Neu5Ac(a2-3)Gal(b1-4)GlcNAc(a1-Sp0,5.6982750000000015,5.051875,1.305049999999997,0.9950499999999972
Neu5Gc(a2-8)Neu5Gc(a2-3)Gal(b1-4)GlcNAc(b1-3)Gal(b1-4)GlcNAc(a1-Sp0,15.959500000000002,155.21612499999995,779.347,2824.47175
Neu5Gc(a2-8)Neu5Gc(a2-6)Gal(b1-4)GlcNAc(a1-Sp0,0.2560249999999993,6.1882,2.7542000000000013,-7.750575000000001
Neu5Ac(a2-8)Neu5Ac(a2-3)Gal(b1-4)GlcNAc(a1-Sp0,3.094925,3.669649999999999,18.409025,46.76722500000001
GlcNAc(b1-3)Gal(b1-4)GlcNAc(b1-6)[GlcNAc(b1-3)Gal(b1-4)GlcNAc(b1-2)]Man(a1-6)[GlcNAc(b1-3)Gal(b1-4)GlcNAc(b1-2)]Man(a1-3)]Man(b1-4)GlcNAc(b1-4)GlcNAc(a1-Sp24,739.7449250000003,1505.56205,6559.103275,24230.857475
Gal(b1-4)GlcNAc(b1-3)Gal(b1-4)GlcNAc(b1-6)[Gal(b1-4)GlcNAc(b1-3)Gal(b1-4)GlcNAc(b1-2)]Man(a1-6)[Gal(b1-4)GlcNAc(b1-3)Gal(b1-4)GlcNAc(b1-2)Man(a1-3)]Man(a1-4)GlcNAc(b1-4)GlcNAc(a1-Sp24,100.834375,501.8981,2270.46375,11553.805525
Gal(a1-3)Gal(b1-4)GlcNAc(b1-2)Man(a1-6)[Gal(a1-3)Gal(b1-4)GlcNAc(b1-2)Man(a1-3)]Man(b1-4)GlcNAc(b1-4)GlcNAc(a1-Sp24,53.80022500000001,263.48190000000005,2010.407125,6353.4097999999985
GlcNAc(b1-3)Gal(b1-4)GlcNAc(b1-6)[GlcNAc(b1-3)Gal(b1-3)]GalNAc(a1-Sp14,7.7668000000000035,5.001325000000001,5.179675,23.30647500000001
GalNAc(b1-3)GlcNAc(b1-Sp0 ,1.9060000000000024,3.036175000000002,-1.8100500000000024,-4.821075
GalNAc(b1-4)GlcNAc(b1-3)GalNAc(b1-4)GlcNAc(b1-Sp0 ,4.7440250000000015,15.339025,75.87590000000003,1660.426275
GlcNAc(b1-3)Gal(b1-4)GlcNAc(b1-3)Gal(b1-4)GlcNAc(b1-3)Gal(b1-4)GlcNAc(b1-3)Gal(b1-4)GlcNAc(b1-2)Man(a1-6)[GlcNAc(b1-3)Gal(b1-4)GlcNAc(b1-3)Gal(b1-4)GlcNAc(b1-3)Gal(b1-4)GlcNAc(b1-3)Gal(b1-4)GlcNAc(b1-2)Man(a1-3)]Man(b1-4)GlcNAc(b1-4)GlcNAc(b1-Sp25,78.55605,387.387025,2177.536075,12549.0038
Gal(b1-4)GlcNAc(b1-3)Gal(b1-4)GlcNAc(b1-3)Gal(b1-4)GlcNAc(b1-3)Gal(b1-4)GlcNAc(b1-3)Gal(b1-4)GlcNAc(b1-2)Man(a1-6)[Gal(b1-4)GlcNAc(b1-3)Gal(b1-4)GlcNAc(b1-3)Gal(b1-4)GlcNAc(b1-3)Gal(b1-4)GlcNAc(b1-3)Gal(b1-4)GlcNAc(b1-2)Man(a1-3)]Man(b1-4)GlcNAc(b1-4)GlcNAc(b1-Sp25,118.9935,548.6903,2849.631775,11277.7303
GlcNA(b1-3)Gal(b1-3)GalNAc(a1-Sp14,12.192574999999998,1.8375749999999995,14.559,-15.755500000000005
Gal(b1-3)GlcNAc(b1-6)[Gal(b1-3)]GalNAc(a1-Sp14,-3.7057249999999993,6.940750000000001,1.8224250000000008,-14.257350000000002
Gal(b1-4)GlcNAc(b1-3)Gal(b1-4)GlcNAc(b1-3)Gal(b1-4)GlcNAc(b1-3)Gal(b1-4)GlcNAc(b1-3)Gal(b1-4)GlcNAc(b1-3)Gal(b1-4)GlcNAc(b1-2)Man(a1-6)[Gal(b1-4)GlcNAc(b1-3)Gal(b1-4)GlcNAc(b1-3)Gal(b1-4)GlcNAc(b1-3)Gal(b1-4)GlcNAc(b1-3)Gal(b1-4)GlcNAc(b1-3)Gal(b1-4)GlcNAc(b1-2)Man(a1-3)]Man(b1-4)GlcNAc(b1-4)GlcNAc(b1-Sp25,353.48315,743.7204250000003,3504.896050000001,19096.6089
(3S)GlcA(b1-3)Gal(b1-4)GlcNAc(b1-3)Gal(b1-4)Glc(a1-Sp0,-7.367750000000003,1.979424999999999,15.484375,-8.33015
(3S)GlcA(b1-3)Gal(b1-4)GlcNAc(b1-2)Man(a1-Sp0,-5.645175,-0.5362250000000035,-0.13917499999999805,-23.19905
Gal(b1-3)GlcNAc(b1-3)Gal(b1-4)GlcNAc(b1-3)Gal(b1-4)GlcNAc(b1-6)[Gal(b1-3)GlcNAc(b1-3)Gal(b1-4)GlcNAc(b1-3)Gal(b1-4)GlcNA(b1-2)]Man(a1-6)[Gal(b1-3)GlcNAc(b1-3)Gal(b1-4)GlcNAc(b1-3)Gal(b1-4)GlcNAc(b1-2)Man(a1-3)]Man(b1-4)GlcNAc(b1-4)[Fuc(a1-6)]GlcNAc(b1-Sp24,36.81635,132.32094999999998,788.94555,10605.9245
Gal(b1-3)GlcNAc(b1-3)Gal(b1-4)GlcNAc(b1-6)[Gal(b1-3)GlcNAc(b1-3)Gal(b1-4)GlcNA(b1-2)]Man(a1-6)[Gal(b1-3)GlcNAc(b1-3)Gal(b1-4)GlcNAc(b1-2)Man(a1-3)]Man(b1-4)GlcNAc(b1-4)[Fuc(a1-6)]GlcNAc(b1-Sp24,154.97932500000005,474.878825,2229.086,13225.807975
Neu5Ac(a2-8)Neu5Ac(a2-3)Gal(b1-3)GalNAc(b1-4)[Neu5Ac(a2-3)]Gal(b1-4)Glc(a1-Sp21,-8.108300000000002,7.5322,-2.7246500000000005,-9.782300000000003
GlcNAc(b1-3)Gal(b1-4)GlcNAc(b1-2)Man(a1-6)[GlcNAc(b1-3)Gal(b1-4)GlcNAc(b1-2)Man(a1-3)]Man(b1-4)GlcNAc(b1-4)[Fuc(a1-6)]GlcNAc(b1-Sp24,54.96155000000002,145.336075,1134.0463750000004,3575.899650000001
Gal(b1-4)GlcNAc(b1-3)Gal(b1-4)GlcNAc(b1-2)Man(a1-6)[Gal(b1-4)GlcNAc(b1-3)Gal(b1-4)GlcNAc(b1-2)Man(a1-3)]Man(b1-4)GlcNAc(b1-4)[Fuc(a1-6)]GlcNAc(b1-Sp24,86.770625,429.92275,2248.5011250000007,9506.91305
GlcNAc(b1-3)Gal(b1-4)GlcNAc(b1-3)Gal(b1-4)GlcNAc(b1-2)Man(a1-6)[GlcNAc(b1-3)Gal(b1-4)GlcNAc(b1-3)Gal(b1-4)GlcNAc(b1-2)Man(a1-3)]Man(b1-4)GlcNAc(b1-4)[Fuc(a1-6)]GlcNAc(b1-Sp24,52.21945000000001,130.590875,1044.6138999999996,4857.80725
Gal(b1-4)GlcNAc(b1-3)Gal(b1-4)GlcNAc(b1-3)Gal(b1-4)GlcNAc(b1-2)Man(a1-6)[Gal(b1-4)GlcNAc(b1-3)Gal(b1-4)GlcNAc(b1-3)Gal(b1-4)GlcNAc(b1-2)Man(a1-3)]Man(b1-4)GlcNAc(b1-4)[Fuc(a1-6)]GlcNAc(b1-Sp24,94.41305,566.10805,2602.83005,16776.018
GlcNAc(b1-3)Gal(b1-4)GlcNAc(b1-3)Gal(b1-4)GlcNAc(b1-3)Gal(b1-4)GlcNAc(b1-2)Man(a1-6)[GlcNAc(b1-3)Gal(b1-4)GlcNAc(b1-3)Gal(b1-4)GlcNAc(b1-3)Gal(b1-4)GlcNAc(b1-2)Man(a1-3)]Man(b1-4)GlcNAc(b1-4)[Fuc(a1-6)]GlcNAc(b1-Sp24,84.34254999999997,285.660825,1279.50425,9017.741525
Gal(b1-4)GlcNAc(b1-3)Gal(b1-4)GlcNAc(b1-3)Gal(b1-4)GlcNAc(b1-3)Gal(b1-4)GlcNAc(b1-2)Man(a1-6)[Gal(b1-4)GlcNAc(b1-3)Gal(b1-4)GlcNAc(b1-3)Gal(b1-4)GlcNAc(b1-3)Gal(b1-4)GlcNAc(b1-2)Man(a1-3)]Man(b1-4)GlcNAc(b1-4)[Fuc(a1-6)]GlcNAc(b1-Sp24,100.57767499999996,723.2422749999997,3798.781225,17419.0818
GlcNAc(b1-3)Gal(b1-4)GlcNAc(b1-3)Gal(b1-4)GlcNAc(b1-3)Gal(b1-4)GlcNAc(b1-3)Gal(b1-4)GlcNAc(b1-2)Man(a1-6)[GlcNAc(b1-3)Gal(b1-4)GlcNAc(b1-3)Gal(b1-4)GlcNAc(b1-3)Gal(b1-4)GlcNAc(b1-3)Gal(b1-4)GlcNAc(b1-2)Man(a1-3)]Man(b1-4)GlcNAc(b1-4)[Fuc(a1-6)]GlcNAc(b1-Sp19,82.75155,485.0596,2536.095925,10223.98225
Gal(b1-4)GlcNAc(b1-3)Gal(b1-4)GlcNAc(b1-3)Gal(b1-4)GlcNAc(b1-3)Gal(b1-4)GlcNAc(b1-3)Gal(b1-4)GlcNAc(b1-2)Man(a1-6)[Gal(b1-4)GlcNAc(b1-3)Gal(b1-4)GlcNAc(b1-3)Gal(b1-4)GlcNAc(b1-3)Gal(b1-4)GlcNAc(b1-3)Gal(b1-4)GlcNAc(b1-2)Man(a1-3)]Man(b1-4)GlcNAc(b1-4)[Fuc(a1-6)]GlcNAc(b1-Sp19,289.4477250000001,1403.0722500000006,5955.084399999999,18630.53005
Gal(b1-4)GlcNAc(b1-3)Gal(b1-4)GlcNAc(b1-6)[Gal(b1-4)GlcNAc(b1-3)Gal(b1-4)GlcNA(b1-2)]Man(a1-6)[Gal(b1-4)GlcNAc(b1-3)Gal(b1-4)GlcNAc(b1-2)Man(a1-3)]Man(b1-4)GlcNAc(b1-4)[Fuc(a1-6)]GlcNAc(b1-Sp24,569.1917,1312.973875,7043.7746499999985,27661.411025
GlcNAc(b1-3)Gal(b1-4)GlcNAc(b1-3)Gal(b1-4)GlcNAc(b1-6)[GlcNAc(b1-3)Gal(b1-4)GlcNAc(b1-3)Gal(b1-4)GlcNA(b1-2)]Man(a1-6)[GlcNAc(b1-3)Gal(b1-4)GlcNAc(b1-3)Gal(b1-4)GlcNAc(b1-2)Man(a1-3)]Man(b1-4)GlcNAc(b1-4)[Fuc(a1-6)]GlcNAc(b1-Sp24,327.836125,1005.695425,5634.572250000001,20956.55
Gal(b1-4)GlcNAc(b1-3)Gal(b1-4)GlcNAc(b1-3)Gal(b1-4)GlcNAc(b1-6)[Gal(b1-4)GlcNAc(b1-3)Gal(b1-4)GlcNAc(b1-3)Gal(b1-4)GlcNA(b1-2)]Man(a1-6)[Gal(b1-4)GlcNAc(b1-3)Gal(b1-4)GlcNAc(b1-3)Gal(b1-4)GlcNAc(b1-2)Man(a1-3)]Man(b1-4)GlcNAc(b1-4)[Fuc(a1-6)]GlcNAc(b1-Sp24,919.130625,2447.40725,9614.367299999998,31182.009525
GlcNAc(b1-3)Gal(b1-4)GlcNAc(b1-3)Gal(b1-4)GlcNAc(b1-3)Gal(b1-4)GlcNAc(b1-6)[GlcNAc(b1-3)Gal(b1-4)GlcNAc(b1-3)Gal(b1-4)GlcNAc(b1-3)Gal(b1-4)GlcNA(b1-2)]Man(a1-6)[GlcNAc(b1-3)Gal(b1-4)GlcNAc(b1-3)Gal(b1-4)GlcNAc(b1-3)Gal(b1-4)GlcNAc(b1-2)Man(a1-3)]Man(b1-4)GlcNAc(b1-4)[Fuc(a1-6)]GlcNAc(b1-Sp24,716.8298,1878.1457,13600.647499999995,29300.427350000005
Gal(b1-4)GlcNAc(b1-3)Gal(b1-4)GlcNAc(b1-3)Gal(b1-4)GlcNAc(b1-3)Gal(b1-4)GlcNAc(b1-6)[Gal(b1-4)GlcNAc(b1-3)Gal(b1-4)GlcNAc(b1-3)Gal(b1-4)GlcNAc(b1-3)Gal(b1-4)GlcNA(b1-2)]Man(a1-6)[Gal(b1-4)GlcNAc(b1-3)Gal(b1-4)GlcNAc(b1-3)Gal(b1-4)GlcNAc(b1-3)Gal(b1-4)GlcNAc(b1-2)Man(a1-3)]Man(b1-4)GlcNAc(b1-4)[Fuc(a1-6)]GlcNAc(b1-Sp24,1202.29775,3733.99725,13460.612975,34284.860925
GlcNAc(b1-3)Gal(b1-4)GlcNAc(b1-3)Gal(b1-4)GlcNAc(b1-3)Gal(b1-4)GlcNAc(b1-3)Gal(b1-4)GlcNAc(b1-6)[GlcNAc(b1-3)Gal(b1-4)GlcNAc(b1-3)Gal(b1-4)GlcNAc(b1-3)Gal(b1-4)GlcNAc(b1-3)Gal(b1-4)GlcNA(b1-2)]Man(a1-6)[GlcNAc(b1-3)Gal(b1-4)GlcNAc(b1-3)Gal(b1-4)GlcNAc(b1-3)Gal(b1-4)GlcNAc(b1-3)Gal(b1-4)GlcNAc(b1-2)Man(a1-3)]Man(b1-4)GlcNAc(b1-4)[Fuc(a1-6)]GlcNAc(b1-Sp24,1278.353625,3516.87935,12178.367949999994,36795.84025
Gal(b1-4)GlcNAc(b1-3)Gal(b1-4)GlcNAc(b1-3)Gal(b1-4)GlcNAc(b1-3)Gal(b1-4)GlcNAc(b1-3)Gal(b1-4)GlcNAc(b1-6)[Gal(b1-4)GlcNAc(b1-3)Gal(b1-4)GlcNAc(b1-3)Gal(b1-4)GlcNAc(b1-3)Gal(b1-4)GlcNAc(b1-3)Gal(b1-4)GlcNA(b1-2)]Man(a1-6)[Gal(b1-4)GlcNAc(b1-3)Gal(b1-4)GlcNAc(b1-3)Gal(b1-4)GlcNAc(b1-3)Gal(b1-4)GlcNAc(b1-3)Gal(b1-4)GlcNAc(b1-2)Man(a1-3)]Man(b1-4)GlcNAc(b1-4)[Fuc(a1-6)]GlcNAc(b1-Sp24,1392.0248500000002,4930.427650000001,15491.1043,35476.359575
Gal(b1-4)GlcNAc(b1-3)Gal(b1-4)GlcNAc(b1-3)GalNAc(a1-Sp14,60.21762500000001,49.242575,31.622150000000005,208.95
Gal(b1-4)GlcNAc(b1-3)Gal(b1-4)GlcNAc(b1-6)[Gal(b1-3)]GalNAc(a1-Sp14,50.01202500000001,32.284175000000005,45.30987499999999,97.630225
Gal(b1-4)GlcNAc(b1-3)Gal(b1-4)GlcNAc(b1-6)[Gal(b1-4)GlcNAc(b1-3)Gal(b1-4)GlcNAc(b1-3)]GalNAc(a1-Sp14,44.28965,53.10805000000001,64.28052500000001,195.782475
Neu5Ac(a2-3)Gal(b1-4)GlcNAc(b1-3)Gal(b1-4)GlcNAc(b1-3)GalNAc(a1-Sp14,8.569575000000002,0.1006999999999989,7.420824999999999,20.673325
GlcNAc(b1-3)Gal(b1-4)GlcNAc(b1-3)GalNAc(a1-Sp14,0.9008749999999992,5.382474999999998,-3.44015,-1.7250750000000021
GlcNAc(b1-3)Gal(b1-4)GlcNAc(b1-6)[Gal(b1-3)]GalNAc(a1-Sp14,-0.3808250000000051,1.1863500000000018,14.174275,33.321225
GlcNAc(b1-3)Gal(b1-4)GlcNAc(b1-6)[GlcNAc(b1-3)Gal(b1-4)GlcNAc(b1-3)]GalNAc(a1-Sp14,5.035874999999999,4.116900000000001,1.3779000000000012,4.357874999999994
Neu5Ac(a2-3)Gal(b1-4)GlcNAc(b1-3)Gal(b1-4)GlcNAc(b1-6)[Neu5Ac(a2-3)Gal(b1-4)GlcNAc(b1-3)Gal(b1-4)GlcNAc(b1-3)]GalNAc(a1-Sp14,30.806225000000005,11.624475,25.43615,127.275625
Neu5Ac(a2-6)Gal(b1-4)GlcNAc(b1-3)Gal(b1-4)GlcNAc(b1-3)GalNAc(a1-Sp14,-2.8219999999999987,2.5441,3.029000000000001,-5.357325
GlcNAc(b1-3)Gal(b1-4)GlcNAc(b1-3)Gal(b1-4)GlcNAc(b1-3)GalNAc(a1-Sp14,-13.148300000000004,17.863475,0.684899999999999,-5.085574999999995
Gal(b1-4)GlcNAc(b1-3)Gal(b1-3)GalNAc(a1-Sp14,16.3405,11.57865,9.1917,-9.437649999999998
Neu5Ac(a2-3)Gal(b1-4)GlcNAc(b1-3)Gal(b1-4)GlcNAc(b1-6)[Gal(b1-3)]GalNAc(a1-Sp14,21.444825,30.290225,18.003,61.28475
Neu5Ac(a2-6)Gal(b1-4)GlcNAc(b1-3)Gal(b1-4)GlcNAc(b1-6)[Gal(b1-3)]GalNAc(a1-Sp14,3.2394000000000016,17.973250000000004,14.655350000000002,-10.727175000000004
Neu5Ac(a2-6)Gal(b1-4)GlcNAc(b1-6)[Gal(b1-3)]GalNAc(a1-Sp14,5.389500000000003,7.7925,6.797774999999998,30.48540000000001
Neu5Ac(a2-3)Gal(b1-4)GlcNAc(b1-3)Gal(b1-4)GlcNAc(b1-2)Man(a1-6)[Neu5Ac(a2-3)Gal(b1-4)GlcNAc(b1-3)Gal(b1-4)GlcNAc(b1-2)Man(a1-3)]Man(b1-4)GlcNAc(b1-4)GlcNAc(b1-Sp12,62.34967499999999,64.20980000000003,151.49454999999998,532.7769000000002
GlcNAc(b1-6)[Neu5Ac(a2-3)Gal(b1-3)]GalNAc(a1-Sp14,-1.544175,4.254424999999996,8.502475,-1.3234249999999932
Neu5Ac(a2-6)Gal(b1-4)GlcNAc(b1-3)Gal(b1-4)GlcNAc(b1-6)[Neu5Ac(a2-6)Gal(b1-4)GlcNAc(b1-3)Gal(b1-4)GlcNAc(b1-3)]GalNAc(a1-Sp14,64.418675,54.25142499999999,65.324175,128.15359999999998
Neu5Ac(a2-6)Gal(b1-4)GlcNAc(b1-3)Gal(b1-4)GlcNAc(b1-3)Gal(b1-4)GlcNAc(b1-2)Man(a1-6)[Neu5Ac(a2-6)Gal(b1-4)GlcNAc(b1-3)Gal(b1-4)GlcNAc(b1-3)Gal(b1-4)GlcNAc(b1-2)Man(a1-3)]Man(b1-4)GlcNAc(b1-4)GlcNAc(b1-Sp12,53.69222500000001,106.55364999999998,268.5129,1117.3306249999996
Neu5Ac(a2-3)Gal(b1-4)GlcNAc(b1-3)Gal(b1-4)GlcNAc(b1-3)Gal(b1-4)GlcNAc(b1-2)Man(a1-6)[Neu5Ac(a2-3)Gal(b1-4)GlcNAc(b1-3)Gal(b1-4)GlcNAc(b1-3)Gal(b1-4)GlcNAc(b1-2)Man(a1-3)]Man(b1-4)GlcNAc(b1-4)GlcNAc(b1-Sp12,62.943250000000006,64.907325,76.044,365.329725
Neu5Ac(a2-6)Gal(b1-4)GlcNAc(b1-3)Gal(b1-4)GlcNAc(b1-2)Man(a1-6)[Neu5Ac(a2-6)Gal(b1-4)GlcNAc(b1-3)Gal(b1-4)GlcNAc(b1-2)Man(a1-3)]Man(b1-4)GlcNAc(b1-4)GlcNAc(b1-Sp12,47.845,49.29457500000001,109.51075,652.9705250000002
GlcNAc(b1-3)Fuc(a1-Sp21,2.0461500000000026,12.285075,2.9586500000000004,8.125575000000005
Gal(b1-3)GalNAc(b1-4)[Neu5Ac(a2-8)Neu5Ac(a2-8)Neu5Ac(a2-3)]Gal(b1-4)Glc(b1-Sp21,31.936875,16.851,7.976775,24.96564999999999
