IUPAC,ECL 0.01ug/ml,ECL 0.5ug/ml,ECL 1ug/ml,ECL 5ug/ml,ECL 50ug/ml
Gal(a1-Sp8,19.72169119,9.43545001,6.598811124,8.603504581000001,19.91760347
Glc(a1-Sp8,5.059013396,6.552544383,26.30486157,14.48353402,16.45837195
Man(a1-Sp8,6.882342125,10.03746856,17.32840985,23.87909286,15.88095879
GalNAc(a1-Sp8,5.530190318,8.460596441,15.88037172,10.35295687,8.899358206
GalNAc(a1-Sp15,17.15085405,187.1484255,12.99029991,7.354724574,9.525857607999999
Fuc(a1-Sp8,18.18700402,22.71976649,23.75834328,2.816113687,8.797110317000001
Fuc(a1-Sp9,4.8644435580000005,16.38834986,17.38712396,4.190774775,9.084049198999999
Rha(a1-Sp8,11.75803173,4.762791858,11.76113868,26.87122887,13.84248225
Neu5Ac(a1-Sp8,2.743162587,11.53601591,15.15835189,3.8228354760000003,6.926930456
Neu5Ac(a1-Sp11,3.3219476589999997,13.71222793,7.776139785,19.91567344,12.34488373
Neu5Ac(b1-Sp8,3.818679229,3.178398029,7.5355775,13.50582852,20.28934103
Gal(b1-Sp8,11.86951183,9.746683638,16.11211158,24.90030227,12.94626024
Glc(b1-Sp8,30.37128211,16.78287459,10.72398496,27.32608446,11.51411751
Man(b1-Sp8,3.8012206739999996,1.852737764,8.441974434,7.931228971,13.91021832
GalNAc(b1-Sp8,5.337078431,10.48042496,7.8576886360000024,11.20879469,47.84979438
GlcNAc(b1-Sp0,2.9486218689999997,12.5560485,11.45272141,5.637856984,14.91299903
GlcNAc(b1-Sp8,2.142115804,11.39132957,9.685948828999999,13.3123883,13.19595496
GlcN[Gc](b1-Sp8,19.69250793,12.77101142,18.12892532,4.267510549,13.07930986
Gal(b1-4)GlcNAc(b1-6)[Gal(b1-4)GlcNAc(b1-3)]GalNAc(a1-Sp8,16.27725781,28.01255218,50.05955306,252.15804599999998,1082.193825
Gal(b1-4)GlcNAc(b1-6)[Gal(b1-4)GlcNAc(b1-3)]GalNAc(a1-Sp14,6.474868152000001,13.137252199999999,61.93628091,176.23027109999995,348.57923460000006
GlcNAc(b1-6)[GlcNAc(b1-4)][GlcNAc(b1-3)]GlcNAc(a1-Sp8,21.63953451,10.50098283,10.16922767,7.318029866,8.836891404
6S(3S)Gal(b1-4)(6S)GlcNAc(b1-Sp0,10.14526106,15.87764309,14.42748763,5.477766991,13.67844023
6S(3S)Gal(b1-4)GlcNAc(b1-Sp0,8.625845588999999,5.018461052,6.884399755,8.339261758,10.722695
(3S)Gal(b1-4)[Fuc(a1-3)](6S)Glc(a1-Sp0,62.57860423,28.8939548,30.89527048,13.86352196,38.24968259
(3S)Gal(b1-4)Glc(b1-Sp8,14.054960199999998,4.241267785,5.636729057999999,7.816053705,12.71840293
(3S)Gal(b1-4)(6S)Glc(b1-Sp0,4.954626121,11.74325411,7.378270201,9.762674559,4.916934503999999
(3S)Gal(b1-4)(6S)Glc(b1-Sp8,5.0675713,3.86247235,9.907053513,16.04105467,15.91403501
(3S)Gal(b1-3)[Fuc(a1-4)]GlcNAc(b1-Sp8,5.109257843,12.28994664,1.468477094,7.949665427999999,16.59751122
(3S)Gal(b1-3)GalNAc(a1-Sp8,6.995494366,7.614388961,3.850629695,12.47537743,6.449604925
(3S)Gal(b1-3)GlcNAc(b1-Sp0,6.986593009,4.387676922,4.224248819,15.98502895,12.95449392
(3S)Gal(b1-3)GlcNAc(b1-Sp8,19.95852466,17.51775638,4.052487669,8.548526133,8.619575885
(3S)Gal(b1-4)[Fuc(a1-3)]GlcNAc(a1-Sp0 ,6.588436522,6.67956773,5.75514376,9.165035499,7.637574353
(3S)Gal(b1-4)[Fuc(a1-3)]GlcNAc(a1-Sp8,2.8012025560000002,32.52667429,9.195189665,3.41611688,18.29592802
(3S)Gal(b1-4)(6S)GlcNAc(b1-Sp0,5.966515383,9.631706304,14.04493656,3.345037968,9.157627661
(3S)Gal(b1-4)(6S)GlcNAc(b1-Sp8,25.8780013,1.3728392409999999,13.47178724,14.85102789,9.327439672
(3S)Gal(b1-4)GlcNAc(b1-Sp0,5.115635915,4.685333675,12.03770829,12.36478616,6.966866726
(3S)Gal(b1-4)GlcNAc(b1-Sp8,17.72012991,4.651143083,5.002396557,4.256034685,2.79392145
(3S)Gal(b1-Sp8,13.00153557,6.307231302000001,13.73738598,9.465417398,7.810739017
(6S)(4S)Gal(b1-4)GlcNAc(b1-Sp0,5.859624942999999,9.424126348,14.64469581,7.534227191,10.86152914
(4S)Gal(b1-4)GlcNAc(b1-Sp8,3.5848693239999996,4.231493215,6.59360523,7.6242241160000015,3.616143964
(6P)Man(a1-Sp8,12.50112037,6.010413455,4.982644463,16.37827048,7.814101319
(6S)Gal(b1-4)Glc(b1-Sp0,16.875099300000002,7.646509253,20.70646162,10.02157179,5.937906417000001
(6S)Gal(b1-4)Glc(b1-Sp8,3.3480808360000003,12.07679785,9.703487515,7.8898014760000015,28.45551968
(6S)Gal(b1-4)GlcNAc(b1-Sp8,11.44662891,9.478954878,27.02597351,3.3665126969999997,13.36909358
(6S)Gal(b1-4)(6S)Glc(b1-Sp8,15.44101578,3.1899179889999996,7.297418229,13.18024411,27.81469923
Neu5Ac(a2-3)(6S)Gal(b1-4)GlcNAc(b1-Sp8,2.7057936139999996,18.49447641,20.04398671,35.14409405,3.7347294989999997
(6S)GlcNAc(b1-Sp8,14.64743364,10.83600593,13.21781954,3.00860829,30.29664988
"Neu5,9Ac2(a1-Sp8",5.944769981,4.07286201,13.44916403,13.36304414,12.12793547
"Neu5,9Ac2(a2-6)Gal(b1-4)GlcNAc(b1-Sp8",3.799878725,5.028578401,7.468224837999999,6.346256006,5.359714917
Man(a1-6)[Man(a1-3)]Man(b1-4)GlcNAc(b1-4)GlcNAc(b1-Sp12,9.223632331000001,7.806553997000001,11.13202842,6.889121567,7.7799707
Man(a1-6)[Man(a1-3)]Man(b1-4)GlcNAc(b1-4)GlcNAc(b1-Sp13,12.36697277,7.310608894,7.402919485,5.528233942999999,18.45312136
GlcNAc(b1-2)Man(a1-6)[GlcNAc(b1-2)Man(a1-3)]Man(b1-4)GlcNAc(b1-4)GlcNAc(b1-Sp12,6.722977607000001,5.298265638999999,23.15441263,9.537160596,14.31500427
GlcNAc(b1-2)Man(a1-6)[GlcNAc(b1-2)Man(a1-3)]Man(b1-4)GlcNAc(b1-4)GlcNAc(b1-Sp13,8.625548861,12.44364027,7.978777557999999,5.613724454,4.505727523
Gal(b1-4)GlcNAc(b1-2)Man(a1-6)[Gal(b1-4)GlcNAc(b1-2)Man(a1-3)]Man(b1-4)GlcNAc(b1-4)GlcNAc(b1-Sp12,10.22724949,32.2478051,56.22673847,183.5850535,674.7665906000002
Neu5Ac(a2-6)Gal(b1-4)GlcNAc(b1-2)Man(a1-6)[Neu5Ac(a2-6)Gal(b1-4)GlcNAc(b1-2)Man(a1-3)]Man(b1-4)GlcNAc(b1-4)GlcNAc(b1-Sp12,6.0206171379999995,5.215127671,2.793608939,4.4857472110000005,5.447081353
Neu5Ac(a2-6)Gal(b1-4)GlcNAc(b1-2)Man(a1-6)[Neu5Ac(a2-6)Gal(b1-4)GlcNAc(b1-2)Man(a1-3)]Man(b1-4)GlcNAc(b1-4)GlcNAc(b1-Sp13,7.2507212710000015,19.48061727,12.42811048,11.65753233,19.20053853
Neu5Ac(a2-6)Gal(b1-4)GlcNAc(b1-2)Man(a1-6)[Neu5Ac(a2-6)Gal(b1-4)GlcNAc(b1-2)M(an-a)(a1-3)]Man(b1-4)GlcNAc(b1-4)GlcNAc(b1-Sp21,4.86706809,11.32061127,11.58881927,26.46962786,18.63808141
Neu5Ac(a2-6)Gal(b1-4)GlcNAc(b1-2)Man(a1-6)[Neu5Ac(a2-6)Gal(b1-4)GlcNAc(b1-2)Man(a1-3)]Man(b1-4)GlcNAc(b1-4)GlcNAc(b1-Sp24,18.8116556,8.916741400000003,10.78185863,4.094744341,2.673888358
Fuc(a1-2)Gal(b1-3)GalNAc(b1-3)Gal(a1-Sp9,6.817127295,9.20867764,10.95238425,13.45919187,15.9451577
Fuc(a1-2)Gal(b1-3)GalNAc(b1-3)Gal(a1-4)Gal(b1-4)Glc(b1-Sp9,3.303308117,5.121970698,4.364057657,8.597414599999999,4.379350006
Fuc(a1-2)Gal(b1-3)[Fuc(a1-4)]GlcNAc(b1-Sp8,7.2051389939999995,3.838861801,18.41846558,9.309247722,9.05203561
Fuc(a1-2)Gal(b1-3)GalNAc(a1-Sp8,2.075058196,4.097574659,5.250506323,4.97338972,5.185879002
Fuc(a1-2)Gal(b1-3)GalNAc(a1-Sp14,5.00172523,8.423927506,4.488151605,11.10172884,13.2152011
Fuc(a1-2)Gal(b1-3)GalNAc(b1-4)[Neu5Ac(a2-3)]Gal(b1-4)Glc(b1-Sp0,12.43350293,10.44282825,8.749634907,7.38167989,3.884276915
Fuc(a1-2)Gal(b1-3)GalNAc(b1-4)[Neu5Ac(a2-3)]Gal(b1-4)Glc(b1-Sp9,5.351966829,0.908152602,7.10965316,9.800932269,9.941050403
Fuc(a1-2)Gal(b1-3)GlcNAc(b1-3)Gal(b1-4)Glc(b1-Sp8,6.5618419370000005,5.247515636,7.737725022,4.998849861,13.52703092
Fuc(a1-2)Gal(b1-3)GlcNAc(b1-3)Gal(b1-4)Glc(b1-Sp10,17.910301800000006,12.2720619,9.941978459,38.07464501,34.15256534
Fuc(a1-2)Gal(b1-3)GlcNAc(b1-Sp0,14.51918813,9.173745491,3.5362575360000004,9.991674494,15.76831928
Fuc(a1-2)Gal(b1-3)GlcNAc(b1-Sp8,35.66536344,15.81230723,27.42434266,18.75848779,16.38727399
Fuc(a1-2)Gal(b1-4)[Fuc(a1-3)]GlcNAc(b1-3)Gal(b1-4)[Fuc(a1-3)]GlcNAc(b1-Sp0,27.048590100000002,8.543830932999999,18.02740967,1.487063178,10.58559417
Fuc(a1-2)Gal(b1-4)[Fuc(a1-3)]GlcNAc(b1-3)Gal(b1-4)[Fuc(a1-3)]GlcNAc(b1-3)Gal(b1-4)[Fuc(a1-3)]GlcNAc(b1-Sp0,3.954415735,11.97451797,9.734807242,21.01351892,37.83728755
Fuc(a1-2)Gal(b1-4)[Fuc(a1-3)]GlcNAc(b1-Sp0,26.38392924,25.70897074,18.77803502,9.770082845,48.53786844
Fuc(a1-2)Gal(b1-4)[Fuc(a1-3)]GlcNAc(b1-Sp8,6.200335839,6.157600269,9.463164635,7.918375201,8.202359568
Fuc(a1-2)Gal(b1-4)GlcNAc(b1-3)Gal(b1-4)GlcNAc(b1-Sp0,4.867065425,13.55818835,27.4984316,75.32169152,494.9240611000001
Fuc(a1-2)Gal(b1-4)GlcNAc(b1-3)Gal(b1-4)GlcNAc(b1-3)Gal(b1-4)GlcNAc(b1-Sp0,4.21177869,15.66933314,16.501832500000006,64.25910209,446.82543480000004
Fuc(a1-2)Gal(b1-4)GlcNAc(b1-Sp0,5.8647288170000005,6.912686091,10.67512564,9.910126696,5.664050989
Fuc(a1-2)Gal(b1-4)GlcNAc(b1-Sp8,5.709187768,15.14935241,23.37351578,45.47897441,416.8593647
Fuc(a1-2)Gal(b1-4)Glc(b1-Sp0,3.98569515,11.82244135,19.35216889,3.4909605530000003,10.47307527
Fuc(a1-2)Gal(b1-Sp8,12.42529827,3.937807986,3.171540527,4.315378486,19.65217277
Fuc(a1-3)GlcNAc(b1-Sp8,4.399088583999999,11.93705754,19.73196432,0.7058846790000001,8.584079881000001
Fuc(a1-4)GlcNAc(b1-Sp8,7.82467085,8.791380655,6.774078702000001,14.49698108,7.8589667720000005
Fuc(b1-3)GlcNAc(b1-Sp8,5.079520669,12.27144217,7.17735257,4.829579097,11.60789787
GalNAc(a1-3)[Fuc(a1-2)]Gal(b1-3)GlcNAc(b1-Sp0,8.831995476,9.801956094,7.167343392,7.756347525,7.678947099
GalNAc(a1-3)[Fuc(a1-2)]Gal(b1-4)[Fuc(a1-3)]GlcNAc(b1-Sp0,6.042533914,11.20119729,12.41168522,23.02170104,6.9812452920000005
(3S)Gal(b1-4)[Fuc(a1-3)]Glc(b1-Sp0,7.3770949360000015,5.565346913,10.076181199999999,5.23415791,21.80724268
GalNAc(a1-3)[Fuc(a1-2)]Gal(b1-4)GlcNAc(b1-Sp0,3.948894558,7.109484387,9.483675557,6.491150842000001,7.192938899
GalNAc(a1-3)[Fuc(a1-2)]Gal(b1-4)GlcNAc(b1-Sp8,2.734678457,3.095221033,14.04321345,2.96501137,10.51344255
GalNAc(a1-3)[Fuc(a1-2)]Gal(b1-4)Glc(b1-Sp0,3.6083060139999996,8.073691631,50.25401813,11.124577,12.63330009
GlcNAc(b1-3)Gal(b1-3)GalNAc(a1-Sp8,8.940630783,15.61180875,10.68034923,3.01215546,20.52629377
GalNAc(a1-3)[Fuc(a1-2)]Gal(b1-Sp8,12.48849595,10.72741761,6.054552468,13.05194143,11.49356003
GalNAc(a1-3)[Fuc(a1-2)]Gal(b1-Sp18,20.45777142,12.92568122,27.47895837,8.19217801,8.848077948
GalNAc(a1-3)GalNAc(b1-Sp8,8.570503639,6.000725501,12.29293641,3.366700717,10.61595137
GalNAc(a1-3)Gal(b1-Sp8,15.84536007,1.5663929330000002,7.181256553,10.94427438,14.88401463
GalNAc(a1-4)[Fuc(a1-2)]Gal(b1-4)GlcNAc(b1-Sp8,18.33993121,8.051157829,9.699848879,4.693460711,8.389903817
GalNAc(b1-3)GalNAc(a1-Sp8,5.189075869,11.6476288,21.71093156,22.48397196,23.56841681
GalNAc(b1-3)[Fuc(a1-2)]Gal(b1-Sp8,18.32969027,10.13054644,33.888396,8.453570471,26.63000981
GalNAc(b1-3)Gal(a1-4)Gal(b1-4)GlcNAc(b1-Sp0,7.245934472,10.57558388,18.91267506,16.23338313,4.52245368
GalNAc(b1-4)[Fuc(a1-3)]GlcNAc(b1-Sp0,4.33457849,10.58219085,3.330408357,14.0589331,14.89162596
GalNAc(b1-4)GlcNAc(b1-Sp0,4.003005887,25.02538364,21.32759002,213.84097680000002,188.9476088
GalNAc(b1-4)GlcNAc(b1-Sp8,10.75258599,8.507798115,10.71889471,157.66005869999995,812.0346982000003
Gal(a1-2)Gal(b1-Sp8,3.6856855939999997,8.155236484,9.66677272,3.1782933769999997,8.05139542
Gal(a1-3)[Fuc(a1-2)]Gal(b1-3)GlcNAc(b1-Sp0,2.090891554,4.19695868,20.63882769,3.4502975339999997,14.62179292
Gal(a1-3)[Fuc(a1-2)]Gal(b1-3)GlcNAc(b1-Sp8,8.24851105,13.53048083,41.774963,5.469534837,10.45952079
Gal(a1-3)[Fuc(a1-2)]Gal(b1-4)[Fuc(a1-3)]GlcNAc(b1-Sp0,14.94878976,7.217384462,25.96794142,9.383415935,12.285509800000002
Gal(a1-3)[Fuc(a1-2)]Gal(b1-4)[Fuc(a1-3)]GlcNAc(b1-Sp8,6.52547306,6.918562205,11.09759005,9.610215417000001,17.05911444
Gal(a1-3)[Fuc(a1-2)]Gal(b1-4)GlcNAc(a1-Sp0,2.6012352830000003,8.666627799,1.870627145,6.383207939,14.17000524
Gal(a1-3)[Fuc(a1-2)]Gal(b1-4)Glc(b1-Sp0,7.9378848070000005,9.180603078999999,8.204063496,4.500521012,7.651768842999999
Gal(a1-3)[Fuc(a1-2)]Gal(b1-Sp8,6.72015781,4.500224251000001,12.77453047,8.676256112,12.67476663
Gal(a1-3)[Fuc(a1-2)]Gal(b1-Sp18,11.84238751,14.67044376,13.17198449,7.050254746,8.948211706
Gal(a1-4)[Gal(a1-3)]Gal(b1-4)GlcNAc(b1-Sp8,14.72694619,8.966373741,36.50988418,37.10522062,11.46537451
Gal(a1-3)GalNAc(a1-Sp8,16.31289702,3.937167683,30.88343813,36.73307435,4.422294754
Gal(a1-3)GalNAc(a1-Sp16,11.68687436,3.273767206,9.971993277000001,11.97108911,21.26556797
Gal(a1-3)GalNAc(b1-Sp8,6.951156925,4.256013356,6.910944796,9.207066591,15.24538445
Gal(a1-3)Gal(b1-4)[Fuc(a1-3)]GlcNAc(b1-Sp8,17.13309427,5.429527667,7.6314546000000005,11.5855095,7.4776663710000015
Gal(a1-3)Gal(b1-3)GlcNAc(b1-Sp0,2.516065291,9.133185284,2.907409157,9.221570493,8.746561503999999
Gal(a1-3)Gal(b1-4)GlcNAc(b1-Sp8,8.289227574,11.053983500000001,15.96105021,2.198044826,6.1654171589999995
Gal(a1-3)Gal(b1-4)Glc(b1-Sp0,13.13021238,24.55719235,21.02604361,8.646541195,37.787501
Gal(a1-3)Gal(b1-4)Glc(a1-Sp10,16.30972864,31.57763657,19.16543381,8.70109481,25.88469481
Gal(a1-3)Gal(b1-Sp8,7.235441795,8.354962724,4.77838762,9.039594115,12.78850891
Gal(a1-4)[Fuc(a1-2)]Gal(b1-4)GlcNAc(b1-Sp8,22.30680610000001,2.1476585740000003,9.481046869,9.279201973,19.79921993
Gal(a1-4)Gal(b1-4)GlcNAc(b1-Sp0,10.31924359,18.25581347,12.8501367,7.59424512,19.45694148
Gal(a1-4)Gal(b1-4)GlcNAc(b1-Sp8,15.9728709,8.777528117000001,7.299293313,26.40503947,19.33720215
Gal(a1-4)Gal(b1-4)Glc(b1-Sp0,14.69681584,14.71746091,19.28979072,3.169772347,14.77022907
Gal(a1-4)GlcNAc(b1-Sp8,2.416285527,8.623366596,6.3167371039999995,7.9792921429999994,4.562151673
Gal(a1-6)Glc(b1-Sp8,7.214681181,6.9051582389999995,6.992489169,12.55942554,10.05739126
Gal(b1-2)Gal(b1-Sp8,6.648419914,10.65597742,5.349476181,12.37866184,16.0722134
Gal(b1-3)[Fuc(a1-4)]GlcNAc(b1-3)Gal(b1-4)[Fuc(a1-3)]GlcNAc(b1-Sp0,15.89477477,10.43387434,2.351739817,7.221941565,8.311677385
Gal(b1-3)[Fuc(a1-4)]GlcNAc(b1-3)Gal(b1-4)GlcNAc(b1-Sp0,9.908660242,12.18875994,5.770459245,21.94364279,6.731581506
Gal(b1-3)[Fuc(a1-4)]GlcNAc(a1-Sp0,10.95040667,7.5268331360000005,9.782800948,10.29036306,17.26786546
Gal(b1-3)[Fuc(a1-4)]GlcNAc(a1-Sp8 ,7.529567378999999,12.58104998,12.98397767,33.59961951,6.51085508
Fuc(a1-4)[Gal(b1-3)]GlcNAc(b1-Sp8,5.42613145,17.54169385,10.43063586,16.68938023,11.80550208
Gal(b1-4)GlcNAc(b1-6)GalNAc(a1-Sp8,4.701673595,17.27835875,30.38932779,82.05210589,646.0974045
Gal(b1-4)GlcNAc(b1-6)GalNAc(a1-Sp14,26.86116721,13.26729079,52.39154189,12.81359692,37.25811186
GlcNAc(b1-6)[Gal(b1-3)]GalNAc(a1-Sp8,6.7574810329999995,8.058451281,25.104048300000002,16.36399072,11.17020872
GlcNAc(b1-6)[Gal(b1-3)]GalNAc(a1-Sp14,6.385855149,11.41355891,18.79915698,6.263781044,6.792681817
Neu5Ac(a2-6)[Gal(b1-3)]GalNAc(a1-Sp8,5.589529633,1.508246961,3.319787595,6.797720847000001,8.140759561
Neu5Ac(a2-6)[Gal(b1-3)]GalNAc(a1-Sp14,9.031009581000001,1.403802252,7.324106423,9.04104541,8.844119909
Neu5Ac(b2-6)[Gal(b1-3)]GalNAc(a1-Sp8,9.530823341,1.245985012,11.08758167,13.75209053,11.2896305
Neu5Ac(a2-6)[Gal(b1-3)]GlcNAc(b1-4)Gal(b1-4)Glc(b1-Sp10,2.217917827,2.902572911,15.83022401,25.73601998,2.773288325
Gal(b1-3)GalNAc(a1-Sp8,13.68406248,9.215578301,7.836357125,8.883059855,3.4635902460000003
Gal(b1-3)GalNAc(a1-Sp14,16.85875655,6.163464783999999,21.45999723,5.562597126,13.40674201
Gal(b1-3)GalNAc(a1-Sp16,9.027893042999999,23.68297173,15.35491501,9.323495197,14.05851316
Gal(b1-3)GalNAc(b1-Sp8,5.278615855,7.66054233,4.751032005,18.80462471,7.472997606
Gal(b1-3)GalNAc(b1-3)Gal(a1-4)Gal(b1-4)Glc(b1-Sp0,6.505079406,7.225069317000001,19.80919675,4.975665032,13.77477571
Gal(b1-3)GalNAc(b1-4)[Neu5Ac(a2-3)]Gal(b1-4)Glc(b1-Sp0,11.95507368,2.497548181,13.56499697,4.821347327,8.765107582999999
Gal(b1-3)GalNAc(b1-4)Gal(b1-4)Glc(b1-Sp8,6.85645484,24.50957221,5.443053895,15.79751072,14.47732638
Gal(b1-3)Gal(b1-Sp8,8.185981146,6.138576377000001,9.40097401,7.675361298999999,6.761393825
Gal(b1-3)GlcNAc(b1-3)Gal(b1-4)GlcNAc(b1-Sp0,1.375393099,6.707870756,1.748780894,13.248906400000001,10.42605297
Gal(b1-3)GlcNAc(b1-3)Gal(b1-4)Glc(b1-Sp10,8.92035249,2.430401629,8.39705165,5.387800379,2.9447447189999996
Gal(b1-3)GlcNAc(b1-Sp0,7.184413291,8.294968439,5.168732143,11.45316524,10.41428627
Gal(b1-3)GlcNAc(b1-Sp8,8.829789316,7.427637755,11.05623071,10.39649865,15.94172474
Gal(b1-4)[Fuc(a1-3)]GlcNAc(b1-Sp0,35.41893510000001,1.288121232,9.281111325,10.95127855,4.351796687
Gal(b1-4)[Fuc(a1-3)]GlcNAc(b1-Sp8,14.07260723,2.593592646,21.40834925,8.167037832,29.29323743
Gal(b1-4)[Fuc(a1-3)]GlcNAc(b1-4)Gal(b1-4)[Fuc(a1-3)]GlcNAc(b1-Sp0,3.402478155,4.066160345,10.1053835,20.12451855,10.88746178
Gal(b1-4)[Fuc(a1-3)]GlcNAc(b1-4)Gal(b1-4)[Fuc(a1-3)]GlcNAc(b1-4)Gal(b1-4)[Fuc(a1-3)]GlcNAc(b1-Sp0,12.1322533,4.659770914,10.800433,26.90338301,18.79772281
Gal(b1-4)(6S)Glc(b1-Sp0,4.865383455,13.80954122,9.644101857,7.482597976,42.162621200000004
Gal(b1-4)(6S)Glc(b1-Sp8,5.300740175,12.27422821,21.89958029,9.805034663999999,9.397981049
Gal(b1-4)GalNAc(a1-3)[Fuc(a1-2)]Gal(b1-4)GlcNAc(b1-Sp8,6.938628623,4.919956818,13.40805728,3.173873035,7.276482012000001
Gal(b1-4)GalNAc(b1-3)[Fuc(a1-2)]Gal(b1-4)GlcNAc(b1-Sp8,5.836982732,19.61541501,3.813206234,8.85790183,6.974607512
Gal(b1-4)GlcNAc(b1-3)GalNAc(a1-Sp8,24.4472962,12.09459385,20.39617569,234.13928030000002,1957.44206
Gal(b1-4)GlcNAc(b1-3)GalNAc(a1-Sp14,8.643174400000001,9.140258712,4.943928566,99.38197777,459.5192443
Gal(b1-4)GlcNAc(b1-3)Gal(b1-4)[Fuc(a1-3)]GlcNAc(b1-3)Gal(b1-4)[Fuc(a1-3)]GlcNAc(b1-Sp0,18.4368533,30.60883391,48.36214718,120.6602846,646.6854102000002
Gal(b1-4)GlcNAc(b1-3)Gal(b1-4)GlcNAc(b1-3)Gal(b1-4)GlcNAc(b1-Sp0,7.256162407000001,32.21574462,73.10784967,149.405696,292.2766658000001
Gal(b1-4)GlcNAc(b1-3)Gal(b1-4)GlcNAc(b1-Sp0,15.21083982,30.4257745,81.04775051,149.7588154,593.4130703
Gal(b1-4)GlcNAc(b1-3)Gal(b1-4)Glc(b1-Sp0,13.47360059,13.36373312,34.57842692,196.6955003,900.819587
Gal(b1-4)GlcNAc(b1-3)Gal(b1-4)Glc(b1-Sp8,3.081129977,11.923094099999998,50.96264036,213.6167202,2063.84227
Gal(b1-4)GlcNAc(b1-6)[Gal(b1-3)]GalNAc(a1-Sp8,4.639243052,17.227301999999998,33.01548874,76.63083465,473.6038358
Gal(b1-4)GlcNAc(b1-6)[Gal(b1-3)]GalNAc(a1-Sp14,2.85427729,9.933291497,12.86042676,42.82476354,390.8116623
Gal(b1-4)GlcNAc(b1-Sp0,3.207824221,7.190287477999999,22.91021279,20.29506607,309.6431764
Gal(b1-4)GlcNAc(b1-Sp8,5.1242690930000006,21.139287399999997,34.27983084,127.62660079999999,143.956955
Gal(b1-4)GlcNAc(b1-Sp23,1.6222762469999998,9.465623179,25.01581534,185.9650631,678.6051894
Gal(b1-4)Glc(b1-Sp0,10.45027754,15.134149800000005,10.94005978,16.92631535,8.281339661
Gal(b1-4)Glc(b1-Sp8,6.548488055,14.44035348,5.070065181,6.999154094,12.26825376
GlcNAc(a1-3)Gal(b1-4)GlcNAc(b1-Sp8,13.13180008,2.40360719,17.29855847,12.84591388,8.515056285
GlcNAc(a1-6)Gal(b1-4)GlcNAc(b1-Sp8,10.71119055,3.395874183,10.09515833,12.11034286,7.315665805
GlcNAc(b1-2)Gal(b1-3)GalNAc(a1-Sp8,6.480917922000001,7.32973146,10.5754388,9.735636097,10.72865747
GlcNAc(b1-6)[GlcNAc(b1-3)]GalNAc(a1-Sp8,3.2867019060000002,9.635445807,14.58665244,3.273097963,20.52345498
GlcNAc(b1-6)[GlcNAc(b1-3)]GalNAc(a1-Sp14,4.963902458,10.88311663,10.65983652,26.50109212,8.668389397999999
GlcNAc(b1-6)[GlcNAc(b1-3)]Gal(b1-4)GlcNAc(b1-Sp8,11.09773669,31.49086925,6.670179263,5.4832050720000005,36.670224499999996
GlcNAc(b1-3)GalNAc(a1-Sp8,28.75492395,11.72172409,11.54437042,35.466076,18.13557609
GlcNAc(b1-3)GalNAc(a1-Sp14,5.618156786,5.919510149,12.00574896,6.9229008310000015,9.588464927999999
GlcNAc(b1-3)Gal(b1-Sp8,3.8839397289999997,6.411095177999999,10.72121811,12.81887625,9.327641485
GlcNAc(b1-3)Gal(b1-4)GlcNAc(b1-Sp0,7.471391566,14.78595023,9.067503444,4.705068178,5.998738539
GlcNAc(b1-3)Gal(b1-4)GlcNAc(b1-Sp8,5.7626503410000005,14.53948775,7.939891788,6.0721395970000005,7.795311291
GlcNAc(b1-3)Gal(b1-4)GlcNAc(b1-3)Gal(b1-4)GlcNAc(b1-Sp0,15.50803627,13.48787774,17.15348483,7.978787271,27.56488795
GlcNAc(b1-3)Gal(b1-4)Glc(b1-Sp0,3.8265361660000003,12.32366765,9.354416463,5.562761567000001,6.727549817000001
GlcNAc(b1-4)(a1-MDPLys,24.33090824,5.351035186,4.982918949,7.765587347,13.93943281
GlcNAc(b1-6)[GlcNAc(b1-4)]GalNAc(a1-Sp8,9.804463712999999,11.64139928,5.20240014,6.23326967,7.549562579
GlcNAc(b1-4)Gal(b1-4)GlcNAc(b1-Sp8,8.876893836,11.64820627,7.79722882,5.404262266,10.64908364
GlcNAc(b1-4)GlcNAc(b1-4)GlcNAc(b1-4)GlcNAc(b1-4)GlcNAc(b1-4)GlcNAc(b1-Sp8,6.380808292,8.269469307,9.85012852,22.343635600000002,14.107185999999999
GlcNAc(b1-4)GlcNAc(b1-4)GlcNAc(b1-4)GlcNAc(b1-4)GlcNAc(b1-Sp8,5.179835673,5.458702135,5.3907537560000005,15.150916500000001,8.997287013
GlcNAc(b1-4)GlcNAc(b1-4)GlcNAc(b1-Sp8,10.27395613,18.6578592,24.521372699999997,7.169673044,6.120999414
GlcNAc(b1-6)GalNAc(a1-Sp8,13.600402599999999,5.5687984010000005,7.749690987999999,7.275914226,10.33150189
GlcNAc(b1-6)GalNAc(a1-Sp14,6.9674904060000005,10.30234607,2.805472635,12.65792668,8.054977172000001
GlcNAc(b1-6)Gal(b1-4)GlcNAc(b1-Sp8,9.993257641,16.74933077,3.9249794689999997,16.95630741,40.75257314
Glc(a1-4)Glc(b1-Sp8,4.17084894,7.84800576,19.11620265,8.516290561,6.8500867560000005
Glc(a1-4)Glc(a1-Sp8,19.83165456,5.40289488,6.079180352000001,23.17743753,10.7445929
Glc(a1-6)Glc(a1-6)Glc(b1-Sp8,16.93336866,2.513427404,5.40873934,8.081869501,2.8616182610000003
Glc(b1-4)Glc(b1-Sp8,14.76204154,8.495144774,6.589070246,6.449763167,23.60299245
Glc(b1-6)Glc(b1-Sp8,10.62859476,21.84976338,27.97475169,7.578177095,11.17948564
G-ol(a1-Sp8,16.96431722,10.8428364,18.38565205,16.55756585,28.16578083
GlcA(a1-Sp8,11.63820838,11.5784242,17.97339919,20.43251973,10.91502172
GlcA(b1-Sp8,15.98216811,12.20301604,19.19098163,13.69094724,25.99770184
GlcA(b1-3)Gal(b1-Sp8,4.3572778460000015,17.85284405,6.008355097000001,16.1737561,16.38995675
GlcA(b1-6)Gal(b1-Sp8,13.31443356,11.22253393,14.72627603,14.36564418,11.08814145
KDN(a2-3)Gal(b1-3)GlcNAc(b1-Sp0,3.732119303,9.570041339,1.941457446,13.79529562,22.15166152
KDN(a2-3)Gal(b1-4)GlcNAc(b1-Sp0,16.55551202,3.663858462,10.38349326,17.16995526,9.154447386000001
Man(a1-2)Man(a1-2)Man(a1-3)Man(a1-Sp9,16.96723972,5.861354109,6.159538669,9.48839563,11.08720222
Man(a1-2)Man(a1-6)[Man(a1-2)Man(a1-3)]Man(a1-Sp9,9.922708235,4.12686168,2.9559814839999996,7.32100778,7.303122965
Man(a1-2)Man(a1-3)Man(a1-Sp9,10.38509739,12.38076799,6.163944847000001,3.5230605,5.326696996
Man(a1-6)[Man(a1-2)Man(a1-3)]Man(a1-6)[Man(a1-2)Man(a1-3)]Man(b1-4)GlcNAc(b1-4)GlcNAc(b1-Sp12,6.675139677000001,4.8606622,7.222928599999999,4.058709673,8.398026002
Man(a1-2)Man(a1-6)[Man(a1-3)]Man(a1-6)[Man(a1-2)Man(a1-2)Man(a1-3)]Man(b1-4)GlcNAc(b1-4)GlcNAc(b1-Sp12,13.51766806,4.914758124,13.73130278,3.948683204,18.85408987
Man(a1-2)Man(a1-6)[Man(a1-2)Man(a1-3)]Man(a1-6)[Man(a1-2)Man(a1-2)Man(a1-3)]Man(b1-4)GlcNAc(b1-4)GlcNAc(b1-Sp12,11.84478354,8.303515685,10.4471889,10.76401219,6.688217011
Man(a1-6)[Man(a1-3)]Man(a1-Sp9,15.2546352,21.64594328,9.078552957000001,7.42439268,10.93696912
Man(a1-2)Man(a1-2)Man(a1-6)[Man(a1-3)]Man(a1-Sp9,12.10882668,12.08161679,12.65656825,9.045043751,16.2385158
Man(a1-6)[Man(a1-3)]Man(a1-6)[Man(a1-2)Man(a1-3)]Man(b1-4)GlcNAc(b1-4)GlcNAc(b1-Sp12,11.80777511,16.63035201,14.15229603,19.69667412,26.12086472
Man(a1-6)[Man(a1-3)]Man(a1-6)[Man(a1-3)]Man(b1-4)GlcNAc(b1-4)GlcNAc(b1-Sp12,3.9406297610000003,11.40672447,17.58389632,10.24367125,4.866761278
Man(b1-4)GlcNAc(b1-Sp0,5.47074049,9.826405357,19.47843674,6.536700432000001,4.412828201
Neu5Ac(a2-3)Gal(b1-4)GlcNAc(b1-3)Gal(b1-4)[Fuc(a1-3)]GlcNAc(b1-Sp0,4.471109694,7.03402441,3.255657668,10.72922902,8.028466079
(3S)Gal(b1-4)[Fuc(a1-3)](6S)GlcNAc(b1-Sp8,4.44760376,6.22197235,1.996105385,6.164976996,5.428617918
Fuc(a1-2)(6S)Gal(b1-4)GlcNAc(b1-Sp0,21.63742106,3.8630460980000003,12.95389135,6.654003696,3.827541955
Fuc(a1-2)Gal(b1-4)(6S)GlcNAc(b1-Sp8,20.57465001,3.493780197,76.59382937,218.71062790000002,237.44448739999999
Fuc(a1-2)(6S)Gal(b1-4)(6S)Glc(b1-Sp0,24.10478497,1.545541246,38.94127174,21.21527308,9.882897867999999
Neu5Ac(a2-3)Gal(b1-3)GalNAc(a1-Sp8,14.60250909,14.83858425,15.55371125,2.739760455,23.51459554
Neu5Ac(a2-3)Gal(b1-3)GalNAc(a1-Sp14,22.18781006,11.1711329,14.40110105,6.314219372,4.941654208
GalNAc(b1-4)[Neu5Ac(a2-8)Neu5Ac(a2-8)Neu5Ac(a2-8)Neu5Ac(a2-3)]Gal(b1-4)Glc(b1-Sp0,12.693092300000002,7.8637272,13.31108809,2.797274877,19.44941582
GalNAc(b1-4)[Neu5Ac(a2-8)Neu5Ac(a2-8)Neu5Ac(a2-3)]Gal(b1-4)Glc(b1-Sp0,24.39946602,13.8786639,9.573494728,8.297761178,11.50786585
Neu5Ac(a2-8)Neu5Ac(a2-8)Neu5Ac(a2-3)Gal(b1-4)Glc(b1-Sp0,5.329462213999999,14.086634900000002,29.05489291,8.764726158,7.0684331789999995
GalNAc(b1-4)[Neu5Ac(a2-8)Neu5Ac(a2-3)]Gal(b1-4)Glc(b1-Sp0,11.92991363,11.90467504,9.975849328999999,15.12960809,19.230807199999997
Neu5Ac(a2-8)Neu5Ac(a2-8)Neu5Ac(a1-Sp8,13.10507962,10.43498584,14.60091933,12.59025174,8.084516277999999
Neu5Ac(a2-3)(6S)Gal(b1-4)[Fuc(a1-3)]GlcNAc(b1-Sp8,2.954063807,2.603513925,6.932227843,2.305167359,3.99867613
GalNAc(b1-4)[Neu5Ac(a2-3)]Gal(b1-4)GlcNAc(b1-Sp0,4.81815796,4.780546069,4.402555895,4.814468623,11.55383402
GalNAc(b1-4)[Neu5Ac(a2-3)]Gal(b1-4)GlcNAc(b1-Sp8,9.463406871,9.6503309,7.9499003660000005,8.784431826,2.5777671069999997
GalNAc(b1-4)[Neu5Ac(a2-3)]Gal(b1-4)Glc(b1-Sp0,6.478387057999999,6.0295646320000005,7.232660905,8.101563347,11.06131865
Neu5Ac(a2-3)Gal(b1-3)GalNAc(b1-4)[Neu5Ac(a2-3)]Gal(b1-4)Glc(b1-Sp0,18.08668052,6.0479328279999995,13.54991812,3.672074706,11.80514555
Neu5Ac(a2-6)[Neu5Ac(a2-3)]GalNAc(a1-Sp8,8.076559762999999,5.87251905,11.37369993,6.6909517460000005,1.911136851
Neu5Ac(a2-3)GalNAc(a1-Sp8,1.661028271,11.22608972,10.26593982,7.092583844,7.796057287000001
Neu5Ac(a2-3)GalNAc(b1-4)GlcNAc(b1-Sp0,3.22467566,11.84777,10.68242454,9.753033203,17.78311966
Neu5Ac(a2-3)Gal(b1-3)(6S)GlcNAc(a1-Sp8,20.03803322,14.159799300000001,18.25838983,8.939648955,13.86978753
Neu5Ac(a2-3)Gal(b1-3)[ Fuc(a1-4)]GlcNAc(b1-Sp8,9.465426699,8.984137142,14.78122495,9.561696679,5.402341679
Neu5Ac(a2-3)Gal(b1-3)[Fuc(a1-4)]GlcNAc(b1-3)Gal(b1-4)[Fuc(a1-3)]GlcNAc(b1-Sp0,8.339728444,6.011927485,9.012345084,9.991418334,6.334609119
Neu5Ac(a2-3)Gal(b1-4)[Neu5Ac(a2-3)Gal(b1-3)]GlcNAc(b1-Sp8,5.274515215,11.60958555,18.58408623,2.95739813,18.36531313
Neu5Ac(a2-3)Gal(b1-3)(6S)GalNAc(a1-Sp8,8.575479335,6.235301077000001,3.3712842419999998,9.841263671,0.599681345
Neu5Ac(a2-6)[Neu5Ac(a2-3)Gal(b1-3)]GalNAc(a1-Sp8,1.273118003,6.354298188,18.35714785,2.91037237,1.0089682340000001
Neu5Ac(a2-6)[Neu5Ac(a2-3)Gal(b1-3)]GalNAc(a1-Sp14,11.96460903,11.70307674,13.61235611,2.77227211,4.283038616
Neu5Ac(a2-3)Gal(b1-Sp8,3.473586937,8.919750733999999,3.8177100210000003,10.28105147,5.590982127
Neu5Ac(a2-3)Gal(b1-3)GalNAc(b1-3)Gal(a1-4)Gal(b1-4)Glc(b1-Sp0,14.77129877,15.94445908,8.174738887,9.898242011,16.84999507
Neu5Ac(a2-3)Gal(b1-3)GlcNAc(b1-3)Gal(b1-4)GlcNAc(b1-Sp0,8.670737017999999,14.10621635,6.443331222,5.926507795,9.071763291
Fuc(a1-2)(6S)Gal(b1-4)Glc(b1-Sp0,24.57471878,4.502451255,12.8846049,20.23150417,5.9670442360000004
Neu5Ac(a2-3)Gal(b1-3)GlcNAc(b1-Sp0,12.39629349,4.738972742,27.24715366,18.45946079,19.96303075
Neu5Ac(a2-3)Gal(b1-3)GlcNAc(b1-Sp8,5.313484346,6.008559045,13.83526616,6.57126192,6.213737491
Neu5Ac(a2-3)Gal(b1-4)(6S)GlcNAc(b1-Sp8,15.26075586,13.23137443,40.56818761,10.56961895,14.30298394
Neu5Ac(a2-3)Gal(b1-4)[Fuc(a1-3)](6S)GlcNAc(b1-Sp8,6.616248112999999,6.588790402000001,3.275019152,7.5564366110000005,11.67450074
Neu5Ac(a2-3)Gal(b1-4)[Fuc(a1-3)]GlcNAc(b1-3)Gal(b1-4)[Fuc(a1-3)]GlcNAc(b1-3)Gal(b1-4)[Fuc(a1-3)]GlcNAc(b1-Sp0,9.010979707,8.115052445,6.574375291,29.300800300000002,25.64200665
Neu5Ac(a2-3)Gal(b1-4)[Fuc(a1-3)]GlcNAc(b1-Sp0,6.061232477999999,10.56673643,4.833525213,8.381870671,11.71379509
Neu5Ac(a2-3)Gal(b1-4)[Fuc(a1-3)]GlcNAc(b1-Sp8,19.71177011,6.4746656289999995,14.04971741,4.258225003,10.40495771
Neu5Ac(a2-3)Gal(b1-4)[Fuc(a1-3)]GlcNAc(b1-3)Gal(b1-Sp8,5.31006068,7.480317997999999,9.489564144,5.819777897000001,14.98892327
Neu5Ac(a2-3)Gal(b1-4)[Fuc(a1-3)]GlcNAc(b1-3)Gal(b1-4)GlcNAc(b1-Sp8,4.05209844,21.43556466,19.89685943,29.41369394,12.92957297
Neu5Ac(a2-3)Gal(b1-4)GlcNAc(b1-3)Gal(b1-4)GlcNAc(b1-3)Gal(b1-4)GlcNAc(b1-Sp0,12.210386900000001,9.820585031,6.546106395,8.976897116,12.03297636
Neu5Ac(a2-3)Gal(b1-4)GlcNAc(b1-Sp0,9.546969422,10.6144571,7.389336285,15.996813699999999,10.03083653
Neu5Ac(a2-3)Gal(b1-4)GlcNAc(b1-Sp8,23.24096922,8.086926621,20.64782313,6.65002659,6.0176629560000015
Neu5Ac(a2-3)Gal(b1-4)GlcNAc(b1-3)Gal(b1-4)GlcNAc(b1-Sp0,19.29197283,24.60174761,5.903008819,3.9450606230000003,7.711453789
Fuc(a1-2)Gal(b1-4)(6S)Glc(b1-Sp0,6.9524252639999995,17.66595517,13.97476217,6.092056106,34.33482891
Neu5Ac(a2-3)Gal(b1-4)Glc(b1-Sp0,14.12633039,4.523832989,4.306089523,7.052714783,13.74306686
Neu5Ac(a2-3)Gal(b1-4)Glc(b1-Sp8,6.005051243,5.853990795,6.112405917999999,9.408923306,21.63040548
Neu5Ac(a2-6)GalNAc(a1-Sp8,3.318517178,9.038555085,2.7206097860000003,7.7613713970000004,7.070187046
Neu5Ac(a2-6)GalNAc(b1-4)GlcNAc(b1-Sp0,4.5985659189999994,4.694923968,17.57152036,2.8805901360000004,3.688618607
Neu5Ac(a2-6)Gal(b1-4)(6S)GlcNAc(b1-Sp8,2.337630754,7.66139412,2.2563062169999997,8.359611289,13.72048517
Neu5Ac(a2-6)Gal(b1-4)GlcNAc(b1-Sp0,19.47667602,4.469707993,8.058274221,10.09686072,4.528745415
Neu5Ac(a2-6)Gal(b1-4)GlcNAc(b1-Sp8,2.088781853,6.071029891,13.19541171,10.5999788,5.027469233
Neu5Ac(a2-6)Gal(b1-4)GlcNAc(b1-3)Gal(b1-4)[Fuc(a1-3)]GlcNAc(b1-3)Gal(b1-4)[Fuc(a1-3)]GlcNAc(b1-Sp0,9.993832996,12.47337294,30.686162100000004,3.235123097,23.49557457
Neu5Ac(a2-6)Gal(b1-4)GlcNAc(b1-3)Gal(b1-4)GlcNAc(b1-Sp0,15.51375643,1.857108904,3.001668053,7.4271563160000005,9.695525715
Neu5Ac(a2-6)Gal(b1-4)Glc(b1-Sp0,16.48663726,6.472921392999999,20.32484368,10.57675445,14.56094109
Neu5Ac(a2-6)Gal(b1-4)Glc(b1-Sp8,4.503641364,10.21991846,8.790526824,5.419877512999999,31.11485733
Neu5Ac(a2-6)Gal(b1-Sp8,7.624493097999999,9.103681501,38.24875511,10.15304156,10.86710887
Neu5Ac(a2-8)Neu5Ac(a1-Sp8,2.253669636,3.252731075,3.6634183989999998,8.325546777000001,8.559867394
Neu5Ac(a2-8)Neu5Ac(a2-3)Gal(b1-4)Glc(b1-Sp0,5.117439448,9.714785055,5.727971421,13.26774007,5.428797658
Gal(b1-3)[Fuc(a1-4)]GlcNAc(b1-3)Gal(b1-3)[Fuc(a1-4)]GlcNAc(b1-Sp0,9.208962322,2.672469766,11.02813835,9.971416109,4.533199528
Neu5Ac(b2-6)GalNAc(a1-Sp8,9.119248268,5.18211955,13.57855664,4.993666263,27.16840991
Neu5Ac(b2-6)Gal(b1-4)GlcNAc(b1-Sp8,3.5568408239999996,4.626022798999999,1.979846521,9.062823276,7.27269154
Neu5Gc(a2-3)Gal(b1-3)[Fuc(a1-4)]GlcNAc(b1-Sp0,6.2000672560000005,3.180251192,4.780072597,8.040802941,17.38880564
Neu5Gc(a2-3)Gal(b1-3)GlcNAc(b1-Sp0,5.014374718,3.1474327260000003,11.54648624,4.855011075,6.313786156
Neu5Gc(a2-3)Gal(b1-4)[Fuc(a1-3)]GlcNAc(b1-Sp0,10.62394431,14.01925047,21.58597335,9.219688339,6.92040234
Neu5Gc(a2-3)Gal(b1-4)GlcNAc(b1-Sp0,1.83063947,3.22465389,12.08705541,5.784836501,9.682944189
Neu5Gc(a2-3)Gal(b1-4)Glc(b1-Sp0,14.07141181,7.056781128,15.99437912,5.760809223,15.91801996
Neu5Gc(a2-6)GalNAc(a1-Sp0,9.502983974,3.354037842,17.31150797,10.30675913,7.489061469
Neu5Gc(a2-6)Gal(b1-4)GlcNAc(b1-Sp0,8.0730667,8.864977347,11.9578362,9.963478161,11.03548488
Neu5Gc(a1-Sp8,7.316764644,2.567391409,7.780210004,19.88354935,14.90471399
Neu5Ac(a2-3)Gal(b1-4)GlcNAc(b1-6)[Gal(b1-3)]GalNAc(a1-Sp14,8.412322341,15.33888021,6.753301021,2.795491611,6.7809893039999976
Gal(b1-3)GlcNAc(b1-3)Gal(b1-3)GlcNAc(b1-Sp0,14.20539035,6.9644555010000015,9.725111689,7.206630146,15.17989384
Gal(b1-4)[Fuc(a1-3)](6S)GlcNAc(b1-Sp0 ,21.05391521,5.538201217999999,5.7174231970000005,15.51295458,45.48877977
Gal(b1-4)[Fuc(a1-3)](6S)Glc(b1-Sp0,9.360331837999999,14.06892489,10.35551015,6.739247555,21.46624392
Gal(b1-4)[Fuc(a1-3)]GlcNAc(b1-3)Gal(b1-3)[Fuc(a1-4)]GlcNAc(b1-Sp0,11.03411589,7.017642995,10.57869501,32.37104866,17.77819967
Gal(b1-4)GlcNAc(b1-3)Gal(b1-3)GlcNAc(b1-Sp0,5.649108162999999,14.34599842,6.864431815,51.16292153,136.99164209999998
Neu5Ac(a2-3)Gal(b1-3)GlcNAc(b1-3)Gal(b1-3)GlcNAc(b1-Sp0,18.29041017,8.137638012,11.38579325,10.28942438,14.79463764
Neu5Ac(a2-3)Gal(b1-4)GlcNAc(b1-3)Gal(b1-3)GlcNAc(b1-Sp0,11.7974801,16.69495441,34.90715365,1.7688302809999998,9.801640167999999
4S(3S)Gal(b1-4)GlcNAc(b1-Sp0,4.345934869,15.58378065,11.71769807,13.24870025,6.181471944
(6S)Gal(b1-4)(6S)GlcNAc(b1-Sp0,17.89012778,5.31765248,10.05277506,5.290312129,14.74746495
(6P)Glc(b1-Sp10,28.44603215,15.80099954,19.43122617,26.81775987,10.59104869
Neu5Ac(a2-3)Gal(b1-4)[Fuc(a1-3)]GlcNAc(b1-6)[Gal(b1-3)]GalNAc(a1-Sp14,12.99202337,12.63572044,45.15149343,33.76643963,56.02797454
Gal(b1-3)Gal(b1-4)GlcNAc(b1-Sp8,9.951275084,13.16483452,4.793931136,27.20155266,17.15331193
Neu5Ac(a2-6)Gal(b1-4)GlcNAc(b1-2)Man(a1-6)[Gal(b1-4)GlcNAc(b1-2)Man(a1-3)]Man(b1-4)GlcNAc(b1-4)GlcNAc(b1-Sp12,7.335372164,12.43725032,13.94896337,81.84609174,417.8615347
Gal(b1-4)GlcNAc(b1-6)[Gal(b1-4)GlcNAc(b1-3)]Gal(b1-4)GlcNAc(a1-Sp0,13.9035138,29.47197279,36.41461412,301.9702943,1341.8369189999999
GlcNAc(b1-6)[Gal(b1-4)GlcNAc(b1-3)]Gal(b1-4)GlcNAc(a1-Sp0,3.1979612580000003,40.21230019,52.08620785,375.7073126,474.7987375
Gal(b1-4)GlcNAc(a1-6)Gal(b1-4)GlcNAc(b1-Sp0,6.219719888999999,18.01794516,13.49613152,10.77641134,67.84642437
Gal(b1-4)GlcNAc(b1-6)Gal(b1-4)GlcNAc(b1-Sp0,2.472946912,11.78499284,18.16896878,50.95784193,217.4464024
GalNAc(b1-3)Gal(b1-Sp8,14.86820439,12.07081691,5.79177728,11.54400948,12.80150395
GlcA(b1-3)GlcNAc(b1-Sp8,10.39694456,8.168945779,6.091322472000001,10.30694738,7.287753274
Neu5Ac(a2-6)Gal(b1-4)GlcNAc(b1-2)Man(a1-6)[GlcNAc(b1-2)Man(a1-3)]Man(b1-4)GlcNAc(b1-4)GlcNAc(b1-Sp12,11.22300513,10.050489500000001,8.962677492000001,23.98472999,15.54357211
GlcNAc(b1-3)Ma(n1-Sp10,10.49916801,10.78565291,5.3864310589999995,3.1686365660000004,12.41549626
GlcNAc(b1-4)GlcNAc(b1-Sp10,9.621555934,6.275158358,12.33207742,10.61291584,11.85632749
GlcNAc(b1-4)GlcNAc(b1-Sp12,12.69742278,6.574167253,21.67157189,6.022346286,11.140599499999999
MurNAc(b1-4)GlcNAc(b1-Sp10,6.942311237,4.137241341,1.858553455,12.54692424,20.33577961
Man(a1-6)Man(b1-Sp10,12.80100802,12.2652819,5.6588719229999995,26.94212172,17.62496195
Man(a1-6)[Man(a1-3)]Man(a1-6)[Man(a1-3)]Man(b1-Sp10,5.4680246760000015,4.079263508,15.34070203,8.777771021,0.621741463
Man(a1-2)Man(a1-6)[Man(a1-3)]Man(a1-6)[Man(a1-2)Man(a1-2)Man(a1-3)]Man(a1-Sp9,33.72893897,6.678453509,25.00909644,1.269135305,12.33472486
Man(a1-2)Man(a1-6)[Man(a1-2)Man(a1-3)]Man(a1-6)[Man(a1-2)Man(a1-2)Man(a1-3)]Man(a1-Sp9,2.097642406,7.3178394870000005,8.510282143,6.039452016,8.448152246
Neu5Ac(a2-3)Gal(b1-4)GlcNAc(b1-6)[Neu5Ac(a2-3)Gal(b1-3)]GalNAc(a1-Sp14,10.17976909,6.895795608999999,14.38209814,3.064431372,7.104667699999999
Neu5Ac(a2-6)Gal(b1-4)GlcNAc(b1-2)Man(a1-6)[Neu5Ac(a2-3)Gal(b1-4)GlcNAc(b1-2)Man(a1-3)]Man(b1-4)GlcNAc(b1-4)GlcNAc(b1-Sp12,15.08828078,7.693207527999999,8.92096812,4.794750933,6.8419202089999995
Gal(b1-4)GlcNAc(b1-2)Man(a1-6)[Neu5Ac(a2-6)Gal(b1-4)GlcNAc(b1-2)Man(a1-3)]Man(b1-4)GlcNAc(b1-4)GlcNAc(b1-Sp12,6.697730658999999,14.38322073,34.90202143,11.91788161,42.00025298
GlcNAc(b1-2)Man(a1-6)[Neu5Ac(a2-6)Gal(b1-4)GlcNAc(b1-2)Man(a1-3)]Man(b1-4)GlcNAc(b1-4)GlcNAc(b1-Sp12,16.74491949,7.226603182000001,12.98047467,9.679596657000001,7.513446042999999
Neu5Ac(a2-8)Neu5Ac(b1-Sp17,11.79318184,14.94720273,17.20528361,7.586875846,25.79425629
Neu5Ac(a2-8)Neu5Ac(a2-8)Neu5Ac(b1-Sp8,8.341437456,12.16242851,13.03855177,9.722263669,14.58581957
Neu5Gc(b2-6)Gal(b1-4)GlcNAc(a1-Sp8,12.3256006,9.633250227000001,5.512335887000001,21.73527887,25.2443725
Gal(b1-3)GlcNAc(b1-2)Man(a1-6)[Gal(b1-3)GlcNAc(b1-2)Man(a1-3)]Man(b1-4)GlcNAc(b1-4)GlcNAc(b1-Sp19,19.35294612,33.14797868,7.568251458,9.602728797000001,29.25690551
Neu5Ac(a2-3)Gal(b1-4)GlcNAc(b1-2)Man(a1-6)[Neu5Ac(a2-3)Gal(b1-4)GlcNAc(b1-2)Man(a1-3)]Man(b1-4)GlcNAc(b1-4)GlcNAc(b1-Sp12,15.20589016,12.61266428,7.5047629910000015,12.87893108,6.127888077000001
Neu5Ac(a2-3)Gal(b1-4)GlcNAc(b1-2)Man(a1-6)[Neu5Ac(a2-6)Gal(b1-4)GlcNAc(b1-2)Man(a1-3)]Man(b1-4)GlcNAc(b1-4)GlcNAc(b1-Sp12,8.802249096,13.03810214,32.71607639,5.651465643,21.02953716
Gal(b1-4)[Fuc(a1-3)]GlcNAc(b1-2)Man(a1-6)[Gal(b1-4)[Fuc(a1-3)]GlcNAc(b1-2)Man(a1-3)]Man(b1-4)GlcNAc(b1-4)GlcNAc(b1-Sp20,11.17726212,11.94134573,11.79038296,4.969122349,16.45177293
"Neu5,9Ac2(a2-3)Gal(b1-4)GlcNAc(b1-Sp0",10.329605,6.436462115,12.8016018,13.62119686,12.5114731
"Neu5,9Ac2(a2-3)Gal(b1-4)GlcNAc(b1-Sp0",8.074205388,3.0363643189999996,12.40714902,4.18319263,9.833483952
Neu5Ac(a2-6)Gal(b1-4)GlcNAc(b1-3)Gal(b1-3)GlcNAc(b1-Sp0,9.049797396,10.87860115,15.85186644,7.933469007999999,12.82830258
Neu5Ac(a2-3)Gal(b1-3)[Fuc(a1-4)]GlcNAc(b1-3)Gal(b1-3)[Fuc(a1-4)]GlcNAc(b1-Sp0,9.551579019,12.12583327,12.33129143,16.141285500000002,11.29261157
Neu5Ac(a2-6)Gal(b1-4)GlcNAc(b1-3)Gal(b1-4)GlcNAc(b1-3)Gal(b1-4)GlcNAc(b1-Sp0,3.0423626789999996,6.730833317,4.538370927,2.276883319,12.32890279
Gal(a1-4)Gal(b1-4)GlcNAc(b1-3)Gal(b1-4)Glc(b1-Sp0,14.8262603,4.548035934,11.14081064,8.201975359,9.820117007999999
GalNAc(b1-3)Gal(a1-4)Gal(b1-4)GlcNAc(b1-3)Gal(b1-4)Glc(b1-Sp0,8.537046664,9.732585178999999,4.659702108,10.80221556,6.283517442000001
GalNAc(a1-3)[Fuc(a1-2)]Gal(b1-4)GlcNAc(b1-3)Gal(b1-4)GlcNAc(b1-Sp0,10.53695814,7.157147547,10.94820498,5.837125832999999,25.02060584
GalNAc(a1-3)[Fuc(a1-2)]Gal(b1-4)GlcNAc(b1-3)Gal(b1-4)GlcNAc(b1-3)Gal(b1-4)GlcNAc(b1-Sp0,14.37449759,11.26728808,24.24505611,10.12162581,95.83029471
Neu5Ac(a2-3)Gal(b1-4)[Fuc(a1-3)]GlcNAc(b1-6)[Neu5Ac(a2-3)Gal(b1-3)]GalNAc(a1-Sp14,11.07625483,5.801744762,14.57980859,17.60694725,8.930350107
GlcNAc(a1-4)Gal(b1-4)GlcNAc(b1-3)Gal(b1-4)GlcNAc(b1-3)Gal(b1-4)GlcNAc(b1-Sp0,36.02685839,11.24934388,18.36136016,3.44304929,11.22943201
GlcNAc(a1-4)Gal(b1-4)GlcNAc(b1-Sp0,14.255490900000002,8.354343623,17.45710909,4.325893351,7.11396909
GlcNAc(a1-4)Gal(b1-3)GlcNAc(b1-Sp0,13.62648638,7.909153783,23.24812082,2.2896565730000003,27.34609044
GlcNAc(a1-4)Gal(b1-4)GlcNAc(b1-3)Gal(b1-4)Glc(b1-Sp0,10.31443577,10.40864126,18.23736678,13.21684691,6.962344055
GlcNAc(a1-4)Gal(b1-4)GlcNAc(b1-3)Gal(b1-4)[Fuc(a1-3)]GlcNAc(b1-3)Gal(b1-4)[Fuc(a1-3)]GlcNAc(b1-Sp0,13.64704489,3.467715907,20.99463825,3.5687642139999998,34.94261052
GlcNAc(a1-4)Gal(b1-4)GlcNAc(b1-3)Gal(b1-4)GlcNAc(b1-Sp0,25.0947688,6.20372906,24.65177687,3.202131468,19.81464938
GlcNAc(a1-4)Gal(b1-3)GalNAc(a1-Sp14,9.640974127,6.696287689,4.958453246,18.70909177,15.49041697
Neu5Ac(a2-6)Gal(b1-4)GlcNAc(b1-2)Man(a1-6)[Man(a1-3)]Man(b1-4)GlcNAc(b1-4)GlcNAc(a1-Sp12,5.3146921460000005,4.47918583,11.94560074,9.086307225,31.38121617
Man(a1-6)[Neu5Ac(a2-6)Gal(b1-4)GlcNAc(b1-2)Man(a1-3)]Man(b1-4)GlcNAc(b1-4)GlcNAc(a1-Sp12,5.4975736060000004,16.5470756,9.90158889,15.91698386,13.68333811
Neu5Ac(a2-6)Gal(b1-4)GlcNAc(b1-2)Man(a1-6)Man(b1-4)GlcNAc(b1-4)GlcNAc(a1-Sp12,13.58426338,16.99362662,13.60987533,3.916925346,21.82066457
Neu5Ac(a2-6)Gal(b1-4)GlcNAc(b1-2)Man(a1-3)Man(b1-4)GlcNAc(b1-4)GlcNAc(a1-Sp12,8.280099291,4.666654001,12.81570405,5.218829529,12.10318983
Gal(b1-4)GlcNAc(b1-2)Man(a1-3)Man(b1-4)GlcNAc(b1-4)GlcNAc(a1-Sp12,7.059932387999999,10.63478437,41.30906294,94.59875975,348.58365719999995
Gal(b1-4)GlcNAc(b1-2)Man(a1-6)Man(b1-4)GlcNAc(b1-4)GlcNAc(a1-Sp12,11.66544069,7.298751802999999,14.82999982,70.64361878,197.63451519999998
Man(a1-6)[Gal(b1-4)GlcNAc(b1-2)Man(a1-3)]Man(b1-4)GlcNAc(b1-4)GlcNAc(b1-Sp12,2.1731199830000003,9.162587782000001,20.79737291,51.31550170000001,496.5562433
GlcNAc(b1-2)Man(a1-6)[GlcNAc(b1-2)Man(a1-3)]Man(b1-4)GlcNAc(b1-4)[Fuc(a1-6)]GlcNAc(b1-Sp22,10.92301767,8.066628996,5.691282809,32.52481437,3.248630639
Gal(b1-4)GlcNAc(b1-2)Man(a1-6)[Gal(b1-4)GlcNAc(b1-2)Man(a1-3)]Man(b1-4)GlcNAc(b1-4)[Fuc(a1-6)]GlcNAc(b1-Sp22,21.38723325,17.96241014,18.71251474,81.73490076,335.5704013
Gal(b1-3)GlcNAc(b1-2)Man(a1-6)[Gal(b1-3)GlcNAc(b1-2)Man(a1-3)]Man(b1-4)GlcNAc(b1-4)[Fuc(a1-6)]GlcNAc(b1-Sp22,17.26011333,4.750239576,18.57473385,12.09075976,11.61822549
(6S)GlcNAc(b1-3)Gal(b1-4)GlcNAc(b1-Sp0,9.207510429,12.83968872,35.77512138,38.82429841,107.49432809999999
KDN(a2-3)Gal(b1-4)[Fuc(a1-3)]GlcNAc(a1-Sp0,14.62930821,11.11726497,5.4352693410000015,4.523356313,9.396616173
KDN(a2-6)Gal(b1-4)GlcNAc(a1-Sp0,15.02831777,7.318906674,5.571188672000001,1.839758756,2.90474258
KDN(a2-3)Gal(b1-4)Glc(a1-Sp0,11.04261904,11.99767351,22.71562612,7.83167606,6.1237103710000005
KDN(a2-3)Gal(b1-3)GalNAc(a1-Sp14,9.608573041,13.71055509,7.088109377,13.81123675,18.35411331
Fuc(a1-2)Gal(b1-3)GlcNAc(b1-2)Man(a1-6)[Fuc(a1-2)Gal(b1-3)GlcNAc(b1-2)Man(a1-3)]Man(b1-4)GlcNAc(b1-4)GlcNAc(b1-Sp20,4.664256653,19.02351716,3.079830641,2.421282882,27.26836284
Fuc(a1-2)Gal(b1-4)GlcNAc(b1-2)Man(a1-6)[Fuc(a1-2)Gal(b1-4)GlcNAc(b1-2)Man(a1-3)]Man(b1-4)GlcNAc(b1-4)GlcNAc(b1-Sp20,22.45912656,11.0825218,16.28155407,152.6887245,455.1727454
Fuc(a1-2)Gal(b1-4)[Fuc(a1-3)]GlcNAc(b1-2)Man(a1-6)[Fuc(a1-2)Gal(b1-4)[Fuc(a1-3)]GlcNAc(b1-2)Man(a1-3)]Man(b1-4)GlcNAc(b1-4)GlcNA(b1-Sp20,26.93817904,3.723203673,5.4459181060000015,5.022572476000001,7.077570732000001
Gal(a1-3)Gal(b1-4)GlcNAc(b1-2)Man(a1-6)[Gal(a1-3)Gal(b1-4)GlcNAc(b1-2)Man(a1-3)]Man(b1-4)GlcNAc(b1-4)GlcNAc(b1-Sp20,11.92737127,22.54637301,50.33762281,17.22228403,23.28239625
Gal(b1-4)GlcNAc(b1-2)Man(a1-6)[Man(a1-3)]Man(b1-4)GlcNAc(b1-4)GlcNAc(b1-Sp12,8.294447885,10.23506156,15.470754999999999,28.01723137,747.1744058999999
Fuc(a1-4)[Gal(b1-3)]GlcNAc(b1-2)Man(a1-6)[Fuc(a1-4)[Gal(b1-3)]GlcNAc(b1-2)Man(a1-3)]Man(b1-4)GlcNAc(b1-4)[Fuc(a1-6)]GlcNAc(b1-Sp22,14.73961806,14.84770895,3.016137585,4.17411349,26.03342342
Neu5Ac(a2-6)GlcNAc(b1-4)GlcNAc(a1-Sp21,10.87002258,6.653277703,7.554537401,8.143900413999999,10.63401386
Neu5Ac(a2-6)GlcNAc(b1-4)GlcNAc(b1-4)GlcNAc(a1-Sp21,6.794969676,16.73657579,26.65486872,47.30187226,20.08607562
Gal(b1-4)[Fuc(a1-3)]GlcNAc(b1-6)[Fuc(a1-2)Gal(b1-4)GlcNAc(b1-3)]Gal(b1-4)Glc(a1-Sp21,21.62920398,12.431545800000002,6.8001887000000005,12.61896448,4.130898106
Gal(b1-4)GlcNAc(b1-2)Man(a1-6)[Gal(b1-4)GlcNAc(b1-4)[Gal(b1-4)GlcNAc(b1-2)]Man(a1-3)]Man(b1-4)GlcNAc(b1-4)GlcNAc(a1-Sp21,11.44609827,13.40938288,140.287183,663.2463129,794.8498802999999
GalNAc(a1-3)[Fuc(a1-2)]Gal(b1-4)GlcNAc(b1-2)Man(a1-6)[GalNAc(a1-3)[Fuc(a1-2)]Gal(b1-4)GlcNAc(b1-2)Man(a1-3)]Man(b1-4)GlcNAc(b1-4)GlcNAc(b1-Sp20,8.7705528,15.55750508,11.18007689,3.7115385069999998,42.52729125
Gal(a1-3)[Fuc(a1-2)]Gal(b1-4)GlcNAc(b1-2)Man(a1-6)[Gal(a1-3)[Fuc(a1-2)]Gal(b1-4)GlcNAc(b1-2)Man(a1-3)]Man(b1-4)GlcNAc(b1-4)GlcNAc(b1-Sp20,10.17459873,7.450823014,9.291844478,16.16488859,12.60304341
Gal(a1-3)Gal(b1-4)[Fuc(a1-3)]GlcNAc(b1-2)Man(a1-6)[Gal(a1-3)Gal(b1-4)[Fuc(a1-3)]GlcNAc(b1-2)Man(a1-3)]Man(b1-4)GlcNAc(b1-4)GlcNAc(b1-Sp20,19.42952593,5.280800783,31.57300533,6.538503362999999,15.53782772
GalNAc(a1-3)[Fuc(a1-2)]Gal(b1-3)GlcNAc(b1-2)Man(a1-6)[GalNAc(a1-3)[Fuc(a1-2)]Gal(b1-3)GlcNAc(b1-2)Man(a1-3)]Man(b1-4)GlcNAc(b1-4)GlcNAc(b1-Sp20,14.88987077,18.06064593,11.33764821,11.30250951,34.46198087
Gal(a1-3)[Fuc(a1-2)]Gal(b1-3)GlcNAc(b1-2)Man(a1-6)[Gal(a1-3)[Fuc(a1-2)]Gal(b1-3)GlcNAc(b1-2)Man(a1-3)]Man(b1-4)GlcNAc(b1-4)GlcNAc(b1-Sp20,10.21760712,9.179101594,10.59332002,1.991517829,8.128855313999999
Fuc(a1-4)[Fuc(a1-2)Gal(b1-3)]GlcNAc(b1-2)Man(a1-3)[Fuc(a1-4)[Fuc(a1-2)Gal(b1-3)]GlcNAc(b1-2)Man(a1-3)]Man(b1-4)GlcNAc(b1-4)GlcNAc(b1-Sp19,15.11648764,9.493297523999999,11.15636913,19.56642037,11.06800089
Neu5Ac(a2-3)Gal(b1-4)GlcNAc(b1-3)GalNAc(a1-Sp14,10.02611933,6.263594811,5.151010971,6.018899772999999,8.637595447
Neu5Ac(a2-6)Gal(b1-4)GlcNAc(b1-3)GalNAc(a1-Sp14,7.182361227,11.07709979,5.53891051,17.86645574,16.05759908
Neu5Ac(a2-3)Gal(b1-4)[Fuc(a1-3)]GlcNAc(b1-3)GalNAc(a1-Sp14,5.74177934,13.24416247,14.04890379,16.88465381,12.52381114
GalNAc(b1-4)GlcNAc(b1-2)Man(a1-6)[GalNAc(b1-4)GlcNAc(b1-2)Man(a1-3)]Man(b1-4)GlcNAc(b1-4)GlcNAc(a1-Sp12,13.91900689,8.659923415,53.42924991,44.40517333,87.62433937
Gal(b1-3)GalNAc(a1-3)[Fuc(a1-2)]Gal(b1-4)Glc(a1-Sp0,19.71997374,12.32107886,13.38527234,11.68924914,22.91094761
Gal(b1-3)GalNAc(a1-3)[Fuc(a1-2)]Gal(b1-4)GlcNAc(a1-Sp0,16.71244482,7.888866926,11.02177641,10.22193002,16.18049
Gal(b1-3)GlcNac(b1-3)Gal(b1-4)GlcNac(b1-6)[Gal(b1-3)GlcNac(b1-3)]Gal(b1-4)Glc(b1-Sp0,8.772377411,22.53267155,24.16702843,17.42566579,21.87477233
Gal(b1-4)[Fuc(a1-3)]GlcNAc(b1-6)[Gal(b1-3)GlcNAc(b1-3)]Gal(b1-4)Glc(a1-Sp21,6.9210503039999995,13.30925664,8.779601988,7.605234595,3.4001771
Gal(b1-4)GlcNAc(b1-6)[Fuc(a1-4)[Fuc(a1-2)Gal(b1-3)]GlcNAc(b1-3)]Gal(b1-4)Glc(a1-Sp21,24.09978935,6.4863258660000005,14.46284302,36.12164267,178.17204519999999
Gal(b1-4)[Fuc(a1-3)]GlcNAc(b1-6)[Fuc(a1-4)[Fuc(a1-2)Gal(b1-3)]GlcNAc(b1-3)]Gal(b1-4)Glc(a1-Sp21,11.99592243,3.8484986560000003,10.12234729,9.367188074,75.99045283
Gal(b1-3)GlcNAc(b1-3)Gal(b1-4)[Fuc(a1-3)]GlcNAc(b1-6)[Gal(b1-3)GlcNAc(b1-3)]Gal(b1-4)Glc(a1-Sp21,12.24579592,40.86854266,12.56308173,24.16609209,42.67804619
Gal(b1-4)GlcNac(b1-6)[Gal(b1-4)GlcNac(b1-2)]Man(a1-6)[Gal(b1-4)GlcNac(b1-4)[Gal(b1-4)GlcNac(b1-2)]Man(a1-3)]Man(b1-4)GlcNac(b1-4)GlcNac(b1-Sp21,13.63778065,131.65516000000002,302.8536748,744.1169642000001,1729.775886
GlcNac(b1-2)Man(a1-6)[GlcNac(b1-4)[GlcNac(b1-2)]Man(a1-3)]Man(b1-4)GlcNac(b1-4)GlcNac(a1-Sp21,9.008165253,9.612358764,5.69454303,23.6486483,21.16966631
Fuc(a1-2)Gal(b1-3)GalNAc(a1-3)[Fuc(a1-2)]Gal(b1-4)Glc(b1-Sp0,20.98522657,10.83739738,22.3352753,9.323562444,7.420101905
Fuc(a1-2)Gal(b1-3)GalNAc(a1-3)[Fuc(a1-2)]Gal(b1-4)GlcNAc(b1-Sp0,11.79512564,18.55326448,16.99279747,18.42920119,30.03988445
Gal(b1-3)GlcNAc(b1-3)GalNAc(a1-Sp14,27.39809028,20.62307172,12.14779038,13.27608538,15.35565458
GalNAc(b1-4)[Neu5Ac(a2-3)]Gal(b1-4)GlcNAc(b1-3)GalNAc(a1-Sp14,31.38194025,22.60116106,13.91810161,27.99371955,31.36448168
GalNAc(a1-3)[Fuc(a1-2)]Gal(b1-3)GalNAc(a1-3)[Fuc(a1-2)]Gal(b1-4)GlcNAc(b1-Sp0,11.22535648,26.40019491,40.17695347,13.7180501,19.75667816
Gal(a1-3)Gal(b1-3)GlcNAc(b1-2)Man(a1-6)[Gal(a1-3)Gal(b1-3)GlcNAc(b1-2)Man(a1-3)]Man(b1-4)GlcNAc(b1-4)GlcNAc(a1-Sp19,25.79389488,7.376653662000001,17.4404113,22.58788784,23.20747983
Gal(a1-3)Gal(b1-3)[Fuc(a1-4)]GlcNAc(b1-2)Man(a1-6)[Gal(a1-3)Gal(b1-3)[Fuc(a1-4)]GlcNAc(b1-2)Man(a1-3)]Man(b1-4)GlcNAc(b1-4)GlcNAc(a1-Sp19,38.22786617,22.70515036,18.07629396,20.79068347,23.45483833
Neu5Ac(a2-3)Gal(b1-3)GlcNAc(b1-2)Man(a1-6)[Neu5Ac(a2-3)Gal(b1-3)GlcNAc(b1-2)Man(a1-3)]Man(b1-4)GlcNAc(b1-4)GlcNAc(a1-Sp19,29.3548923,11.58209404,17.06720098,5.683353198,6.720870258
GlcNAc(b1-2)Man(a1-6)[Gal(b1-4)GlcNAc(b1-2)Man(a1-3)]Man(b1-4)GlcNAc(b1-4)GlcNAc(a1-Sp12,5.081893043,2.4665044330000003,29.397063800000005,70.43305914,416.4519244
Gal(b1-4)GlcNAc(b1-2)Man(a1-6)[GlcNAc(b1-2)Man(a1-3)]Man(b1-4)GlcNAc(b1-4)GlcNAc(a1-Sp12,1.924284717,6.875370377,11.10413939,93.48846412,163.1519951
Neu5Ac(a2-3)Gal(b1-3)GlcNAc(b1-3)GalNAc(a1-Sp14,4.954636138,2.305526237,12.11827227,5.487891059,13.71799773
Fuc(a1-2)Gal(b1-4)GlcNac(b1-3)GalNac(a1-Sp14,14.38969814,13.74499088,27.18902599,12.49993026,38.77654673
Gal(b1-4)[Fuc(a1-3)]GlcNac(b1-3)GalNac(a1-Sp14,10.29891702,3.571975404,16.68576279,20.75338524,15.65402893
GalNac(a1-3)GalNac(b1-3)Gal(a1-4)Gal(b1-4)GlcNac(b1-Sp0,11.12729773,12.99271737,3.576838987,9.313363181,21.97098028
Gal(a1-4)Gal(b1-3)GlcNac(b1-2)Man(a1-6)[Gal(a1-4)Gal(b1-3)GlcNac(b1-2)Man(a1-3)]Man(b1-4)GlcNac(b1-4)GlcNac(b1-Sp19,2.917865255,3.88124273,15.73216432,24.99573211,6.250463804
Gal(a1-4)Gal(b1-4)GlcNac(b1-2)Man(a1-6)[Gal(a1-4)Gal(b1-4)GlcNac(b1-2)Man(a1-3)]Man(b1-4)GlcNac(b1-4)GlcNac(b1-Sp24,15.25233865,9.101536305,20.97475405,27.51539034,18.96867975
Gal(a1-3)Gal(b1-4)GlcNac(b1-3)GalNac(a1-Sp14,13.78411263,3.034201419,2.626226976,11.25997531,12.93621127
Gal(b1-3)GlcNAc(b1-6)Gal(b1-4)GlcNAc(b1-Sp0,6.775336652000001,15.66590675,13.333322199999998,5.135134808,14.93146609
Gal(b1-3)GlcNAc(a1-6)Gal(b1-4)GlcNAc(b1-Sp0,10.90009308,3.3946604110000003,5.349922243,3.940369793,4.6220075739999995
GalNAc(b1-3)Gal(a1-6)Gal(b1-4)Glc(b1-Sp8,13.98350854,10.22114227,10.81735985,7.379174799999999,6.32291984
Gal(a1-3)[Fuc(a1-2)]Gal(b1-4)[Fuc(a1-3)]Glc(b1-Sp21,5.836470522000001,10.63770165,6.830833724,6.071774292000001,14.36337961
Gal(b1-4)GlcNAc(b1-6)[Neu5Ac(a2-6)Gal(b1-3)GlcNAc(b1-3)]Gal(b1-4)Glc(a1-Sp21,8.334836226,19.24164173,26.07487952,46.60738276,83.35336922
Gal(b1-3)GalNAc(b1-4)[Neu5Ac(a2-8)Neu5Ac(a2-3)]Gal(b1-4)Glc(b1-Sp0,15.05636009,4.415060059,5.7996694710000005,7.252376704,6.481478205
Neu5Ac(a2-3)Gal(b1-3)GalNAc(b1-4)[Neu5Ac(a2-8)Neu5Ac(a2-3)]Gal(b1-4)Glc(b1-Sp0,5.488844154,12.20358747,11.28303686,5.0435756739999995,12.5353734
Gal(a1-3)[Fuc(a1-2)]Gal(b1-4)GlcNAc(b1-3)GalNAc(a1-Sp14,15.57907493,10.57085584,20.54284566,11.59108337,9.80120903
GalNAc(a1-3)[Fuc(a1-2)]Gal(b1-4)GlcNAc(b1-3)GalNAc(a1-Sp14,12.42054243,4.38089533,8.851392696,13.670547199999998,6.6533717789999995
GalNAc(a1-3)GalNAc(b1-3)Gal(a1-4)Gal(b1-4)Glc(b1-Sp0,4.874322323,14.38796843,14.23441292,2.530837681,21.15426323
Fuc(a1-2)Gal(b1-4)[Fuc(a1-3)]GlcNAc(b1-3)GalNAc(a1-Sp14,21.70521007,34.87453589,9.937031852,23.84505896,44.05798334
Gal(a1-3)[Fuc(a1-2)]Gal(b1-4)[Fuc(a1-3)]GlcNAc(b1-3)GalNAc(a1-Sp14,39.01598989,73.68862137,68.36321412,26.23486523,62.02977132
GalNAc(a1-3)[Fuc(a1-2)]Gal(b1-4)[Fuc(a1-3)]GlcNAc(b1-3)GalNAc(a1-Sp14,30.502349199999998,6.586483707,60.14571254,39.88378923,15.59197567
Gal(b1-4)[Fuc(a1-3)]GlcNAc(b1-2)Man(a1-6)[Gal(b1-4)[Fuc(a1-3)]GlcNAc(b1-2)Man(a1-3)]Man(b1-4)GlcNAc(b1-4)[Fuc(a1-6)]GlcNAc(b1-Sp22,23.1748194,66.96299986,17.66105354,21.82998081,12.87877514
Fuc(a1-2)Gal(b1-4)GlcNAc(b1-2)Man(a1-6)[Fuc(a1-2)Gal(b1-4)GlcNAc(b1-2)Man(a1-3)]Man(b1-4)GlcNAc(b1-4)[Fuc(a1-6)]GlcNAc(b1-Sp22,9.362247582,13.77392727,26.41271018,39.48261757,331.30011960000013
GlcNAc(b1-2)[GlcNAc(b1-6)]Man(a1-6)[GlcNAc(b1-2)Man(a1-3)]Man(b1-4)GlcNAc(b1-4)GlcNAc(b1-Sp19,9.177631108,3.212160337,5.9062019779999995,23.63301532,3.447367649
Fuc(a1-2)Gal(b1-3)GlcNAc(b1-3)GalNAc(a1-Sp14,1.601441348,6.284097022999999,15.38076419,11.328072599999999,14.361293400000001
Gal(a1-3)[Fuc(a1-2)]Gal(b1-3)GlcNAc(b1-3)GalNAc(a1-Sp14,6.850185764,4.80456369,6.27972408,8.525028171,10.28229331
GalNAc(a1-3)[Fuc(a1-2)]Gal(b1-3)GlcNAc(b1-3)GalNAc(a1-Sp14,17.32343065,20.57956967,15.97631322,18.18028903,27.76719152
Gal(a1-3)Gal(b1-3)GlcNAc(b1-3)GalNAc(a1-Sp14,9.588932213,5.6256718370000005,11.28058812,9.069687287,7.233178149
Fuc(a1-2)Gal(b1-3)GlcNAc(b1-2)Man(a1-6)[Fuc(a1-2)Gal(b1-3)GlcNAc(b1-2)Man(a1-3)]Man(b1-4)GlcNAc(b1-4)[Fuc(a1-6)]GlcNAc(b1-Sp22,28.37233784,12.5186815,9.476723664,9.19300387,8.326163464
Gal(a1-3)[Fuc(a1-2)]Gal(b1-4)GlcNAc(b1-2)Man(a1-6)[Gal(a1-3)[Fuc(a1-2)]Gal(b1-4)GlcNAc(b1-2)Man(a1-3)]Man(b1-4)GlcNAc(b1-4)[Fuc(a1-6)]GlcNAc(b1-Sp22,6.126855974,13.84873886,12.67681721,7.119713111,19.68829873
Gal(b1-3)GlcNAc(b1-6)[Gal(b1-3)GlcNAc(b1-2)]Man(a1-6)[Gal(b1-3)GlcNAc(b1-2)Man(a1-3)]Man(b1-4)GlcNAc(b1-4)GlcNAc(b1-Sp19,9.161096869,19.59667224,16.60616722,8.784930912,24.94168008
Gal(b1-4)GlcNAc(b1-6)[Fuc(a1-2)Gal(b1-3)GlcNAc(b1-3)]Gal(b1-4)Glc(a1-Sp21,6.233135352000001,9.234027342000001,3.5478535460000002,12.08342423,149.4749061
Fuc(a1-3)GlcNAc(b1-6)[Gal(b1-4)GlcNAc(b1-3)]Gal(b1-4)Glc(a1-Sp21,9.571302735,13.08714159,24.60555496,96.3767578,185.7601888
GlcNAc(b1-2)Man(a1-6)[GlcNAc(b1-4)][GlcNAc(b1-2)Man(a1-3)]Man(b1-4)GlcNac(b1-4)GlcNAc(a1-Sp21,9.837845019,9.496239942,16.47064115,8.966447375,4.607937703999999
GlcNAc(b1-2)Man(a1-6)[GlcNAc(b1-4)][GlcNAc(b1-4)[GlcNAc(b1-2)]Man(a1-3)]Man(b1-4)GlcNAc(b1-4)GlcNAc(a1-Sp21,4.715443545,4.252940099,20.76724097,4.583921505,6.255794309
GlcNAc(b1-6)[GlcNAc(b1-2)]Man(a1-6)[GlcNAc(b1-4)][GlcNAc(b1-2)Man(a1-3)]Man(b1-4)GlcNAc(b1-4)GlcNAc(a1-Sp21,17.18902403,8.791401728,17.27529341,6.038790364,59.03154964
GlcNAc(b1-6)[GlcNAc(b1-2)]Man(a1-6)[GlcNAc(b1-4)][GlcNAc(b1-4)[GlcNAc(b1-2)]Man(a1-3)]Man(b1-4)GlcNAc(b1-4)GlcNAc(a1-Sp21,22.29844487,5.8942583729999996,10.97920866,12.48038318,26.11440075
Gal(b1-4)GlcNAc(b1-2)Man(a1-6)[GlcNAc(b1-4)][Gal(b1-4)GlcNAc(b1-2)Man(a1-3)]Man(b1-4)GlcNAc(b1-4)GlcNAc(a1-Sp21,4.723996253999999,28.29848925,26.05745267,356.5479184,590.0972311
Gal(b1-4)GlcNAc(b1-2)Man(a1-6)[GlcNAc(b1-4)][Gal(b1-4)GlcNAc(b1-4)[Gal(b1-4)GlcNAc(b1-2)]Man(a1-3)]Man(b1-4)GlcNAc(b1-4)GlcNAc(a1-Sp21,7.848251958,20.4090477,54.43138722,205.3948123,437.89710769999994
Gal(b1-4)GlcNAc(b1-6)[Gal(b1-4)GlcNAc(b1-2)]Man(a1-6)[GlcNAc(b1-4)][Gal(b1-4)GlcNAc(b1-2)Man(a1-3)]Man(b1-4)GlcNAc(b1-4)GlcNAc(a1-Sp21,12.58646595,13.60705979,40.23776059,1170.244196,796.8716847000003
Gal(b1-4)GlcNAc(b1-6)[Gal(b1-4)GlcNAc(b1-2)]Man(a1-6)[GlcNAc(b1-4)][Gal(b1-4)GlcNAc(b1-4)[Gal(b1-4)GlcNAc(b1-2)]Man(a1-3)]Man(b1-4)GlcNAc(b1-4)GlcNAc(a1-Sp21,18.71974605,19.32259934,38.31745668,2578.400836,493.0755403
Gal(b1-4)Gal(b1-Sp10,30.15182748,28.09149129,32.11261521,5.141904197,25.11164612
Gal(b1-6)Gal(b1-Sp10,11.45347781,12.34842311,26.83602539,16.84639715,9.493575822
Neu5Ac(a2-3)Gal(b1-4)GlcNAc(b1-3)Gal(b1-Sp8,11.06769464,10.08800868,17.14647097,7.599449728,30.089036699999998
GalNAc(b1-6)GalNAc(b1-Sp8,9.785974741,11.48268351,13.40347669,1.7286841590000002,7.579759088999999
(6S)Gal(b1-3)GlcNAc(b1-Sp0,5.608401641,14.879048800000001,7.103743767,18.80039209,13.1960111
(6S)Gal(b1-3)(6S)GlcNAc(a1-Sp0,4.926915865,4.286688982,11.04035502,7.886613542999999,14.74144653
Fuc(a1-2)Gal(b1-4) GlcNAc(b1-2)Man(a1-6)[Fuc(a1-2)Gal(b1-4)GlcNAc(b1-2)[Fuc(a1-2)Gal(b1-4)GlcNAc(b1-4)]Man(a1-3)]Man(b1-4)GlcNAc(b1-4)GlcNAc(b1-N,7.509274567,9.590228806,7.6380525729999995,115.344835,267.0007417
Fuc(a1-2)Gal(b1-4)[Fuc(a1-3)]GlcNAc(b1-2)Man(a1-6)[Fuc(a1-2)Gal(b1-4)[Fuc(a1-3)]GlcNAc(b1-4)[Fuc(a1-2)Gal(b1-4)[Fuc(a1-3)]GlcNAc(b1-2)]Man(a1-3)]Man(b1-4)GlcNAc(b1-4)GlcNAc(b1-N,15.97064052,20.612000600000002,9.424238699,7.195760358999999,21.77164297
Gal(b1-4)[Fuc(a1-3)]GlcNAc(b1-6)GalNAc(a1-Sp14,24.57251866,8.383552477,21.77209355,15.55734743,25.11330441
Gal(b1-4)GlcNAc(b1-2)Man(a1-Sp0,9.39616131,16.46068149,17.89490157,8.615173098,21.12457364
Fuc(a1-2)Gal(b1-4)GlcNAc(b1-6)[Fuc(a1-2)Gal(b1-4)GlcNAc(b1-3)]GalNAc(a1-Sp14,9.87775047,13.21818021,12.71115023,34.81145397,94.19417397
Gal(a1-3)Fuc(a1-2)Gal(b1-4)GlcNAc(b1-6)[Gal(a1-3)Fuc(a1-2)Gal(b1-4)GlcNAc(b1-3)]GalNAc(a1-Sp14,11.73422115,10.17725542,9.667808406,20.43252307,14.28848246
GalNAc(a1-3)[Fuc(a1-2)]Gal(b1-4)GlcNAc(b1-6)[GalNAc(a1-3)[Fuc(a1-2)]Gal(b1-4)GlcNAc(b1-3)]GalNAc(a1-Sp14,7.56398652,7.075798852999999,6.5484210560000005,27.0945696,7.095331014
Neu5Ac(a2-8)Neu5Ac(a2-3)Gal(b1-3)GalNAc(b1-4)[Neu5Ac(a2-8)Neu5Ac(a2-3)]Gal(b1-4)Glc(b1-Sp0,12.746413800000001,14.26618655,25.09121476,61.33878723,432.85272180000004
GalNAc(b1-4)Gal(b1-4)Glc(b1-Sp0,6.1651456589999984,9.046370428,7.567501302999999,5.177885603,13.78956817
GalNAc(a1-3)[Fuc(a1-2)]Gal(b1-4)GlcNAc(b1-2)Man(a1-6)[GalNAc(a1-3)[Fuc(a1-2)]Gal(b1-4)GlcNAc(b1-2)Man(a1-3)]Man(b1-4)GlcNAc(b1-4)[Fuc(a1-6)]GlcNAc(b1-Sp22,26.53745394,11.33536634,37.46322019,10.03573467,16.21400366
Gal(a1-3)[Fuc(a1-2)]Gal(b1-3)GlcNAc(b1-2)Man(a1-6)[Gal(a1-3)[Fuc(a1-2)]Gal(b1-3)GlcNAc(b1-2)Man(a1-3)]Man(b1-4)GlcNAc(b1-4)[Fuc(a1-6)]GlcNAc(b1-Sp22,8.062266915,7.933270652999999,19.87103873,6.831786652000001,7.7165501910000005
Neu5Ac(a2-6)Gal(b1-4)GlcNAc(b1-6)[Fuc(a1-2)Gal(b1-3)GlcNAc(b1-3)]Gal(b1-4)Glc(a1-Sp21,8.300519524,3.0269524939999997,1.719630861,15.08384751,19.56685683
GalNAc(a1-3)[Fuc(a1-2)]Gal(b1-3)GlcNAc(b1-2)Man(a1-6)[GalNAc(a1-3)[Fuc(a1-2)]Gal(b1-3)GlcNAc(b1-2)Man(a1-3)]Man(b1-4)GlcNAc(b1-4)[Fuc(a1-6)]GlcNAc(b1-Sp22,22.24815229,16.3007302,10.37388003,4.621826809,9.811850515
Gal(b1-4)GlcNAc(b1-6)[Gal(b1-4)GlcNAc(b1-2)]Man(a1-6)[Gal(b1-4)GlcNAc(b1-2)Man(a1-3)]Man(b1-4)GlcNAc(b1-4)GlcNAc(b1-Sp19,19.63129791,18.59703089,28.91913272,464.1794612,1189.9260199999999
Neu5Ac(a2-3)Gal(b1-4)GlcNAc(b1-2)Man(a1-6)[GlcNAc(b1-4)][Neu5Ac(a2-3)Gal(b1-4)GlcNAc(b1-2)Man(a1-3)]Man(b1-4)GlcNAc(b1-4)GlcNAc(b1-Sp21,4.088772631,12.95777342,5.000018589,16.45642171,14.505796599999998
Neu5Ac(a2-3)Gal(b1-4)GlcNAc(b1-4)Man(a1-6)[GlcNAc(b1-4)][Neu5Ac(a2-3)Gal(b1-4)GlcNAc(b1-4)[Neu5Ac(a2-3)Gal(b1-4)GlcNAc(b1-2)]Man(a1-3)]Man(b1-4)GlcNAc(b1-4)GlcNAc(b1-Sp21,10.88763253,9.589683834,11.26254837,3.041626735,9.75375649
Neu5Ac(a2-3)Gal(b1-4)GlcNAc(b1-6)[Neu5Ac(a2-3)Gal(b1-4)GlcNAc(b1-2)]Man(a1-6)[GlcNAc(b1-4)][Neu5Ac(a2-3)Gal(b1-4)GlcNAc(b1-2)Man(a1-3)]Man(b1-4)GlcNAc(b1-4)GlcNAc(b1-Sp21,10.9485009,6.899673999,13.7763324,4.216273574,16.44161098
Neu5Ac(a2-3)Gal(b1-4)GlcNAc(b1-6)[Neu5Ac(a2-3)Gal(b1-4)GlcNAc(b1-2)]Man(a1-6)[GlcNAc(b1-4)][Neu5Ac(a2-3)Gal(b1-4)GlcNAc(b1-4)[Neu5Ac(a2-3)Gal(b1-4)GlcNAc(b1-2)]Man(a1-3)]Man(b1-4)GlcNAc(b1-4)GlcNAc(b1-Sp21,20.74541894,16.70462916,10.8613709,10.23869635,9.258302142
Neu5Ac(a2-6)Gal(b1-4)GlcNAc(b1-2)Man(a1-6)[GlcNAc(b1-4)][Neu5Ac(a2-6)Gal(b1-4)GlcNAc(b1-2)Man(a1-3)]Man(b1-4)GlcNAc(b1-4)GlcNAc(b1-Sp21,5.912517385,11.38516342,14.47608399,9.620750347000001,15.89917642
Neu5Ac(a2-6)Gal(b1-4)GlcNAc(b1-4)Man(a1-6)[GlcNAc(b1-4)][Neu5Ac(a2-6)Gal(b1-4)GlcNAc(b1-4)[Neu5Ac(a2-6)Gal(b1-4)GlcNAc(b1-2)]Man(a1-3)]Man(b1-4)GlcNAc(b1-4)GlcNAc(b1-Sp21,9.989821354,48.61697382,14.94454011,17.21586461,20.4274652
Neu5Ac(a2-6)Gal(b1-4)GlcNAc(b1-6)[Neu5Ac(a2-6)Gal(b1-4)GlcNAc(b1-2)]Man(a1-6)[GlcNAc(b1-4)][Neu5Ac(a2-6)Gal(b1-4)GlcNAc(b1-2)Man(a1-3)]Man(b1-4)GlcNAc(b1-4)GlcNAc(b1-Sp21,10.98652658,8.552856149,14.25552354,9.325106649,25.25508169
Neu5Ac(a2-6)Gal(b1-4)GlcNAc(b1-6)[Neu5Ac(a2-6)Gal(b1-4)GlcNAc(b1-2)]Man(a1-6)[GlcNAc(b1-4)][Neu5Ac(a2-6)Gal(b1-4)GlcNAc(b1-4)[Neu5Ac(a2-6)Gal(b1-4)GlcNAc(b1-2)]Man(a1-3)]Man(b1-4)GlcNAc(b1-4)GlcNAc(b1-Sp21,10.27555623,7.555850274,32.66648289,22.62500024,11.92009441
Gal(a1-3)[Fuc(a1-2)]Gal(b1-3)GalNAc(a1-Sp8,27.43727412,32.74320448,8.712483383,8.952438423,9.873019204
Gal(a1-3)[Fuc(a1-2)]Gal(b1-3)GalNAc(b1-Sp8,11.8135256,26.59655012,21.73377893,15.68290461,7.8651119970000005
Glc(a1-6)Glc(a1-6)Glc(a1-6)Glc(b1-Sp10,7.9124748579999995,9.153787734,10.82912924,7.012231676,19.14972595
Glc(a1-4)Glc(a1-4)Glc(a1-4)Glc(b1-Sp10,3.013199577,13.37519796,10.61682259,12.245835000000001,14.54839755
Neu5Ac(a2-3)Gal(b1-4)GlcNAc(b1-6)[Neu5Ac(a2-3)Gal(b1-4)GlcNAc(b1-3)]GalNAc(a1-Sp14,15.05593117,4.452390642,2.142846559,9.883742454,20.90947504
Fuc(a1-2)Gal(b1-4)[Fuc(a1-3)]GlcNAc(b1-2)Man(a1-6)[Fuc(a1-2)Gal(b1-4)[Fuc(a1-3)]GlcNAc(b1-2)Man(a1-3)]Man(b1-4)GlcNAc(b1-4)[Fuc(a1-6)]GlcNAc(b1-Sp24,4.575090418,16.06539351,6.31629264,16.651037300000002,10.08291481
Fuc(a1-2)Gal(b1-3)[Fuc(a1-4)]GlcNAc(b1-2)Man(a1-6)[Fuc(a1-2)Gal(b1-3)[Fuc(a1-4)]GlcNAc(b1-2)Man(a1-3)]Man(b1-4)GlcNAc(b1-4)[Fuc(a1-6)]GlcNA(cb-S)p(1-4)[Fuc(a1-6)]GlcNAc(b1-Sp19,5.55222412,8.404417127,8.850362077,14.38924773,24.95249427
Neu5Ac(a2-3)Gal(b1-3)GlcNAc(b1-6)[Neu5Ac(a2-3)Gal(b1-4)GlcNAc(b1-2)]Man(a1-6)[Neu5Ac(a2-3)Gal(b1-3)GlcNAc(b1-2)Man(a1-3)]Man(b1-4)GlcNAc(b1-4)GlcNAc(b1-Sp19,6.37308147,6.262998272999999,1.3832098959999999,6.481521807999999,11.66765207
GlcNAc(b1-6)[GlcNAc(b1-2)]Man(a1-6)[GlcNAc(b1-2)Man(a1-3)]Man(b1-4)GlcNAc(b1-4)[Fuc(a1-6)]GlcNAc(b1-Sp24,14.31271814,13.51746787,18.29530901,12.72622131,8.678301562
Gal(b1-3)GlcNAc(b1-2)Man(a1-6)[GlcNAc(b1-4)][Gal(b1-3)GlcNAc(b1-2)Man(a1-3)]Man(b1-4)GlcNAc(b1-4)GlcNAc(b1-Sp21,17.60971406,6.2850140560000005,30.73670119,10.17152534,43.15278191
Neu5Ac(a2-6)Gal(b1-4)GlcNAc(b1-6)[Gal(b1-3)GlcNAc(b1-3)]Gal(b1-4)Glc(b1-Sp21,8.055076595,8.78701121,1.857207676,17.36858642,5.983938806
Neu5Ac(a2-3)Gal(b1-4)GlcNAc(b1-2)Man(a1-Sp0,1.93563927,22.26389568,34.28191097,9.931053672,11.01775065
Neu5Ac(a2-3)Gal(b1-4)GlcNAc(b1-6)GalNAc(a1-Sp14,12.37740242,6.536113145,9.495549977000001,10.09695725,4.887291502
Neu5Ac(a2-6)Gal(b1-4)GlcNAc(b1-6)GalNAc(a1-Sp14,9.405588608,4.262555892,9.371955363,13.0423208,35.78832815
Neu5Ac(a2-6)Gal(b1-4)GlcNAc(b1-6)[Neu5Ac(a2-6)Gal(b1-4)GlcNAc(b1-3)]GalNAc(a1-Sp14,2.4606526,32.52092009,47.31100402,11.08824684,32.99827248
Neu5Ac(a2-6)Gal(b1-4)GlcNAc(b1-2)Man(a1-6)[Neu5Ac(a2-6)Gal(b1-4)GlcNAc(b1-2)Man(a1-3)]Man(b1-4)GlcNAc(b1-4)[Fuc(a1-6)]GlcNAc(b1-Sp24,4.128989906,12.1641941,6.4400569029999994,9.904650145,54.62395831
Neu5Ac(a2-3)Gal(b1-4)GlcNAc(b1-2)Man(a1-6)[Neu5Ac(a2-3)Gal(b1-4)GlcNAc(b1-2)Man(a1-3)]Man(b1-4)GlcNAc(b1-4)[Fuc(a1-6)]GlcNAc(b1-Sp24,5.2751941669999995,6.033758766,3.186358691,4.612838822,2.282459981
Man(a1-6)[Man(a1-3)]Man(b1-4)GlcNAc(b1-4)[Fuc(a1-6)]GlcNAc(b1-Sp19,8.46181625,6.757877714,7.96074557,11.75585108,14.69159414
Gal(b1-4)GlcNAc(b1-6)[Gal(b1-4)GlcNAc(b1-2)]Man(a1-6)[Gal(b1-4)GlcNAc(b1-2)Man(a1-3)]Man(b1-4)GlcNAc(b1-4)[Fuc(a1-6)]GlcNAc(b1-Sp24,26.32209624,27.20871069,79.47369244,66.50081945,684.7752186
Neu5Ac(a2-3)Gal(b1-3)GlcNAc(b1-2)Man(a1-6)[GlcNAc(b1-4)][Neu5Ac(a2-3)Gal(b1-3)GlcNAc(b1-2)Man(a1-3)]Man(b1-4)GlcNAc(b1-4)GlcNAc(a1-Sp21,3.2918084999999997,9.07895399,8.393645866,16.11481856,20.71436592
Neu5Ac(a2-6)Gal(b1-4)GlcNAc(b1-6)[Fuc(a1-2)Gal(b1-4)[Fuc(a1-3)]GlcNAc(b1-3)]Gal(b1-4)Glc(a1-Sp21,36.4253839,5.5884107000000025,20.34671892,8.209531847000001,11.28070492
Gal(b1-3)GlcNAc(b1-6)GalNAc(a1-Sp14,18.47180192,7.937051648,18.23008129,2.631212696,5.608850124
Gal(a1-3)Gal(b1-3)GlcNAc(b1-6)GalNAc(a1-Sp14,29.7029994,30.74790716,18.79618708,16.10299007,2.642547565
Gal(b1-3)[Fuc(a1-4)]GlcNAc(b1-6)GalNAc(a1-Sp14,14.58059484,35.57659259,46.62767701,7.975397105,32.39047284
Neu5Ac(a2-3)Gal(b1-3)GlcNAc(b1-6)GalNAc(a1-Sp14,17.92636964,8.424166322,7.355458647000001,11.21373148,24.60902218
(3S)Gal(b1-3)[Fuc(a1-4)]GlcNAc(b1-Sp0,6.025988748,6.701532134,3.181202131,8.034196162,4.7082156269999995
Gal(b1-4)[Fuc(a1-3)]GlcNAc(b1-6)[Neu5Ac(a2-6)[Neu5Ac(a2-3)Gal(b1-3)]GlcNAc(b1-3)]Gal(b1-4)Glc(a1-Sp21,0.911118938,10.21643464,4.743923856,12.54183431,7.628868067000001
Fuc(a1-2)Gal(b1-4)GlcNAc(b1-6)GalNAc(a1-Sp14,10.05990992,13.10120686,1.577717475,11.37405664,58.72652676
Gal(a1-3)Gal(b1-4)GlcNAc(b1-6)GalNAc(a1-Sp14,1.748070836,5.587846158,3.0265198410000003,5.187945565,8.475067416
Gal(b1-4)[Fuc(a1-3)]GlcNAc(b1-2)Man(a1-Sp0,11.27127025,9.681425736,12.63538052,17.114419100000006,4.851671797
Fuc(a1-2)(6S)Gal(b1-3)GlcNAc(b1-Sp0,6.743903878999999,4.231362152,5.349023369,10.50305814,3.229738823
Gal(a1-3)[Fuc(a1-2)]Gal(b1-4)GlcNAc(b1-6)GalNAc(a1-Sp14,26.35140911,28.90580204,12.86669207,10.00811426,16.13057551
Fuc(a1-2)Gal(b1-4)GlcNAc(b1-2)Man(a1-Sp0,5.8394911920000006,8.62363196,9.868164643,11.55795222,5.985909532999999
Fuc(a1-2)Gal(b1-3)(6S)GlcNAc(b1-Sp0,21.89086364,4.588127591,12.18692473,13.11803623,13.93228491
Fuc(a1-2)(6S)Gal(b1-3)(6S)GlcNAc(b1-Sp0,11.57867274,10.17441701,12.0112735,9.476318137,18.47703797
Neu5Ac(a2-6)GalNAc(b1-4)(6S)GlcNAc(b1-Sp8,8.035913875,13.97598472,9.630694777999999,25.11392547,8.620219889
GalNAc(b1-4)[Fuc(a1-3)](6S)GlcNAc(b1-Sp8,5.837980399,9.416774307999999,13.44607352,17.52662746,10.2647484
(3S)GalNAc(b1-4)[Fuc(a1-3)]GlcNAc(b1-Sp8,8.105885891,14.01937721,3.792898304,5.13869095,15.13410348
Fuc(a1-2)Gal(b1-3)GlcNAc(b1-6)[Fuc(a1-2)Gal(b1-3)GlcNAc(b1-3)]GalNAc(a1-Sp14,6.05710645,8.242353533,29.60225278,21.97044955,10.73490157
GalNAc(a1-3)[Fuc(a1-2)]Gal(b1-3)GlcNAc(b1-6)GalNAc(a1-Sp14,4.543731435,2.946473368,21.07077335,10.28663126,7.614931706
GlcNAc(b1-6)[GlcNAc(b1-2)]Man(a1-6)[GlcNAc(b1-4)][GlcNAc(b1-4)[GlcNAc(b1-2)]Man(a1-3)]Man(b1-4)GlcNAc(b1-4)[Fuc(a1-6)]GlcNAc(a1-Sp21,11.90239931,12.52539731,4.858267008,10.12916438,16.67222224
Gal(b1-4)GlcNAc(b1-6)[Gal(b1-4)GlcNAc(b1-2)]Man(a1-6)[GlcNAc(b1-4)]Gal(b1-4)GlcNAc(b1-4)[Gal (b1-4)GlcNAc(b1-2)]Man(a1-3)]Man(b1-4)GlcNAc(b1-4)[Fuc(a1-6)]GlcNAc(a1-Sp21,9.23259235,56.51721028,68.34951189,406.074543,1337.2236619999999
Gal(b1-3)GlcNAc(a1-3)Gal(b1-4)GlcNAc(b1-Sp8 ,8.223899111,8.467664402,26.06557889,13.57931367,7.88678441
Gal(b1-3)(6S)GlcNAc(b1-Sp8 ,23.90646546,12.13805532,25.38679774,5.7409302160000015,17.13034885
(6S)(4S)GalNAc(b1-4)GlcNAc(a1-Sp8,7.849524955,14.56336765,11.09534784,15.62498259,17.81218306
(6S)GalNAc(b1-4)GlcNAc(a1-Sp8 ,12.37968752,8.555536569,45.12489113,22.12374508,11.02002518
(3S)GalNAc(b1-4)(3S)GlcNAc(a1-Sp8,7.396850808,3.2032147230000003,17.15811485,18.43225696,20.46613628
GalNAc(b1-4)(6S)GlcNAc(a1-Sp8 ,7.111116504,66.94730977,51.56407713,1016.211519,1475.722801
(3S)GalNAc(b1-4)GlcNAc(a1-Sp8 ,6.196139896,8.513011453999999,10.11713302,5.200512927,8.87794842
(4S)GalNac(b1-Sp10,6.795981547999999,4.97165904,11.95600986,16.33443971,11.85833002
Gal(b1-4)(6P)GlcNAc(b1-Sp0 ,7.0531529829999995,9.090205072,24.80342959,50.88069505,494.59651160000004
(6P)Gal(b1-4)GlcNAc(b1-SP0 ,2.323063076,4.629997362,7.0631875420000005,9.097348272,10.50999098
GalNAc(a1-3)[Fuc(a1-2)]Gal(b1-4)GlcNAc(b1-6)GalNAc(a1-Sp14,7.1010168579999995,7.550815057,6.8195063320000004,7.922898414,30.07801288
Neu5Ac(a2-6)Gal(b1-4)GlcNAc(b1-2)Ma(n1-Sp0,15.14904843,10.3146411,1.9134990630000002,6.873967244,19.01232186
Gal(a1-3)Gal(b1-4)GlcNAc(b1-2)Man(a1-Sp0,10.67708825,3.901485076,11.95200634,12.2020787,19.41554394
Gal(a1-3)[Fuc(a1-2)]Gal(b1-4)GlcNAc(b1-2)Man(a1-Sp0,7.622237556,7.931819495,9.717741677000001,11.16031235,155.23833390000001
GalNAc(a1-3)[Fuc(a1-2)]Gal(b1-4) GlcNAc(b1-2)Man(a1-Sp0,9.294743429,4.973743397,10.53830485,10.48305761,8.56134758
 Gal(b1-3)GlcNAc(b1-2)Man(a1-Sp0,21.24865816,5.84159375,12.27837795,8.288674394,19.53136699
Gal(a1-3)[Fuc(a1-2)]Gal(b1-3)GlcNAc(b1-6)GalNAc(a1-Sp14,10.21242236,15.14669112,9.359276776,4.622941927,10.63378422
Neu5Ac(a2-3)Gal(b1-3)GlcNAc(b1-2)Man(a1-Sp0,7.737222966,9.81496612,16.15694521,36.15890079,13.8659362
Gal(a1-3)Gal(b1-3)GlcNAc(b1-2)Man(a1-Sp0,7.848446217999999,13.39194198,5.521923427000001,19.48353361,17.37758369
GalNAc(b1-4)GlcNAc(b1-2)Man(a1-Sp0,13.51145188,20.37190291,13.11212791,79.17913122,987.6634035
Neu5Ac(a2-3)Gal(b1-3)GlcNAc(b1-4)Gal(b1-4)Glc(b1-Sp0,11.00560005,4.52005964,29.33309616,12.1273201,7.177166315
GlcNAc(b1-2) Man(a1-6)[GlcNAc(b1-4)][GlcNAc(b1-2)Man(a1-3)]Man(b1-4)GlcNAc(b1-4)[Fuc(a1-6)]GlcNAc(a1-Sp21,10.78316595,7.051869544,13.89529971,11.77221923,15.51414489
Gal(b1-4)GlcNAc(b1-2)Man(a1-6)[GlcNAc(b1-4)][Gal(b1-4)GlcNAc(b1-2)Man(a1-3)]Man(b1-4)GlcNAc(b1-4)[Fuc(a1-6)]GlcNAc(a1-Sp21,14.76547192,17.51582989,43.5777159,301.0847798,893.2188633999997
Gal(b1-4)GlcNAc(b1-2)Man(a1-6)[Gal(b1-4)GlcNAc(b1-4)][Gal(b1-4)GlcNAc(b1-2)Man(a1-3)]Man(b1-4)GlcNAc(b1-4)[Fuc(a1-6)]GlcNAc(a1-Sp21,15.66686728,46.72626864,82.44851884,460.4740575,959.7386857999999
Fuc(a1-4)[Gal(b1-3)]GlcNAc(b1-2)Man(a1-Sp0,21.69705822,16.13593053,22.73151774,17.33429582,25.31117915
Neu5Ac(a2-3)Gal(b1-4)[Fuc(a1-3)]GlcNAc(b1-2)Man(a1-Sp0,10.05011621,6.074508889,23.22289662,21.60448672,4.116320149
GlcNAc(b1-3)Gal(b1-4)GlcNAc(b1-6)[GlcNAc(b1-3)]Gal(b1-4)GlcNAc(a1-Sp0,11.68903521,14.46355015,10.78470674,6.7061291910000005,12.35593234
GalNAc(a1-3)[Fuc(a1-2)]Gal(b1-3)GalNAc(b1-3)Gal(a1-4)Gal(b1-4)Glc(a1-Sp21,10.13942873,5.477973212,8.60208373,8.42716801,4.85837338
Gal(a1-3)[Fuc(a1-2)]Gal(b1-3)GalNAc(b1-3)Gal(a1-4)Gal(b1-4)Glc(a1-Sp21,6.654276806,6.104326312,6.687714183,10.38825135,6.3130709220000005
Gal(b1-3)GalNAc(b1-3)Ga(l1-Sp21,5.021196317,7.724040368,9.05930793,5.276285687,122.6705847
GlcNAc(b1-3)Gal(b1-4)GlcNAc(b1-2)Man(a1-6)[GlcNAc(b1-3)Gal(b1-4)GlcNAc(b1-2)Man(a1-3)]Man(b1-4)GlcNAc(b1-4)GlcNAc(b1-Sp12,23.4605939,3.18066175,10.91752917,26.35521872,13.92270012
GlcNAc(b1-3)Gal(b1-4)GlcNAc(b1-2)Man(a1-6)[GlcNAc(b1-3)Gal(b1-4)GlcNAc(b1-2)Man(a1-3)]Man(b1-4)GlcNAc(b1-4)GlcNAc(b1-Sp25,5.852362866,5.653887161,17.73875431,14.43214884,16.71672173
Gal(b1-4)GlcNAc(b1-3)Gal(b1-4)GlcNAc(b1-2)Man(a1-6)[Gal(b1-4)GlcNAc(b1-3)Gal(b1-4)GlcNAc(b1-2)Man(a1-3)]Man(b1-4)GlcNAc(b1-4)GlcNAc(b1-Sp12,12.52250009,7.992393503,21.67298881,17.04099878,53.45587903
Gal(b1-4)GlcNAc(b1-3)Gal(b1-4)GlcNAc(b1-2)Man(a1-6)[Gal(b1-4)GlcNAc(b1-3)Gal(b1-4)GlcNAc(b1-2)Man(a1-3)]Man(b1-4)GlcNAc(b1-4)GlcNAc(b1-Sp24,7.1389098010000005,19.26262231,54.80600615,380.11308760000003,284.8131441999999
Neu5Gc(a2-3)Gal(b1-4)GlcNAc(b1-3)Gal(b1-4)GlcNAc(b1-2)Man(a1-6)[Neu5Gc(a2-3)Gal(b1-4)GlcNAc(b1-3)Gal(b1-4)GlcNAc(b1-2)Man(a1-3)]Man(b1-4)GlcNAc(b1-4)GlcNAc(b1-Sp24,5.785948554,17.086138199999994,9.963999134,11.32819233,0.6931951670000001
Fuc(a1-2)Gal(b1-4)GlcNAc(b1-3)Gal(b1-4)GlcNAc(b1-2)Man(a1-6)[Fuc(a1-2)Gal(b1-4)GlcNAc(b1-3)Gal(b1-4)GlcNAc(b1-2)Man(a1-3)]Man(b1-4)GlcNAc(b1-4)GlcNAc(b1-Sp24,10.42644259,28.44130012,41.87073344,139.0366074,553.1088736
GlcNAc(b1-3)Gal(b1-4)GlcNAc(b1-3)Gal(b1-4)GlcNAc(b1-2)Man(a1-6)[GlcNAc(b1-3)Gal(b1-4)GlcNAc(b1-3)Gal(b1-4)GlcNAc(b1-2)Man(a1-3)]Man(b1-4)GlcNAc(b1-4)GlcNAc(b1-Sp12,21.70784773,6.637941624,19.39897483,19.68474667,27.68075114
GlcNAc(b1-3)Gal(b1-4)GlcNAc(b1-3)Gal(b1-4)GlcNAc(b1-2)Man(a1-6)[GlcNAc(b1-3)Gal(b1-4)GlcNAc(b1-3)Gal(b1-4)GlcNAc(b1-2)Man(a1-3)]Man(b1-4)GlcNAc(b1-4)GlcNAc(b1-Sp25,23.99986109,18.24993116,3.9081899110000013,27.30963311,32.04275933
Gal(b1-4)GlcNAc(b1-3)Gal(b1-4)GlcNAc(b1-3)Gal(b1-4)GlcNAc(b1-2)Man(a1-6)[Gal(b1-4)GlcNAc(b1-3)Gal(b1-4)GlcNAc(b1-3)Gal(b1-4)GlcNAc(b1-2)Man(a1-3)]Man(b1-4)GlcNAc(b1-4)GlcNAc(b1-Sp12,62.57789276,35.43623295,47.52776305,111.9307858,227.3879031
Gal(b1-4)GlcNAc(b1-3)Gal(b1-4)GlcNAc(b1-3)Gal(b1-4)GlcNAc(b1-2)Man(a1-6)[Gal(b1-4)GlcNAc(b1-3)Gal(b1-4)GlcNAc(b1-3)Gal(b1-4)GlcNAc(b1-2)Man(a1-3)]Man(b1-4)GlcNAc(b1-4)GlcNAc(b1-Sp24,10.64643817,17.31246213,89.04626671,127.6207953,940.8407383
GlcNAc(b1-3)Gal(b1-4)GlcNAc(b1-3)Gal(b1-4)GlcNAc(b1-3)Gal(b1-4)GlcNAc(b1-2)Man(a1-6)[GlcNAc(b1-3)Gal(b1-4)GlcNAc(b1-3)Gal(b1-4)GlcNAc(b1-3)Gal(b1-4)GlcNAc(b1-2)Man(a1-3)]Man(b1-4)GlcNAc(b1-4)GlcNAc(b1-Sp25,10.36120908,20.36571529,7.9412989760000015,21.14557172,14.41496736
Gal(b1-4)GlcNAc(b1-3)Gal(b1-4)GlcNAc(b1-3)Gal(b1-4)GlcNAc(b1-3)Gal(b1-4)GlcNAc(b1-2)Man(a1-6)[Gal(b1-4)GlcNAc(b1-3)Gal(b1-4)GlcNAc(b1-3)Gal(b1-4)GlcNAc(b1-3)Gal(b1-4)GlcNAc(b1-2)Man(a1-3)]Man(b1-4)GlcNAc(b1-4)GlcNAc(b1-Sp25,4.877991144,35.74615689,46.38795368,684.9393527000002,461.9114768
Gal(b1-3)GlcNAc(b1-3)Gal(b1-4)GlcNAc(b1-2)Man(a1-6)[Gal(b1-3)GlcNAc(b1-3)Gal(b1-4)GlcNAc(b1-2)Man(a1-3)]Man(b1-4)GlcNAc(b1-4)GlcNAc(a1-Sp25,6.136922967,15.59242236,5.038255716,5.645707955,3.322011649
Neu5Gc(a2-8)Neu5Gc(a2-3)Gal(b1-4)GlcNAc(a1-Sp0,6.250925453,7.471073701,7.818866121,17.40686398,3.9241663680000003
Neu5Ac(a2-8)Neu5Gc(a2-3)Gal(b1-4)GlcNAc(a1-Sp0,5.61691579,7.8197344960000015,8.219843785,6.04302089,6.011398054
Neu5Gc(a2-8)Neu5Ac(a2-3)Gal(b1-4)GlcNAc(a1-Sp0,11.76149948,9.690138224,7.865882684,15.23741757,5.477717652999999
Neu5Gc(a2-8)Neu5Gc(a2-3)Gal(b1-4)GlcNAc(b1-3)Gal(b1-4)GlcNAc(a1-Sp0,4.876594753,6.389988457,20.81998327,4.2804201210000015,15.19796498
Neu5Gc(a2-8)Neu5Gc(a2-6)Gal(b1-4)GlcNAc(a1-Sp0,9.453964339,6.186767794,19.49773735,2.724068337,15.03645877
Neu5Ac(a2-8)Neu5Ac(a2-3)Gal(b1-4)GlcNAc(a1-Sp0,13.02504966,4.624508235,8.101310666,22.87453569,15.44815691
GlcNAc(b1-3)Gal(b1-4)GlcNAc(b1-6)[GlcNAc(b1-3)Gal(b1-4)GlcNAc(b1-2)]Man(a1-6)[GlcNAc(b1-3)Gal(b1-4)GlcNAc(b1-2)]Man(a1-3)]Man(b1-4)GlcNAc(b1-4)GlcNAc(a1-Sp24,31.26366232,21.12441452,13.20643744,17.06505426,35.58883794
Gal(b1-4)GlcNAc(b1-3)Gal(b1-4)GlcNAc(b1-6)[Gal(b1-4)GlcNAc(b1-3)Gal(b1-4)GlcNAc(b1-2)]Man(a1-6)[Gal(b1-4)GlcNAc(b1-3)Gal(b1-4)GlcNAc(b1-2)Man(a1-3)]Man(a1-4)GlcNAc(b1-4)GlcNAc(a1-Sp24,6.2941485839999975,21.44175512,66.68771539,84.71140675,1111.864041
Gal(a1-3)Gal(b1-4)GlcNAc(b1-2)Man(a1-6)[Gal(a1-3)Gal(b1-4)GlcNAc(b1-2)Man(a1-3)]Man(b1-4)GlcNAc(b1-4)GlcNAc(a1-Sp24,25.14778794,24.42183478,20.06133389,11.27478964,24.99495324
GlcNAc(b1-3)Gal(b1-4)GlcNAc(b1-6)[GlcNAc(b1-3)Gal(b1-3)]GalNAc(a1-Sp14,17.25123959,5.726152494,12.72386454,5.4006651429999994,19.31746735
GalNAc(b1-3)GlcNAc(b1-Sp0 ,10.59296114,9.755837482999999,10.26382525,10.09921584,1.336532821
GalNAc(b1-4)GlcNAc(b1-3)GalNAc(b1-4)GlcNAc(b1-Sp0 ,4.7923142389999995,47.63502685,119.7155227,311.6802105,1288.416081
GlcNAc(b1-3)Gal(b1-4)GlcNAc(b1-3)Gal(b1-4)GlcNAc(b1-3)Gal(b1-4)GlcNAc(b1-3)Gal(b1-4)GlcNAc(b1-2)Man(a1-6)[GlcNAc(b1-3)Gal(b1-4)GlcNAc(b1-3)Gal(b1-4)GlcNAc(b1-3)Gal(b1-4)GlcNAc(b1-3)Gal(b1-4)GlcNAc(b1-2)Man(a1-3)]Man(b1-4)GlcNAc(b1-4)GlcNAc(b1-Sp25,5.457172975,7.030390793,12.81044952,40.16045761,6.258926968
Gal(b1-4)GlcNAc(b1-3)Gal(b1-4)GlcNAc(b1-3)Gal(b1-4)GlcNAc(b1-3)Gal(b1-4)GlcNAc(b1-3)Gal(b1-4)GlcNAc(b1-2)Man(a1-6)[Gal(b1-4)GlcNAc(b1-3)Gal(b1-4)GlcNAc(b1-3)Gal(b1-4)GlcNAc(b1-3)Gal(b1-4)GlcNAc(b1-3)Gal(b1-4)GlcNAc(b1-2)Man(a1-3)]Man(b1-4)GlcNAc(b1-4)GlcNAc(b1-Sp25,16.31479557,36.777219,23.84707435,165.05091430000004,1215.474533
GlcNA(b1-3)Gal(b1-3)GalNAc(a1-Sp14,11.77245077,7.31602343,25.17293592,9.074907248999999,12.62357882
Gal(b1-3)GlcNAc(b1-6)[Gal(b1-3)]GalNAc(a1-Sp14,20.70174236,5.19013697,20.35820103,10.10457064,18.54028739
Gal(b1-4)GlcNAc(b1-3)Gal(b1-4)GlcNAc(b1-3)Gal(b1-4)GlcNAc(b1-3)Gal(b1-4)GlcNAc(b1-3)Gal(b1-4)GlcNAc(b1-3)Gal(b1-4)GlcNAc(b1-2)Man(a1-6)[Gal(b1-4)GlcNAc(b1-3)Gal(b1-4)GlcNAc(b1-3)Gal(b1-4)GlcNAc(b1-3)Gal(b1-4)GlcNAc(b1-3)Gal(b1-4)GlcNAc(b1-3)Gal(b1-4)GlcNAc(b1-2)Man(a1-3)]Man(b1-4)GlcNAc(b1-4)GlcNAc(b1-Sp25,9.325204673,54.37965029,65.96263781,72.86440513,296.69736969999997
(3S)GlcA(b1-3)Gal(b1-4)GlcNAc(b1-3)Gal(b1-4)Glc(a1-Sp0,4.225492688,18.87141414,13.91475874,19.06208715,35.88210213
(3S)GlcA(b1-3)Gal(b1-4)GlcNAc(b1-2)Man(a1-Sp0,10.07193113,23.39026416,24.71940827,12.52829229,25.56087153
Gal(b1-3)GlcNAc(b1-3)Gal(b1-4)GlcNAc(b1-3)Gal(b1-4)GlcNAc(b1-6)[Gal(b1-3)GlcNAc(b1-3)Gal(b1-4)GlcNAc(b1-3)Gal(b1-4)GlcNA(b1-2)]Man(a1-6)[Gal(b1-3)GlcNAc(b1-3)Gal(b1-4)GlcNAc(b1-3)Gal(b1-4)GlcNAc(b1-2)Man(a1-3)]Man(b1-4)GlcNAc(b1-4)[Fuc(a1-6)]GlcNAc(b1-Sp24,29.50947921,6.677025037000001,17.2852962,15.49690917,34.597457
Gal(b1-3)GlcNAc(b1-3)Gal(b1-4)GlcNAc(b1-6)[Gal(b1-3)GlcNAc(b1-3)Gal(b1-4)GlcNA(b1-2)]Man(a1-6)[Gal(b1-3)GlcNAc(b1-3)Gal(b1-4)GlcNAc(b1-2)Man(a1-3)]Man(b1-4)GlcNAc(b1-4)[Fuc(a1-6)]GlcNAc(b1-Sp24,6.501418125,32.34214291,9.603421874,21.70799102,49.80399099
Neu5Ac(a2-8)Neu5Ac(a2-3)Gal(b1-3)GalNAc(b1-4)[Neu5Ac(a2-3)]Gal(b1-4)Glc(a1-Sp21,10.59210181,16.84332728,6.472661635,11.09546768,7.015589697999999
GlcNAc(b1-3)Gal(b1-4)GlcNAc(b1-2)Man(a1-6)[GlcNAc(b1-3)Gal(b1-4)GlcNAc(b1-2)Man(a1-3)]Man(b1-4)GlcNAc(b1-4)[Fuc(a1-6)]GlcNAc(b1-Sp24,17.9199397,3.150101054,13.43841247,21.45163606,12.52589098
Gal(b1-4)GlcNAc(b1-3)Gal(b1-4)GlcNAc(b1-2)Man(a1-6)[Gal(b1-4)GlcNAc(b1-3)Gal(b1-4)GlcNAc(b1-2)Man(a1-3)]Man(b1-4)GlcNAc(b1-4)[Fuc(a1-6)]GlcNAc(b1-Sp24,20.326549800000002,22.01269159,53.56136921,83.7834373,1802.143259
GlcNAc(b1-3)Gal(b1-4)GlcNAc(b1-3)Gal(b1-4)GlcNAc(b1-2)Man(a1-6)[GlcNAc(b1-3)Gal(b1-4)GlcNAc(b1-3)Gal(b1-4)GlcNAc(b1-2)Man(a1-3)]Man(b1-4)GlcNAc(b1-4)[Fuc(a1-6)]GlcNAc(b1-Sp24,9.735117727999999,24.64294769,7.036976387,13.95342079,12.98661748
Gal(b1-4)GlcNAc(b1-3)Gal(b1-4)GlcNAc(b1-3)Gal(b1-4)GlcNAc(b1-2)Man(a1-6)[Gal(b1-4)GlcNAc(b1-3)Gal(b1-4)GlcNAc(b1-3)Gal(b1-4)GlcNAc(b1-2)Man(a1-3)]Man(b1-4)GlcNAc(b1-4)[Fuc(a1-6)]GlcNAc(b1-Sp24,17.42781753,32.58596206,20.25492223,426.7107626,939.484548
GlcNAc(b1-3)Gal(b1-4)GlcNAc(b1-3)Gal(b1-4)GlcNAc(b1-3)Gal(b1-4)GlcNAc(b1-2)Man(a1-6)[GlcNAc(b1-3)Gal(b1-4)GlcNAc(b1-3)Gal(b1-4)GlcNAc(b1-3)Gal(b1-4)GlcNAc(b1-2)Man(a1-3)]Man(b1-4)GlcNAc(b1-4)[Fuc(a1-6)]GlcNAc(b1-Sp24,5.230751438,8.591343963,14.86199842,10.896247500000001,26.72303437
Gal(b1-4)GlcNAc(b1-3)Gal(b1-4)GlcNAc(b1-3)Gal(b1-4)GlcNAc(b1-3)Gal(b1-4)GlcNAc(b1-2)Man(a1-6)[Gal(b1-4)GlcNAc(b1-3)Gal(b1-4)GlcNAc(b1-3)Gal(b1-4)GlcNAc(b1-3)Gal(b1-4)GlcNAc(b1-2)Man(a1-3)]Man(b1-4)GlcNAc(b1-4)[Fuc(a1-6)]GlcNAc(b1-Sp24,20.91093303,38.36397815,89.77275072,126.7399378,207.2817808
GlcNAc(b1-3)Gal(b1-4)GlcNAc(b1-3)Gal(b1-4)GlcNAc(b1-3)Gal(b1-4)GlcNAc(b1-3)Gal(b1-4)GlcNAc(b1-2)Man(a1-6)[GlcNAc(b1-3)Gal(b1-4)GlcNAc(b1-3)Gal(b1-4)GlcNAc(b1-3)Gal(b1-4)GlcNAc(b1-3)Gal(b1-4)GlcNAc(b1-2)Man(a1-3)]Man(b1-4)GlcNAc(b1-4)[Fuc(a1-6)]GlcNAc(b1-Sp19,4.116680512,22.67588862,5.443653649,14.50322097,35.35402297
Gal(b1-4)GlcNAc(b1-3)Gal(b1-4)GlcNAc(b1-3)Gal(b1-4)GlcNAc(b1-3)Gal(b1-4)GlcNAc(b1-3)Gal(b1-4)GlcNAc(b1-2)Man(a1-6)[Gal(b1-4)GlcNAc(b1-3)Gal(b1-4)GlcNAc(b1-3)Gal(b1-4)GlcNAc(b1-3)Gal(b1-4)GlcNAc(b1-3)Gal(b1-4)GlcNAc(b1-2)Man(a1-3)]Man(b1-4)GlcNAc(b1-4)[Fuc(a1-6)]GlcNAc(b1-Sp19,5.575468902000001,63.97745918,29.12879584,202.6560476,2375.42902
Gal(b1-4)GlcNAc(b1-3)Gal(b1-4)GlcNAc(b1-6)[Gal(b1-4)GlcNAc(b1-3)Gal(b1-4)GlcNA(b1-2)]Man(a1-6)[Gal(b1-4)GlcNAc(b1-3)Gal(b1-4)GlcNAc(b1-2)Man(a1-3)]Man(b1-4)GlcNAc(b1-4)[Fuc(a1-6)]GlcNAc(b1-Sp24,47.275438,114.8620096,67.91400937,441.7038468,4340.842084000001
GlcNAc(b1-3)Gal(b1-4)GlcNAc(b1-3)Gal(b1-4)GlcNAc(b1-6)[GlcNAc(b1-3)Gal(b1-4)GlcNAc(b1-3)Gal(b1-4)GlcNA(b1-2)]Man(a1-6)[GlcNAc(b1-3)Gal(b1-4)GlcNAc(b1-3)Gal(b1-4)GlcNAc(b1-2)Man(a1-3)]Man(b1-4)GlcNAc(b1-4)[Fuc(a1-6)]GlcNAc(b1-Sp24,47.28850265,12.27889391,24.83125656,3.120566235,9.549450968
Gal(b1-4)GlcNAc(b1-3)Gal(b1-4)GlcNAc(b1-3)Gal(b1-4)GlcNAc(b1-6)[Gal(b1-4)GlcNAc(b1-3)Gal(b1-4)GlcNAc(b1-3)Gal(b1-4)GlcNA(b1-2)]Man(a1-6)[Gal(b1-4)GlcNAc(b1-3)Gal(b1-4)GlcNAc(b1-3)Gal(b1-4)GlcNAc(b1-2)Man(a1-3)]Man(b1-4)GlcNAc(b1-4)[Fuc(a1-6)]GlcNAc(b1-Sp24,14.1755128,33.29333764,331.8176143,425.82929569999993,5066.15103
GlcNAc(b1-3)Gal(b1-4)GlcNAc(b1-3)Gal(b1-4)GlcNAc(b1-3)Gal(b1-4)GlcNAc(b1-6)[GlcNAc(b1-3)Gal(b1-4)GlcNAc(b1-3)Gal(b1-4)GlcNAc(b1-3)Gal(b1-4)GlcNA(b1-2)]Man(a1-6)[GlcNAc(b1-3)Gal(b1-4)GlcNAc(b1-3)Gal(b1-4)GlcNAc(b1-3)Gal(b1-4)GlcNAc(b1-2)Man(a1-3)]Man(b1-4)GlcNAc(b1-4)[Fuc(a1-6)]GlcNAc(b1-Sp24,23.17665411,33.41155832,39.34403389,15.19418381,32.98582268
Gal(b1-4)GlcNAc(b1-3)Gal(b1-4)GlcNAc(b1-3)Gal(b1-4)GlcNAc(b1-3)Gal(b1-4)GlcNAc(b1-6)[Gal(b1-4)GlcNAc(b1-3)Gal(b1-4)GlcNAc(b1-3)Gal(b1-4)GlcNAc(b1-3)Gal(b1-4)GlcNA(b1-2)]Man(a1-6)[Gal(b1-4)GlcNAc(b1-3)Gal(b1-4)GlcNAc(b1-3)Gal(b1-4)GlcNAc(b1-3)Gal(b1-4)GlcNAc(b1-2)Man(a1-3)]Man(b1-4)GlcNAc(b1-4)[Fuc(a1-6)]GlcNAc(b1-Sp24,29.74257552,42.82603191,88.38540228,876.0764148,1580.862483
GlcNAc(b1-3)Gal(b1-4)GlcNAc(b1-3)Gal(b1-4)GlcNAc(b1-3)Gal(b1-4)GlcNAc(b1-3)Gal(b1-4)GlcNAc(b1-6)[GlcNAc(b1-3)Gal(b1-4)GlcNAc(b1-3)Gal(b1-4)GlcNAc(b1-3)Gal(b1-4)GlcNAc(b1-3)Gal(b1-4)GlcNA(b1-2)]Man(a1-6)[GlcNAc(b1-3)Gal(b1-4)GlcNAc(b1-3)Gal(b1-4)GlcNAc(b1-3)Gal(b1-4)GlcNAc(b1-3)Gal(b1-4)GlcNAc(b1-2)Man(a1-3)]Man(b1-4)GlcNAc(b1-4)[Fuc(a1-6)]GlcNAc(b1-Sp24,13.8494786,21.74395766,4.199260025,7.054179753,46.09062531
Gal(b1-4)GlcNAc(b1-3)Gal(b1-4)GlcNAc(b1-3)Gal(b1-4)GlcNAc(b1-3)Gal(b1-4)GlcNAc(b1-3)Gal(b1-4)GlcNAc(b1-6)[Gal(b1-4)GlcNAc(b1-3)Gal(b1-4)GlcNAc(b1-3)Gal(b1-4)GlcNAc(b1-3)Gal(b1-4)GlcNAc(b1-3)Gal(b1-4)GlcNA(b1-2)]Man(a1-6)[Gal(b1-4)GlcNAc(b1-3)Gal(b1-4)GlcNAc(b1-3)Gal(b1-4)GlcNAc(b1-3)Gal(b1-4)GlcNAc(b1-3)Gal(b1-4)GlcNAc(b1-2)Man(a1-3)]Man(b1-4)GlcNAc(b1-4)[Fuc(a1-6)]GlcNAc(b1-Sp24,34.85015309,64.14757295,58.96610923,249.5607515,709.8650551
Gal(b1-4)GlcNAc(b1-3)Gal(b1-4)GlcNAc(b1-3)GalNAc(a1-Sp14,16.45720828,91.21404957,88.53803952,33.82524827,188.70875159999997
Gal(b1-4)GlcNAc(b1-3)Gal(b1-4)GlcNAc(b1-6)[Gal(b1-3)]GalNAc(a1-Sp14,19.313547500000002,21.543955,44.65086242,26.36420075,214.0880449
Gal(b1-4)GlcNAc(b1-3)Gal(b1-4)GlcNAc(b1-6)[Gal(b1-4)GlcNAc(b1-3)Gal(b1-4)GlcNAc(b1-3)]GalNAc(a1-Sp14,11.32100608,23.79385121,42.49718779,37.98943195,700.5731165
Neu5Ac(a2-3)Gal(b1-4)GlcNAc(b1-3)Gal(b1-4)GlcNAc(b1-3)GalNAc(a1-Sp14,11.42449667,4.730920532,15.58561661,8.990840001,21.22686113
GlcNAc(b1-3)Gal(b1-4)GlcNAc(b1-3)GalNAc(a1-Sp14,10.61806916,47.01107272,27.03524018,4.5249477019999995,27.27450093
GlcNAc(b1-3)Gal(b1-4)GlcNAc(b1-6)[Gal(b1-3)]GalNAc(a1-Sp14,9.091329241,2.899234866,6.922357976,14.77661148,16.3960724
GlcNAc(b1-3)Gal(b1-4)GlcNAc(b1-6)[GlcNAc(b1-3)Gal(b1-4)GlcNAc(b1-3)]GalNAc(a1-Sp14,5.34917152,4.117262579,13.79466751,11.84259821,34.45895955
Neu5Ac(a2-3)Gal(b1-4)GlcNAc(b1-3)Gal(b1-4)GlcNAc(b1-6)[Neu5Ac(a2-3)Gal(b1-4)GlcNAc(b1-3)Gal(b1-4)GlcNAc(b1-3)]GalNAc(a1-Sp14,18.89623501,13.55961568,26.45409819,9.077794527,108.0761638
Neu5Ac(a2-6)Gal(b1-4)GlcNAc(b1-3)Gal(b1-4)GlcNAc(b1-3)GalNAc(a1-Sp14,8.219023035,7.146109587000001,10.12458408,8.54819637,7.179506471
GlcNAc(b1-3)Gal(b1-4)GlcNAc(b1-3)Gal(b1-4)GlcNAc(b1-3)GalNAc(a1-Sp14,15.07314111,22.90708829,39.34806712,17.79060437,26.57878034
Gal(b1-4)GlcNAc(b1-3)Gal(b1-3)GalNAc(a1-Sp14,12.19827624,10.99232979,7.305558746,23.94524681,91.05847287
Neu5Ac(a2-3)Gal(b1-4)GlcNAc(b1-3)Gal(b1-4)GlcNAc(b1-6)[Gal(b1-3)]GalNAc(a1-Sp14,9.170730469,10.05303787,31.98983396,14.18049933,5.38231456
Neu5Ac(a2-6)Gal(b1-4)GlcNAc(b1-3)Gal(b1-4)GlcNAc(b1-6)[Gal(b1-3)]GalNAc(a1-Sp14,11.52092263,26.95210118,55.66245893,11.81902976,13.53189123
Neu5Ac(a2-6)Gal(b1-4)GlcNAc(b1-6)[Gal(b1-3)]GalNAc(a1-Sp14,23.71255373,5.211697625,12.58264739,9.975017384,12.04817609
Neu5Ac(a2-3)Gal(b1-4)GlcNAc(b1-3)Gal(b1-4)GlcNAc(b1-2)Man(a1-6)[Neu5Ac(a2-3)Gal(b1-4)GlcNAc(b1-3)Gal(b1-4)GlcNAc(b1-2)Man(a1-3)]Man(b1-4)GlcNAc(b1-4)GlcNAc(b1-Sp12,34.09199575,32.23243708,103.0497261,24.1957505,35.18335208
GlcNAc(b1-6)[Neu5Ac(a2-3)Gal(b1-3)]GalNAc(a1-Sp14,5.874582032,4.9427699810000005,19.8092371,12.61892696,10.29678346
Neu5Ac(a2-6)Gal(b1-4)GlcNAc(b1-3)Gal(b1-4)GlcNAc(b1-6)[Neu5Ac(a2-6)Gal(b1-4)GlcNAc(b1-3)Gal(b1-4)GlcNAc(b1-3)]GalNAc(a1-Sp14,34.69649707,14.542424300000002,29.309357799999997,45.90820192,41.18085945
Neu5Ac(a2-6)Gal(b1-4)GlcNAc(b1-3)Gal(b1-4)GlcNAc(b1-3)Gal(b1-4)GlcNAc(b1-2)Man(a1-6)[Neu5Ac(a2-6)Gal(b1-4)GlcNAc(b1-3)Gal(b1-4)GlcNAc(b1-3)Gal(b1-4)GlcNAc(b1-2)Man(a1-3)]Man(b1-4)GlcNAc(b1-4)GlcNAc(b1-Sp12,12.05368589,27.7104305,15.8782003,22.12130096,23.30328454
Neu5Ac(a2-3)Gal(b1-4)GlcNAc(b1-3)Gal(b1-4)GlcNAc(b1-3)Gal(b1-4)GlcNAc(b1-2)Man(a1-6)[Neu5Ac(a2-3)Gal(b1-4)GlcNAc(b1-3)Gal(b1-4)GlcNAc(b1-3)Gal(b1-4)GlcNAc(b1-2)Man(a1-3)]Man(b1-4)GlcNAc(b1-4)GlcNAc(b1-Sp12,7.314650466,15.87741459,33.62797383,24.52733258,23.54085824
Neu5Ac(a2-6)Gal(b1-4)GlcNAc(b1-3)Gal(b1-4)GlcNAc(b1-2)Man(a1-6)[Neu5Ac(a2-6)Gal(b1-4)GlcNAc(b1-3)Gal(b1-4)GlcNAc(b1-2)Man(a1-3)]Man(b1-4)GlcNAc(b1-4)GlcNAc(b1-Sp12,4.223216646,15.63763352,44.26305893,13.9760098,34.53291831
GlcNAc(b1-3)Fuc(a1-Sp21,3.6670168960000002,14.91210418,3.557476613,9.992135858,51.93123337
Gal(b1-3)GalNAc(b1-4)[Neu5Ac(a2-8)Neu5Ac(a2-8)Neu5Ac(a2-3)]Gal(b1-4)Glc(b1-Sp21,12.367650900000001,8.572294756,23.05553382,16.31084009,17.39509394
