IUPAC,EEL (0.1ug/ml),EEL (1ug/ml),EEL (10ug/ml),EEL (100ug/ml)
Gal(a1-Sp8,9.472031944053322,5.824812429240385,5.7414391050212,3.7414972733742182
Glc(a1-Sp8,4.499217538176331,4.228525422551783,5.568401899034108,13.11259721956334
Man(a1-Sp8,21.490285358020877,8.272532125604936,13.566784763623984,27.33739052079889
GalNAc(a1-Sp8,4.571002807827474,15.062574370355824,6.893686439295987,5.1801272809330285
GalNAc(a1-Sp15,8.08364051732468,12.54913921599806,11.923841384490993,2.215531524638412
Fuc(a1-Sp8,6.074760317562608,23.570677145484535,8.84356932277159,3.4444821956040337
Fuc(a1-Sp9,6.510982312728755,10.152975765590435,14.355895901771508,15.809663474254188
Rha(a1-Sp8,6.2316379170461,6.062967368307923,9.915702378676963,31.214549512793976
Neu5Ac(a1-Sp8,33.2202565878486,5.4690509914122,4.622448891370572,7.358950898678873
Neu5Ac(a1-Sp11,14.992575185626595,35.06052185492965,13.351470776035619,17.732610722244672
Neu5Ac(b1-Sp8,3.7213885843638175,8.202285838055548,5.681739270314447,6.274073440423959
Gal(b1-Sp8,17.209282384491427,7.802927508313787,11.787012485323277,14.32430437799106
Glc(b1-Sp8,4.1952936944271295,10.15347424431658,7.512430024687972,8.854272159951938
Man(b1-Sp8,3.1218958145118623,2.5113444321053744,6.052194198456732,6.601967800083044
GalNAc(b1-Sp8,10.832106445924182,13.418174019093144,14.679464587420522,6.218444508811404
GlcNAc(b1-Sp0,19.557401651783053,2.960033468842345,12.283182419979775,15.34194413155756
GlcNAc(b1-Sp8,2.7463399332869907,2.679466743433601,7.297691167759839,5.99756940018205
GlcN[Gc](b1-Sp8,14.475287461624616,9.926329080111476,10.895017120072216,12.273980874054947
Gal(b1-4)GlcNAc(b1-6)[Gal(b1-4)GlcNAc(b1-3)]GalNAc(a1-Sp8,5.59075866609354,9.80357753254733,1.40706190576913,12.558137226615255
Gal(b1-4)GlcNAc(b1-6)[Gal(b1-4)GlcNAc(b1-3)]GalNAc(a1-Sp14,8.19438156111653,7.1628803168371675,5.363954121960778,4.543787191319597
GlcNAc(b1-6)[GlcNAc(b1-4)][GlcNAc(b1-3)]GlcNAc(a1-Sp8,13.716148924777189,1.6970740250992746,9.649777496743994,4.338922341626619
6S(3S)Gal(b1-4)(6S)GlcNAc(b1-Sp0,4.823660456109379,9.006605076461014,6.739400076354473,11.146968116039442
6S(3S)Gal(b1-4)GlcNAc(b1-Sp0,4.980748909551652,3.6744409882094122,9.266671810670033,5.209705739210872
(3S)Gal(b1-4)[Fuc(a1-3)](6S)Glc(a1-Sp0,4.709725718128198,15.130024075630756,6.821647911062256,12.237149665669715
(3S)Gal(b1-4)Glc(b1-Sp8,5.249712603800309,4.300711865397018,4.473255334671459,4.7435051037357105
(3S)Gal(b1-4)(6S)Glc(b1-Sp0,6.926545848882157,7.570907939826865,8.356440052837485,7.253268648225667
(3S)Gal(b1-4)(6S)Glc(b1-Sp8,11.29143660844359,6.367861099039983,28.06796367788969,10.202345646100225
(3S)Gal(b1-3)[Fuc(a1-4)]GlcNAc(b1-Sp8,11.497233404461564,5.839679538796061,5.090680333380488,6.383504255174684
(3S)Gal(b1-3)GalNAc(a1-Sp8,14.61890067971369,9.24642309558134,6.469463436277641,14.097226377790301
(3S)Gal(b1-3)GlcNAc(b1-Sp0,3.478625526818517,8.708585306657637,1.8209755929171592,8.605588629634813
(3S)Gal(b1-3)GlcNAc(b1-Sp8,11.2697604493914,12.713118088907224,6.287970576161015,3.5382824929618004
(3S)Gal(b1-4)[Fuc(a1-3)]GlcNAc(a1-Sp0 ,17.045511073862425,10.453120216590836,9.580065681881678,12.352657749245706
(3S)Gal(b1-4)[Fuc(a1-3)]GlcNAc(a1-Sp8,12.86441911747281,6.781864537807183,5.722602644703425,7.69663396443536
(3S)Gal(b1-4)(6S)GlcNAc(b1-Sp0,2.3893144581656944,10.290775970903908,16.78376329532006,12.106462481219134
(3S)Gal(b1-4)(6S)GlcNAc(b1-Sp8,4.874551403890076,7.805144227740658,3.3353516130237333,11.508775376316107
(3S)Gal(b1-4)GlcNAc(b1-Sp0,5.556108377872658,4.026127643592539,5.533327261844058,4.954902792437002
(3S)Gal(b1-4)GlcNAc(b1-Sp8,1.7441598197030537,17.133475782514186,6.180145282744852,4.5050646095070945
(3S)Gal(b1-Sp8,4.5976564148668935,8.423835188321291,10.619381146556208,9.938580966910383
(6S)(4S)Gal(b1-4)GlcNAc(b1-Sp0,2.2035726067759445,11.474289166218533,5.473461787190384,4.433327419576255
(4S)Gal(b1-4)GlcNAc(b1-Sp8,6.585335374400714,7.4127746928303875,10.537015804415402,2.626979612121117
(6P)Man(a1-Sp8,1.9504086005672423,4.928334817494995,5.174860887663235,7.208376712547697
(6S)Gal(b1-4)Glc(b1-Sp0,2.9729263040254845,9.408678172260258,4.171894119282031,6.472248429191098
(6S)Gal(b1-4)Glc(b1-Sp8,5.336125900797947,6.578034942835639,4.4490281728148116,5.579738701991338
(6S)Gal(b1-4)GlcNAc(b1-Sp8,7.340913012471039,8.001137622603009,10.813593897497721,0.7927066733666336
(6S)Gal(b1-4)(6S)Glc(b1-Sp8,19.85322374695523,6.003849695195572,10.001618528476607,8.459247374471335
Neu5Ac(a2-3)(6S)Gal(b1-4)GlcNAc(b1-Sp8,5.758113325850173,4.438398062364398,8.148137634453652,9.818416081867106
(6S)GlcNAc(b1-Sp8,6.625095986474463,7.583305330790777,19.31322789219434,4.052498257762326
"Neu5,9Ac2(a1-Sp8",6.177752730834514,9.307709855947381,4.89176548454986,4.857008411477861
"Neu5,9Ac2(a2-6)Gal(b1-4)GlcNAc(b1-Sp8",8.390620182630517,8.034706716230117,6.983488307190517,4.5967624761890855
Man(a1-6)[Man(a1-3)]Man(b1-4)GlcNAc(b1-4)GlcNAc(b1-Sp12,3.6082699704983257,2.4350783551732618,8.862488432103408,4.132278463108055
Man(a1-6)[Man(a1-3)]Man(b1-4)GlcNAc(b1-4)GlcNAc(b1-Sp13,2.2676156545293606,3.393365437020697,10.675924442876127,10.129810190184537
GlcNAc(b1-2)Man(a1-6)[GlcNAc(b1-2)Man(a1-3)]Man(b1-4)GlcNAc(b1-4)GlcNAc(b1-Sp12,4.727837449528767,1.7080912843970857,7.160546504748548,3.2714237128758885
GlcNAc(b1-2)Man(a1-6)[GlcNAc(b1-2)Man(a1-3)]Man(b1-4)GlcNAc(b1-4)GlcNAc(b1-Sp13,5.286222068106237,10.9998949149526,8.854313607502279,8.210057885707426
Gal(b1-4)GlcNAc(b1-2)Man(a1-6)[Gal(b1-4)GlcNAc(b1-2)Man(a1-3)]Man(b1-4)GlcNAc(b1-4)GlcNAc(b1-Sp12,3.5846289258210997,3.792287998359297,7.69170358952857,4.713913272696053
Neu5Ac(a2-6)Gal(b1-4)GlcNAc(b1-2)Man(a1-6)[Neu5Ac(a2-6)Gal(b1-4)GlcNAc(b1-2)Man(a1-3)]Man(b1-4)GlcNAc(b1-4)GlcNAc(b1-Sp12,2.2240729070408944,6.545757276982296,2.7089649688580346,7.878215467138902
Neu5Ac(a2-6)Gal(b1-4)GlcNAc(b1-2)Man(a1-6)[Neu5Ac(a2-6)Gal(b1-4)GlcNAc(b1-2)Man(a1-3)]Man(b1-4)GlcNAc(b1-4)GlcNAc(b1-Sp13,5.577461451233883,7.514470510510591,2.2693742081610635,3.3558783424264176
Neu5Ac(a2-6)Gal(b1-4)GlcNAc(b1-2)Man(a1-6)[Neu5Ac(a2-6)Gal(b1-4)GlcNAc(b1-2)M(an-a)(a1-3)]Man(b1-4)GlcNAc(b1-4)GlcNAc(b1-Sp21,8.464811304256381,2.9248596923613297,5.315232780728733,3.343864021731944
Neu5Ac(a2-6)Gal(b1-4)GlcNAc(b1-2)Man(a1-6)[Neu5Ac(a2-6)Gal(b1-4)GlcNAc(b1-2)Man(a1-3)]Man(b1-4)GlcNAc(b1-4)GlcNAc(b1-Sp24,6.340691937267837,2.9808623461452712,4.766215848028717,3.65941104129704
Fuc(a1-2)Gal(b1-3)GalNAc(b1-3)Gal(a1-Sp9,0.8435260176781714,7.616477553742706,7.9688507483827316,0.9359055343177906
Fuc(a1-2)Gal(b1-3)GalNAc(b1-3)Gal(a1-4)Gal(b1-4)Glc(b1-Sp9,6.3260718970516505,2.4970431212068966,5.9038310061490336,4.331969463092551
Fuc(a1-2)Gal(b1-3)[Fuc(a1-4)]GlcNAc(b1-Sp8,3.0129436154697604,4.026980858741034,6.3234778281021775,6.267394369472853
Fuc(a1-2)Gal(b1-3)GalNAc(a1-Sp8,5.979479848267182,4.871219213913491,5.736034223805385,10.01024998834528
Fuc(a1-2)Gal(b1-3)GalNAc(a1-Sp14,5.19981399499058,19.277684601351034,3.3006557574467936,4.396866085823703
Fuc(a1-2)Gal(b1-3)GalNAc(b1-4)[Neu5Ac(a2-3)]Gal(b1-4)Glc(b1-Sp0,11.093025408599468,10.380448127449343,8.041716515354999,4.913441283187716
Fuc(a1-2)Gal(b1-3)GalNAc(b1-4)[Neu5Ac(a2-3)]Gal(b1-4)Glc(b1-Sp9,8.782063493469701,1.92921775598298,4.421303743618314,5.1695718517107405
Fuc(a1-2)Gal(b1-3)GlcNAc(b1-3)Gal(b1-4)Glc(b1-Sp8,31.04023990763173,41.55520708698869,44.36743671319978,144.47100496427547
Fuc(a1-2)Gal(b1-3)GlcNAc(b1-3)Gal(b1-4)Glc(b1-Sp10,12.121238191702998,44.10173595255755,132.96336256135314,78.53811266514421
Fuc(a1-2)Gal(b1-3)GlcNAc(b1-Sp0,31.597081948008512,47.725826195432425,69.94103323411687,238.4058384214445
Fuc(a1-2)Gal(b1-3)GlcNAc(b1-Sp8,4.6853809727705205,163.3929852761204,84.74886929748695,26.458903313702887
Fuc(a1-2)Gal(b1-4)[Fuc(a1-3)]GlcNAc(b1-3)Gal(b1-4)[Fuc(a1-3)]GlcNAc(b1-Sp0,9.089374911538195,5.357884760721036,7.028489411435905,12.040723422999413
Fuc(a1-2)Gal(b1-4)[Fuc(a1-3)]GlcNAc(b1-3)Gal(b1-4)[Fuc(a1-3)]GlcNAc(b1-3)Gal(b1-4)[Fuc(a1-3)]GlcNAc(b1-Sp0,16.619830697292517,4.041131676791373,4.493528323044148,16.378549871503697
Fuc(a1-2)Gal(b1-4)[Fuc(a1-3)]GlcNAc(b1-Sp0,9.931271709563012,2.5037162916685785,8.624326322434309,5.928058368119639
Fuc(a1-2)Gal(b1-4)[Fuc(a1-3)]GlcNAc(b1-Sp8,7.860606112550522,1.1792978345184877,3.03068029986668,5.3268879422385735
Fuc(a1-2)Gal(b1-4)GlcNAc(b1-3)Gal(b1-4)GlcNAc(b1-Sp0,5.1613080657103065,66.32503667195238,77.54261051020634,222.3766003616066
Fuc(a1-2)Gal(b1-4)GlcNAc(b1-3)Gal(b1-4)GlcNAc(b1-3)Gal(b1-4)GlcNAc(b1-Sp0,14.861222794995726,51.30376907611897,241.61659265967583,286.33306291805764
Fuc(a1-2)Gal(b1-4)GlcNAc(b1-Sp0,1.2606627370818344,4.715827125400872,5.495101109397355,3.8515668560556864
Fuc(a1-2)Gal(b1-4)GlcNAc(b1-Sp8,7.590185718852121,9.12971413225328,64.81392648838916,253.71411439274826
Fuc(a1-2)Gal(b1-4)Glc(b1-Sp0,7.0022295887333845,5.951971985821164,6.040924513888581,1.3778591688437063
Fuc(a1-2)Gal(b1-Sp8,2.7555063575805203,6.659061189774928,6.520841573179033,12.786625650655456
Fuc(a1-3)GlcNAc(b1-Sp8,4.068803659041971,5.037895143476755,10.53394317227251,2.660963624172012
Fuc(a1-4)GlcNAc(b1-Sp8,5.248260436246159,2.050002336584022,3.477435567579459,7.094735651406142
Fuc(b1-3)GlcNAc(b1-Sp8,11.811692925515224,4.312914983704949,5.046947626701376,3.9031595791102247
GalNAc(a1-3)[Fuc(a1-2)]Gal(b1-3)GlcNAc(b1-Sp0,3.6109362968626337,16.467473054959992,5.155235698701536,3.228742272154898
GalNAc(a1-3)[Fuc(a1-2)]Gal(b1-4)[Fuc(a1-3)]GlcNAc(b1-Sp0,4.798564398511989,2.3630823788363022,7.153169556217714,2.6495967875634747
(3S)Gal(b1-4)[Fuc(a1-3)]Glc(b1-Sp0,6.456673122695102,2.019290139298131,4.862923862160156,2.1852964924696128
GalNAc(a1-3)[Fuc(a1-2)]Gal(b1-4)GlcNAc(b1-Sp0,9.746689283546491,7.415304779306103,5.789456067714824,3.314109771240737
GalNAc(a1-3)[Fuc(a1-2)]Gal(b1-4)GlcNAc(b1-Sp8,2.7155327414708146,2.4716221048466687,6.8924873243143026,4.9361692214205934
GalNAc(a1-3)[Fuc(a1-2)]Gal(b1-4)Glc(b1-Sp0,1.4445798267431726,3.5809529932686877,3.1668119219755866,4.961315721325006
GlcNAc(b1-3)Gal(b1-3)GalNAc(a1-Sp8,9.270306198601707,3.9328666401451535,2.9014477850146907,3.7145986219913416
GalNAc(a1-3)[Fuc(a1-2)]Gal(b1-Sp8,4.321334179008458,3.0612480726821207,4.923949771186406,6.2846857478450495
GalNAc(a1-3)[Fuc(a1-2)]Gal(b1-Sp18,11.270940504493547,2.809957467501368,3.5411241346028297,3.1905036932538837
GalNAc(a1-3)GalNAc(b1-Sp8,2.5909719776884197,6.670098976027268,3.645761518416509,3.093675491493358
GalNAc(a1-3)Gal(b1-Sp8,14.222230136743677,4.21226815969338,4.590382029490209,5.3666687702118026
GalNAc(a1-4)[Fuc(a1-2)]Gal(b1-4)GlcNAc(b1-Sp8,6.0724736692169525,19.320435854534107,1.230920328791969,3.1191755474537355
GalNAc(b1-3)GalNAc(a1-Sp8,3.654431292280641,5.545832193263091,2.4035137673830818,7.323402930047842
GalNAc(b1-3)[Fuc(a1-2)]Gal(b1-Sp8,4.092754295398147,8.252429105976411,4.0833778887705074,9.719684964844973
GalNAc(b1-3)Gal(a1-4)Gal(b1-4)GlcNAc(b1-Sp0,15.491982796487582,9.052156268536233,5.07905780263425,11.539477415232744
GalNAc(b1-4)[Fuc(a1-3)]GlcNAc(b1-Sp0,4.91945216258883,5.499754912342299,10.755348041788325,10.769528890191376
GalNAc(b1-4)GlcNAc(b1-Sp0,17.835030406174432,4.729804249913529,9.759763251355023,10.389309995495381
GalNAc(b1-4)GlcNAc(b1-Sp8,18.27126309910365,7.018654501813956,8.155883560146448,16.835381673626138
Gal(a1-2)Gal(b1-Sp8,3.3742407001427686,5.580379467981267,9.79977170788517,3.16877687062902
Gal(a1-3)[Fuc(a1-2)]Gal(b1-3)GlcNAc(b1-Sp0,68.45889486299038,147.8538990767035,265.4169119775409,486.66680317900045
Gal(a1-3)[Fuc(a1-2)]Gal(b1-3)GlcNAc(b1-Sp8,28.24240094485534,208.17471224996208,268.91467941828085,242.7232630831403
Gal(a1-3)[Fuc(a1-2)]Gal(b1-4)[Fuc(a1-3)]GlcNAc(b1-Sp0,4.731978695623366,3.062226745768509,3.628035094809112,9.13181264682246
Gal(a1-3)[Fuc(a1-2)]Gal(b1-4)[Fuc(a1-3)]GlcNAc(b1-Sp8,4.197698862075109,0.7641720764984692,4.578388681257491,4.1208980585749355
Gal(a1-3)[Fuc(a1-2)]Gal(b1-4)GlcNAc(a1-Sp0,46.84235886000455,140.51685295286364,102.51361956122535,162.42519490058717
Gal(a1-3)[Fuc(a1-2)]Gal(b1-4)Glc(b1-Sp0,52.18873336084258,36.59561498438145,241.34838330952545,291.8745660842962
Gal(a1-3)[Fuc(a1-2)]Gal(b1-Sp8,3.4388593622498336,80.818649033144,159.52140001217109,44.60264178102765
Gal(a1-3)[Fuc(a1-2)]Gal(b1-Sp18,29.67278194983584,71.25043887083504,116.92066292961523,151.22303097119058
Gal(a1-4)[Gal(a1-3)]Gal(b1-4)GlcNAc(b1-Sp8,11.076791042347656,7.442278020427178,15.452528468047975,30.206697834241446
Gal(a1-3)GalNAc(a1-Sp8,13.644458661913594,22.00308457699738,33.00951078734734,11.228229314655984
Gal(a1-3)GalNAc(a1-Sp16,4.3151739751524865,12.644298358911293,4.876486791653052,4.008738452431147
Gal(a1-3)GalNAc(b1-Sp8,3.715840322188253,2.9425198808447584,6.046654350065554,4.982014001970821
Gal(a1-3)Gal(b1-4)[Fuc(a1-3)]GlcNAc(b1-Sp8,3.3785398058924807,4.486291438278023,3.470458928705732,3.995943388300191
Gal(a1-3)Gal(b1-3)GlcNAc(b1-Sp0,16.046491909240878,38.325988928098546,299.8726648873352,96.20382667487827
Gal(a1-3)Gal(b1-4)GlcNAc(b1-Sp8,15.039021342826805,110.32876257466434,93.32399702871521,285.8260007279408
Gal(a1-3)Gal(b1-4)Glc(b1-Sp0,5.1452301046697615,1.844576689469252,2.777543541212868,4.822218225654384
Gal(a1-3)Gal(b1-4)Glc(a1-Sp10,7.657042188893825,6.332190751759351,6.323350809697338,8.178451152062149
Gal(a1-3)Gal(b1-Sp8,8.194101780549225,8.559436921268054,10.54823469350046,4.799917728722021
Gal(a1-4)[Fuc(a1-2)]Gal(b1-4)GlcNAc(b1-Sp8,4.231184572118464,11.807465895356207,3.8676315839498847,6.326009334222222
Gal(a1-4)Gal(b1-4)GlcNAc(b1-Sp0,2.431335817165805,25.767132211275147,9.33256202658198,1.6557955358880143
Gal(a1-4)Gal(b1-4)GlcNAc(b1-Sp8,8.812889919695275,10.641405657305492,3.2577061852117213,3.9971521865573423
Gal(a1-4)Gal(b1-4)Glc(b1-Sp0,1.1295162637164555,5.004012476003631,6.718853985799957,16.977559312884182
Gal(a1-4)GlcNAc(b1-Sp8,1.6023418736337005,7.271322755867734,4.669169117644666,6.499467241436022
Gal(a1-6)Glc(b1-Sp8,13.99382330467625,12.456732093229757,5.698542463574929,9.037415810211822
Gal(b1-2)Gal(b1-Sp8,3.875666874229519,5.287444783320834,4.133204479980801,9.085212002433767
Gal(b1-3)[Fuc(a1-4)]GlcNAc(b1-3)Gal(b1-4)[Fuc(a1-3)]GlcNAc(b1-Sp0,4.781110978981074,7.161254920461452,3.81153193906334,6.6340659495139205
Gal(b1-3)[Fuc(a1-4)]GlcNAc(b1-3)Gal(b1-4)GlcNAc(b1-Sp0,5.107795651420157,10.335753275241569,4.666624204836585,8.030514074246227
Gal(b1-3)[Fuc(a1-4)]GlcNAc(a1-Sp0,4.19791903238974,18.57207151639255,4.495094715353614,11.6562656670136
Gal(b1-3)[Fuc(a1-4)]GlcNAc(a1-Sp8 ,13.088221159118605,7.917486135131527,4.092294735231077,3.94609079923832
Fuc(a1-4)[Gal(b1-3)]GlcNAc(b1-Sp8,9.796087256144672,4.938098780569971,4.031396742652187,2.535716086894064
Gal(b1-4)GlcNAc(b1-6)GalNAc(a1-Sp8,10.706356807834617,18.481255398984672,5.094959887640599,9.90505421300156
Gal(b1-4)GlcNAc(b1-6)GalNAc(a1-Sp14,11.364651635370667,13.740779828518956,5.844118946142923,8.094725360381288
GlcNAc(b1-6)[Gal(b1-3)]GalNAc(a1-Sp8,15.882918412217775,11.698777102045026,8.117219320473394,13.02193453242132
GlcNAc(b1-6)[Gal(b1-3)]GalNAc(a1-Sp14,5.789135316550592,7.532555123373921,1.625886487427705,1.725654324934954
Neu5Ac(a2-6)[Gal(b1-3)]GalNAc(a1-Sp8,4.105415754017288,3.59581804647196,3.865829221094312,1.3517802000202048
Neu5Ac(a2-6)[Gal(b1-3)]GalNAc(a1-Sp14,6.398389655999389,5.5464673690407045,6.37062185347709,6.924276869765303
Neu5Ac(b2-6)[Gal(b1-3)]GalNAc(a1-Sp8,3.957118570374158,3.2206140174144835,3.5118497636573194,5.642443057458947
Neu5Ac(a2-6)[Gal(b1-3)]GlcNAc(b1-4)Gal(b1-4)Glc(b1-Sp10,4.293235341305359,7.83663086467435,3.477047475948527,3.8975126165072695
Gal(b1-3)GalNAc(a1-Sp8,3.6725450234362897,13.147016251954913,3.0445114140038987,3.998993837204549
Gal(b1-3)GalNAc(a1-Sp14,15.098755428400938,1.890417320769858,1.1189341636128045,4.634562048349339
Gal(b1-3)GalNAc(a1-Sp16,2.6204988969977934,6.4194840236579775,7.88469860949041,15.276950807971039
Gal(b1-3)GalNAc(b1-Sp8,10.083571833887373,7.053029403679434,3.3356642691773795,4.281745627953641
Gal(b1-3)GalNAc(b1-3)Gal(a1-4)Gal(b1-4)Glc(b1-Sp0,2.432711846205107,4.477577927481182,11.661251290349025,1.643563526811992
Gal(b1-3)GalNAc(b1-4)[Neu5Ac(a2-3)]Gal(b1-4)Glc(b1-Sp0,3.4054238987239143,2.5971976145774263,10.55980912800984,2.6915604104930138
Gal(b1-3)GalNAc(b1-4)Gal(b1-4)Glc(b1-Sp8,3.793243393522229,2.397159578021456,7.279344563615142,5.287304387240567
Gal(b1-3)Gal(b1-Sp8,7.972188359697737,1.3709854290497288,2.133984878109493,7.755611081608378
Gal(b1-3)GlcNAc(b1-3)Gal(b1-4)GlcNAc(b1-Sp0,5.0575095474452665,4.127819860713424,9.405811612464213,6.298033843721917
Gal(b1-3)GlcNAc(b1-3)Gal(b1-4)Glc(b1-Sp10,3.3246700561860285,5.5310498005954205,2.7325444020485112,9.172991624328453
Gal(b1-3)GlcNAc(b1-Sp0,6.701781277827064,5.656920960130737,9.089994385953528,4.3601075616510485
Gal(b1-3)GlcNAc(b1-Sp8,6.908947735123396,3.432081636072585,2.876665111432563,4.666542122028541
Gal(b1-4)[Fuc(a1-3)]GlcNAc(b1-Sp0,4.186875803428294,9.773382697365667,3.102862313520637,10.904799424412477
Gal(b1-4)[Fuc(a1-3)]GlcNAc(b1-Sp8,5.322313765255987,4.529763019831536,8.279774729373177,8.783103400801263
Gal(b1-4)[Fuc(a1-3)]GlcNAc(b1-4)Gal(b1-4)[Fuc(a1-3)]GlcNAc(b1-Sp0,6.500660372095537,2.312391023738562,3.7357993275647554,6.677306920895081
Gal(b1-4)[Fuc(a1-3)]GlcNAc(b1-4)Gal(b1-4)[Fuc(a1-3)]GlcNAc(b1-4)Gal(b1-4)[Fuc(a1-3)]GlcNAc(b1-Sp0,2.094672563114996,6.371442820049998,14.854714984447416,14.540822836414733
Gal(b1-4)(6S)Glc(b1-Sp0,9.46381393391868,5.835104667655936,3.7072019929681033,6.320771706840862
Gal(b1-4)(6S)Glc(b1-Sp8,17.235428040521658,4.6232163056866185,3.663459693604763,12.47745164403239
Gal(b1-4)GalNAc(a1-3)[Fuc(a1-2)]Gal(b1-4)GlcNAc(b1-Sp8,3.1369205359981125,3.436124707670936,6.64440915256328,3.9471417467791374
Gal(b1-4)GalNAc(b1-3)[Fuc(a1-2)]Gal(b1-4)GlcNAc(b1-Sp8,7.514408003462416,6.0055823866910005,4.115297540478286,3.9576820396119103
Gal(b1-4)GlcNAc(b1-3)GalNAc(a1-Sp8,4.660295624743134,9.509681009196187,4.846611039599386,10.04050267711566
Gal(b1-4)GlcNAc(b1-3)GalNAc(a1-Sp14,3.9029960981917458,3.7341988225945673,3.371468549831063,6.712692573215313
Gal(b1-4)GlcNAc(b1-3)Gal(b1-4)[Fuc(a1-3)]GlcNAc(b1-3)Gal(b1-4)[Fuc(a1-3)]GlcNAc(b1-Sp0,1.405246109820863,4.233679676514667,2.4570492404508286,7.219538722337687
Gal(b1-4)GlcNAc(b1-3)Gal(b1-4)GlcNAc(b1-3)Gal(b1-4)GlcNAc(b1-Sp0,2.510096900353984,1.8456898265508548,7.342857170747646,12.341719388960087
Gal(b1-4)GlcNAc(b1-3)Gal(b1-4)GlcNAc(b1-Sp0,7.625791082241894,10.87048520915695,1.221054583819498,9.77013662971677
Gal(b1-4)GlcNAc(b1-3)Gal(b1-4)Glc(b1-Sp0,3.9155967220846337,3.0466970753861635,4.060623783361371,5.380575719815362
Gal(b1-4)GlcNAc(b1-3)Gal(b1-4)Glc(b1-Sp8,3.8410839419578746,11.962834264504385,5.562805163689151,3.216093684762116
Gal(b1-4)GlcNAc(b1-6)[Gal(b1-3)]GalNAc(a1-Sp8,6.478517207406853,3.970364847529757,14.413119250992589,4.454076563479051
Gal(b1-4)GlcNAc(b1-6)[Gal(b1-3)]GalNAc(a1-Sp14,2.611740991975795,2.2685306542267973,4.422779422772517,6.6275909582592645
Gal(b1-4)GlcNAc(b1-Sp0,7.991158294431832,7.584562569236701,3.7601017569342385,4.940900341705613
Gal(b1-4)GlcNAc(b1-Sp8,6.245103699899626,6.9705298203101815,4.431646221590051,9.41536754619808
Gal(b1-4)GlcNAc(b1-Sp23,2.253987242458715,0.5761804426566339,1.5618250955746182,4.385230671241821
Gal(b1-4)Glc(b1-Sp0,5.828835036837693,9.566012192653742,4.099976553997989,4.6399185097010776
Gal(b1-4)Glc(b1-Sp8,4.0395514201249245,9.378828171649877,10.404727202054202,3.20359653358534
GlcNAc(a1-3)Gal(b1-4)GlcNAc(b1-Sp8,3.157438915086084,5.826230174535389,4.138564349304399,7.895354179304857
GlcNAc(a1-6)Gal(b1-4)GlcNAc(b1-Sp8,9.888894729442725,9.2752830667946,5.4385415038562215,5.487224883308498
GlcNAc(b1-2)Gal(b1-3)GalNAc(a1-Sp8,10.790216584905355,2.7454219985277333,2.0059751932248155,13.976895131012947
GlcNAc(b1-6)[GlcNAc(b1-3)]GalNAc(a1-Sp8,8.193413790356253,16.00212328640588,5.342393190556085,4.855077374168889
GlcNAc(b1-6)[GlcNAc(b1-3)]GalNAc(a1-Sp14,3.824510800416181,5.896976535691829,3.0919551844262005,13.733787435979442
GlcNAc(b1-6)[GlcNAc(b1-3)]Gal(b1-4)GlcNAc(b1-Sp8,6.684799998504069,7.3048555050162784,6.934711628467331,16.879237361005586
GlcNAc(b1-3)GalNAc(a1-Sp8,2.4471448157325413,7.5889933511193215,3.953764258167984,6.08174449781201
GlcNAc(b1-3)GalNAc(a1-Sp14,6.894715321353012,7.1981501739451526,5.888994991436711,2.626339005155284
GlcNAc(b1-3)Gal(b1-Sp8,5.0366147932746745,4.001483927557377,7.347951625850116,4.346692665598373
GlcNAc(b1-3)Gal(b1-4)GlcNAc(b1-Sp0,2.331413049883411,5.7260141197869885,16.411622409540538,3.802359347716448
GlcNAc(b1-3)Gal(b1-4)GlcNAc(b1-Sp8,19.678331576021208,1.036907692773723,0.7233990945529281,3.3485381450965543
GlcNAc(b1-3)Gal(b1-4)GlcNAc(b1-3)Gal(b1-4)GlcNAc(b1-Sp0,4.900595362470428,3.8535569502949714,4.35465862525411,3.9159011521402514
GlcNAc(b1-3)Gal(b1-4)Glc(b1-Sp0,7.628012238016753,7.336647491134263,7.244548918267218,3.8518620746984173
GlcNAc(b1-4)(a1-MDPLys,12.414394073681835,5.869712685188826,4.9089986575675475,12.660859579296606
GlcNAc(b1-6)[GlcNAc(b1-4)]GalNAc(a1-Sp8,9.671507167965082,6.449651649184887,2.9794122791528324,4.377614912540843
GlcNAc(b1-4)Gal(b1-4)GlcNAc(b1-Sp8,2.131231038625337,5.4552830305432645,5.688558490733838,4.524074275381271
GlcNAc(b1-4)GlcNAc(b1-4)GlcNAc(b1-4)GlcNAc(b1-4)GlcNAc(b1-4)GlcNAc(b1-Sp8,9.120324253510217,4.245306754817606,4.6076435300486995,8.629298011425956
GlcNAc(b1-4)GlcNAc(b1-4)GlcNAc(b1-4)GlcNAc(b1-4)GlcNAc(b1-Sp8,4.443181630599859,5.172155081701116,6.538736261949503,1.925954108790408
GlcNAc(b1-4)GlcNAc(b1-4)GlcNAc(b1-Sp8,7.904352281865562,5.578914357053112,9.553484115232518,14.593696100114595
GlcNAc(b1-6)GalNAc(a1-Sp8,2.34125990636808,5.748620235905888,3.5976008880919506,3.1269719989951943
GlcNAc(b1-6)GalNAc(a1-Sp14,3.567943819041066,2.3347850472081286,1.5891309456743936,4.5506800571453
GlcNAc(b1-6)Gal(b1-4)GlcNAc(b1-Sp8,5.282251995755848,3.1220907496686654,3.8414436270756345,2.9499840118210807
Glc(a1-4)Glc(b1-Sp8,3.5492710077798564,2.8115751303021135,7.716063503443108,6.41733707824618
Glc(a1-4)Glc(a1-Sp8,5.196613032463231,3.70905773332887,10.014826572137935,6.966022818892663
Glc(a1-6)Glc(a1-6)Glc(b1-Sp8,3.7350434955075587,3.0301449870427075,5.492104129262903,3.0104930022616965
Glc(b1-4)Glc(b1-Sp8,5.606190258618888,5.400460862124021,5.5220147213222806,1.66402912734923
Glc(b1-6)Glc(b1-Sp8,26.05122616244132,10.338853329874963,4.460629952054608,6.979007651521809
G-ol(a1-Sp8,8.122397043309741,4.8469351044414335,6.202648145751951,18.38718536488116
GlcA(a1-Sp8,10.147591717578447,4.305738321124501,6.936443788426456,3.444718376974621
GlcA(b1-Sp8,7.849260261111629,13.419214830576566,7.32840499699629,9.794245848583742
GlcA(b1-3)Gal(b1-Sp8,8.786883067770196,7.544102465889052,5.457994848156236,14.880856425482829
GlcA(b1-6)Gal(b1-Sp8,9.539170046838453,2.5642729084804228,3.584502965079912,24.08486318255721
KDN(a2-3)Gal(b1-3)GlcNAc(b1-Sp0,2.6340926703199545,4.179501215356521,5.7733101720330176,5.8325560620251835
KDN(a2-3)Gal(b1-4)GlcNAc(b1-Sp0,4.432410766445277,3.3940682491664775,10.12991807975266,8.749149466233849
Man(a1-2)Man(a1-2)Man(a1-3)Man(a1-Sp9,4.0547295885997965,3.1883294727281033,2.9150813384878367,9.28034567262089
Man(a1-2)Man(a1-6)[Man(a1-2)Man(a1-3)]Man(a1-Sp9,3.1465712291317987,7.89321697725332,2.7068634678042613,13.902361540729926
Man(a1-2)Man(a1-3)Man(a1-Sp9,5.0303484394721885,4.20485018084275,11.178135689818768,5.6782453835523246
Man(a1-6)[Man(a1-2)Man(a1-3)]Man(a1-6)[Man(a1-2)Man(a1-3)]Man(b1-4)GlcNAc(b1-4)GlcNAc(b1-Sp12,18.28662468442897,3.4093200342345886,3.662479626792024,2.010347559295821
Man(a1-2)Man(a1-6)[Man(a1-3)]Man(a1-6)[Man(a1-2)Man(a1-2)Man(a1-3)]Man(b1-4)GlcNAc(b1-4)GlcNAc(b1-Sp12,2.4325894493659783,2.918357774502641,2.3000397625186118,7.112425839039263
Man(a1-2)Man(a1-6)[Man(a1-2)Man(a1-3)]Man(a1-6)[Man(a1-2)Man(a1-2)Man(a1-3)]Man(b1-4)GlcNAc(b1-4)GlcNAc(b1-Sp12,11.325848951403165,11.981236681439302,13.849646784033878,9.258727738868881
Man(a1-6)[Man(a1-3)]Man(a1-Sp9,16.326390267166634,2.1901830471446897,3.148444335832112,9.863560647614372
Man(a1-2)Man(a1-2)Man(a1-6)[Man(a1-3)]Man(a1-Sp9,7.400472285379277,5.447605220951068,7.60570200239049,4.260762646131199
Man(a1-6)[Man(a1-3)]Man(a1-6)[Man(a1-2)Man(a1-3)]Man(b1-4)GlcNAc(b1-4)GlcNAc(b1-Sp12,6.823033483905847,16.120813793871154,28.13330234555954,14.217158406980165
Man(a1-6)[Man(a1-3)]Man(a1-6)[Man(a1-3)]Man(b1-4)GlcNAc(b1-4)GlcNAc(b1-Sp12,9.96741155315662,9.824445530240707,4.755184741241223,9.631451761979251
Man(b1-4)GlcNAc(b1-Sp0,4.443339927727037,10.061000267493288,8.063550768737061,9.586620087392633
Neu5Ac(a2-3)Gal(b1-4)GlcNAc(b1-3)Gal(b1-4)[Fuc(a1-3)]GlcNAc(b1-Sp0,10.575240214923417,7.592378444642144,1.9530233099394043,6.304026427080822
(3S)Gal(b1-4)[Fuc(a1-3)](6S)GlcNAc(b1-Sp8,14.102602538302392,7.452441328126417,7.8910757604186434,11.632417556803627
Fuc(a1-2)(6S)Gal(b1-4)GlcNAc(b1-Sp0,1.5049088662883658,3.3313506083619173,2.8251498562023274,2.4129897642758467
Fuc(a1-2)Gal(b1-4)(6S)GlcNAc(b1-Sp8,7.255265194785547,5.303889518944247,40.88283619564579,50.62011757206064
Fuc(a1-2)(6S)Gal(b1-4)(6S)Glc(b1-Sp0,10.600719604622762,3.58658559670615,10.512005163740158,9.743059743008523
Neu5Ac(a2-3)Gal(b1-3)GalNAc(a1-Sp8,2.9779362455398517,6.128612372035506,6.814767064923543,10.608938504550464
Neu5Ac(a2-3)Gal(b1-3)GalNAc(a1-Sp14,4.5042716106491625,6.244497074224629,5.417826464167466,3.685572873946015
GalNAc(b1-4)[Neu5Ac(a2-8)Neu5Ac(a2-8)Neu5Ac(a2-8)Neu5Ac(a2-3)]Gal(b1-4)Glc(b1-Sp0,16.591016291631046,3.2429690043744386,3.8952384822156163,12.572796422302668
GalNAc(b1-4)[Neu5Ac(a2-8)Neu5Ac(a2-8)Neu5Ac(a2-3)]Gal(b1-4)Glc(b1-Sp0,23.831829915384887,4.153112759124171,5.8230916985023295,9.0076552444296
Neu5Ac(a2-8)Neu5Ac(a2-8)Neu5Ac(a2-3)Gal(b1-4)Glc(b1-Sp0,6.989898464212486,4.146343230184884,7.310427931386774,9.634761787878652
GalNAc(b1-4)[Neu5Ac(a2-8)Neu5Ac(a2-3)]Gal(b1-4)Glc(b1-Sp0,6.452297533178906,8.676592259013134,3.0244087940179907,8.048677724270407
Neu5Ac(a2-8)Neu5Ac(a2-8)Neu5Ac(a1-Sp8,4.972298201033398,6.149962725903302,2.788594691476931,4.491740622798692
Neu5Ac(a2-3)(6S)Gal(b1-4)[Fuc(a1-3)]GlcNAc(b1-Sp8,5.5569464968781785,1.9625546266282632,1.4580059053378358,6.741342809856205
GalNAc(b1-4)[Neu5Ac(a2-3)]Gal(b1-4)GlcNAc(b1-Sp0,2.6180135828524667,5.2688762308326575,0.17432653986125546,7.031371714146551
GalNAc(b1-4)[Neu5Ac(a2-3)]Gal(b1-4)GlcNAc(b1-Sp8,1.9326355086168348,7.27180551141416,2.7107447254705983,2.0674270015327445
GalNAc(b1-4)[Neu5Ac(a2-3)]Gal(b1-4)Glc(b1-Sp0,3.726567134329752,3.0642936717401383,6.613428084019662,7.485679121495923
Neu5Ac(a2-3)Gal(b1-3)GalNAc(b1-4)[Neu5Ac(a2-3)]Gal(b1-4)Glc(b1-Sp0,2.2842613195152035,4.760669863930215,2.9651620611977774,4.969016838034126
Neu5Ac(a2-6)[Neu5Ac(a2-3)]GalNAc(a1-Sp8,2.3716126543978464,7.214446888189004,6.99102652023769,4.02475041079154
Neu5Ac(a2-3)GalNAc(a1-Sp8,2.150464895474157,9.329480570883893,4.7761042527705895,6.386364414385801
Neu5Ac(a2-3)GalNAc(b1-4)GlcNAc(b1-Sp0,7.162323651057666,9.387193792076523,6.973745550455653,5.25785889653129
Neu5Ac(a2-3)Gal(b1-3)(6S)GlcNAc(a1-Sp8,12.779322778092215,4.8847608214220735,4.661457988297934,19.071301748678998
Neu5Ac(a2-3)Gal(b1-3)[ Fuc(a1-4)]GlcNAc(b1-Sp8,5.553414357777263,2.7334951045623974,2.7427172625883185,4.074564821752949
Neu5Ac(a2-3)Gal(b1-3)[Fuc(a1-4)]GlcNAc(b1-3)Gal(b1-4)[Fuc(a1-3)]GlcNAc(b1-Sp0,3.3520337979352184,10.935042046558364,2.7744917474497366,3.2678131345748604
Neu5Ac(a2-3)Gal(b1-4)[Neu5Ac(a2-3)Gal(b1-3)]GlcNAc(b1-Sp8,4.374335631841708,11.067367042609252,8.89182511224027,2.6513678751102527
Neu5Ac(a2-3)Gal(b1-3)(6S)GalNAc(a1-Sp8,2.021049424597694,12.070563548429144,3.7287788000899154,2.124720541624248
Neu5Ac(a2-6)[Neu5Ac(a2-3)Gal(b1-3)]GalNAc(a1-Sp8,1.1636360466944418,4.582005107210168,3.858837962716236,1.4749189921257817
Neu5Ac(a2-6)[Neu5Ac(a2-3)Gal(b1-3)]GalNAc(a1-Sp14,5.965381426405195,4.11173494038708,4.129123440776105,10.127610168906253
Neu5Ac(a2-3)Gal(b1-Sp8,5.053624864721692,8.575706303078872,4.724752322961837,3.670008065840371
Neu5Ac(a2-3)Gal(b1-3)GalNAc(b1-3)Gal(a1-4)Gal(b1-4)Glc(b1-Sp0,21.315149975447824,2.588472425163796,7.61157284425061,2.387434239757538
Neu5Ac(a2-3)Gal(b1-3)GlcNAc(b1-3)Gal(b1-4)GlcNAc(b1-Sp0,11.032453980982652,0.9999784897686484,17.942593392887773,13.06498722170572
Fuc(a1-2)(6S)Gal(b1-4)Glc(b1-Sp0,4.963350558174724,5.308035418981927,6.111105681734974,10.706013643586793
Neu5Ac(a2-3)Gal(b1-3)GlcNAc(b1-Sp0,2.9168066282608924,5.095986963860223,6.381390402569019,7.880957054137946
Neu5Ac(a2-3)Gal(b1-3)GlcNAc(b1-Sp8,22.25150167164755,5.33580605500862,4.4670107211086965,4.041114314455859
Neu5Ac(a2-3)Gal(b1-4)(6S)GlcNAc(b1-Sp8,3.9635858596309785,17.395880859823304,5.332122623230514,19.50144496065185
Neu5Ac(a2-3)Gal(b1-4)[Fuc(a1-3)](6S)GlcNAc(b1-Sp8,4.5938857302397045,6.2766335379060205,6.240129640213143,8.69484069448659
Neu5Ac(a2-3)Gal(b1-4)[Fuc(a1-3)]GlcNAc(b1-3)Gal(b1-4)[Fuc(a1-3)]GlcNAc(b1-3)Gal(b1-4)[Fuc(a1-3)]GlcNAc(b1-Sp0,4.611950521109987,7.414097172447902,3.4295991845500966,4.622324980641956
Neu5Ac(a2-3)Gal(b1-4)[Fuc(a1-3)]GlcNAc(b1-Sp0,2.818624059566418,1.3342979102634225,4.1679564641040425,4.181819424206008
Neu5Ac(a2-3)Gal(b1-4)[Fuc(a1-3)]GlcNAc(b1-Sp8,5.488626349324576,6.342316933634484,7.028715758171378,4.055825317881266
Neu5Ac(a2-3)Gal(b1-4)[Fuc(a1-3)]GlcNAc(b1-3)Gal(b1-Sp8,11.641248738286908,1.5169891130679345,4.4704790394878255,2.608677800949489
Neu5Ac(a2-3)Gal(b1-4)[Fuc(a1-3)]GlcNAc(b1-3)Gal(b1-4)GlcNAc(b1-Sp8,6.0528738039601215,3.238204122143425,4.886822906125547,6.95258845772566
Neu5Ac(a2-3)Gal(b1-4)GlcNAc(b1-3)Gal(b1-4)GlcNAc(b1-3)Gal(b1-4)GlcNAc(b1-Sp0,13.18170248346169,5.673343031156027,6.6855274516425816,3.2188084984975407
Neu5Ac(a2-3)Gal(b1-4)GlcNAc(b1-Sp0,6.072658045425137,5.036100115747637,6.0900002539682605,11.217912633819113
Neu5Ac(a2-3)Gal(b1-4)GlcNAc(b1-Sp8,4.184921613363863,2.807829597601441,16.125326573747273,8.551070118412076
Neu5Ac(a2-3)Gal(b1-4)GlcNAc(b1-3)Gal(b1-4)GlcNAc(b1-Sp0,9.959242096791296,4.975308285925609,9.274562476293244,5.5103844602713545
Fuc(a1-2)Gal(b1-4)(6S)Glc(b1-Sp0,12.744809612021143,7.012615127694278,5.1122672604725965,5.242751465515664
Neu5Ac(a2-3)Gal(b1-4)Glc(b1-Sp0,6.642315129280353,8.858409779930408,4.8310071154125485,1.9163888564606804
Neu5Ac(a2-3)Gal(b1-4)Glc(b1-Sp8,5.429440200425823,3.298232329976167,7.520918482638937,5.582036808071615
Neu5Ac(a2-6)GalNAc(a1-Sp8,1.3403905413473072,1.5651414483468666,5.287908376664633,5.560217724753829
Neu5Ac(a2-6)GalNAc(b1-4)GlcNAc(b1-Sp0,5.242443873725941,5.762576056114135,7.3816061930991745,6.0023683327916455
Neu5Ac(a2-6)Gal(b1-4)(6S)GlcNAc(b1-Sp8,5.135823294192144,4.460659164574224,1.5763876881444312,2.3475902714272787
Neu5Ac(a2-6)Gal(b1-4)GlcNAc(b1-Sp0,17.79711350266291,1.6000190769695988,16.652152162608495,1.5896688572886304
Neu5Ac(a2-6)Gal(b1-4)GlcNAc(b1-Sp8,7.972130905588123,3.3696694818137107,2.4820739668000766,1.41053152954243
Neu5Ac(a2-6)Gal(b1-4)GlcNAc(b1-3)Gal(b1-4)[Fuc(a1-3)]GlcNAc(b1-3)Gal(b1-4)[Fuc(a1-3)]GlcNAc(b1-Sp0,7.102964483932043,6.7704823749247485,2.3527063203893483,6.109597204671793
Neu5Ac(a2-6)Gal(b1-4)GlcNAc(b1-3)Gal(b1-4)GlcNAc(b1-Sp0,1.5766042803020213,3.4841328508683413,2.6563380639519467,5.94392419366196
Neu5Ac(a2-6)Gal(b1-4)Glc(b1-Sp0,4.1765743554576655,7.3884769045566285,6.964972886522959,8.189969730662423
Neu5Ac(a2-6)Gal(b1-4)Glc(b1-Sp8,8.938864879651483,2.7879994696018158,6.451996462271715,8.144743035234445
Neu5Ac(a2-6)Gal(b1-Sp8,3.390148430378825,7.654332513626944,3.844940985242817,12.804264090365884
Neu5Ac(a2-8)Neu5Ac(a1-Sp8,3.1854085299220323,8.386822645475858,9.952069468666634,4.771917772761807
Neu5Ac(a2-8)Neu5Ac(a2-3)Gal(b1-4)Glc(b1-Sp0,2.1055089746899687,6.021449424072803,3.429825046072571,3.5324712761276182
Gal(b1-3)[Fuc(a1-4)]GlcNAc(b1-3)Gal(b1-3)[Fuc(a1-4)]GlcNAc(b1-Sp0,9.855589625647298,4.398341394207597,5.228277098305591,2.317150613720796
Neu5Ac(b2-6)GalNAc(a1-Sp8,6.470274437958564,8.741890438190891,4.445381337223312,2.5117969800855082
Neu5Ac(b2-6)Gal(b1-4)GlcNAc(b1-Sp8,1.0926182662912671,6.0864232301629055,6.088090434268643,4.136945091086741
Neu5Gc(a2-3)Gal(b1-3)[Fuc(a1-4)]GlcNAc(b1-Sp0,12.612469049053542,5.009307092802358,4.126654726187625,6.305509296572852
Neu5Gc(a2-3)Gal(b1-3)GlcNAc(b1-Sp0,4.1016352798812665,5.106586630601051,6.243062521978557,11.477162613170847
Neu5Gc(a2-3)Gal(b1-4)[Fuc(a1-3)]GlcNAc(b1-Sp0,5.059613955876474,6.673089162948947,2.8614240922717684,5.908929563733747
Neu5Gc(a2-3)Gal(b1-4)GlcNAc(b1-Sp0,5.696047248458064,6.3648552318572005,5.650880342625086,4.7924402707980285
Neu5Gc(a2-3)Gal(b1-4)Glc(b1-Sp0,2.4678383125048264,5.736283571195433,3.709082964381716,6.4562956083577765
Neu5Gc(a2-6)GalNAc(a1-Sp0,2.127967442380953,2.202745366582348,7.046702053384028,3.1819073214818814
Neu5Gc(a2-6)Gal(b1-4)GlcNAc(b1-Sp0,3.8560704428213297,5.438085550004397,2.1176428263519997,8.85034275357929
Neu5Gc(a1-Sp8,5.738590003578112,4.981707853989432,1.8578095388117708,4.812773902421903
Neu5Ac(a2-3)Gal(b1-4)GlcNAc(b1-6)[Gal(b1-3)]GalNAc(a1-Sp14,9.501879508812982,3.8599677002102832,3.8115722979500246,8.040045004019978
Gal(b1-3)GlcNAc(b1-3)Gal(b1-3)GlcNAc(b1-Sp0,6.135189053865148,4.717139894310959,6.4011748715242325,11.077833690753772
Gal(b1-4)[Fuc(a1-3)](6S)GlcNAc(b1-Sp0 ,3.10546143578803,11.264731135236502,8.605717525914582,6.586660432204367
Gal(b1-4)[Fuc(a1-3)](6S)Glc(b1-Sp0,2.3726682523760703,6.246848015332753,9.458580765985282,12.036721399776333
Gal(b1-4)[Fuc(a1-3)]GlcNAc(b1-3)Gal(b1-3)[Fuc(a1-4)]GlcNAc(b1-Sp0,7.053165496900427,8.207941319793091,5.204256864337118,5.80955746048412
Gal(b1-4)GlcNAc(b1-3)Gal(b1-3)GlcNAc(b1-Sp0,8.18543614125112,8.977182103719036,1.6282840382337074,8.385002027976302
Neu5Ac(a2-3)Gal(b1-3)GlcNAc(b1-3)Gal(b1-3)GlcNAc(b1-Sp0,7.857268431787647,3.2311180545594422,10.757313338492095,2.24986554024161
Neu5Ac(a2-3)Gal(b1-4)GlcNAc(b1-3)Gal(b1-3)GlcNAc(b1-Sp0,8.303660664429877,21.109386971282074,1.7110582989775651,3.390223456253779
4S(3S)Gal(b1-4)GlcNAc(b1-Sp0,7.947257331725625,3.1187812377861133,7.704883219696888,2.0148502756615305
(6S)Gal(b1-4)(6S)GlcNAc(b1-Sp0,14.940969528865919,4.43471338598486,6.165279226644965,5.481892331652763
(6P)Glc(b1-Sp10,18.885418124287497,1.2615455636507031,7.193320099636424,11.566340337519634
Neu5Ac(a2-3)Gal(b1-4)[Fuc(a1-3)]GlcNAc(b1-6)[Gal(b1-3)]GalNAc(a1-Sp14,23.51852800090112,8.385633764361437,6.497155769770843,33.299042935646035
Gal(b1-3)Gal(b1-4)GlcNAc(b1-Sp8,5.9477644698799725,3.0030281106465417,8.436519205019726,13.723478110158512
Neu5Ac(a2-6)Gal(b1-4)GlcNAc(b1-2)Man(a1-6)[Gal(b1-4)GlcNAc(b1-2)Man(a1-3)]Man(b1-4)GlcNAc(b1-4)GlcNAc(b1-Sp12,2.0910267828668965,10.100382768778283,5.699624711037264,5.054330235220768
Gal(b1-4)GlcNAc(b1-6)[Gal(b1-4)GlcNAc(b1-3)]Gal(b1-4)GlcNAc(a1-Sp0,7.313137769965775,3.028648481171101,4.1195431854353295,4.047006720507552
GlcNAc(b1-6)[Gal(b1-4)GlcNAc(b1-3)]Gal(b1-4)GlcNAc(a1-Sp0,3.789707392728364,6.831140458408095,8.346905068896293,9.193103956408489
Gal(b1-4)GlcNAc(a1-6)Gal(b1-4)GlcNAc(b1-Sp0,9.705639668898693,5.5693886512943855,3.989251166572492,2.4882499566294918
Gal(b1-4)GlcNAc(b1-6)Gal(b1-4)GlcNAc(b1-Sp0,8.129654535095582,2.99868140174422,1.9297032284784088,6.256962514604565
GalNAc(b1-3)Gal(b1-Sp8,3.429412142044169,6.281245778240705,4.19590931702136,5.909914467161661
GlcA(b1-3)GlcNAc(b1-Sp8,1.4875122823022335,5.526902523942926,4.615913544377394,8.465317422823947
Neu5Ac(a2-6)Gal(b1-4)GlcNAc(b1-2)Man(a1-6)[GlcNAc(b1-2)Man(a1-3)]Man(b1-4)GlcNAc(b1-4)GlcNAc(b1-Sp12,4.714703134521487,5.439555335380511,8.065180871861049,9.979915345666344
GlcNAc(b1-3)Ma(n1-Sp10,7.0314616272744646,7.082423357627449,3.4451597625025565,7.025809528920253
GlcNAc(b1-4)GlcNAc(b1-Sp10,8.965087888953828,4.109199722066733,10.064362424374762,4.995512501819338
GlcNAc(b1-4)GlcNAc(b1-Sp12,9.149319245532244,2.803580905883281,1.6805388944720412,7.373355113967228
MurNAc(b1-4)GlcNAc(b1-Sp10,5.433308915308124,4.1517206588553925,8.681312129079334,2.4964100068899
Man(a1-6)Man(b1-Sp10,7.809279972517741,6.490917358060161,3.3612228275832368,1.3200565249892282
Man(a1-6)[Man(a1-3)]Man(a1-6)[Man(a1-3)]Man(b1-Sp10,8.591475734509562,14.944263767970257,5.8930630758403835,21.35514689067955
Man(a1-2)Man(a1-6)[Man(a1-3)]Man(a1-6)[Man(a1-2)Man(a1-2)Man(a1-3)]Man(a1-Sp9,6.283404031985104,14.46780148363945,7.002968303214947,4.191662823987632
Man(a1-2)Man(a1-6)[Man(a1-2)Man(a1-3)]Man(a1-6)[Man(a1-2)Man(a1-2)Man(a1-3)]Man(a1-Sp9,1.6919864873376915,6.04830952608523,4.361669596610912,1.5282494495336827
Neu5Ac(a2-3)Gal(b1-4)GlcNAc(b1-6)[Neu5Ac(a2-3)Gal(b1-3)]GalNAc(a1-Sp14,3.10573122576096,4.763333272947282,2.050524476810752,6.232756854648407
Neu5Ac(a2-6)Gal(b1-4)GlcNAc(b1-2)Man(a1-6)[Neu5Ac(a2-3)Gal(b1-4)GlcNAc(b1-2)Man(a1-3)]Man(b1-4)GlcNAc(b1-4)GlcNAc(b1-Sp12,9.07641740716934,5.557760296123491,2.7684911502778338,8.570878928626078
Gal(b1-4)GlcNAc(b1-2)Man(a1-6)[Neu5Ac(a2-6)Gal(b1-4)GlcNAc(b1-2)Man(a1-3)]Man(b1-4)GlcNAc(b1-4)GlcNAc(b1-Sp12,9.038249122110637,8.720184912985884,1.8076232184833216,12.756124773221678
GlcNAc(b1-2)Man(a1-6)[Neu5Ac(a2-6)Gal(b1-4)GlcNAc(b1-2)Man(a1-3)]Man(b1-4)GlcNAc(b1-4)GlcNAc(b1-Sp12,3.865892748986535,2.7283149346254008,4.2911641950835016,11.020974053140677
Neu5Ac(a2-8)Neu5Ac(b1-Sp17,7.6243616478146325,1.9795659768410527,2.6966729518365136,10.533799070294316
Neu5Ac(a2-8)Neu5Ac(a2-8)Neu5Ac(b1-Sp8,8.046913895142245,5.372690109169397,8.594584757469866,3.958697429289927
Neu5Gc(b2-6)Gal(b1-4)GlcNAc(a1-Sp8,1.8941083449739595,7.213017916413348,6.543973327675881,11.868231338149474
Gal(b1-3)GlcNAc(b1-2)Man(a1-6)[Gal(b1-3)GlcNAc(b1-2)Man(a1-3)]Man(b1-4)GlcNAc(b1-4)GlcNAc(b1-Sp19,18.134366218568726,2.91973884377239,8.193791757381522,10.962287860205093
Neu5Ac(a2-3)Gal(b1-4)GlcNAc(b1-2)Man(a1-6)[Neu5Ac(a2-3)Gal(b1-4)GlcNAc(b1-2)Man(a1-3)]Man(b1-4)GlcNAc(b1-4)GlcNAc(b1-Sp12,6.818327244028901,5.060420584216955,3.509361578217137,8.637874648459535
Neu5Ac(a2-3)Gal(b1-4)GlcNAc(b1-2)Man(a1-6)[Neu5Ac(a2-6)Gal(b1-4)GlcNAc(b1-2)Man(a1-3)]Man(b1-4)GlcNAc(b1-4)GlcNAc(b1-Sp12,7.891087915860102,4.491428363004358,13.887796867034021,2.2585419431940283
Gal(b1-4)[Fuc(a1-3)]GlcNAc(b1-2)Man(a1-6)[Gal(b1-4)[Fuc(a1-3)]GlcNAc(b1-2)Man(a1-3)]Man(b1-4)GlcNAc(b1-4)GlcNAc(b1-Sp20,5.615236008397158,2.9486769263236305,5.413110988070228,3.868985391977248
"Neu5,9Ac2(a2-3)Gal(b1-4)GlcNAc(b1-Sp0",6.4520719863208775,3.141095935471136,2.6278937935160296,4.688554882103864
"Neu5,9Ac2(a2-3)Gal(b1-4)GlcNAc(b1-Sp0",8.420550261710929,9.545946061505198,3.2329386666777333,1.1639931711569405
Neu5Ac(a2-6)Gal(b1-4)GlcNAc(b1-3)Gal(b1-3)GlcNAc(b1-Sp0,3.680464618654378,6.228160668220324,3.2742861965116425,7.576884122722657
Neu5Ac(a2-3)Gal(b1-3)[Fuc(a1-4)]GlcNAc(b1-3)Gal(b1-3)[Fuc(a1-4)]GlcNAc(b1-Sp0,22.84258392657231,8.678937875252931,9.98563101740863,7.816257982084522
Neu5Ac(a2-6)Gal(b1-4)GlcNAc(b1-3)Gal(b1-4)GlcNAc(b1-3)Gal(b1-4)GlcNAc(b1-Sp0,8.181897511580058,1.9722172302597247,12.082932257079273,2.680460106492914
Gal(a1-4)Gal(b1-4)GlcNAc(b1-3)Gal(b1-4)Glc(b1-Sp0,4.52098611910794,5.5981441933912315,2.5260451533309243,3.625091095292184
GalNAc(b1-3)Gal(a1-4)Gal(b1-4)GlcNAc(b1-3)Gal(b1-4)Glc(b1-Sp0,7.34860862907622,3.3107286200824864,1.4354676473772094,2.565686173326736
GalNAc(a1-3)[Fuc(a1-2)]Gal(b1-4)GlcNAc(b1-3)Gal(b1-4)GlcNAc(b1-Sp0,5.0745281294586055,2.8616615294556804,6.898107939802519,7.058824152553076
GalNAc(a1-3)[Fuc(a1-2)]Gal(b1-4)GlcNAc(b1-3)Gal(b1-4)GlcNAc(b1-3)Gal(b1-4)GlcNAc(b1-Sp0,11.84971227020583,10.690482529918842,9.953819067908901,5.233084036763917
Neu5Ac(a2-3)Gal(b1-4)[Fuc(a1-3)]GlcNAc(b1-6)[Neu5Ac(a2-3)Gal(b1-3)]GalNAc(a1-Sp14,3.8101984786447383,7.344965316233081,2.351611889747121,17.041342926150705
GlcNAc(a1-4)Gal(b1-4)GlcNAc(b1-3)Gal(b1-4)GlcNAc(b1-3)Gal(b1-4)GlcNAc(b1-Sp0,8.700445958445655,2.202339614099816,11.616400565005787,7.91471035240709
GlcNAc(a1-4)Gal(b1-4)GlcNAc(b1-Sp0,6.037428574318705,5.9474230326391515,4.253022598105964,4.431894915552489
GlcNAc(a1-4)Gal(b1-3)GlcNAc(b1-Sp0,17.878886569545287,5.2459763478784565,3.267400878756689,8.024570503771526
GlcNAc(a1-4)Gal(b1-4)GlcNAc(b1-3)Gal(b1-4)Glc(b1-Sp0,9.278594116342909,9.336073301983006,4.340231266495672,4.5404314562788715
GlcNAc(a1-4)Gal(b1-4)GlcNAc(b1-3)Gal(b1-4)[Fuc(a1-3)]GlcNAc(b1-3)Gal(b1-4)[Fuc(a1-3)]GlcNAc(b1-Sp0,11.525278387490985,5.877354474307867,4.525685028810547,18.03696981653237
GlcNAc(a1-4)Gal(b1-4)GlcNAc(b1-3)Gal(b1-4)GlcNAc(b1-Sp0,5.548152387582134,9.542419178070098,5.096874683159609,7.73644255046637
GlcNAc(a1-4)Gal(b1-3)GalNAc(a1-Sp14,14.10034566881252,9.173883389092463,8.072699075433166,13.893602451578195
Neu5Ac(a2-6)Gal(b1-4)GlcNAc(b1-2)Man(a1-6)[Man(a1-3)]Man(b1-4)GlcNAc(b1-4)GlcNAc(a1-Sp12,21.274777763880405,10.23428098838245,2.7399373732197945,4.074252977233988
Man(a1-6)[Neu5Ac(a2-6)Gal(b1-4)GlcNAc(b1-2)Man(a1-3)]Man(b1-4)GlcNAc(b1-4)GlcNAc(a1-Sp12,5.032661885043209,2.457417726496645,2.1314235821785057,6.524317430646157
Neu5Ac(a2-6)Gal(b1-4)GlcNAc(b1-2)Man(a1-6)Man(b1-4)GlcNAc(b1-4)GlcNAc(a1-Sp12,6.0136346199698565,3.782885092976871,4.668170327780112,6.311259645202904
Neu5Ac(a2-6)Gal(b1-4)GlcNAc(b1-2)Man(a1-3)Man(b1-4)GlcNAc(b1-4)GlcNAc(a1-Sp12,2.102404747743242,6.7397457980624065,2.5315856577449614,4.090898648117148
Gal(b1-4)GlcNAc(b1-2)Man(a1-3)Man(b1-4)GlcNAc(b1-4)GlcNAc(a1-Sp12,5.0281561838477815,2.439891129230974,6.6003956381417,3.561097205801418
Gal(b1-4)GlcNAc(b1-2)Man(a1-6)Man(b1-4)GlcNAc(b1-4)GlcNAc(a1-Sp12,2.7043479637736505,3.5645917419343647,14.621899440793134,8.567054893991672
Man(a1-6)[Gal(b1-4)GlcNAc(b1-2)Man(a1-3)]Man(b1-4)GlcNAc(b1-4)GlcNAc(b1-Sp12,3.2123101908906606,5.929275607806858,1.8955349963796504,8.145828816435241
GlcNAc(b1-2)Man(a1-6)[GlcNAc(b1-2)Man(a1-3)]Man(b1-4)GlcNAc(b1-4)[Fuc(a1-6)]GlcNAc(b1-Sp22,4.521114458018066,2.815104570437837,4.112060217924016,13.924569515428471
Gal(b1-4)GlcNAc(b1-2)Man(a1-6)[Gal(b1-4)GlcNAc(b1-2)Man(a1-3)]Man(b1-4)GlcNAc(b1-4)[Fuc(a1-6)]GlcNAc(b1-Sp22,3.4634446161540784,3.648036919015484,10.106116802667913,11.911417857214428
Gal(b1-3)GlcNAc(b1-2)Man(a1-6)[Gal(b1-3)GlcNAc(b1-2)Man(a1-3)]Man(b1-4)GlcNAc(b1-4)[Fuc(a1-6)]GlcNAc(b1-Sp22,2.2580166075562884,6.089570924676607,3.4281861154989794,4.955827821447526
(6S)GlcNAc(b1-3)Gal(b1-4)GlcNAc(b1-Sp0,4.647238298531007,7.6798934508667935,8.269780776366844,17.140276815418325
KDN(a2-3)Gal(b1-4)[Fuc(a1-3)]GlcNAc(a1-Sp0,5.6808599163477576,4.9729525756837925,3.655875831680649,14.42536058506569
KDN(a2-6)Gal(b1-4)GlcNAc(a1-Sp0,7.377635500845328,4.526564899567883,5.245094260036387,1.4252926260947263
KDN(a2-3)Gal(b1-4)Glc(a1-Sp0,5.110864866797649,4.693334164535912,14.936766353615495,17.936235837242066
KDN(a2-3)Gal(b1-3)GalNAc(a1-Sp14,4.133977483409087,11.745248388036186,1.884649114999041,11.794754474871445
Fuc(a1-2)Gal(b1-3)GlcNAc(b1-2)Man(a1-6)[Fuc(a1-2)Gal(b1-3)GlcNAc(b1-2)Man(a1-3)]Man(b1-4)GlcNAc(b1-4)GlcNAc(b1-Sp20,14.220824263821713,22.49697488973141,48.32498851967767,235.6665430367257
Fuc(a1-2)Gal(b1-4)GlcNAc(b1-2)Man(a1-6)[Fuc(a1-2)Gal(b1-4)GlcNAc(b1-2)Man(a1-3)]Man(b1-4)GlcNAc(b1-4)GlcNAc(b1-Sp20,21.295421896795087,11.255621733752992,40.066108137790366,81.19191629229933
Fuc(a1-2)Gal(b1-4)[Fuc(a1-3)]GlcNAc(b1-2)Man(a1-6)[Fuc(a1-2)Gal(b1-4)[Fuc(a1-3)]GlcNAc(b1-2)Man(a1-3)]Man(b1-4)GlcNAc(b1-4)GlcNA(b1-Sp20,3.7153092293913232,5.113230965756059,3.561678889699799,6.089665081307838
Gal(a1-3)Gal(b1-4)GlcNAc(b1-2)Man(a1-6)[Gal(a1-3)Gal(b1-4)GlcNAc(b1-2)Man(a1-3)]Man(b1-4)GlcNAc(b1-4)GlcNAc(b1-Sp20,17.23681763454806,57.34067057766864,156.8663681835333,60.32826900191231
Gal(b1-4)GlcNAc(b1-2)Man(a1-6)[Man(a1-3)]Man(b1-4)GlcNAc(b1-4)GlcNAc(b1-Sp12,2.555040689826024,7.0281119648167225,3.5445584722689114,6.7160001702402194
Fuc(a1-4)[Gal(b1-3)]GlcNAc(b1-2)Man(a1-6)[Fuc(a1-4)[Gal(b1-3)]GlcNAc(b1-2)Man(a1-3)]Man(b1-4)GlcNAc(b1-4)[Fuc(a1-6)]GlcNAc(b1-Sp22,11.19113295813551,5.8673493575321745,6.190594898715304,6.890940098600487
Neu5Ac(a2-6)GlcNAc(b1-4)GlcNAc(a1-Sp21,2.4053976377791098,9.970866518847126,2.414145009970768,3.4893721559186046
Neu5Ac(a2-6)GlcNAc(b1-4)GlcNAc(b1-4)GlcNAc(a1-Sp21,3.2708983540458783,2.1292946036579052,2.2910056487272192,5.543627381056521
Gal(b1-4)[Fuc(a1-3)]GlcNAc(b1-6)[Fuc(a1-2)Gal(b1-4)GlcNAc(b1-3)]Gal(b1-4)Glc(a1-Sp21,5.093797022850365,13.25663051265919,6.789363660106202,238.62742061964119
Gal(b1-4)GlcNAc(b1-2)Man(a1-6)[Gal(b1-4)GlcNAc(b1-4)[Gal(b1-4)GlcNAc(b1-2)]Man(a1-3)]Man(b1-4)GlcNAc(b1-4)GlcNAc(a1-Sp21,15.951275096054212,5.168504828526327,4.837305793517708,13.759206959220677
GalNAc(a1-3)[Fuc(a1-2)]Gal(b1-4)GlcNAc(b1-2)Man(a1-6)[GalNAc(a1-3)[Fuc(a1-2)]Gal(b1-4)GlcNAc(b1-2)Man(a1-3)]Man(b1-4)GlcNAc(b1-4)GlcNAc(b1-Sp20,2.755144013779804,5.272856152899174,4.486566926578352,7.031350314780707
Gal(a1-3)[Fuc(a1-2)]Gal(b1-4)GlcNAc(b1-2)Man(a1-6)[Gal(a1-3)[Fuc(a1-2)]Gal(b1-4)GlcNAc(b1-2)Man(a1-3)]Man(b1-4)GlcNAc(b1-4)GlcNAc(b1-Sp20,170.8214856056581,370.5920670205316,359.59380301045854,706.265440194979
Gal(a1-3)Gal(b1-4)[Fuc(a1-3)]GlcNAc(b1-2)Man(a1-6)[Gal(a1-3)Gal(b1-4)[Fuc(a1-3)]GlcNAc(b1-2)Man(a1-3)]Man(b1-4)GlcNAc(b1-4)GlcNAc(b1-Sp20,6.596043176215573,2.9560388104973634,3.869903176222028,2.1107603738542497
GalNAc(a1-3)[Fuc(a1-2)]Gal(b1-3)GlcNAc(b1-2)Man(a1-6)[GalNAc(a1-3)[Fuc(a1-2)]Gal(b1-3)GlcNAc(b1-2)Man(a1-3)]Man(b1-4)GlcNAc(b1-4)GlcNAc(b1-Sp20,8.733538374374199,3.4625155666316747,5.429108281215863,7.425486626253305
Gal(a1-3)[Fuc(a1-2)]Gal(b1-3)GlcNAc(b1-2)Man(a1-6)[Gal(a1-3)[Fuc(a1-2)]Gal(b1-3)GlcNAc(b1-2)Man(a1-3)]Man(b1-4)GlcNAc(b1-4)GlcNAc(b1-Sp20,9.348862776241923,150.18678386119782,290.0961334581156,169.32056374508414
Fuc(a1-4)[Fuc(a1-2)Gal(b1-3)]GlcNAc(b1-2)Man(a1-3)[Fuc(a1-4)[Fuc(a1-2)Gal(b1-3)]GlcNAc(b1-2)Man(a1-3)]Man(b1-4)GlcNAc(b1-4)GlcNAc(b1-Sp19,9.00772419075244,10.645567478963569,13.649640546427099,8.098902082792872
Neu5Ac(a2-3)Gal(b1-4)GlcNAc(b1-3)GalNAc(a1-Sp14,1.7358562546094274,3.142934989650073,2.5936317643733955,4.247276638427659
Neu5Ac(a2-6)Gal(b1-4)GlcNAc(b1-3)GalNAc(a1-Sp14,14.554588825292635,3.2019583164057615,3.7652780441821276,5.731162763058353
Neu5Ac(a2-3)Gal(b1-4)[Fuc(a1-3)]GlcNAc(b1-3)GalNAc(a1-Sp14,6.919179614424435,3.573781985982543,7.089033898447182,4.596193985607366
GalNAc(b1-4)GlcNAc(b1-2)Man(a1-6)[GalNAc(b1-4)GlcNAc(b1-2)Man(a1-3)]Man(b1-4)GlcNAc(b1-4)GlcNAc(a1-Sp12,12.229637693018553,12.272618643515615,10.67456083234033,11.957986325011628
Gal(b1-3)GalNAc(a1-3)[Fuc(a1-2)]Gal(b1-4)Glc(a1-Sp0,8.889137416157618,4.493018696080988,4.697147565189608,4.857510191016936
Gal(b1-3)GalNAc(a1-3)[Fuc(a1-2)]Gal(b1-4)GlcNAc(a1-Sp0,5.588887906298237,1.9671780369775016,2.9355239276830987,4.23975354865508
Gal(b1-3)GlcNac(b1-3)Gal(b1-4)GlcNac(b1-6)[Gal(b1-3)GlcNac(b1-3)]Gal(b1-4)Glc(b1-Sp0,7.442782759324636,2.5740080825760177,5.294799956561153,7.403202124756559
Gal(b1-4)[Fuc(a1-3)]GlcNAc(b1-6)[Gal(b1-3)GlcNAc(b1-3)]Gal(b1-4)Glc(a1-Sp21,14.652351223694446,8.226268748547746,4.36005840518985,12.500030683029015
Gal(b1-4)GlcNAc(b1-6)[Fuc(a1-4)[Fuc(a1-2)Gal(b1-3)]GlcNAc(b1-3)]Gal(b1-4)Glc(a1-Sp21,24.39756454872425,2.48386051339442,8.123548952684821,19.976545665417238
Gal(b1-4)[Fuc(a1-3)]GlcNAc(b1-6)[Fuc(a1-4)[Fuc(a1-2)Gal(b1-3)]GlcNAc(b1-3)]Gal(b1-4)Glc(a1-Sp21,2.1491888056892536,3.5714225802425963,7.325325456876754,3.5109617138090994
Gal(b1-3)GlcNAc(b1-3)Gal(b1-4)[Fuc(a1-3)]GlcNAc(b1-6)[Gal(b1-3)GlcNAc(b1-3)]Gal(b1-4)Glc(a1-Sp21,7.081089994426477,8.344971600261243,8.580313286044207,1.564232696617305
Gal(b1-4)GlcNac(b1-6)[Gal(b1-4)GlcNac(b1-2)]Man(a1-6)[Gal(b1-4)GlcNac(b1-4)[Gal(b1-4)GlcNac(b1-2)]Man(a1-3)]Man(b1-4)GlcNac(b1-4)GlcNac(b1-Sp21,8.623699384254996,6.736994203401594,1.133886740375773,14.68229730049082
GlcNac(b1-2)Man(a1-6)[GlcNac(b1-4)[GlcNac(b1-2)]Man(a1-3)]Man(b1-4)GlcNac(b1-4)GlcNac(a1-Sp21,6.816376338091962,4.76071024909449,2.897349827428509,4.007013483464551
Fuc(a1-2)Gal(b1-3)GalNAc(a1-3)[Fuc(a1-2)]Gal(b1-4)Glc(b1-Sp0,10.451260522061439,4.042410164740853,13.550938736609108,10.799144857927413
Fuc(a1-2)Gal(b1-3)GalNAc(a1-3)[Fuc(a1-2)]Gal(b1-4)GlcNAc(b1-Sp0,8.52433587300696,3.358389535054961,3.5517621301498576,5.501196417144184
Gal(b1-3)GlcNAc(b1-3)GalNAc(a1-Sp14,7.427187345321245,2.230851328342299,3.275752441170322,6.179193203741624
GalNAc(b1-4)[Neu5Ac(a2-3)]Gal(b1-4)GlcNAc(b1-3)GalNAc(a1-Sp14,7.030077691545444,8.229953363577868,14.228190539559135,18.09715156417349
GalNAc(a1-3)[Fuc(a1-2)]Gal(b1-3)GalNAc(a1-3)[Fuc(a1-2)]Gal(b1-4)GlcNAc(b1-Sp0,30.951683984599303,8.5074752311815,5.186040156034278,10.083738660958044
Gal(a1-3)Gal(b1-3)GlcNAc(b1-2)Man(a1-6)[Gal(a1-3)Gal(b1-3)GlcNAc(b1-2)Man(a1-3)]Man(b1-4)GlcNAc(b1-4)GlcNAc(a1-Sp19,12.875766092547664,5.165201041585889,1.5553810358451294,2.7934392165692907
Gal(a1-3)Gal(b1-3)[Fuc(a1-4)]GlcNAc(b1-2)Man(a1-6)[Gal(a1-3)Gal(b1-3)[Fuc(a1-4)]GlcNAc(b1-2)Man(a1-3)]Man(b1-4)GlcNAc(b1-4)GlcNAc(a1-Sp19,7.344948212831005,11.713119157131748,10.793282298842179,14.80545409736454
Neu5Ac(a2-3)Gal(b1-3)GlcNAc(b1-2)Man(a1-6)[Neu5Ac(a2-3)Gal(b1-3)GlcNAc(b1-2)Man(a1-3)]Man(b1-4)GlcNAc(b1-4)GlcNAc(a1-Sp19,5.122239323691011,3.479979644935681,3.117242618485127,4.7394402759362455
GlcNAc(b1-2)Man(a1-6)[Gal(b1-4)GlcNAc(b1-2)Man(a1-3)]Man(b1-4)GlcNAc(b1-4)GlcNAc(a1-Sp12,4.41746353503154,5.168091264270913,7.878375226318346,9.206438469716002
Gal(b1-4)GlcNAc(b1-2)Man(a1-6)[GlcNAc(b1-2)Man(a1-3)]Man(b1-4)GlcNAc(b1-4)GlcNAc(a1-Sp12,5.397359262330669,14.3750666902511,5.882703149275852,4.276480656158752
Neu5Ac(a2-3)Gal(b1-3)GlcNAc(b1-3)GalNAc(a1-Sp14,6.150706546134896,3.327364853629174,7.1346061545119595,9.375740992005195
Fuc(a1-2)Gal(b1-4)GlcNac(b1-3)GalNac(a1-Sp14,8.376455881616439,2.637717306529769,10.901696503602851,10.38692891390425
Gal(b1-4)[Fuc(a1-3)]GlcNac(b1-3)GalNac(a1-Sp14,6.8223804356812785,1.279516539882677,3.65875108928352,9.802154684005279
GalNac(a1-3)GalNac(b1-3)Gal(a1-4)Gal(b1-4)GlcNac(b1-Sp0,1.3976357712818686,2.476117396752421,12.246355240097632,4.967586400775203
Gal(a1-4)Gal(b1-3)GlcNac(b1-2)Man(a1-6)[Gal(a1-4)Gal(b1-3)GlcNac(b1-2)Man(a1-3)]Man(b1-4)GlcNac(b1-4)GlcNac(b1-Sp19,14.231394515501055,4.622323862427497,1.6233040614232583,4.981379506639368
Gal(a1-4)Gal(b1-4)GlcNac(b1-2)Man(a1-6)[Gal(a1-4)Gal(b1-4)GlcNac(b1-2)Man(a1-3)]Man(b1-4)GlcNac(b1-4)GlcNac(b1-Sp24,6.594981987845008,2.838790326295105,3.9765407700454047,5.7350875558559
Gal(a1-3)Gal(b1-4)GlcNac(b1-3)GalNac(a1-Sp14,12.231183345721982,3.653836694375752,6.480481162884438,2.6220624520594447
Gal(b1-3)GlcNAc(b1-6)Gal(b1-4)GlcNAc(b1-Sp0,5.626957251481478,7.342938311511724,4.3661566023029135,8.763304864556902
Gal(b1-3)GlcNAc(a1-6)Gal(b1-4)GlcNAc(b1-Sp0,11.86726869007776,1.582754496650275,6.124172884765739,5.3833827215484735
GalNAc(b1-3)Gal(a1-6)Gal(b1-4)Glc(b1-Sp8,6.886408612622403,2.6576406039944542,11.300748959987862,6.9463901715807275
Gal(a1-3)[Fuc(a1-2)]Gal(b1-4)[Fuc(a1-3)]Glc(b1-Sp21,30.70850623795733,22.92630108448996,74.46561804969139,64.50815028745697
Gal(b1-4)GlcNAc(b1-6)[Neu5Ac(a2-6)Gal(b1-3)GlcNAc(b1-3)]Gal(b1-4)Glc(a1-Sp21,9.633087308637528,13.82769749461202,5.256209061909541,13.308678135556269
Gal(b1-3)GalNAc(b1-4)[Neu5Ac(a2-8)Neu5Ac(a2-3)]Gal(b1-4)Glc(b1-Sp0,2.6546029387650414,7.9803771056991195,3.1107798598850875,4.606113892335563
Neu5Ac(a2-3)Gal(b1-3)GalNAc(b1-4)[Neu5Ac(a2-8)Neu5Ac(a2-3)]Gal(b1-4)Glc(b1-Sp0,6.269530350300039,7.415884819482659,3.7182886981110084,18.52340236637607
Gal(a1-3)[Fuc(a1-2)]Gal(b1-4)GlcNAc(b1-3)GalNAc(a1-Sp14,57.8553945536042,64.66644125899278,177.5454851404786,108.61080856750964
GalNAc(a1-3)[Fuc(a1-2)]Gal(b1-4)GlcNAc(b1-3)GalNAc(a1-Sp14,5.548196647785656,3.9365474212817655,7.87509644443588,9.721614472358313
GalNAc(a1-3)GalNAc(b1-3)Gal(a1-4)Gal(b1-4)Glc(b1-Sp0,3.5614709133540075,5.896917298046496,5.734740599989389,5.168945471676662
Fuc(a1-2)Gal(b1-4)[Fuc(a1-3)]GlcNAc(b1-3)GalNAc(a1-Sp14,8.41710637229326,7.719366879641131,5.713361459479597,26.00275745292861
Gal(a1-3)[Fuc(a1-2)]Gal(b1-4)[Fuc(a1-3)]GlcNAc(b1-3)GalNAc(a1-Sp14,3.7818089044794614,4.849563553815964,7.299679274461299,3.65402245659952
GalNAc(a1-3)[Fuc(a1-2)]Gal(b1-4)[Fuc(a1-3)]GlcNAc(b1-3)GalNAc(a1-Sp14,8.692896220286231,7.195772889863883,6.99350282810172,15.026716139235733
Gal(b1-4)[Fuc(a1-3)]GlcNAc(b1-2)Man(a1-6)[Gal(b1-4)[Fuc(a1-3)]GlcNAc(b1-2)Man(a1-3)]Man(b1-4)GlcNAc(b1-4)[Fuc(a1-6)]GlcNAc(b1-Sp22,17.183699152661156,11.212618563772974,8.694639957468048,17.270308090935508
Fuc(a1-2)Gal(b1-4)GlcNAc(b1-2)Man(a1-6)[Fuc(a1-2)Gal(b1-4)GlcNAc(b1-2)Man(a1-3)]Man(b1-4)GlcNAc(b1-4)[Fuc(a1-6)]GlcNAc(b1-Sp22,14.18269872870346,3.2830978220526186,5.640185949062317,26.60454990216272
GlcNAc(b1-2)[GlcNAc(b1-6)]Man(a1-6)[GlcNAc(b1-2)Man(a1-3)]Man(b1-4)GlcNAc(b1-4)GlcNAc(b1-Sp19,5.753088540369718,1.3994604635954058,4.852848302801151,4.4840220806771205
Fuc(a1-2)Gal(b1-3)GlcNAc(b1-3)GalNAc(a1-Sp14,1.0312646039370066,8.1019576305154,19.829377316223688,41.900981793539074
Gal(a1-3)[Fuc(a1-2)]Gal(b1-3)GlcNAc(b1-3)GalNAc(a1-Sp14,38.59339234388642,52.310606631446745,244.48041366225232,150.00004214306082
GalNAc(a1-3)[Fuc(a1-2)]Gal(b1-3)GlcNAc(b1-3)GalNAc(a1-Sp14,2.7584293989817232,4.9366158248844965,1.8191824051846288,7.722969195577133
Gal(a1-3)Gal(b1-3)GlcNAc(b1-3)GalNAc(a1-Sp14,6.241490091583369,4.1641074228658725,0.7615769489464745,5.521245348650974
Fuc(a1-2)Gal(b1-3)GlcNAc(b1-2)Man(a1-6)[Fuc(a1-2)Gal(b1-3)GlcNAc(b1-2)Man(a1-3)]Man(b1-4)GlcNAc(b1-4)[Fuc(a1-6)]GlcNAc(b1-Sp22,8.389396658232725,1.8990721635841032,13.0082778002765,24.414715243526825
Gal(a1-3)[Fuc(a1-2)]Gal(b1-4)GlcNAc(b1-2)Man(a1-6)[Gal(a1-3)[Fuc(a1-2)]Gal(b1-4)GlcNAc(b1-2)Man(a1-3)]Man(b1-4)GlcNAc(b1-4)[Fuc(a1-6)]GlcNAc(b1-Sp22,44.434857013938895,87.45825754651054,225.57066035356445,225.0855021638096
Gal(b1-3)GlcNAc(b1-6)[Gal(b1-3)GlcNAc(b1-2)]Man(a1-6)[Gal(b1-3)GlcNAc(b1-2)Man(a1-3)]Man(b1-4)GlcNAc(b1-4)GlcNAc(b1-Sp19,9.049464504737283,6.3362714495592725,3.686655424071164,12.249530306199501
Gal(b1-4)GlcNAc(b1-6)[Fuc(a1-2)Gal(b1-3)GlcNAc(b1-3)]Gal(b1-4)Glc(a1-Sp21,4.6002838658790015,10.87540074326681,72.65151194615649,201.2481515970493
Fuc(a1-3)GlcNAc(b1-6)[Gal(b1-4)GlcNAc(b1-3)]Gal(b1-4)Glc(a1-Sp21,6.190081612480293,3.959307396818286,2.4446472279588054,2.4025285227235083
GlcNAc(b1-2)Man(a1-6)[GlcNAc(b1-4)][GlcNAc(b1-2)Man(a1-3)]Man(b1-4)GlcNac(b1-4)GlcNAc(a1-Sp21,10.001774384244687,5.1941013627639885,5.441611153187998,7.453627513276112
GlcNAc(b1-2)Man(a1-6)[GlcNAc(b1-4)][GlcNAc(b1-4)[GlcNAc(b1-2)]Man(a1-3)]Man(b1-4)GlcNAc(b1-4)GlcNAc(a1-Sp21,2.655834861049661,3.0464975239335583,6.216963214933264,11.437487655658186
GlcNAc(b1-6)[GlcNAc(b1-2)]Man(a1-6)[GlcNAc(b1-4)][GlcNAc(b1-2)Man(a1-3)]Man(b1-4)GlcNAc(b1-4)GlcNAc(a1-Sp21,6.031610725171179,9.019744181655039,2.3627169761032882,6.862242954263084
GlcNAc(b1-6)[GlcNAc(b1-2)]Man(a1-6)[GlcNAc(b1-4)][GlcNAc(b1-4)[GlcNAc(b1-2)]Man(a1-3)]Man(b1-4)GlcNAc(b1-4)GlcNAc(a1-Sp21,5.292380566673193,8.560739043009075,17.869281554738006,4.775939366850602
Gal(b1-4)GlcNAc(b1-2)Man(a1-6)[GlcNAc(b1-4)][Gal(b1-4)GlcNAc(b1-2)Man(a1-3)]Man(b1-4)GlcNAc(b1-4)GlcNAc(a1-Sp21,4.847491376303143,8.200974780018527,3.5909572976204096,3.4252023749213256
Gal(b1-4)GlcNAc(b1-2)Man(a1-6)[GlcNAc(b1-4)][Gal(b1-4)GlcNAc(b1-4)[Gal(b1-4)GlcNAc(b1-2)]Man(a1-3)]Man(b1-4)GlcNAc(b1-4)GlcNAc(a1-Sp21,6.810833629348662,3.9276283110803663,1.8699553887281164,3.9158369019278614
Gal(b1-4)GlcNAc(b1-6)[Gal(b1-4)GlcNAc(b1-2)]Man(a1-6)[GlcNAc(b1-4)][Gal(b1-4)GlcNAc(b1-2)Man(a1-3)]Man(b1-4)GlcNAc(b1-4)GlcNAc(a1-Sp21,6.528030533208313,14.346155537169766,4.098144598880491,4.1484662848655995
Gal(b1-4)GlcNAc(b1-6)[Gal(b1-4)GlcNAc(b1-2)]Man(a1-6)[GlcNAc(b1-4)][Gal(b1-4)GlcNAc(b1-4)[Gal(b1-4)GlcNAc(b1-2)]Man(a1-3)]Man(b1-4)GlcNAc(b1-4)GlcNAc(a1-Sp21,11.749741965216375,4.482226869444106,5.132683562150182,5.627787089670924
Gal(b1-4)Gal(b1-Sp10,2.6619515026574034,12.479102679680135,2.2636792416697764,11.462444710299222
Gal(b1-6)Gal(b1-Sp10,4.22482140924323,1.9041075074690463,8.042958396997532,7.060812596000072
Neu5Ac(a2-3)Gal(b1-4)GlcNAc(b1-3)Gal(b1-Sp8,11.41266200220907,6.465207210071975,7.408695561017011,24.5257418665063
GalNAc(b1-6)GalNAc(b1-Sp8,2.608235230157228,5.9579776391965975,7.107062118531584,4.524249294634412
(6S)Gal(b1-3)GlcNAc(b1-Sp0,6.370211831642653,4.939613806091862,12.845044874808085,9.685654240507796
(6S)Gal(b1-3)(6S)GlcNAc(a1-Sp0,7.606002458311026,6.6496635164871405,5.946309552431103,10.689951557264733
Fuc(a1-2)Gal(b1-4) GlcNAc(b1-2)Man(a1-6)[Fuc(a1-2)Gal(b1-4)GlcNAc(b1-2)[Fuc(a1-2)Gal(b1-4)GlcNAc(b1-4)]Man(a1-3)]Man(b1-4)GlcNAc(b1-4)GlcNAc(b1-N,10.71715126172374,7.053566976301191,10.98477675858046,57.92006904234376
Fuc(a1-2)Gal(b1-4)[Fuc(a1-3)]GlcNAc(b1-2)Man(a1-6)[Fuc(a1-2)Gal(b1-4)[Fuc(a1-3)]GlcNAc(b1-4)[Fuc(a1-2)Gal(b1-4)[Fuc(a1-3)]GlcNAc(b1-2)]Man(a1-3)]Man(b1-4)GlcNAc(b1-4)GlcNAc(b1-N,6.2480807722585245,1.1767661148957105,11.565991320966251,10.738910450630785
Gal(b1-4)[Fuc(a1-3)]GlcNAc(b1-6)GalNAc(a1-Sp14,3.874464946608755,8.02187170303789,5.18619160809098,21.02259475302704
Gal(b1-4)GlcNAc(b1-2)Man(a1-Sp0,11.304064558489573,2.214656919065961,9.60410234999432,5.807024666729079
Fuc(a1-2)Gal(b1-4)GlcNAc(b1-6)[Fuc(a1-2)Gal(b1-4)GlcNAc(b1-3)]GalNAc(a1-Sp14,10.68160042159726,3.2166272299827794,1.6519177804398562,30.22019934861448
Gal(a1-3)Fuc(a1-2)Gal(b1-4)GlcNAc(b1-6)[Gal(a1-3)Fuc(a1-2)Gal(b1-4)GlcNAc(b1-3)]GalNAc(a1-Sp14,34.79015699514288,125.45634370571577,150.68160868259534,313.097550617306
GalNAc(a1-3)[Fuc(a1-2)]Gal(b1-4)GlcNAc(b1-6)[GalNAc(a1-3)[Fuc(a1-2)]Gal(b1-4)GlcNAc(b1-3)]GalNAc(a1-Sp14,30.0166447996635,51.222678067978286,102.42159839205445,69.49274317329103
Neu5Ac(a2-8)Neu5Ac(a2-3)Gal(b1-3)GalNAc(b1-4)[Neu5Ac(a2-8)Neu5Ac(a2-3)]Gal(b1-4)Glc(b1-Sp0,1.664615471863294,6.076804686949651,5.121999444471533,5.247984088120568
GalNAc(b1-4)Gal(b1-4)Glc(b1-Sp0,10.740186424631247,13.021039492394614,7.5197241585047605,6.856497363571771
GalNAc(a1-3)[Fuc(a1-2)]Gal(b1-4)GlcNAc(b1-2)Man(a1-6)[GalNAc(a1-3)[Fuc(a1-2)]Gal(b1-4)GlcNAc(b1-2)Man(a1-3)]Man(b1-4)GlcNAc(b1-4)[Fuc(a1-6)]GlcNAc(b1-Sp22,2.1930127821104914,7.0978073574402805,4.667431025289323,3.2611708122492766
Gal(a1-3)[Fuc(a1-2)]Gal(b1-3)GlcNAc(b1-2)Man(a1-6)[Gal(a1-3)[Fuc(a1-2)]Gal(b1-3)GlcNAc(b1-2)Man(a1-3)]Man(b1-4)GlcNAc(b1-4)[Fuc(a1-6)]GlcNAc(b1-Sp22,28.935689290377546,44.711823434721545,136.45726284870892,168.70561664558252
Neu5Ac(a2-6)Gal(b1-4)GlcNAc(b1-6)[Fuc(a1-2)Gal(b1-3)GlcNAc(b1-3)]Gal(b1-4)Glc(a1-Sp21,9.991616145674332,20.60375304620953,50.82875290456234,29.318691868330692
GalNAc(a1-3)[Fuc(a1-2)]Gal(b1-3)GlcNAc(b1-2)Man(a1-6)[GalNAc(a1-3)[Fuc(a1-2)]Gal(b1-3)GlcNAc(b1-2)Man(a1-3)]Man(b1-4)GlcNAc(b1-4)[Fuc(a1-6)]GlcNAc(b1-Sp22,2.505358621036119,8.63223364064404,2.2000466061351203,6.92618367278595
Gal(b1-4)GlcNAc(b1-6)[Gal(b1-4)GlcNAc(b1-2)]Man(a1-6)[Gal(b1-4)GlcNAc(b1-2)Man(a1-3)]Man(b1-4)GlcNAc(b1-4)GlcNAc(b1-Sp19,23.288326225529108,3.5391790887859926,4.420326750648645,2.8482832613113893
Neu5Ac(a2-3)Gal(b1-4)GlcNAc(b1-2)Man(a1-6)[GlcNAc(b1-4)][Neu5Ac(a2-3)Gal(b1-4)GlcNAc(b1-2)Man(a1-3)]Man(b1-4)GlcNAc(b1-4)GlcNAc(b1-Sp21,9.686326408009387,1.643383284568755,4.74605545690313,0.5039979125287417
Neu5Ac(a2-3)Gal(b1-4)GlcNAc(b1-4)Man(a1-6)[GlcNAc(b1-4)][Neu5Ac(a2-3)Gal(b1-4)GlcNAc(b1-4)[Neu5Ac(a2-3)Gal(b1-4)GlcNAc(b1-2)]Man(a1-3)]Man(b1-4)GlcNAc(b1-4)GlcNAc(b1-Sp21,1.3680875517183329,2.0053062216280058,12.086704938726404,2.0223395385460563
Neu5Ac(a2-3)Gal(b1-4)GlcNAc(b1-6)[Neu5Ac(a2-3)Gal(b1-4)GlcNAc(b1-2)]Man(a1-6)[GlcNAc(b1-4)][Neu5Ac(a2-3)Gal(b1-4)GlcNAc(b1-2)Man(a1-3)]Man(b1-4)GlcNAc(b1-4)GlcNAc(b1-Sp21,1.6718718371932764,1.9152544487178025,2.3640170994869467,4.056040829326877
Neu5Ac(a2-3)Gal(b1-4)GlcNAc(b1-6)[Neu5Ac(a2-3)Gal(b1-4)GlcNAc(b1-2)]Man(a1-6)[GlcNAc(b1-4)][Neu5Ac(a2-3)Gal(b1-4)GlcNAc(b1-4)[Neu5Ac(a2-3)Gal(b1-4)GlcNAc(b1-2)]Man(a1-3)]Man(b1-4)GlcNAc(b1-4)GlcNAc(b1-Sp21,5.352035984246244,7.5357813036649794,7.772362672261678,9.767641661928087
Neu5Ac(a2-6)Gal(b1-4)GlcNAc(b1-2)Man(a1-6)[GlcNAc(b1-4)][Neu5Ac(a2-6)Gal(b1-4)GlcNAc(b1-2)Man(a1-3)]Man(b1-4)GlcNAc(b1-4)GlcNAc(b1-Sp21,2.436769033474442,11.609678492641384,5.332047895118099,6.399153802391897
Neu5Ac(a2-6)Gal(b1-4)GlcNAc(b1-4)Man(a1-6)[GlcNAc(b1-4)][Neu5Ac(a2-6)Gal(b1-4)GlcNAc(b1-4)[Neu5Ac(a2-6)Gal(b1-4)GlcNAc(b1-2)]Man(a1-3)]Man(b1-4)GlcNAc(b1-4)GlcNAc(b1-Sp21,8.590949457423207,2.621636091578437,11.106405962739096,9.017091290248016
Neu5Ac(a2-6)Gal(b1-4)GlcNAc(b1-6)[Neu5Ac(a2-6)Gal(b1-4)GlcNAc(b1-2)]Man(a1-6)[GlcNAc(b1-4)][Neu5Ac(a2-6)Gal(b1-4)GlcNAc(b1-2)Man(a1-3)]Man(b1-4)GlcNAc(b1-4)GlcNAc(b1-Sp21,6.579573140662951,9.843959117143882,3.674772396013117,8.089721862750695
Neu5Ac(a2-6)Gal(b1-4)GlcNAc(b1-6)[Neu5Ac(a2-6)Gal(b1-4)GlcNAc(b1-2)]Man(a1-6)[GlcNAc(b1-4)][Neu5Ac(a2-6)Gal(b1-4)GlcNAc(b1-4)[Neu5Ac(a2-6)Gal(b1-4)GlcNAc(b1-2)]Man(a1-3)]Man(b1-4)GlcNAc(b1-4)GlcNAc(b1-Sp21,7.29863382119102,6.6835837953900175,1.3444873397197408,8.446024348917069
Gal(a1-3)[Fuc(a1-2)]Gal(b1-3)GalNAc(a1-Sp8,52.07655626641613,120.10348129423694,301.6450546183892,393.5686906492817
Gal(a1-3)[Fuc(a1-2)]Gal(b1-3)GalNAc(b1-Sp8,42.72559491892128,167.97852345036668,52.14481659651904,307.1773284564037
Glc(a1-6)Glc(a1-6)Glc(a1-6)Glc(b1-Sp10,14.237855213596378,11.331085486983733,5.136101784670938,8.756459196644512
Glc(a1-4)Glc(a1-4)Glc(a1-4)Glc(b1-Sp10,3.8799160793115086,13.132854067154126,9.341628411934753,5.418129966679771
Neu5Ac(a2-3)Gal(b1-4)GlcNAc(b1-6)[Neu5Ac(a2-3)Gal(b1-4)GlcNAc(b1-3)]GalNAc(a1-Sp14,4.959841132536405,1.6453955259045283,6.3382791541421835,13.220837126924556
Fuc(a1-2)Gal(b1-4)[Fuc(a1-3)]GlcNAc(b1-2)Man(a1-6)[Fuc(a1-2)Gal(b1-4)[Fuc(a1-3)]GlcNAc(b1-2)Man(a1-3)]Man(b1-4)GlcNAc(b1-4)[Fuc(a1-6)]GlcNAc(b1-Sp24,2.9427674326218867,1.5354349459789265,4.282220267571485,7.373706620599082
Fuc(a1-2)Gal(b1-3)[Fuc(a1-4)]GlcNAc(b1-2)Man(a1-6)[Fuc(a1-2)Gal(b1-3)[Fuc(a1-4)]GlcNAc(b1-2)Man(a1-3)]Man(b1-4)GlcNAc(b1-4)[Fuc(a1-6)]GlcNA(cb-S)p(1-4)[Fuc(a1-6)]GlcNAc(b1-Sp19,4.921220653032462,6.1475187988732465,5.925420377492216,2.6378877528558142
Neu5Ac(a2-3)Gal(b1-3)GlcNAc(b1-6)[Neu5Ac(a2-3)Gal(b1-4)GlcNAc(b1-2)]Man(a1-6)[Neu5Ac(a2-3)Gal(b1-3)GlcNAc(b1-2)Man(a1-3)]Man(b1-4)GlcNAc(b1-4)GlcNAc(b1-Sp19,2.871322142614215,2.8887710651186387,8.402104084493747,4.602775634603536
GlcNAc(b1-6)[GlcNAc(b1-2)]Man(a1-6)[GlcNAc(b1-2)Man(a1-3)]Man(b1-4)GlcNAc(b1-4)[Fuc(a1-6)]GlcNAc(b1-Sp24,2.5746372150589893,13.710833533985689,16.62628925066164,8.81525728547764
Gal(b1-3)GlcNAc(b1-2)Man(a1-6)[GlcNAc(b1-4)][Gal(b1-3)GlcNAc(b1-2)Man(a1-3)]Man(b1-4)GlcNAc(b1-4)GlcNAc(b1-Sp21,6.0699245917199525,8.033137594728059,7.172983227128482,9.344045508236796
Neu5Ac(a2-6)Gal(b1-4)GlcNAc(b1-6)[Gal(b1-3)GlcNAc(b1-3)]Gal(b1-4)Glc(b1-Sp21,10.416263928547826,3.555391358087977,9.260716999014347,1.4320484128222215
Neu5Ac(a2-3)Gal(b1-4)GlcNAc(b1-2)Man(a1-Sp0,1.6868492807104412,14.711682807551274,3.6132037800037433,9.004405082467501
Neu5Ac(a2-3)Gal(b1-4)GlcNAc(b1-6)GalNAc(a1-Sp14,5.167644582721742,4.488420201195517,3.688902020023483,8.258945415729542
Neu5Ac(a2-6)Gal(b1-4)GlcNAc(b1-6)GalNAc(a1-Sp14,4.330969131249181,9.825066206859203,3.8460847195557184,5.5219847075123285
Neu5Ac(a2-6)Gal(b1-4)GlcNAc(b1-6)[Neu5Ac(a2-6)Gal(b1-4)GlcNAc(b1-3)]GalNAc(a1-Sp14,11.76755977235014,8.246742636287776,2.5131214592945312,13.30051911878505
Neu5Ac(a2-6)Gal(b1-4)GlcNAc(b1-2)Man(a1-6)[Neu5Ac(a2-6)Gal(b1-4)GlcNAc(b1-2)Man(a1-3)]Man(b1-4)GlcNAc(b1-4)[Fuc(a1-6)]GlcNAc(b1-Sp24,3.266683827548462,5.377623940846614,2.962578403322577,9.95028525772
Neu5Ac(a2-3)Gal(b1-4)GlcNAc(b1-2)Man(a1-6)[Neu5Ac(a2-3)Gal(b1-4)GlcNAc(b1-2)Man(a1-3)]Man(b1-4)GlcNAc(b1-4)[Fuc(a1-6)]GlcNAc(b1-Sp24,7.668205707117322,4.55678793404228,5.262859935434347,4.2368177715316815
Man(a1-6)[Man(a1-3)]Man(b1-4)GlcNAc(b1-4)[Fuc(a1-6)]GlcNAc(b1-Sp19,4.760671284948513,9.470694052180123,5.660707111527669,3.067610768986188
Gal(b1-4)GlcNAc(b1-6)[Gal(b1-4)GlcNAc(b1-2)]Man(a1-6)[Gal(b1-4)GlcNAc(b1-2)Man(a1-3)]Man(b1-4)GlcNAc(b1-4)[Fuc(a1-6)]GlcNAc(b1-Sp24,4.148434293702461,4.577981070570301,7.91034412905026,20.372976539033264
Neu5Ac(a2-3)Gal(b1-3)GlcNAc(b1-2)Man(a1-6)[GlcNAc(b1-4)][Neu5Ac(a2-3)Gal(b1-3)GlcNAc(b1-2)Man(a1-3)]Man(b1-4)GlcNAc(b1-4)GlcNAc(a1-Sp21,2.8780986980701915,4.876338460361425,3.9054151485469486,4.8351189364033935
Neu5Ac(a2-6)Gal(b1-4)GlcNAc(b1-6)[Fuc(a1-2)Gal(b1-4)[Fuc(a1-3)]GlcNAc(b1-3)]Gal(b1-4)Glc(a1-Sp21,7.244288705364148,4.012017941447919,7.2024101331892085,12.269682578989839
Gal(b1-3)GlcNAc(b1-6)GalNAc(a1-Sp14,25.28222390798193,3.184620184967121,12.31698282382905,2.5206871978027583
Gal(a1-3)Gal(b1-3)GlcNAc(b1-6)GalNAc(a1-Sp14,11.260726986707681,4.74075009351544,9.747654382935757,22.30346717470927
Gal(b1-3)[Fuc(a1-4)]GlcNAc(b1-6)GalNAc(a1-Sp14,14.646235923580045,14.406180239136939,9.000496398671578,5.528497392299888
Neu5Ac(a2-3)Gal(b1-3)GlcNAc(b1-6)GalNAc(a1-Sp14,2.461311142968317,7.427109990377593,3.878206142342102,13.15460956952262
(3S)Gal(b1-3)[Fuc(a1-4)]GlcNAc(b1-Sp0,7.8891879649724865,17.82559765737184,4.796466075056373,3.2259912754325097
Gal(b1-4)[Fuc(a1-3)]GlcNAc(b1-6)[Neu5Ac(a2-6)[Neu5Ac(a2-3)Gal(b1-3)]GlcNAc(b1-3)]Gal(b1-4)Glc(a1-Sp21,6.319967567954763,7.965400770990749,0.7965883127437923,12.461780318337345
Fuc(a1-2)Gal(b1-4)GlcNAc(b1-6)GalNAc(a1-Sp14,10.886272368752632,7.5922699505813185,5.429044997050592,64.4395363393465
Gal(a1-3)Gal(b1-4)GlcNAc(b1-6)GalNAc(a1-Sp14,11.468386202186425,3.053684927537004,13.126557294533427,57.414690970082084
Gal(b1-4)[Fuc(a1-3)]GlcNAc(b1-2)Man(a1-Sp0,11.759799523376234,0.8961000781162745,7.848265647262466,7.2631671654543055
Fuc(a1-2)(6S)Gal(b1-3)GlcNAc(b1-Sp0,4.203649318152027,3.363870457275865,2.3877416254695563,4.8763037825795905
Gal(a1-3)[Fuc(a1-2)]Gal(b1-4)GlcNAc(b1-6)GalNAc(a1-Sp14,2.057789955267541,3.062574158421855,4.991742554375846,5.250514782618937
Fuc(a1-2)Gal(b1-4)GlcNAc(b1-2)Man(a1-Sp0,4.084198429210644,1.6370883327318158,3.630699501358747,6.968744261522303
Fuc(a1-2)Gal(b1-3)(6S)GlcNAc(b1-Sp0,4.27745171753385,7.842569903205622,26.641945980148748,32.39761969891968
Fuc(a1-2)(6S)Gal(b1-3)(6S)GlcNAc(b1-Sp0,15.280299202867953,5.858631670165537,3.400939739248551,5.467161330084075
Neu5Ac(a2-6)GalNAc(b1-4)(6S)GlcNAc(b1-Sp8,4.810437881229385,3.000966088195601,11.024077850286007,4.103377170494246
GalNAc(b1-4)[Fuc(a1-3)](6S)GlcNAc(b1-Sp8,2.1977748246806352,3.9763767666055045,10.296230888533923,4.053059587110295
(3S)GalNAc(b1-4)[Fuc(a1-3)]GlcNAc(b1-Sp8,13.402071399942859,6.561366200723747,2.7453118857426735,3.728414875877773
Fuc(a1-2)Gal(b1-3)GlcNAc(b1-6)[Fuc(a1-2)Gal(b1-3)GlcNAc(b1-3)]GalNAc(a1-Sp14,9.207007294944797,8.225116841318021,7.977065817026143,20.23289798593289
GalNAc(a1-3)[Fuc(a1-2)]Gal(b1-3)GlcNAc(b1-6)GalNAc(a1-Sp14,4.738955349986601,5.028766227747451,7.00626200641255,3.1796110132897266
GlcNAc(b1-6)[GlcNAc(b1-2)]Man(a1-6)[GlcNAc(b1-4)][GlcNAc(b1-4)[GlcNAc(b1-2)]Man(a1-3)]Man(b1-4)GlcNAc(b1-4)[Fuc(a1-6)]GlcNAc(a1-Sp21,4.524647451735881,5.197438645461178,6.0844211998074815,1.7936924987299316
Gal(b1-4)GlcNAc(b1-6)[Gal(b1-4)GlcNAc(b1-2)]Man(a1-6)[GlcNAc(b1-4)]Gal(b1-4)GlcNAc(b1-4)[Gal (b1-4)GlcNAc(b1-2)]Man(a1-3)]Man(b1-4)GlcNAc(b1-4)[Fuc(a1-6)]GlcNAc(a1-Sp21,7.913252962541175,3.912679866366096,5.2738861328720406,6.9278414951916965
Gal(b1-3)GlcNAc(a1-3)Gal(b1-4)GlcNAc(b1-Sp8 ,2.8619093852123743,10.754179446925118,4.0467609870940775,10.054004136992717
Gal(b1-3)(6S)GlcNAc(b1-Sp8 ,2.3905486706333035,0.5073472348073588,5.401062232792731,4.991409015081146
(6S)(4S)GalNAc(b1-4)GlcNAc(a1-Sp8,3.6470714867091183,7.710624669246979,2.625272825663393,4.269575962161428
(6S)GalNAc(b1-4)GlcNAc(a1-Sp8 ,7.958573328178862,1.6612176457847614,2.3821226388804297,8.906814393111226
(3S)GalNAc(b1-4)(3S)GlcNAc(a1-Sp8,8.692638622947964,5.373733132795116,9.239063322427944,1.7727537173843428
GalNAc(b1-4)(6S)GlcNAc(a1-Sp8 ,1.6044511449921657,5.005712506310499,3.9513637707969482,2.6168199318702325
(3S)GalNAc(b1-4)GlcNAc(a1-Sp8 ,9.463314581582924,4.103870008500107,8.520456048582925,3.075302849043216
(4S)GalNac(b1-Sp10,2.8670457629181043,4.917838851484122,6.6415819939604726,2.211632497349713
Gal(b1-4)(6P)GlcNAc(b1-Sp0 ,4.7962276991923565,4.555037507712387,8.533941980312102,4.432297639956804
(6P)Gal(b1-4)GlcNAc(b1-SP0 ,2.2008996484392447,21.51730998816225,6.8590420620642565,7.282972791610125
GalNAc(a1-3)[Fuc(a1-2)]Gal(b1-4)GlcNAc(b1-6)GalNAc(a1-Sp14,3.063904715663768,1.98106937283882,2.5707062641746243,3.7154546041949663
Neu5Ac(a2-6)Gal(b1-4)GlcNAc(b1-2)Ma(n1-Sp0,9.233993509852606,6.029719816804647,15.149315308482855,5.156161848620216
Gal(a1-3)Gal(b1-4)GlcNAc(b1-2)Man(a1-Sp0,9.893339565039037,19.25194660512715,64.49731816726326,136.2844668894686
Gal(a1-3)[Fuc(a1-2)]Gal(b1-4)GlcNAc(b1-2)Man(a1-Sp0,54.10907289764317,55.89174862960154,118.56929981604132,353.9981053028688
GalNAc(a1-3)[Fuc(a1-2)]Gal(b1-4) GlcNAc(b1-2)Man(a1-Sp0,1.7945208255501857,4.507769572175726,5.271995205802068,11.276325054252679
 Gal(b1-3)GlcNAc(b1-2)Man(a1-Sp0,3.610535011601464,5.918534929918607,3.3762791495718094,6.474935907211743
Gal(a1-3)[Fuc(a1-2)]Gal(b1-3)GlcNAc(b1-6)GalNAc(a1-Sp14,51.6805223383924,105.58236181706735,123.47815226337299,122.24118749221243
Neu5Ac(a2-3)Gal(b1-3)GlcNAc(b1-2)Man(a1-Sp0,11.769457905811407,10.010923853263163,6.801227750928508,7.231207466714437
Gal(a1-3)Gal(b1-3)GlcNAc(b1-2)Man(a1-Sp0,19.90276839594181,59.171783344168034,81.96578210357019,303.0995047435402
GalNAc(b1-4)GlcNAc(b1-2)Man(a1-Sp0,9.019448623391565,8.956065725715357,6.3064746672896925,17.68775886225179
Neu5Ac(a2-3)Gal(b1-3)GlcNAc(b1-4)Gal(b1-4)Glc(b1-Sp0,10.45514533850041,6.503002498525842,1.2377329609007033,3.922009177598471
GlcNAc(b1-2) Man(a1-6)[GlcNAc(b1-4)][GlcNAc(b1-2)Man(a1-3)]Man(b1-4)GlcNAc(b1-4)[Fuc(a1-6)]GlcNAc(a1-Sp21,6.307943565854086,17.865219721570746,4.932606365131251,5.519815131264209
Gal(b1-4)GlcNAc(b1-2)Man(a1-6)[GlcNAc(b1-4)][Gal(b1-4)GlcNAc(b1-2)Man(a1-3)]Man(b1-4)GlcNAc(b1-4)[Fuc(a1-6)]GlcNAc(a1-Sp21,10.067568322547745,4.45706678461295,6.567905513619497,6.781728607073567
Gal(b1-4)GlcNAc(b1-2)Man(a1-6)[Gal(b1-4)GlcNAc(b1-4)][Gal(b1-4)GlcNAc(b1-2)Man(a1-3)]Man(b1-4)GlcNAc(b1-4)[Fuc(a1-6)]GlcNAc(a1-Sp21,9.687946371651737,5.839862637868007,6.654340818029988,4.484413024763291
Fuc(a1-4)[Gal(b1-3)]GlcNAc(b1-2)Man(a1-Sp0,9.424715392121922,11.845344569175678,13.684502986559894,1.6390648805035195
Neu5Ac(a2-3)Gal(b1-4)[Fuc(a1-3)]GlcNAc(b1-2)Man(a1-Sp0,6.592579995469655,7.6065906903158655,8.681740430351512,4.159023386465468
GlcNAc(b1-3)Gal(b1-4)GlcNAc(b1-6)[GlcNAc(b1-3)]Gal(b1-4)GlcNAc(a1-Sp0,4.3863725730949925,2.8756128301923187,16.485957845592914,10.112697017899496
GalNAc(a1-3)[Fuc(a1-2)]Gal(b1-3)GalNAc(b1-3)Gal(a1-4)Gal(b1-4)Glc(a1-Sp21,5.3630034796278085,4.240058946524215,3.6950821740975295,6.7099346779607325
Gal(a1-3)[Fuc(a1-2)]Gal(b1-3)GalNAc(b1-3)Gal(a1-4)Gal(b1-4)Glc(a1-Sp21,97.98672372706041,152.11974075307,139.8963380362512,376.9098520971972
Gal(b1-3)GalNAc(b1-3)Ga(l1-Sp21,4.676737316762616,5.269107023886182,3.93373308480633,4.612032834878781
GlcNAc(b1-3)Gal(b1-4)GlcNAc(b1-2)Man(a1-6)[GlcNAc(b1-3)Gal(b1-4)GlcNAc(b1-2)Man(a1-3)]Man(b1-4)GlcNAc(b1-4)GlcNAc(b1-Sp12,11.369855208217619,1.890072288741008,4.121472117662166,4.627449299200013
GlcNAc(b1-3)Gal(b1-4)GlcNAc(b1-2)Man(a1-6)[GlcNAc(b1-3)Gal(b1-4)GlcNAc(b1-2)Man(a1-3)]Man(b1-4)GlcNAc(b1-4)GlcNAc(b1-Sp25,1.4545808262176445,3.0577520734192976,9.27448283818744,5.3280635552859295
Gal(b1-4)GlcNAc(b1-3)Gal(b1-4)GlcNAc(b1-2)Man(a1-6)[Gal(b1-4)GlcNAc(b1-3)Gal(b1-4)GlcNAc(b1-2)Man(a1-3)]Man(b1-4)GlcNAc(b1-4)GlcNAc(b1-Sp12,2.565187637548641,7.4968205435703625,4.550954328489525,11.868638564300374
Gal(b1-4)GlcNAc(b1-3)Gal(b1-4)GlcNAc(b1-2)Man(a1-6)[Gal(b1-4)GlcNAc(b1-3)Gal(b1-4)GlcNAc(b1-2)Man(a1-3)]Man(b1-4)GlcNAc(b1-4)GlcNAc(b1-Sp24,9.505118824787695,5.3996023744809225,4.667503080073968,6.764022181796364
Neu5Gc(a2-3)Gal(b1-4)GlcNAc(b1-3)Gal(b1-4)GlcNAc(b1-2)Man(a1-6)[Neu5Gc(a2-3)Gal(b1-4)GlcNAc(b1-3)Gal(b1-4)GlcNAc(b1-2)Man(a1-3)]Man(b1-4)GlcNAc(b1-4)GlcNAc(b1-Sp24,6.354801373240032,6.561330060983567,2.179540125806359,8.351030584055689
Fuc(a1-2)Gal(b1-4)GlcNAc(b1-3)Gal(b1-4)GlcNAc(b1-2)Man(a1-6)[Fuc(a1-2)Gal(b1-4)GlcNAc(b1-3)Gal(b1-4)GlcNAc(b1-2)Man(a1-3)]Man(b1-4)GlcNAc(b1-4)GlcNAc(b1-Sp24,8.031748341426038,9.795137455348524,131.11381291965895,129.052911234915
GlcNAc(b1-3)Gal(b1-4)GlcNAc(b1-3)Gal(b1-4)GlcNAc(b1-2)Man(a1-6)[GlcNAc(b1-3)Gal(b1-4)GlcNAc(b1-3)Gal(b1-4)GlcNAc(b1-2)Man(a1-3)]Man(b1-4)GlcNAc(b1-4)GlcNAc(b1-Sp12,12.928211874907515,13.448358030970399,3.2212805138898744,17.17941977859459
GlcNAc(b1-3)Gal(b1-4)GlcNAc(b1-3)Gal(b1-4)GlcNAc(b1-2)Man(a1-6)[GlcNAc(b1-3)Gal(b1-4)GlcNAc(b1-3)Gal(b1-4)GlcNAc(b1-2)Man(a1-3)]Man(b1-4)GlcNAc(b1-4)GlcNAc(b1-Sp25,5.318584712355353,5.044718681948479,2.272985615697249,11.552172366125198
Gal(b1-4)GlcNAc(b1-3)Gal(b1-4)GlcNAc(b1-3)Gal(b1-4)GlcNAc(b1-2)Man(a1-6)[Gal(b1-4)GlcNAc(b1-3)Gal(b1-4)GlcNAc(b1-3)Gal(b1-4)GlcNAc(b1-2)Man(a1-3)]Man(b1-4)GlcNAc(b1-4)GlcNAc(b1-Sp12,4.855026768205978,11.68325961204752,8.618399543999217,13.638881890970044
Gal(b1-4)GlcNAc(b1-3)Gal(b1-4)GlcNAc(b1-3)Gal(b1-4)GlcNAc(b1-2)Man(a1-6)[Gal(b1-4)GlcNAc(b1-3)Gal(b1-4)GlcNAc(b1-3)Gal(b1-4)GlcNAc(b1-2)Man(a1-3)]Man(b1-4)GlcNAc(b1-4)GlcNAc(b1-Sp24,8.82237973791652,3.42644680196069,2.7183919977319992,6.589048627583996
GlcNAc(b1-3)Gal(b1-4)GlcNAc(b1-3)Gal(b1-4)GlcNAc(b1-3)Gal(b1-4)GlcNAc(b1-2)Man(a1-6)[GlcNAc(b1-3)Gal(b1-4)GlcNAc(b1-3)Gal(b1-4)GlcNAc(b1-3)Gal(b1-4)GlcNAc(b1-2)Man(a1-3)]Man(b1-4)GlcNAc(b1-4)GlcNAc(b1-Sp25,8.417178281100707,7.19271658015941,17.031086734752616,6.939796988865497
Gal(b1-4)GlcNAc(b1-3)Gal(b1-4)GlcNAc(b1-3)Gal(b1-4)GlcNAc(b1-3)Gal(b1-4)GlcNAc(b1-2)Man(a1-6)[Gal(b1-4)GlcNAc(b1-3)Gal(b1-4)GlcNAc(b1-3)Gal(b1-4)GlcNAc(b1-3)Gal(b1-4)GlcNAc(b1-2)Man(a1-3)]Man(b1-4)GlcNAc(b1-4)GlcNAc(b1-Sp25,8.646160785959673,2.6993396036500066,14.10990520104583,16.377118175572512
Gal(b1-3)GlcNAc(b1-3)Gal(b1-4)GlcNAc(b1-2)Man(a1-6)[Gal(b1-3)GlcNAc(b1-3)Gal(b1-4)GlcNAc(b1-2)Man(a1-3)]Man(b1-4)GlcNAc(b1-4)GlcNAc(a1-Sp25,3.915467339816116,8.228101806360524,5.254306225294324,5.425059649134441
Neu5Gc(a2-8)Neu5Gc(a2-3)Gal(b1-4)GlcNAc(a1-Sp0,2.091695370387379,10.615516924884064,0.9179054285891006,5.6469565209943
Neu5Ac(a2-8)Neu5Gc(a2-3)Gal(b1-4)GlcNAc(a1-Sp0,6.775892052219644,8.906771002024248,4.046703198901547,7.029550321796313
Neu5Gc(a2-8)Neu5Ac(a2-3)Gal(b1-4)GlcNAc(a1-Sp0,3.153166348291826,3.61169630921582,4.244468755431396,4.064081311830103
Neu5Gc(a2-8)Neu5Gc(a2-3)Gal(b1-4)GlcNAc(b1-3)Gal(b1-4)GlcNAc(a1-Sp0,5.965005668061013,10.345772983526494,1.7489793013831385,16.592880667021014
Neu5Gc(a2-8)Neu5Gc(a2-6)Gal(b1-4)GlcNAc(a1-Sp0,6.41171540385255,2.84835347818116,6.346644813862934,6.274829379552879
Neu5Ac(a2-8)Neu5Ac(a2-3)Gal(b1-4)GlcNAc(a1-Sp0,6.391196253441143,3.590905737647069,8.842925974802304,3.0287788622919964
GlcNAc(b1-3)Gal(b1-4)GlcNAc(b1-6)[GlcNAc(b1-3)Gal(b1-4)GlcNAc(b1-2)]Man(a1-6)[GlcNAc(b1-3)Gal(b1-4)GlcNAc(b1-2)]Man(a1-3)]Man(b1-4)GlcNAc(b1-4)GlcNAc(a1-Sp24,13.575190249219348,16.203340167385246,6.740595306548724,10.60449346110726
Gal(b1-4)GlcNAc(b1-3)Gal(b1-4)GlcNAc(b1-6)[Gal(b1-4)GlcNAc(b1-3)Gal(b1-4)GlcNAc(b1-2)]Man(a1-6)[Gal(b1-4)GlcNAc(b1-3)Gal(b1-4)GlcNAc(b1-2)Man(a1-3)]Man(a1-4)GlcNAc(b1-4)GlcNAc(a1-Sp24,6.7917724414053575,7.375516044036063,6.090434659023387,13.645976432389645
Gal(a1-3)Gal(b1-4)GlcNAc(b1-2)Man(a1-6)[Gal(a1-3)Gal(b1-4)GlcNAc(b1-2)Man(a1-3)]Man(b1-4)GlcNAc(b1-4)GlcNAc(a1-Sp24,18.889247720859608,17.198555210445154,49.48511841927298,86.01267361002272
GlcNAc(b1-3)Gal(b1-4)GlcNAc(b1-6)[GlcNAc(b1-3)Gal(b1-3)]GalNAc(a1-Sp14,5.733180142745094,1.3941588300238001,10.876126227162256,1.9579278306413648
GalNAc(b1-3)GlcNAc(b1-Sp0 ,1.721908999724815,9.4504968195681,7.023196518442769,4.390903632416299
GalNAc(b1-4)GlcNAc(b1-3)GalNAc(b1-4)GlcNAc(b1-Sp0 ,3.8038717880601673,1.0288322291964551,2.977509727244116,6.62086519037856
GlcNAc(b1-3)Gal(b1-4)GlcNAc(b1-3)Gal(b1-4)GlcNAc(b1-3)Gal(b1-4)GlcNAc(b1-3)Gal(b1-4)GlcNAc(b1-2)Man(a1-6)[GlcNAc(b1-3)Gal(b1-4)GlcNAc(b1-3)Gal(b1-4)GlcNAc(b1-3)Gal(b1-4)GlcNAc(b1-3)Gal(b1-4)GlcNAc(b1-2)Man(a1-3)]Man(b1-4)GlcNAc(b1-4)GlcNAc(b1-Sp25,4.0891335205843635,3.4918274283198314,1.233908995496283,12.548009918708225
Gal(b1-4)GlcNAc(b1-3)Gal(b1-4)GlcNAc(b1-3)Gal(b1-4)GlcNAc(b1-3)Gal(b1-4)GlcNAc(b1-3)Gal(b1-4)GlcNAc(b1-2)Man(a1-6)[Gal(b1-4)GlcNAc(b1-3)Gal(b1-4)GlcNAc(b1-3)Gal(b1-4)GlcNAc(b1-3)Gal(b1-4)GlcNAc(b1-3)Gal(b1-4)GlcNAc(b1-2)Man(a1-3)]Man(b1-4)GlcNAc(b1-4)GlcNAc(b1-Sp25,4.411137858497137,3.334403932114407,10.450033696596387,15.36102396641143
GlcNA(b1-3)Gal(b1-3)GalNAc(a1-Sp14,7.111221573154633,6.100025841202093,5.934383632414282,5.0594945613832465
Gal(b1-3)GlcNAc(b1-6)[Gal(b1-3)]GalNAc(a1-Sp14,22.94396734211051,2.176823509152757,2.2648357002587742,5.487114413712064
Gal(b1-4)GlcNAc(b1-3)Gal(b1-4)GlcNAc(b1-3)Gal(b1-4)GlcNAc(b1-3)Gal(b1-4)GlcNAc(b1-3)Gal(b1-4)GlcNAc(b1-3)Gal(b1-4)GlcNAc(b1-2)Man(a1-6)[Gal(b1-4)GlcNAc(b1-3)Gal(b1-4)GlcNAc(b1-3)Gal(b1-4)GlcNAc(b1-3)Gal(b1-4)GlcNAc(b1-3)Gal(b1-4)GlcNAc(b1-3)Gal(b1-4)GlcNAc(b1-2)Man(a1-3)]Man(b1-4)GlcNAc(b1-4)GlcNAc(b1-Sp25,13.047079230840644,13.213002541026272,5.131082299979868,26.388474080600037
(3S)GlcA(b1-3)Gal(b1-4)GlcNAc(b1-3)Gal(b1-4)Glc(a1-Sp0,7.662326257084084,4.229780949410973,4.5818139081772715,4.583890245468368
(3S)GlcA(b1-3)Gal(b1-4)GlcNAc(b1-2)Man(a1-Sp0,3.0697701824946684,4.147345506365084,4.660423014687974,2.965522779516849
Gal(b1-3)GlcNAc(b1-3)Gal(b1-4)GlcNAc(b1-3)Gal(b1-4)GlcNAc(b1-6)[Gal(b1-3)GlcNAc(b1-3)Gal(b1-4)GlcNAc(b1-3)Gal(b1-4)GlcNA(b1-2)]Man(a1-6)[Gal(b1-3)GlcNAc(b1-3)Gal(b1-4)GlcNAc(b1-3)Gal(b1-4)GlcNAc(b1-2)Man(a1-3)]Man(b1-4)GlcNAc(b1-4)[Fuc(a1-6)]GlcNAc(b1-Sp24,18.093818588033507,11.242306064260113,2.608964070756836,13.845553502719454
Gal(b1-3)GlcNAc(b1-3)Gal(b1-4)GlcNAc(b1-6)[Gal(b1-3)GlcNAc(b1-3)Gal(b1-4)GlcNA(b1-2)]Man(a1-6)[Gal(b1-3)GlcNAc(b1-3)Gal(b1-4)GlcNAc(b1-2)Man(a1-3)]Man(b1-4)GlcNAc(b1-4)[Fuc(a1-6)]GlcNAc(b1-Sp24,1.8689997491973973,16.508775531693235,9.876056676081133,17.289171026011246
Neu5Ac(a2-8)Neu5Ac(a2-3)Gal(b1-3)GalNAc(b1-4)[Neu5Ac(a2-3)]Gal(b1-4)Glc(a1-Sp21,2.4359900252942928,2.0303152579505164,7.352862968032702,11.012948731531136
GlcNAc(b1-3)Gal(b1-4)GlcNAc(b1-2)Man(a1-6)[GlcNAc(b1-3)Gal(b1-4)GlcNAc(b1-2)Man(a1-3)]Man(b1-4)GlcNAc(b1-4)[Fuc(a1-6)]GlcNAc(b1-Sp24,1.9388030351654209,6.634075217642118,7.6200363854665,7.652960753144289
Gal(b1-4)GlcNAc(b1-3)Gal(b1-4)GlcNAc(b1-2)Man(a1-6)[Gal(b1-4)GlcNAc(b1-3)Gal(b1-4)GlcNAc(b1-2)Man(a1-3)]Man(b1-4)GlcNAc(b1-4)[Fuc(a1-6)]GlcNAc(b1-Sp24,8.488468977530625,4.45465184077272,8.199698258269429,3.3395201082390984
GlcNAc(b1-3)Gal(b1-4)GlcNAc(b1-3)Gal(b1-4)GlcNAc(b1-2)Man(a1-6)[GlcNAc(b1-3)Gal(b1-4)GlcNAc(b1-3)Gal(b1-4)GlcNAc(b1-2)Man(a1-3)]Man(b1-4)GlcNAc(b1-4)[Fuc(a1-6)]GlcNAc(b1-Sp24,2.464808675976019,6.22726839385991,3.9511524943152088,16.098893841710574
Gal(b1-4)GlcNAc(b1-3)Gal(b1-4)GlcNAc(b1-3)Gal(b1-4)GlcNAc(b1-2)Man(a1-6)[Gal(b1-4)GlcNAc(b1-3)Gal(b1-4)GlcNAc(b1-3)Gal(b1-4)GlcNAc(b1-2)Man(a1-3)]Man(b1-4)GlcNAc(b1-4)[Fuc(a1-6)]GlcNAc(b1-Sp24,10.42491510385096,5.613671580095033,10.86795687096552,22.578241668528985
GlcNAc(b1-3)Gal(b1-4)GlcNAc(b1-3)Gal(b1-4)GlcNAc(b1-3)Gal(b1-4)GlcNAc(b1-2)Man(a1-6)[GlcNAc(b1-3)Gal(b1-4)GlcNAc(b1-3)Gal(b1-4)GlcNAc(b1-3)Gal(b1-4)GlcNAc(b1-2)Man(a1-3)]Man(b1-4)GlcNAc(b1-4)[Fuc(a1-6)]GlcNAc(b1-Sp24,3.8420753179976415,11.571404647376804,9.448362353692136,3.3647789134899555
Gal(b1-4)GlcNAc(b1-3)Gal(b1-4)GlcNAc(b1-3)Gal(b1-4)GlcNAc(b1-3)Gal(b1-4)GlcNAc(b1-2)Man(a1-6)[Gal(b1-4)GlcNAc(b1-3)Gal(b1-4)GlcNAc(b1-3)Gal(b1-4)GlcNAc(b1-3)Gal(b1-4)GlcNAc(b1-2)Man(a1-3)]Man(b1-4)GlcNAc(b1-4)[Fuc(a1-6)]GlcNAc(b1-Sp24,14.86873913627178,8.90657521212091,8.362087000414437,3.1887627386391326
GlcNAc(b1-3)Gal(b1-4)GlcNAc(b1-3)Gal(b1-4)GlcNAc(b1-3)Gal(b1-4)GlcNAc(b1-3)Gal(b1-4)GlcNAc(b1-2)Man(a1-6)[GlcNAc(b1-3)Gal(b1-4)GlcNAc(b1-3)Gal(b1-4)GlcNAc(b1-3)Gal(b1-4)GlcNAc(b1-3)Gal(b1-4)GlcNAc(b1-2)Man(a1-3)]Man(b1-4)GlcNAc(b1-4)[Fuc(a1-6)]GlcNAc(b1-Sp19,6.157474564773557,8.092678284875774,5.7323797231167495,10.723452449771015
Gal(b1-4)GlcNAc(b1-3)Gal(b1-4)GlcNAc(b1-3)Gal(b1-4)GlcNAc(b1-3)Gal(b1-4)GlcNAc(b1-3)Gal(b1-4)GlcNAc(b1-2)Man(a1-6)[Gal(b1-4)GlcNAc(b1-3)Gal(b1-4)GlcNAc(b1-3)Gal(b1-4)GlcNAc(b1-3)Gal(b1-4)GlcNAc(b1-3)Gal(b1-4)GlcNAc(b1-2)Man(a1-3)]Man(b1-4)GlcNAc(b1-4)[Fuc(a1-6)]GlcNAc(b1-Sp19,6.9252136616858255,4.248661257678706,2.9457393699771433,13.820791204166525
Gal(b1-4)GlcNAc(b1-3)Gal(b1-4)GlcNAc(b1-6)[Gal(b1-4)GlcNAc(b1-3)Gal(b1-4)GlcNA(b1-2)]Man(a1-6)[Gal(b1-4)GlcNAc(b1-3)Gal(b1-4)GlcNAc(b1-2)Man(a1-3)]Man(b1-4)GlcNAc(b1-4)[Fuc(a1-6)]GlcNAc(b1-Sp24,11.971685026065984,9.877958736289262,5.292590778547553,12.47927766268939
GlcNAc(b1-3)Gal(b1-4)GlcNAc(b1-3)Gal(b1-4)GlcNAc(b1-6)[GlcNAc(b1-3)Gal(b1-4)GlcNAc(b1-3)Gal(b1-4)GlcNA(b1-2)]Man(a1-6)[GlcNAc(b1-3)Gal(b1-4)GlcNAc(b1-3)Gal(b1-4)GlcNAc(b1-2)Man(a1-3)]Man(b1-4)GlcNAc(b1-4)[Fuc(a1-6)]GlcNAc(b1-Sp24,11.574097396737539,11.838539838031846,7.170236335656368,9.448259094140047
Gal(b1-4)GlcNAc(b1-3)Gal(b1-4)GlcNAc(b1-3)Gal(b1-4)GlcNAc(b1-6)[Gal(b1-4)GlcNAc(b1-3)Gal(b1-4)GlcNAc(b1-3)Gal(b1-4)GlcNA(b1-2)]Man(a1-6)[Gal(b1-4)GlcNAc(b1-3)Gal(b1-4)GlcNAc(b1-3)Gal(b1-4)GlcNAc(b1-2)Man(a1-3)]Man(b1-4)GlcNAc(b1-4)[Fuc(a1-6)]GlcNAc(b1-Sp24,5.703647489910928,6.063094192462021,7.473569122525522,18.522998709059863
GlcNAc(b1-3)Gal(b1-4)GlcNAc(b1-3)Gal(b1-4)GlcNAc(b1-3)Gal(b1-4)GlcNAc(b1-6)[GlcNAc(b1-3)Gal(b1-4)GlcNAc(b1-3)Gal(b1-4)GlcNAc(b1-3)Gal(b1-4)GlcNA(b1-2)]Man(a1-6)[GlcNAc(b1-3)Gal(b1-4)GlcNAc(b1-3)Gal(b1-4)GlcNAc(b1-3)Gal(b1-4)GlcNAc(b1-2)Man(a1-3)]Man(b1-4)GlcNAc(b1-4)[Fuc(a1-6)]GlcNAc(b1-Sp24,7.74770616693521,7.223360975335503,4.278856720745228,19.597190452609105
Gal(b1-4)GlcNAc(b1-3)Gal(b1-4)GlcNAc(b1-3)Gal(b1-4)GlcNAc(b1-3)Gal(b1-4)GlcNAc(b1-6)[Gal(b1-4)GlcNAc(b1-3)Gal(b1-4)GlcNAc(b1-3)Gal(b1-4)GlcNAc(b1-3)Gal(b1-4)GlcNA(b1-2)]Man(a1-6)[Gal(b1-4)GlcNAc(b1-3)Gal(b1-4)GlcNAc(b1-3)Gal(b1-4)GlcNAc(b1-3)Gal(b1-4)GlcNAc(b1-2)Man(a1-3)]Man(b1-4)GlcNAc(b1-4)[Fuc(a1-6)]GlcNAc(b1-Sp24,5.65026566632043,10.265202330689828,16.579453333845663,10.161303653567307
GlcNAc(b1-3)Gal(b1-4)GlcNAc(b1-3)Gal(b1-4)GlcNAc(b1-3)Gal(b1-4)GlcNAc(b1-3)Gal(b1-4)GlcNAc(b1-6)[GlcNAc(b1-3)Gal(b1-4)GlcNAc(b1-3)Gal(b1-4)GlcNAc(b1-3)Gal(b1-4)GlcNAc(b1-3)Gal(b1-4)GlcNA(b1-2)]Man(a1-6)[GlcNAc(b1-3)Gal(b1-4)GlcNAc(b1-3)Gal(b1-4)GlcNAc(b1-3)Gal(b1-4)GlcNAc(b1-3)Gal(b1-4)GlcNAc(b1-2)Man(a1-3)]Man(b1-4)GlcNAc(b1-4)[Fuc(a1-6)]GlcNAc(b1-Sp24,1.9932132640119835,9.135696193640632,8.733587002295602,7.508887309049183
Gal(b1-4)GlcNAc(b1-3)Gal(b1-4)GlcNAc(b1-3)Gal(b1-4)GlcNAc(b1-3)Gal(b1-4)GlcNAc(b1-3)Gal(b1-4)GlcNAc(b1-6)[Gal(b1-4)GlcNAc(b1-3)Gal(b1-4)GlcNAc(b1-3)Gal(b1-4)GlcNAc(b1-3)Gal(b1-4)GlcNAc(b1-3)Gal(b1-4)GlcNA(b1-2)]Man(a1-6)[Gal(b1-4)GlcNAc(b1-3)Gal(b1-4)GlcNAc(b1-3)Gal(b1-4)GlcNAc(b1-3)Gal(b1-4)GlcNAc(b1-3)Gal(b1-4)GlcNAc(b1-2)Man(a1-3)]Man(b1-4)GlcNAc(b1-4)[Fuc(a1-6)]GlcNAc(b1-Sp24,8.493182733767394,5.607045639490856,8.455506971347143,29.58422235240709
Gal(b1-4)GlcNAc(b1-3)Gal(b1-4)GlcNAc(b1-3)GalNAc(a1-Sp14,5.3934873439330975,7.866619557768514,11.40637740926099,15.846907020193768
Gal(b1-4)GlcNAc(b1-3)Gal(b1-4)GlcNAc(b1-6)[Gal(b1-3)]GalNAc(a1-Sp14,3.787415539542353,6.531219643119215,4.620675785621995,16.973938856449898
Gal(b1-4)GlcNAc(b1-3)Gal(b1-4)GlcNAc(b1-6)[Gal(b1-4)GlcNAc(b1-3)Gal(b1-4)GlcNAc(b1-3)]GalNAc(a1-Sp14,8.65622936194894,15.718032754981339,13.391100545511591,17.159994930336307
Neu5Ac(a2-3)Gal(b1-4)GlcNAc(b1-3)Gal(b1-4)GlcNAc(b1-3)GalNAc(a1-Sp14,5.05463861179346,0.7969449808487357,2.6868037397311566,8.144461514837348
GlcNAc(b1-3)Gal(b1-4)GlcNAc(b1-3)GalNAc(a1-Sp14,7.954020670076237,7.4484686958685264,3.1540571717234287,5.268944674853462
GlcNAc(b1-3)Gal(b1-4)GlcNAc(b1-6)[Gal(b1-3)]GalNAc(a1-Sp14,2.8399948678063964,14.812623252032932,9.561958969226264,3.9878492995389534
GlcNAc(b1-3)Gal(b1-4)GlcNAc(b1-6)[GlcNAc(b1-3)Gal(b1-4)GlcNAc(b1-3)]GalNAc(a1-Sp14,2.1880221106439195,13.012703933208243,9.560554920609997,8.340805449265673
Neu5Ac(a2-3)Gal(b1-4)GlcNAc(b1-3)Gal(b1-4)GlcNAc(b1-6)[Neu5Ac(a2-3)Gal(b1-4)GlcNAc(b1-3)Gal(b1-4)GlcNAc(b1-3)]GalNAc(a1-Sp14,19.72591415794632,12.537868960473304,3.1401539017485534,17.10035751107756
Neu5Ac(a2-6)Gal(b1-4)GlcNAc(b1-3)Gal(b1-4)GlcNAc(b1-3)GalNAc(a1-Sp14,1.7459063749239092,6.01820460990374,3.5982064109543965,5.9097449326655935
GlcNAc(b1-3)Gal(b1-4)GlcNAc(b1-3)Gal(b1-4)GlcNAc(b1-3)GalNAc(a1-Sp14,19.212237547025424,15.213417825283914,7.517323692423169,10.533301126427572
Gal(b1-4)GlcNAc(b1-3)Gal(b1-3)GalNAc(a1-Sp14,8.003285649604587,2.8367347150083155,5.041695035402278,2.3830995782803552
Neu5Ac(a2-3)Gal(b1-4)GlcNAc(b1-3)Gal(b1-4)GlcNAc(b1-6)[Gal(b1-3)]GalNAc(a1-Sp14,18.29970822253732,11.629248736698345,3.7551164468184375,9.698386034928676
Neu5Ac(a2-6)Gal(b1-4)GlcNAc(b1-3)Gal(b1-4)GlcNAc(b1-6)[Gal(b1-3)]GalNAc(a1-Sp14,10.373679528177695,3.692737338343997,8.660580693579387,8.36492516663081
Neu5Ac(a2-6)Gal(b1-4)GlcNAc(b1-6)[Gal(b1-3)]GalNAc(a1-Sp14,4.618290014262137,8.172831505002819,11.105746511416204,5.334376158152576
Neu5Ac(a2-3)Gal(b1-4)GlcNAc(b1-3)Gal(b1-4)GlcNAc(b1-2)Man(a1-6)[Neu5Ac(a2-3)Gal(b1-4)GlcNAc(b1-3)Gal(b1-4)GlcNAc(b1-2)Man(a1-3)]Man(b1-4)GlcNAc(b1-4)GlcNAc(b1-Sp12,11.522155444331306,9.67671525088272,14.289124604630823,7.3683671707734195
GlcNAc(b1-6)[Neu5Ac(a2-3)Gal(b1-3)]GalNAc(a1-Sp14,4.201173748291462,8.88717439698918,9.00514650422191,4.647427284709967
Neu5Ac(a2-6)Gal(b1-4)GlcNAc(b1-3)Gal(b1-4)GlcNAc(b1-6)[Neu5Ac(a2-6)Gal(b1-4)GlcNAc(b1-3)Gal(b1-4)GlcNAc(b1-3)]GalNAc(a1-Sp14,8.174921265675879,13.685925298489439,17.12392771582108,5.253590692405747
Neu5Ac(a2-6)Gal(b1-4)GlcNAc(b1-3)Gal(b1-4)GlcNAc(b1-3)Gal(b1-4)GlcNAc(b1-2)Man(a1-6)[Neu5Ac(a2-6)Gal(b1-4)GlcNAc(b1-3)Gal(b1-4)GlcNAc(b1-3)Gal(b1-4)GlcNAc(b1-2)Man(a1-3)]Man(b1-4)GlcNAc(b1-4)GlcNAc(b1-Sp12,13.859421975531054,8.225238555152472,7.987699083956136,9.330636546479546
Neu5Ac(a2-3)Gal(b1-4)GlcNAc(b1-3)Gal(b1-4)GlcNAc(b1-3)Gal(b1-4)GlcNAc(b1-2)Man(a1-6)[Neu5Ac(a2-3)Gal(b1-4)GlcNAc(b1-3)Gal(b1-4)GlcNAc(b1-3)Gal(b1-4)GlcNAc(b1-2)Man(a1-3)]Man(b1-4)GlcNAc(b1-4)GlcNAc(b1-Sp12,6.949472018793906,6.063228382360758,16.989384534148556,10.334245143212105
Neu5Ac(a2-6)Gal(b1-4)GlcNAc(b1-3)Gal(b1-4)GlcNAc(b1-2)Man(a1-6)[Neu5Ac(a2-6)Gal(b1-4)GlcNAc(b1-3)Gal(b1-4)GlcNAc(b1-2)Man(a1-3)]Man(b1-4)GlcNAc(b1-4)GlcNAc(b1-Sp12,15.141724257384539,3.797797031942772,3.103319222354235,10.233907436352636
GlcNAc(b1-3)Fuc(a1-Sp21,10.770683379858806,10.493611705342447,2.3173025444468816,4.15943581300397
Gal(b1-3)GalNAc(b1-4)[Neu5Ac(a2-8)Neu5Ac(a2-8)Neu5Ac(a2-3)]Gal(b1-4)Glc(b1-Sp21,17.556258355806712,10.190733329639883,2.9092586570006675,3.9342486915123582
