IUPAC,Gal-3C (0.5ug/ml),Gal-3C (2ug/ml),Gal-3C (5ug/ml),Gal-3C (20ug/ml),Gal-3C (50ug/ml)
Gal(a1-Sp8,3.8990611967284132,4.530573734822837,22.478744784258584,2.318890597354674,19.57824451074456
Glc(a1-Sp8,14.569675005841182,3.625259724028942,12.191083594270856,7.857665468137921,10.827906363766763
Man(a1-Sp8,3.9543639871034846,7.1573182111621945,23.34141501808893,11.743437892996536,17.396199210627405
GalNAc(a1-Sp8,18.44535814044191,6.373996109388531,15.928110489634365,7.488399115242633,3.8215749920679816
GalNAc(a1-Sp15,15.055412572006595,7.698973739564266,6.820305843765402,9.913930826703737,2.7844798692933965
Fuc(a1-Sp8,15.354028503403704,8.601347867437209,16.31126991142422,16.083364738345853,12.387774415224873
Fuc(a1-Sp9,25.72861456723175,32.81435696351773,14.572986748633342,17.493550395121762,12.991869839088901
Rha(a1-Sp8,19.459713411109124,9.843250455515195,9.114780034098466,7.2708420220196155,12.986550504367974
Neu5Ac(a1-Sp8,6.074827713537798,9.0799253679018,11.767386885654199,10.125059003079109,9.440289647745619
Neu5Ac(a1-Sp11,7.158341701120441,12.172142872833293,15.133316631745556,6.440883997493413,9.015151351428699
Neu5Ac(b1-Sp8,4.772279904039569,4.371697492107604,5.402008415009488,5.4319220054538135,10.161631223053382
Gal(b1-Sp8,9.74139259893917,23.31847038508316,9.742111741087411,10.781612107194373,37.46074175062032
Glc(b1-Sp8,12.641652635467922,11.47037457016988,9.59140721792167,4.041315414874187,19.500631764210453
Man(b1-Sp8,4.7432986597760864,14.473774894701785,5.2230602832534485,15.015166826995285,3.751713310831031
GalNAc(b1-Sp8,4.988933124677083,18.83652773814752,9.911713091548144,8.02061962049487,15.95828005519392
GlcNAc(b1-Sp0,10.089012446716467,8.045531431121661,8.539421436686071,3.564860895836856,18.281335512005136
GlcNAc(b1-Sp8,17.66802090840963,3.6119284446354434,12.471489507405842,7.8580158914321405,13.672668157891984
GlcN[Gc](b1-Sp8,3.052515769410534,8.31905444241311,7.163841803750754,18.173031113530115,9.762500208237286
Gal(b1-4)GlcNAc(b1-6)[Gal(b1-4)GlcNAc(b1-3)]GalNAc(a1-Sp8,7.597778130644535,9.937455731557591,5.6161001026067865,4.694980437570221,15.04702316149282
Gal(b1-4)GlcNAc(b1-6)[Gal(b1-4)GlcNAc(b1-3)]GalNAc(a1-Sp14,20.03271373834561,7.417840997835333,5.711507185206579,7.652151582833843,33.91022232104208
GlcNAc(b1-6)[GlcNAc(b1-4)][GlcNAc(b1-3)]GlcNAc(a1-Sp8,7.631212375501031,9.219471842202594,2.765502263453543,7.197964057692549,7.5496637375448925
6S(3S)Gal(b1-4)(6S)GlcNAc(b1-Sp0,9.382165449893039,2.452549328589836,11.719278265995461,9.498241468643897,8.331607067617085
6S(3S)Gal(b1-4)GlcNAc(b1-Sp0,12.979310135846974,1.737459177458083,12.50359063665981,4.0418420135502435,7.686061736838957
(3S)Gal(b1-4)[Fuc(a1-3)](6S)Glc(a1-Sp0,20.65085520446631,7.120368709729875,30.33946944960199,12.930815687953801,18.198607043672453
(3S)Gal(b1-4)Glc(b1-Sp8,10.094373434864623,12.979815431661565,19.183928088897733,12.252438713544608,11.849477813353893
(3S)Gal(b1-4)(6S)Glc(b1-Sp0,9.269409592264582,3.7442830261613382,15.526949525904973,12.175282357403487,4.7645044033106725
(3S)Gal(b1-4)(6S)Glc(b1-Sp8,5.260860990053518,5.4540205178534285,3.8120279856440327,5.930333211830006,15.027631629185588
(3S)Gal(b1-3)[Fuc(a1-4)]GlcNAc(b1-Sp8,7.9606602173856675,9.080659295218249,16.007050402765213,11.41728463584198,11.639536865750575
(3S)Gal(b1-3)GalNAc(a1-Sp8,4.3123680697694216,11.307529513669206,8.850660727265867,5.811038647551202,10.332810367304075
(3S)Gal(b1-3)GlcNAc(b1-Sp0,8.004364963776528,11.336761516853047,17.85559190568882,11.737356348144724,39.07126102431289
(3S)Gal(b1-3)GlcNAc(b1-Sp8,22.880518147450967,4.410650712668962,20.385611650602172,52.85801041812398,26.916863315200004
(3S)Gal(b1-4)[Fuc(a1-3)]GlcNAc(a1-Sp0 ,14.221931381379465,8.216967667525946,10.484621228693332,6.151934543702452,17.488898655623416
(3S)Gal(b1-4)[Fuc(a1-3)]GlcNAc(a1-Sp8,3.2534787566541823,8.329683678267742,0.9617690830789496,11.320984438164663,5.171637335183823
(3S)Gal(b1-4)(6S)GlcNAc(b1-Sp0,7.628482921863728,26.1750504948733,12.636956840553037,18.588310894932924,133.82169413786778
(3S)Gal(b1-4)(6S)GlcNAc(b1-Sp8,13.569028248551927,18.356977693214247,6.560193958768867,114.28182172058594,81.76062542354332
(3S)Gal(b1-4)GlcNAc(b1-Sp0,14.69536853419585,8.830619073806021,17.284318806435515,11.872898486995435,15.771548985515244
(3S)Gal(b1-4)GlcNAc(b1-Sp8,12.705593489745633,7.036913985074222,14.642634735934653,23.017109781566052,45.0942374324684
(3S)Gal(b1-Sp8,10.74380820519429,11.559544330516086,12.83593569044216,15.389760440630655,12.038305237137813
(6S)(4S)Gal(b1-4)GlcNAc(b1-Sp0,14.462572123329243,3.1110697371107765,8.260629609327601,4.138894154541768,5.036505493891559
(4S)Gal(b1-4)GlcNAc(b1-Sp8,7.224381802099052,9.308493304683275,3.5099144016153248,6.195828548574696,10.205670471972915
(6P)Man(a1-Sp8,16.985103382547695,14.107724207061185,6.917845787707323,1.4815013421075944,21.87265173595784
(6S)Gal(b1-4)Glc(b1-Sp0,6.539603913273322,8.09213370914413,17.052367976593942,10.323804812987614,14.554970562205426
(6S)Gal(b1-4)Glc(b1-Sp8,8.41560563833645,7.430382821900897,9.57837677840909,8.631338896718157,8.204972780525653
(6S)Gal(b1-4)GlcNAc(b1-Sp8,2.941820471947028,4.62764970224267,2.603582038269576,11.378538926234471,12.666277337218444
(6S)Gal(b1-4)(6S)Glc(b1-Sp8,17.00928190714313,15.699718772958953,19.638592465007935,4.376269305013117,12.235942671320148
Neu5Ac(a2-3)(6S)Gal(b1-4)GlcNAc(b1-Sp8,10.937750914569538,4.0200435191466335,5.8859288244649015,5.605118638351869,12.67756291363476
(6S)GlcNAc(b1-Sp8,2.7391535582791637,8.147612867991871,8.271158249554091,6.429450622137157,9.692829105194214
"Neu5,9Ac2(a1-Sp8",1.51869168914124,6.898007217245199,22.578524434072307,16.22821623333364,9.021830308571909
"Neu5,9Ac2(a2-6)Gal(b1-4)GlcNAc(b1-Sp8",12.261702830459573,2.2224389656036623,11.537224264491297,5.402035702322478,6.3802528295645775
Man(a1-6)[Man(a1-3)]Man(b1-4)GlcNAc(b1-4)GlcNAc(b1-Sp12,20.307745581653485,24.066421979734894,20.954470025172046,16.896397600573522,7.443358894287408
Man(a1-6)[Man(a1-3)]Man(b1-4)GlcNAc(b1-4)GlcNAc(b1-Sp13,10.626244084811896,7.917753442896571,16.43075883100049,27.08651448468727,9.788411154140444
GlcNAc(b1-2)Man(a1-6)[GlcNAc(b1-2)Man(a1-3)]Man(b1-4)GlcNAc(b1-4)GlcNAc(b1-Sp12,4.551791482116324,5.3552218711428825,4.646791253022523,3.3627373071155096,19.864598592701725
GlcNAc(b1-2)Man(a1-6)[GlcNAc(b1-2)Man(a1-3)]Man(b1-4)GlcNAc(b1-4)GlcNAc(b1-Sp13,5.157340330053855,4.260703565140391,9.93636671324081,8.66780538520748,14.378052224687224
Gal(b1-4)GlcNAc(b1-2)Man(a1-6)[Gal(b1-4)GlcNAc(b1-2)Man(a1-3)]Man(b1-4)GlcNAc(b1-4)GlcNAc(b1-Sp12,1.9487420684037875,9.944995584044596,18.385448600727667,16.236925923005447,9.390759001805968
Neu5Ac(a2-6)Gal(b1-4)GlcNAc(b1-2)Man(a1-6)[Neu5Ac(a2-6)Gal(b1-4)GlcNAc(b1-2)Man(a1-3)]Man(b1-4)GlcNAc(b1-4)GlcNAc(b1-Sp12,3.1666286008676843,6.250378027700938,66.5219442070309,4.681418978169619,15.058406760566225
Neu5Ac(a2-6)Gal(b1-4)GlcNAc(b1-2)Man(a1-6)[Neu5Ac(a2-6)Gal(b1-4)GlcNAc(b1-2)Man(a1-3)]Man(b1-4)GlcNAc(b1-4)GlcNAc(b1-Sp13,4.777154993211621,5.487890553755605,4.224553788271597,0.8930472645200254,3.5088119892398475
Neu5Ac(a2-6)Gal(b1-4)GlcNAc(b1-2)Man(a1-6)[Neu5Ac(a2-6)Gal(b1-4)GlcNAc(b1-2)M(an-a)(a1-3)]Man(b1-4)GlcNAc(b1-4)GlcNAc(b1-Sp21,4.694397030148453,4.879538500377545,1.4243698638930256,11.158153462939124,11.032497050229988
Neu5Ac(a2-6)Gal(b1-4)GlcNAc(b1-2)Man(a1-6)[Neu5Ac(a2-6)Gal(b1-4)GlcNAc(b1-2)Man(a1-3)]Man(b1-4)GlcNAc(b1-4)GlcNAc(b1-Sp24,7.801953544038397,9.542390887158936,10.729503989584096,8.072514065229797,24.91452548740386
Fuc(a1-2)Gal(b1-3)GalNAc(b1-3)Gal(a1-Sp9,5.205710517627086,14.52396989333494,14.70042914914958,2.2409970256934177,7.379601412169904
Fuc(a1-2)Gal(b1-3)GalNAc(b1-3)Gal(a1-4)Gal(b1-4)Glc(b1-Sp9,14.004119631974973,6.7255104209643575,14.9860882020626,4.921359676959215,13.593272953039405
Fuc(a1-2)Gal(b1-3)[Fuc(a1-4)]GlcNAc(b1-Sp8,4.7456250739496815,6.096247341534518,12.131045765411164,5.2158612967243085,6.069275511610358
Fuc(a1-2)Gal(b1-3)GalNAc(a1-Sp8,12.016954289807927,10.023675936834033,7.7621455179930745,14.861447757312648,3.5430336309439663
Fuc(a1-2)Gal(b1-3)GalNAc(a1-Sp14,6.528558325477886,6.0285583774232485,8.800235715214303,3.46101575685038,8.862834047254106
Fuc(a1-2)Gal(b1-3)GalNAc(b1-4)[Neu5Ac(a2-3)]Gal(b1-4)Glc(b1-Sp0,1.5154285389508326,13.726925765686447,4.663937764289595,15.795892550596804,4.373699721822087
Fuc(a1-2)Gal(b1-3)GalNAc(b1-4)[Neu5Ac(a2-3)]Gal(b1-4)Glc(b1-Sp9,9.093629496658632,7.207050792800063,14.810311944807234,2.4269551115200385,11.04528329782295
Fuc(a1-2)Gal(b1-3)GlcNAc(b1-3)Gal(b1-4)Glc(b1-Sp8,10.579634444377874,0.9477746369786532,21.19735495795009,34.47353699766145,69.19753912088548
Fuc(a1-2)Gal(b1-3)GlcNAc(b1-3)Gal(b1-4)Glc(b1-Sp10,9.012781614046805,22.769007467223958,21.125597123395078,31.831616595494236,79.55687328171804
Fuc(a1-2)Gal(b1-3)GlcNAc(b1-Sp0,8.170581014632115,13.883694888939571,20.75998957056579,20.168509372017688,18.296990725435325
Fuc(a1-2)Gal(b1-3)GlcNAc(b1-Sp8,4.719863074638215,1.5266831746741811,5.56953355437718,8.392775432477633,9.075571196854028
Fuc(a1-2)Gal(b1-4)[Fuc(a1-3)]GlcNAc(b1-3)Gal(b1-4)[Fuc(a1-3)]GlcNAc(b1-Sp0,19.26054178441424,9.080692568301156,13.269016572797186,4.176816834624183,30.127964378906626
Fuc(a1-2)Gal(b1-4)[Fuc(a1-3)]GlcNAc(b1-3)Gal(b1-4)[Fuc(a1-3)]GlcNAc(b1-3)Gal(b1-4)[Fuc(a1-3)]GlcNAc(b1-Sp0,18.24009543804985,1.1253084151318928,2.5562421134352498,4.494174321274143,20.9006142238891
Fuc(a1-2)Gal(b1-4)[Fuc(a1-3)]GlcNAc(b1-Sp0,4.265065723897656,9.341866536725915,16.834259591083892,16.43492523469457,23.424420480344878
Fuc(a1-2)Gal(b1-4)[Fuc(a1-3)]GlcNAc(b1-Sp8,5.160282385360965,2.1566286040562,7.770936679866852,4.721280321056993,2.168829935702664
Fuc(a1-2)Gal(b1-4)GlcNAc(b1-3)Gal(b1-4)GlcNAc(b1-Sp0,8.681874493832938,18.972675537270003,95.6565815102628,157.23240654744552,910.4985972934044
Fuc(a1-2)Gal(b1-4)GlcNAc(b1-3)Gal(b1-4)GlcNAc(b1-3)Gal(b1-4)GlcNAc(b1-Sp0,8.069958809684188,20.779831153152625,155.12105684040182,508.82286447049654,1435.1223004204944
Fuc(a1-2)Gal(b1-4)GlcNAc(b1-Sp0,2.7657363492085265,3.514971127785638,10.084000518106242,6.326847157615979,4.481039324661938
Fuc(a1-2)Gal(b1-4)GlcNAc(b1-Sp8,7.798741432382952,5.414666606541908,15.485371157617294,10.752724415545359,18.43695969954104
Fuc(a1-2)Gal(b1-4)Glc(b1-Sp0,8.876234046551883,9.149494297318663,7.1137527405254515,12.37160348661402,24.13418072872305
Fuc(a1-2)Gal(b1-Sp8,2.263758951206304,3.14549069767602,14.323607594544756,12.139952457485167,18.883184121063934
Fuc(a1-3)GlcNAc(b1-Sp8,3.1108720969100294,17.930679200186468,6.2589864602159615,5.025413384986347,8.078066361605334
Fuc(a1-4)GlcNAc(b1-Sp8,8.397373531597099,6.212241976667256,20.386063009566122,7.300001945833062,29.515002889420447
Fuc(b1-3)GlcNAc(b1-Sp8,2.6168722684087315,10.054487588592801,6.4466914642965225,14.073602028946473,13.164601082036894
GalNAc(a1-3)[Fuc(a1-2)]Gal(b1-3)GlcNAc(b1-Sp0,12.508397913535259,11.136699216254973,11.883450040953305,28.09395056892476,38.877730835400186
GalNAc(a1-3)[Fuc(a1-2)]Gal(b1-4)[Fuc(a1-3)]GlcNAc(b1-Sp0,12.404306755585587,21.069827525694148,20.856444809918266,6.6469478315866,24.545893164217162
(3S)Gal(b1-4)[Fuc(a1-3)]Glc(b1-Sp0,7.297292002517103,15.906463450093687,18.76885706525129,3.662402441476557,10.563396375337854
GalNAc(a1-3)[Fuc(a1-2)]Gal(b1-4)GlcNAc(b1-Sp0,14.52333530472023,13.463548011080023,72.74595768258686,145.56445411112077,456.9781728811489
GalNAc(a1-3)[Fuc(a1-2)]Gal(b1-4)GlcNAc(b1-Sp8,7.271007578733503,34.13531100853105,99.48854463941723,166.07747851395268,812.209624511406
GalNAc(a1-3)[Fuc(a1-2)]Gal(b1-4)Glc(b1-Sp0,5.422138288151016,3.7875780769730216,15.698174165912867,16.71145930679057,54.254461923818376
GlcNAc(b1-3)Gal(b1-3)GalNAc(a1-Sp8,4.826014217671422,3.8151607253167055,10.557919287238054,11.901811759700005,12.862992104580481
GalNAc(a1-3)[Fuc(a1-2)]Gal(b1-Sp8,7.771102466778227,5.8315086483545,8.069114295623367,2.3287792782199563,6.029117333131497
GalNAc(a1-3)[Fuc(a1-2)]Gal(b1-Sp18,10.932963726425392,4.726203449828065,18.487481787843187,10.858294900059898,4.691085873849817
GalNAc(a1-3)GalNAc(b1-Sp8,15.551717735001723,7.2318596190168725,11.416724779718294,6.390140912895921,8.767659907248166
GalNAc(a1-3)Gal(b1-Sp8,3.60085028523352,3.301448105882211,1.6891093254533251,6.171714893703912,0.9961152962048784
GalNAc(a1-4)[Fuc(a1-2)]Gal(b1-4)GlcNAc(b1-Sp8,1.7359541718221465,5.047081689699502,9.544482031126675,12.269970455003842,23.713817018846502
GalNAc(b1-3)GalNAc(a1-Sp8,2.813905556932016,9.116826046885325,11.716011753009912,10.884084562944787,12.818000470009608
GalNAc(b1-3)[Fuc(a1-2)]Gal(b1-Sp8,13.798812328934956,8.167987650323264,4.993592228713375,5.6531585338788055,3.9043691176253614
GalNAc(b1-3)Gal(a1-4)Gal(b1-4)GlcNAc(b1-Sp0,16.685489745884,3.4064176001578623,10.544689222858436,17.88979921023434,38.17018046141086
GalNAc(b1-4)[Fuc(a1-3)]GlcNAc(b1-Sp0,2.368147897091952,15.593386142288036,10.294145733862516,22.17746875192252,11.950249776015875
GalNAc(b1-4)GlcNAc(b1-Sp0,13.603312072187984,34.236321898764665,16.373869357480384,15.752350994349106,24.473660838049177
GalNAc(b1-4)GlcNAc(b1-Sp8,10.746142589475227,17.978782445682114,8.535993520528232,23.361616399324106,17.494914155167027
Gal(a1-2)Gal(b1-Sp8,8.750024723965057,3.9591092958728367,6.347593643985615,1.4441281322998984,3.82578630218678
Gal(a1-3)[Fuc(a1-2)]Gal(b1-3)GlcNAc(b1-Sp0,8.230212685941545,23.64127508144716,47.542490068113395,245.06320457254841,108.4081045227798
Gal(a1-3)[Fuc(a1-2)]Gal(b1-3)GlcNAc(b1-Sp8,17.184789341425358,12.3758949099651,52.682711723195546,97.84543452306377,614.7989853483249
Gal(a1-3)[Fuc(a1-2)]Gal(b1-4)[Fuc(a1-3)]GlcNAc(b1-Sp0,19.93388630320656,10.456869154252942,11.799540955195415,21.95408804731285,9.149223760288788
Gal(a1-3)[Fuc(a1-2)]Gal(b1-4)[Fuc(a1-3)]GlcNAc(b1-Sp8,7.579955823255179,5.31900643063783,12.306890692886915,13.314245278992214,17.835327884286297
Gal(a1-3)[Fuc(a1-2)]Gal(b1-4)GlcNAc(a1-Sp0,8.33506044949092,41.71011723122346,133.1247885830106,331.55896929676857,1506.7978184768247
Gal(a1-3)[Fuc(a1-2)]Gal(b1-4)Glc(b1-Sp0,14.78926063635365,1.6914091275222614,25.169760161617212,43.96164557258019,26.68987734054505
Gal(a1-3)[Fuc(a1-2)]Gal(b1-Sp8,15.427223323155069,3.7462424911502974,7.432186288479768,5.132463197708606,10.925563903181443
Gal(a1-3)[Fuc(a1-2)]Gal(b1-Sp18,3.8571603461396418,9.199180550960321,14.576583254287193,12.301790863494887,7.684975956316763
Gal(a1-4)[Gal(a1-3)]Gal(b1-4)GlcNAc(b1-Sp8,5.609962077411941,11.58363286725419,3.75822589750358,7.501241669662041,12.620580387604988
Gal(a1-3)GalNAc(a1-Sp8,19.795477303077746,25.555925910882078,10.87003427911645,6.432968966711317,11.00873061195826
Gal(a1-3)GalNAc(a1-Sp16,11.062438953918175,1.9858016976777884,10.46004406758562,14.285551480750284,10.612777901308407
Gal(a1-3)GalNAc(b1-Sp8,6.325229135507,7.142678539595638,5.5078946446593084,12.249850361092859,9.350845853495466
Gal(a1-3)Gal(b1-4)[Fuc(a1-3)]GlcNAc(b1-Sp8,4.3588200578444125,4.162992721888879,7.700685308626762,15.00337232824674,3.823237407725719
Gal(a1-3)Gal(b1-3)GlcNAc(b1-Sp0,6.519076509943718,12.206225163517999,3.7969338519170175,11.662475587505718,8.272616384796278
Gal(a1-3)Gal(b1-4)GlcNAc(b1-Sp8,7.083241391893496,5.540752744588633,15.089609309582313,14.740812661790805,52.96942432727126
Gal(a1-3)Gal(b1-4)Glc(b1-Sp0,1.476472297967932,13.562370772441184,3.976568165621373,11.590151518854322,0.6502473247414234
Gal(a1-3)Gal(b1-4)Glc(a1-Sp10,13.358167517384267,2.071348658885446,11.331393021895698,5.60869010316434,26.25913133965656
Gal(a1-3)Gal(b1-Sp8,6.250240610501861,9.749380430912854,7.966642681832798,6.60573861495947,11.257658033682358
Gal(a1-4)[Fuc(a1-2)]Gal(b1-4)GlcNAc(b1-Sp8,13.245001328142614,23.23971857151745,16.87211798606901,4.142947855895208,19.199343624262266
Gal(a1-4)Gal(b1-4)GlcNAc(b1-Sp0,14.725511446126525,6.397128271016,13.336083661348988,6.909809092092705,37.41884974403498
Gal(a1-4)Gal(b1-4)GlcNAc(b1-Sp8,5.750871094234324,13.391587112935936,15.113323123958116,14.306003206667954,13.497847561092945
Gal(a1-4)Gal(b1-4)Glc(b1-Sp0,9.404022936311213,18.263667176665013,10.123637661269145,5.554458030792347,18.77788474800004
Gal(a1-4)GlcNAc(b1-Sp8,7.413751598381215,10.367284386110953,9.853695523127362,12.169310429382046,15.526072710014805
Gal(a1-6)Glc(b1-Sp8,9.790526714635922,1.583841318598518,3.6415179559262696,14.77315801546845,2.8231064785386004
Gal(b1-2)Gal(b1-Sp8,26.652320629715646,7.899689425329796,11.704711712347565,10.119415740833713,2.066913153311804
Gal(b1-3)[Fuc(a1-4)]GlcNAc(b1-3)Gal(b1-4)[Fuc(a1-3)]GlcNAc(b1-Sp0,3.423277308369866,25.321412836882402,12.500166692888527,4.936750199945992,11.834670083945449
Gal(b1-3)[Fuc(a1-4)]GlcNAc(b1-3)Gal(b1-4)GlcNAc(b1-Sp0,14.494944080149686,0.8393602802133581,10.112356333054466,11.91975655581942,16.637965311199157
Gal(b1-3)[Fuc(a1-4)]GlcNAc(a1-Sp0,1.6336615344576892,7.648709167511001,4.510363153523944,7.025502453680197,9.690196290882517
Gal(b1-3)[Fuc(a1-4)]GlcNAc(a1-Sp8 ,15.830698036699676,7.787723465600621,2.2598655481761085,7.191804435837594,5.019128999471264
Fuc(a1-4)[Gal(b1-3)]GlcNAc(b1-Sp8,9.074455363776204,8.935996441872993,12.479139770032225,7.506947500815498,8.559219988994322
Gal(b1-4)GlcNAc(b1-6)GalNAc(a1-Sp8,16.989069426055458,6.3342986970410085,6.403874488151707,23.51785992963643,9.682199115214765
Gal(b1-4)GlcNAc(b1-6)GalNAc(a1-Sp14,7.5556763531356514,9.298093426073981,13.416244367681045,18.756184419967592,13.10801100472534
GlcNAc(b1-6)[Gal(b1-3)]GalNAc(a1-Sp8,28.38569656997161,7.584436268383483,9.379340394141087,9.21713404422258,6.815746316435263
GlcNAc(b1-6)[Gal(b1-3)]GalNAc(a1-Sp14,6.527631627933673,12.427320411228369,9.627515558543656,6.355537956971067,9.87734119601526
Neu5Ac(a2-6)[Gal(b1-3)]GalNAc(a1-Sp8,7.6322526872804755,3.6068722788356853,0.5678701516778961,6.466816518903773,8.227638819400061
Neu5Ac(a2-6)[Gal(b1-3)]GalNAc(a1-Sp14,10.3660776886278,5.44867619541669,6.418601163999824,3.5117029595102767,3.555637049812576
Neu5Ac(b2-6)[Gal(b1-3)]GalNAc(a1-Sp8,5.14109886924317,12.585450475681567,4.123191299123366,8.533915819979711,11.20923813601976
Neu5Ac(a2-6)[Gal(b1-3)]GlcNAc(b1-4)Gal(b1-4)Glc(b1-Sp10,0.4408736506453182,7.811947585376295,1.877908138505584,6.645783334002093,10.469045512844046
Gal(b1-3)GalNAc(a1-Sp8,7.576446940519023,14.321325675718713,4.400650593567576,2.697643378179506,18.25543458690222
Gal(b1-3)GalNAc(a1-Sp14,7.042368649526472,6.415186972853296,3.0606284757655002,5.919089896822546,6.985133955766356
Gal(b1-3)GalNAc(a1-Sp16,3.30358084445248,9.537953286519784,4.503485539279558,13.813987919617318,13.849938937861795
Gal(b1-3)GalNAc(b1-Sp8,2.6548401224618607,6.413160035102308,10.590542197482929,14.509845018325775,14.204577499847245
Gal(b1-3)GalNAc(b1-3)Gal(a1-4)Gal(b1-4)Glc(b1-Sp0,9.586973696071476,5.4130619458860805,2.6031621980135284,8.10635035861805,21.953884421213502
Gal(b1-3)GalNAc(b1-4)[Neu5Ac(a2-3)]Gal(b1-4)Glc(b1-Sp0,7.444157345361527,3.2236910422422964,21.61683304670614,13.536294466113436,3.185026108082416
Gal(b1-3)GalNAc(b1-4)Gal(b1-4)Glc(b1-Sp8,8.19602156109902,16.833160264588873,26.264111824106426,6.58012793695278,12.178363511572512
Gal(b1-3)Gal(b1-Sp8,14.96730750989748,11.503089056567953,6.714128784076665,5.053627199349,21.320485630100805
Gal(b1-3)GlcNAc(b1-3)Gal(b1-4)GlcNAc(b1-Sp0,8.074455221871009,7.476943721144793,18.191149701319922,37.04005511060646,25.35756737653853
Gal(b1-3)GlcNAc(b1-3)Gal(b1-4)Glc(b1-Sp10,2.852191927126692,6.099900519065863,11.056404468903963,13.243346043453915,8.44981841200347
Gal(b1-3)GlcNAc(b1-Sp0,1.3994241014908035,1.4185688242615138,11.903224685913205,5.239107853044582,8.367727510302107
Gal(b1-3)GlcNAc(b1-Sp8,8.179913369141914,5.543340608634247,7.968934407434915,13.799815419629116,7.960278356523278
Gal(b1-4)[Fuc(a1-3)]GlcNAc(b1-Sp0,3.3036216141027204,11.614698095803726,5.783369160719952,13.721993536533484,8.231071510036434
Gal(b1-4)[Fuc(a1-3)]GlcNAc(b1-Sp8,9.360994641952674,4.154549608461404,6.543512525140207,7.672320611729312,20.4346852699848
Gal(b1-4)[Fuc(a1-3)]GlcNAc(b1-4)Gal(b1-4)[Fuc(a1-3)]GlcNAc(b1-Sp0,7.720512175745416,5.693760684292933,6.006301591661877,7.131317728629625,66.96847253183148
Gal(b1-4)[Fuc(a1-3)]GlcNAc(b1-4)Gal(b1-4)[Fuc(a1-3)]GlcNAc(b1-4)Gal(b1-4)[Fuc(a1-3)]GlcNAc(b1-Sp0,21.05333960317619,4.044117045371798,4.62974081734965,12.858463681171255,14.053410693730767
Gal(b1-4)(6S)Glc(b1-Sp0,3.1614509847800463,4.067934782642582,4.5713732969426335,5.825296716048031,17.45082775866236
Gal(b1-4)(6S)Glc(b1-Sp8,5.834866420636092,4.977435393854947,11.419541750730062,4.754075188369104,11.481206062372816
Gal(b1-4)GalNAc(a1-3)[Fuc(a1-2)]Gal(b1-4)GlcNAc(b1-Sp8,4.146877021225326,24.26473413363204,21.01040929674215,102.778117366261,329.062888312556
Gal(b1-4)GalNAc(b1-3)[Fuc(a1-2)]Gal(b1-4)GlcNAc(b1-Sp8,2.4650461447675527,4.601607938083529,4.076897780073229,8.378923211049651,7.23045067722846
Gal(b1-4)GlcNAc(b1-3)GalNAc(a1-Sp8,9.34976161242451,4.681128263214582,5.3646325428681525,8.422446031636698,4.917038963305724
Gal(b1-4)GlcNAc(b1-3)GalNAc(a1-Sp14,11.48872678919066,10.121223368537665,16.95854679001615,8.014440507140861,6.564300345746447
Gal(b1-4)GlcNAc(b1-3)Gal(b1-4)[Fuc(a1-3)]GlcNAc(b1-3)Gal(b1-4)[Fuc(a1-3)]GlcNAc(b1-Sp0,4.189343603318629,12.453930814907393,9.861174978799422,21.128724740090227,14.833685136427373
Gal(b1-4)GlcNAc(b1-3)Gal(b1-4)GlcNAc(b1-3)Gal(b1-4)GlcNAc(b1-Sp0,8.640835438775586,51.69832181347718,73.2167569326892,271.7017685302984,1137.643964329691
Gal(b1-4)GlcNAc(b1-3)Gal(b1-4)GlcNAc(b1-Sp0,20.052790109338066,33.70393164556877,68.84392955366378,271.774465221308,512.5989596729031
Gal(b1-4)GlcNAc(b1-3)Gal(b1-4)Glc(b1-Sp0,9.29533937142696,7.813974637521776,12.524264407241649,11.176887547373104,78.22354165963087
Gal(b1-4)GlcNAc(b1-3)Gal(b1-4)Glc(b1-Sp8,9.540262917891686,8.891162171692375,12.335206601566687,36.36082884827153,78.62856037093681
Gal(b1-4)GlcNAc(b1-6)[Gal(b1-3)]GalNAc(a1-Sp8,2.0067741084885533,9.416535826229651,3.942732671954824,12.173524889967856,8.314991655387715
Gal(b1-4)GlcNAc(b1-6)[Gal(b1-3)]GalNAc(a1-Sp14,6.88484133362322,6.9563284973109205,4.523253480534434,16.580335705789143,4.884361174879138
Gal(b1-4)GlcNAc(b1-Sp0,15.548781855475571,12.880577694180989,15.990884259998488,5.7163566120971385,16.15026603299978
Gal(b1-4)GlcNAc(b1-Sp8,5.986443876515247,7.966250264082843,10.671590576346466,9.228429511162767,6.856805846748292
Gal(b1-4)GlcNAc(b1-Sp23,5.131246759073269,3.737221278347504,7.590880728600157,3.447667627420969,6.42780948898353
Gal(b1-4)Glc(b1-Sp0,10.8222092892348,7.235939410735371,14.794622514363107,5.909343942717601,12.909326775726873
Gal(b1-4)Glc(b1-Sp8,2.4138390851849683,6.905064755851318,2.571072509673745,9.404871335775939,6.144171132260229
GlcNAc(a1-3)Gal(b1-4)GlcNAc(b1-Sp8,3.585723218078425,2.1835270387990717,10.765049659701216,9.743239681397897,10.663651235349302
GlcNAc(a1-6)Gal(b1-4)GlcNAc(b1-Sp8,8.50285026152995,6.971882478690162,5.583594453098022,2.983469060785877,18.187416460357948
GlcNAc(b1-2)Gal(b1-3)GalNAc(a1-Sp8,11.46631764488204,2.4162319273336688,17.719073275428368,6.016331425101724,5.586869984988611
GlcNAc(b1-6)[GlcNAc(b1-3)]GalNAc(a1-Sp8,4.78892360931278,13.767443623515089,7.413451580067134,4.1136684458643735,11.981045261404926
GlcNAc(b1-6)[GlcNAc(b1-3)]GalNAc(a1-Sp14,9.349297628164368,7.685984016376812,13.522828285871508,5.1256601749595765,22.08409563816986
GlcNAc(b1-6)[GlcNAc(b1-3)]Gal(b1-4)GlcNAc(b1-Sp8,2.73911510209045,8.8688842772076,5.742765455988952,3.435573257357005,7.25989720651517
GlcNAc(b1-3)GalNAc(a1-Sp8,6.3351157319078855,6.874970255632628,2.817651418439364,3.833985278510255,10.337928549238798
GlcNAc(b1-3)GalNAc(a1-Sp14,15.241181996677074,5.253640359709318,3.7713342293101872,8.755870304877375,15.071042973088053
GlcNAc(b1-3)Gal(b1-Sp8,10.831092719688993,0.2798667584761657,8.34264885927525,1.744324641993766,5.792121561799848
GlcNAc(b1-3)Gal(b1-4)GlcNAc(b1-Sp0,8.159237573858633,3.75373122672628,7.12796641002884,38.69721669210604,16.69123723821653
GlcNAc(b1-3)Gal(b1-4)GlcNAc(b1-Sp8,6.913685509432278,10.037294810522065,15.938235393203568,24.543654846144534,51.90645579276725
GlcNAc(b1-3)Gal(b1-4)GlcNAc(b1-3)Gal(b1-4)GlcNAc(b1-Sp0,18.75912485387666,57.069509122034596,211.100274373066,268.54965279526886,1356.7810562655345
GlcNAc(b1-3)Gal(b1-4)Glc(b1-Sp0,4.534536085330746,10.939042006958383,10.429206415638733,3.5159646958551867,5.13448257892978
GlcNAc(b1-4)(a1-MDPLys,7.744102481243387,6.809866385864961,10.733151103007936,8.404797003447895,19.20558357932661
GlcNAc(b1-6)[GlcNAc(b1-4)]GalNAc(a1-Sp8,8.548942633790048,8.461627491406926,10.466786262387336,10.460100310664624,9.280705844340007
GlcNAc(b1-4)Gal(b1-4)GlcNAc(b1-Sp8,3.6642267964515214,1.9393945470601512,11.646523190313067,16.100608737663716,6.354369695138928
GlcNAc(b1-4)GlcNAc(b1-4)GlcNAc(b1-4)GlcNAc(b1-4)GlcNAc(b1-4)GlcNAc(b1-Sp8,4.859938819230826,13.072092553859408,8.826804665147309,4.500674834122092,8.77331436625673
GlcNAc(b1-4)GlcNAc(b1-4)GlcNAc(b1-4)GlcNAc(b1-4)GlcNAc(b1-Sp8,2.0635278503491667,5.9812799839722155,9.510193955391593,7.218544217499797,3.372105595420567
GlcNAc(b1-4)GlcNAc(b1-4)GlcNAc(b1-Sp8,3.6634640250042034,6.620200176983572,15.145038772785197,9.566329631359848,2.4050953194901386
GlcNAc(b1-6)GalNAc(a1-Sp8,3.3231478676098685,6.504033577455366,3.0227285543583466,15.023299878743913,21.17362206966881
GlcNAc(b1-6)GalNAc(a1-Sp14,6.030520576202365,0.4144901486565831,4.625941193602304,19.40044734011736,32.928972053029035
GlcNAc(b1-6)Gal(b1-4)GlcNAc(b1-Sp8,5.9527347703947555,9.565875213965873,14.224174142722678,9.588961814285932,13.077694977677321
Glc(a1-4)Glc(b1-Sp8,5.173986967513545,10.259442756919107,1.9543117680316329,2.1767632460069017,5.029938177469672
Glc(a1-4)Glc(a1-Sp8,7.481430500189568,14.743109116013025,5.918036451602847,3.2694208859011527,11.68580163599544
Glc(a1-6)Glc(a1-6)Glc(b1-Sp8,5.421852020220274,2.6368759007266864,11.039559926728687,14.774737437345545,8.265130225632639
Glc(b1-4)Glc(b1-Sp8,4.394401668316182,13.16061645298198,1.9597163230086845,4.8141683105703565,23.07734017927543
Glc(b1-6)Glc(b1-Sp8,5.79646219401686,5.086650161206293,10.079884389548653,5.477132929736148,14.74097956141315
G-ol(a1-Sp8,6.247657735236995,2.0370113450837746,10.495487691821033,9.549853474094057,1.8059553289048988
GlcA(a1-Sp8,8.838497966095066,3.4110540368777413,25.14819565084805,15.558518973432742,6.133645635889533
GlcA(b1-Sp8,18.152693644929734,12.087802285051856,30.73537303374295,23.638445972680348,20.21309035320089
GlcA(b1-3)Gal(b1-Sp8,3.658549305394151,7.123257894624716,11.400933747139616,5.3239709368728425,7.658916231861179
GlcA(b1-6)Gal(b1-Sp8,9.181469911548277,13.13192830658036,3.1078262564049397,8.35220976528567,26.299801190931106
KDN(a2-3)Gal(b1-3)GlcNAc(b1-Sp0,8.186488725689014,1.8639609176428007,13.772122370450607,1.6989737863388954,10.656378803483529
KDN(a2-3)Gal(b1-4)GlcNAc(b1-Sp0,4.088686540524547,7.989620682433349,9.156481843481137,26.156892042490426,18.253097133546017
Man(a1-2)Man(a1-2)Man(a1-3)Man(a1-Sp9,11.704954999486333,7.6657360305452675,3.663227382491192,7.562785828427677,5.31218443549042
Man(a1-2)Man(a1-6)[Man(a1-2)Man(a1-3)]Man(a1-Sp9,7.6015810795627745,5.113560322971329,7.108533093109528,6.790227176550622,3.354451623713395
Man(a1-2)Man(a1-3)Man(a1-Sp9,10.880321195932893,21.40243044942561,4.0379730847707895,10.788207625419837,1.632860878693165
Man(a1-6)[Man(a1-2)Man(a1-3)]Man(a1-6)[Man(a1-2)Man(a1-3)]Man(b1-4)GlcNAc(b1-4)GlcNAc(b1-Sp12,8.682463415605815,3.3383279337616534,15.472104864561892,9.208758281476756,18.43282679044824
Man(a1-2)Man(a1-6)[Man(a1-3)]Man(a1-6)[Man(a1-2)Man(a1-2)Man(a1-3)]Man(b1-4)GlcNAc(b1-4)GlcNAc(b1-Sp12,7.8648592854545125,11.930193350905938,11.600685987295467,11.843564572761295,16.596754019059482
Man(a1-2)Man(a1-6)[Man(a1-2)Man(a1-3)]Man(a1-6)[Man(a1-2)Man(a1-2)Man(a1-3)]Man(b1-4)GlcNAc(b1-4)GlcNAc(b1-Sp12,16.26051096150322,11.713243271720215,14.379319217861614,19.3322107663824,34.868228288897456
Man(a1-6)[Man(a1-3)]Man(a1-Sp9,11.158327597621119,11.261316919733096,7.831622179929688,6.421631925180697,13.120573361582439
Man(a1-2)Man(a1-2)Man(a1-6)[Man(a1-3)]Man(a1-Sp9,11.491891294698474,7.347305498106079,7.627878149699748,16.759282475591444,11.709481136348446
Man(a1-6)[Man(a1-3)]Man(a1-6)[Man(a1-2)Man(a1-3)]Man(b1-4)GlcNAc(b1-4)GlcNAc(b1-Sp12,27.105377811469488,3.787618230827562,33.37634077656394,6.297280640814616,19.173684281066013
Man(a1-6)[Man(a1-3)]Man(a1-6)[Man(a1-3)]Man(b1-4)GlcNAc(b1-4)GlcNAc(b1-Sp12,5.774350701161124,6.3754024740926365,11.588562793080367,5.050783177801888,16.689183235931583
Man(b1-4)GlcNAc(b1-Sp0,7.034409475571071,3.8147303115685647,8.466402361639016,29.543241513909177,9.874189968253939
Neu5Ac(a2-3)Gal(b1-4)GlcNAc(b1-3)Gal(b1-4)[Fuc(a1-3)]GlcNAc(b1-Sp0,11.282682787647035,6.5196986977288045,3.576475116181668,9.133782126945002,15.989522586655507
(3S)Gal(b1-4)[Fuc(a1-3)](6S)GlcNAc(b1-Sp8,5.490381147288407,4.216297923830815,17.579648676997692,6.826869591242652,19.800465986099066
Fuc(a1-2)(6S)Gal(b1-4)GlcNAc(b1-Sp0,8.39466998333864,6.832353952579839,3.860517226465044,18.721870473570906,18.287697470225726
Fuc(a1-2)Gal(b1-4)(6S)GlcNAc(b1-Sp8,5.696135763465723,5.812386477386031,13.832191669917462,12.358797923308227,33.812441612753226
Fuc(a1-2)(6S)Gal(b1-4)(6S)Glc(b1-Sp0,6.734940394193053,1.1560191939006141,5.107273972401186,13.44484114109076,4.726357101052232
Neu5Ac(a2-3)Gal(b1-3)GalNAc(a1-Sp8,1.375541787805824,4.76669033572212,17.96558513777104,8.423016352184447,6.443933706983645
Neu5Ac(a2-3)Gal(b1-3)GalNAc(a1-Sp14,6.961280155917209,4.639289659348001,5.665144422401488,20.15735718182901,7.372100741477968
GalNAc(b1-4)[Neu5Ac(a2-8)Neu5Ac(a2-8)Neu5Ac(a2-8)Neu5Ac(a2-3)]Gal(b1-4)Glc(b1-Sp0,7.448274357807094,3.169137461387036,15.064597670255475,10.2612383906216,10.468948059698581
GalNAc(b1-4)[Neu5Ac(a2-8)Neu5Ac(a2-8)Neu5Ac(a2-3)]Gal(b1-4)Glc(b1-Sp0,5.348779765750316,15.862816970802088,2.32275347719756,10.024946516025253,21.718997212482723
Neu5Ac(a2-8)Neu5Ac(a2-8)Neu5Ac(a2-3)Gal(b1-4)Glc(b1-Sp0,4.546100694276358,6.031417516844607,7.337537537609832,12.717985620208635,9.98384639117109
GalNAc(b1-4)[Neu5Ac(a2-8)Neu5Ac(a2-3)]Gal(b1-4)Glc(b1-Sp0,9.703752485336112,8.242021813042395,15.255999559736052,5.660162665212604,8.634924585464928
Neu5Ac(a2-8)Neu5Ac(a2-8)Neu5Ac(a1-Sp8,12.810514466998065,10.571469173361537,7.3258499226483345,2.063530959302532,4.132477828938304
Neu5Ac(a2-3)(6S)Gal(b1-4)[Fuc(a1-3)]GlcNAc(b1-Sp8,1.6723462368281536,8.529698337524401,14.15884896625312,12.040029577586868,7.5045483276810225
GalNAc(b1-4)[Neu5Ac(a2-3)]Gal(b1-4)GlcNAc(b1-Sp0,26.23747471847281,1.1071116154963163,11.976133137585197,11.641057068267768,13.987552591977384
GalNAc(b1-4)[Neu5Ac(a2-3)]Gal(b1-4)GlcNAc(b1-Sp8,8.531532975331372,13.550022605762193,5.1153132744567404,11.58520210394133,8.978567423731914
GalNAc(b1-4)[Neu5Ac(a2-3)]Gal(b1-4)Glc(b1-Sp0,1.5767984110743745,24.38095510495845,10.175089956359107,7.856086836491822,7.362755095750503
Neu5Ac(a2-3)Gal(b1-3)GalNAc(b1-4)[Neu5Ac(a2-3)]Gal(b1-4)Glc(b1-Sp0,15.078461974286348,10.053367946613717,7.05587459562361,7.003055278174433,41.41433446110982
Neu5Ac(a2-6)[Neu5Ac(a2-3)]GalNAc(a1-Sp8,9.302529814697355,5.110890003707776,8.727967232981559,5.800193890652863,2.8594667084382515
Neu5Ac(a2-3)GalNAc(a1-Sp8,6.538523630695746,1.0892393871413033,10.434782603389486,7.253896909018402,7.864672732065832
Neu5Ac(a2-3)GalNAc(b1-4)GlcNAc(b1-Sp0,3.1536164471655947,6.323659406480296,8.014063329339653,7.5635768039444455,11.991399618198605
Neu5Ac(a2-3)Gal(b1-3)(6S)GlcNAc(a1-Sp8,9.731070282476656,3.96641354962726,14.254473555665465,8.084420082479623,13.04902944318712
Neu5Ac(a2-3)Gal(b1-3)[ Fuc(a1-4)]GlcNAc(b1-Sp8,7.702513088758754,11.783311940904673,8.236364540661521,5.7567819670947005,13.591992789629247
Neu5Ac(a2-3)Gal(b1-3)[Fuc(a1-4)]GlcNAc(b1-3)Gal(b1-4)[Fuc(a1-3)]GlcNAc(b1-Sp0,13.361515299046989,9.503772639150544,11.827886619623387,14.122038227388876,3.427309174240543
Neu5Ac(a2-3)Gal(b1-4)[Neu5Ac(a2-3)Gal(b1-3)]GlcNAc(b1-Sp8,4.576247574159429,7.891255512855137,8.170600276601464,10.061984279579251,1.8664077035399664
Neu5Ac(a2-3)Gal(b1-3)(6S)GalNAc(a1-Sp8,6.771910521903452,3.889007757770613,13.12283626113908,2.1517148556442187,8.217364148963236
Neu5Ac(a2-6)[Neu5Ac(a2-3)Gal(b1-3)]GalNAc(a1-Sp8,7.215238521813859,6.331505311469513,2.481631428952871,10.542306786902325,5.0048738332416205
Neu5Ac(a2-6)[Neu5Ac(a2-3)Gal(b1-3)]GalNAc(a1-Sp14,8.219566142848821,4.969503377602223,5.334710345385849,10.597383648177814,16.947086764864142
Neu5Ac(a2-3)Gal(b1-Sp8,10.115378392123214,4.9231105149590135,10.880518321714584,15.162930474241008,5.013057788333048
Neu5Ac(a2-3)Gal(b1-3)GalNAc(b1-3)Gal(a1-4)Gal(b1-4)Glc(b1-Sp0,10.466226795547348,2.13091157723638,10.25094407892106,7.301262109160778,3.5306858663248546
Neu5Ac(a2-3)Gal(b1-3)GlcNAc(b1-3)Gal(b1-4)GlcNAc(b1-Sp0,9.589386234921397,5.9995695381002285,2.7046479886486283,35.85506848308243,65.4286781950864
Fuc(a1-2)(6S)Gal(b1-4)Glc(b1-Sp0,15.398260018451236,16.017916204545244,103.28939699405659,8.354984188046071,17.252655494807147
Neu5Ac(a2-3)Gal(b1-3)GlcNAc(b1-Sp0,14.898803249702091,4.966796423584821,12.229582096260154,1.6570245851627936,20.200365624001282
Neu5Ac(a2-3)Gal(b1-3)GlcNAc(b1-Sp8,3.3835783291017036,5.788539460289884,5.097138727429996,4.061949580661154,10.70997937517467
Neu5Ac(a2-3)Gal(b1-4)(6S)GlcNAc(b1-Sp8,5.846138197990192,17.138303371760582,7.826231736282796,15.337943497635761,6.499995432049666
Neu5Ac(a2-3)Gal(b1-4)[Fuc(a1-3)](6S)GlcNAc(b1-Sp8,5.863153006915307,8.076072289743736,11.971430033904333,14.025360881720662,6.8626820366262935
Neu5Ac(a2-3)Gal(b1-4)[Fuc(a1-3)]GlcNAc(b1-3)Gal(b1-4)[Fuc(a1-3)]GlcNAc(b1-3)Gal(b1-4)[Fuc(a1-3)]GlcNAc(b1-Sp0,19.92916234382836,2.86023110546449,20.884698719776488,13.878064272921247,12.348796372386479
Neu5Ac(a2-3)Gal(b1-4)[Fuc(a1-3)]GlcNAc(b1-Sp0,7.0240210394996225,8.334633889979813,5.276863370333429,6.362602397342354,17.98572916119889
Neu5Ac(a2-3)Gal(b1-4)[Fuc(a1-3)]GlcNAc(b1-Sp8,1.4354086093629734,6.325469417297557,11.534292173738544,5.515856112684003,3.0156778126981743
Neu5Ac(a2-3)Gal(b1-4)[Fuc(a1-3)]GlcNAc(b1-3)Gal(b1-Sp8,12.756977467906209,3.9567133671773576,5.397877058622206,1.3170127384855859,13.32083335743926
Neu5Ac(a2-3)Gal(b1-4)[Fuc(a1-3)]GlcNAc(b1-3)Gal(b1-4)GlcNAc(b1-Sp8,8.34825777672605,8.203657256979929,11.431425605758893,3.2911243676490742,6.250905486607504
Neu5Ac(a2-3)Gal(b1-4)GlcNAc(b1-3)Gal(b1-4)GlcNAc(b1-3)Gal(b1-4)GlcNAc(b1-Sp0,7.8283521933099065,26.154529545886675,51.81104924070242,193.37449158056057,351.19961166644134
Neu5Ac(a2-3)Gal(b1-4)GlcNAc(b1-Sp0,11.081565786776949,5.994704893209231,6.313414191492067,4.580324734484819,2.033887251873441
Neu5Ac(a2-3)Gal(b1-4)GlcNAc(b1-Sp8,12.908096957852981,7.236723574185128,4.368729278634699,11.210804428764256,3.294805855054217
Neu5Ac(a2-3)Gal(b1-4)GlcNAc(b1-3)Gal(b1-4)GlcNAc(b1-Sp0,6.315723077368102,6.877919729770538,10.836138053253418,20.318412049665753,10.067839551595183
Fuc(a1-2)Gal(b1-4)(6S)Glc(b1-Sp0,2.8877859424075627,4.195875153449403,14.992226253934627,12.544053693915426,4.807745050436856
Neu5Ac(a2-3)Gal(b1-4)Glc(b1-Sp0,6.7154036951748415,17.014081214565575,20.61679922528791,23.555961510199523,11.52615171700134
Neu5Ac(a2-3)Gal(b1-4)Glc(b1-Sp8,4.793491622676142,4.842567133934919,6.146453734471579,8.067875842448666,16.023531102829175
Neu5Ac(a2-6)GalNAc(a1-Sp8,9.280155785824213,3.144706392627669,3.421164219482409,3.3832794396364405,6.312985348932259
Neu5Ac(a2-6)GalNAc(b1-4)GlcNAc(b1-Sp0,5.773365468179429,7.0730260070684565,6.4171482931153605,18.67069029441601,4.093923009677484
Neu5Ac(a2-6)Gal(b1-4)(6S)GlcNAc(b1-Sp8,10.16851698737332,5.596664764244263,0.9468524431856801,4.526330409577568,8.294215858606936
Neu5Ac(a2-6)Gal(b1-4)GlcNAc(b1-Sp0,16.216617618022777,6.755911201557742,7.384315404231228,8.244424298477908,15.595622505770653
Neu5Ac(a2-6)Gal(b1-4)GlcNAc(b1-Sp8,3.0908522476279203,8.775879491917985,8.488802638132581,18.61477833058096,5.343625239479263
Neu5Ac(a2-6)Gal(b1-4)GlcNAc(b1-3)Gal(b1-4)[Fuc(a1-3)]GlcNAc(b1-3)Gal(b1-4)[Fuc(a1-3)]GlcNAc(b1-Sp0,3.1105909685030886,20.147071679857927,2.7044725659544238,7.7013789018049685,13.143676495435633
Neu5Ac(a2-6)Gal(b1-4)GlcNAc(b1-3)Gal(b1-4)GlcNAc(b1-Sp0,4.665419374057746,8.639521941442537,19.577057790859847,47.93826033420482,94.20712370238623
Neu5Ac(a2-6)Gal(b1-4)Glc(b1-Sp0,3.3161884747402435,8.8010330107702,15.652584316415613,16.15149218792699,12.336790054818433
Neu5Ac(a2-6)Gal(b1-4)Glc(b1-Sp8,11.894604840676019,9.12401979443089,3.1451654243722404,6.879457035018585,19.919074852428935
Neu5Ac(a2-6)Gal(b1-Sp8,10.947841230542505,2.7664822565549407,11.941052682343381,1.8987882004057248,5.578151942773398
Neu5Ac(a2-8)Neu5Ac(a1-Sp8,5.941170562201239,11.517661776123074,6.5156990765253475,3.4865066054720173,8.44985129311951
Neu5Ac(a2-8)Neu5Ac(a2-3)Gal(b1-4)Glc(b1-Sp0,8.439704159507011,5.8194591772632345,4.656784707195138,8.474438432673088,6.2443106549748775
Gal(b1-3)[Fuc(a1-4)]GlcNAc(b1-3)Gal(b1-3)[Fuc(a1-4)]GlcNAc(b1-Sp0,12.160622754441205,3.52055854517433,9.239978509129065,3.134570327280385,16.269928789129153
Neu5Ac(b2-6)GalNAc(a1-Sp8,7.0249098950330575,6.269320667079231,10.118133382694673,6.1334907512633725,4.435436644702152
Neu5Ac(b2-6)Gal(b1-4)GlcNAc(b1-Sp8,2.1819909509436584,4.352926779669826,12.190777360878188,3.706635817917203,12.732507875349347
Neu5Gc(a2-3)Gal(b1-3)[Fuc(a1-4)]GlcNAc(b1-Sp0,3.597227115779604,1.7239673631385015,16.452457231545488,10.644727848838297,6.347140153578361
Neu5Gc(a2-3)Gal(b1-3)GlcNAc(b1-Sp0,3.498775209865112,11.147000039285633,2.2980867651157,12.761097573321571,15.9421917373365
Neu5Gc(a2-3)Gal(b1-4)[Fuc(a1-3)]GlcNAc(b1-Sp0,2.9254757487743395,11.13435534531896,15.692642547066436,11.081695560096682,12.202574457739095
Neu5Gc(a2-3)Gal(b1-4)GlcNAc(b1-Sp0,10.216080924372775,4.874906832186643,2.659098630488669,11.746479268664572,18.41078944387409
Neu5Gc(a2-3)Gal(b1-4)Glc(b1-Sp0,6.076880335816544,6.22154257693916,22.402600193727515,2.853147788408286,7.549864855026662
Neu5Gc(a2-6)GalNAc(a1-Sp0,4.110693619897583,9.56400510887044,19.90949125624511,3.3327222650309887,6.448228868973764
Neu5Gc(a2-6)Gal(b1-4)GlcNAc(b1-Sp0,4.626835140784687,9.420797269649414,6.259405821841277,9.904073266548815,4.157943107976202
Neu5Gc(a1-Sp8,5.342356562105022,10.120885793908208,7.1111150168826125,5.4473992555316295,8.037815990470719
Neu5Ac(a2-3)Gal(b1-4)GlcNAc(b1-6)[Gal(b1-3)]GalNAc(a1-Sp14,7.966944986787594,5.059275910641757,12.15691823805142,7.2599928714382,22.370147654109644
Gal(b1-3)GlcNAc(b1-3)Gal(b1-3)GlcNAc(b1-Sp0,10.942406591026185,14.582843697618374,14.988561256810984,49.26164380640454,81.00682535600387
Gal(b1-4)[Fuc(a1-3)](6S)GlcNAc(b1-Sp0 ,12.250720235255509,15.822386200228017,13.909587149726336,4.209345204324134,11.782273970956009
Gal(b1-4)[Fuc(a1-3)](6S)Glc(b1-Sp0,9.386947904892539,1.446709916500096,5.465759258861788,8.715604089744254,14.373563991201566
Gal(b1-4)[Fuc(a1-3)]GlcNAc(b1-3)Gal(b1-3)[Fuc(a1-4)]GlcNAc(b1-Sp0,5.457612919812108,9.540083796408679,13.596672665613193,9.157831621941568,9.446550994234178
Gal(b1-4)GlcNAc(b1-3)Gal(b1-3)GlcNAc(b1-Sp0,4.03321685878653,12.506496870393667,22.23617088116844,75.22219403533585,77.31029115887453
Neu5Ac(a2-3)Gal(b1-3)GlcNAc(b1-3)Gal(b1-3)GlcNAc(b1-Sp0,10.710832485347098,8.62648707929053,21.18282680710962,24.708690784888873,109.54829186297432
Neu5Ac(a2-3)Gal(b1-4)GlcNAc(b1-3)Gal(b1-3)GlcNAc(b1-Sp0,4.148404024340774,5.704933685489535,13.295661586773337,5.128084048566929,8.986547685800584
4S(3S)Gal(b1-4)GlcNAc(b1-Sp0,6.3485483574331125,13.386149228057828,6.31768170639621,6.673887234338522,3.6791998771245575
(6S)Gal(b1-4)(6S)GlcNAc(b1-Sp0,6.27481394856984,2.5201396555217643,1.5928077272016568,7.8265666625496175,26.89622353001749
(6P)Glc(b1-Sp10,7.956617440166816,3.0972147179630083,2.9499493208923577,14.378498541688248,6.076398911293322
Neu5Ac(a2-3)Gal(b1-4)[Fuc(a1-3)]GlcNAc(b1-6)[Gal(b1-3)]GalNAc(a1-Sp14,12.59855310088556,11.819544932723401,4.039627580503715,21.08002275400023,5.425896826024873
Gal(b1-3)Gal(b1-4)GlcNAc(b1-Sp8,3.2588809193749864,5.228114324416273,9.166895342617373,9.447830936428367,11.28905500783834
Neu5Ac(a2-6)Gal(b1-4)GlcNAc(b1-2)Man(a1-6)[Gal(b1-4)GlcNAc(b1-2)Man(a1-3)]Man(b1-4)GlcNAc(b1-4)GlcNAc(b1-Sp12,6.280445972155718,3.9234723238265854,9.61165260967992,12.536501589358965,8.221488001724406
Gal(b1-4)GlcNAc(b1-6)[Gal(b1-4)GlcNAc(b1-3)]Gal(b1-4)GlcNAc(a1-Sp0,12.477838977563374,6.341166331730039,12.396816131840732,21.177659086149415,8.779427830065817
GlcNAc(b1-6)[Gal(b1-4)GlcNAc(b1-3)]Gal(b1-4)GlcNAc(a1-Sp0,13.535998403608794,22.167400143604283,6.439421057569271,9.62144585479053,8.814514500526974
Gal(b1-4)GlcNAc(a1-6)Gal(b1-4)GlcNAc(b1-Sp0,8.038888464831441,4.9756557372705466,14.750584876172422,16.02775367321218,10.645873428078461
Gal(b1-4)GlcNAc(b1-6)Gal(b1-4)GlcNAc(b1-Sp0,8.879822942303901,10.678124894498099,7.913307417414018,6.0526116133864525,4.185182243742188
GalNAc(b1-3)Gal(b1-Sp8,3.5829525853919293,10.820436543373226,11.826696893751304,2.9550033807087117,5.387560357821219
GlcA(b1-3)GlcNAc(b1-Sp8,4.596302975490187,2.5437227172984103,6.7641386613522325,6.267136589317848,6.524642409869416
Neu5Ac(a2-6)Gal(b1-4)GlcNAc(b1-2)Man(a1-6)[GlcNAc(b1-2)Man(a1-3)]Man(b1-4)GlcNAc(b1-4)GlcNAc(b1-Sp12,12.669134378053075,6.583086065250857,11.075470555090067,6.951974699980334,8.316854237180065
GlcNAc(b1-3)Ma(n1-Sp10,9.661814845048527,14.311131149097426,6.324914340658425,12.067254316123453,4.169351815630344
GlcNAc(b1-4)GlcNAc(b1-Sp10,4.7477463717009964,6.249148368911286,5.458016135923391,2.7389016197191167,13.156125695533117
GlcNAc(b1-4)GlcNAc(b1-Sp12,7.0673567093126675,1.6750122049306584,6.858978406439255,9.48420615514727,12.630342165165866
MurNAc(b1-4)GlcNAc(b1-Sp10,8.832831409765127,4.218170319285367,10.690907379443216,10.035486581792304,2.683903961272336
Man(a1-6)Man(b1-Sp10,14.918012501894026,6.629208991023481,10.22640450838742,14.311270715156635,5.601829119731014
Man(a1-6)[Man(a1-3)]Man(a1-6)[Man(a1-3)]Man(b1-Sp10,10.714423697832126,8.973698659415748,6.509090270473025,2.8447385099513105,43.184133052652186
Man(a1-2)Man(a1-6)[Man(a1-3)]Man(a1-6)[Man(a1-2)Man(a1-2)Man(a1-3)]Man(a1-Sp9,10.095061828232325,6.118658030701388,6.396099156191485,10.27844840560416,7.151580295990522
Man(a1-2)Man(a1-6)[Man(a1-2)Man(a1-3)]Man(a1-6)[Man(a1-2)Man(a1-2)Man(a1-3)]Man(a1-Sp9,5.612815814054478,6.788702139584558,3.96386661344282,6.4219318705510995,5.756804616567536
Neu5Ac(a2-3)Gal(b1-4)GlcNAc(b1-6)[Neu5Ac(a2-3)Gal(b1-3)]GalNAc(a1-Sp14,15.360006986624935,9.622321915689923,12.987531517927744,19.0742917307345,18.01585442566261
Neu5Ac(a2-6)Gal(b1-4)GlcNAc(b1-2)Man(a1-6)[Neu5Ac(a2-3)Gal(b1-4)GlcNAc(b1-2)Man(a1-3)]Man(b1-4)GlcNAc(b1-4)GlcNAc(b1-Sp12,7.042598023220313,4.0120022452428135,6.209299270918845,11.16491714508741,9.29693735000942
Gal(b1-4)GlcNAc(b1-2)Man(a1-6)[Neu5Ac(a2-6)Gal(b1-4)GlcNAc(b1-2)Man(a1-3)]Man(b1-4)GlcNAc(b1-4)GlcNAc(b1-Sp12,7.654271052327586,7.162260881116152,11.994310541530385,6.719452557252447,10.826293013577333
GlcNAc(b1-2)Man(a1-6)[Neu5Ac(a2-6)Gal(b1-4)GlcNAc(b1-2)Man(a1-3)]Man(b1-4)GlcNAc(b1-4)GlcNAc(b1-Sp12,2.5024708456510134,5.4975959433798565,13.564658061883955,2.0973248029732217,13.246591640462348
Neu5Ac(a2-8)Neu5Ac(b1-Sp17,11.10081814683794,12.555760141431769,6.6754916355776,4.884971816022409,29.75930019803333
Neu5Ac(a2-8)Neu5Ac(a2-8)Neu5Ac(b1-Sp8,4.324871310994888,4.718507777800804,14.368979456454074,8.827316038439989,8.521411079696119
Neu5Gc(b2-6)Gal(b1-4)GlcNAc(a1-Sp8,5.8658963625917195,3.9710107063567452,5.6372259373885605,5.3769744643247055,4.36265992056453
Gal(b1-3)GlcNAc(b1-2)Man(a1-6)[Gal(b1-3)GlcNAc(b1-2)Man(a1-3)]Man(b1-4)GlcNAc(b1-4)GlcNAc(b1-Sp19,7.836804360196826,2.687979139303971,11.91460599950051,22.970803623204688,33.64528246976091
Neu5Ac(a2-3)Gal(b1-4)GlcNAc(b1-2)Man(a1-6)[Neu5Ac(a2-3)Gal(b1-4)GlcNAc(b1-2)Man(a1-3)]Man(b1-4)GlcNAc(b1-4)GlcNAc(b1-Sp12,5.440760761143613,7.878793918857969,8.837330072435162,3.222012059774624,13.082360548081516
Neu5Ac(a2-3)Gal(b1-4)GlcNAc(b1-2)Man(a1-6)[Neu5Ac(a2-6)Gal(b1-4)GlcNAc(b1-2)Man(a1-3)]Man(b1-4)GlcNAc(b1-4)GlcNAc(b1-Sp12,3.470153032648561,3.0772470429481698,2.608999615912849,1.5566437892680258,10.499844750399877
Gal(b1-4)[Fuc(a1-3)]GlcNAc(b1-2)Man(a1-6)[Gal(b1-4)[Fuc(a1-3)]GlcNAc(b1-2)Man(a1-3)]Man(b1-4)GlcNAc(b1-4)GlcNAc(b1-Sp20,6.277614068192367,3.3075805622589685,13.883403168411787,14.738623489407008,3.758483116010117
"Neu5,9Ac2(a2-3)Gal(b1-4)GlcNAc(b1-Sp0",18.94320580234507,19.945359975589067,11.486136114282715,13.687576572205968,15.27642238407501
"Neu5,9Ac2(a2-3)Gal(b1-4)GlcNAc(b1-Sp0",6.363104987085057,9.072440425954877,8.139400496504638,3.3809776538500502,4.498026568303789
Neu5Ac(a2-6)Gal(b1-4)GlcNAc(b1-3)Gal(b1-3)GlcNAc(b1-Sp0,2.9785038576439686,7.306212916415772,38.9126562157696,45.255574675245896,82.48824313023395
Neu5Ac(a2-3)Gal(b1-3)[Fuc(a1-4)]GlcNAc(b1-3)Gal(b1-3)[Fuc(a1-4)]GlcNAc(b1-Sp0,4.323393007330395,5.136525224555989,6.940223582613628,5.7744968031133865,5.477376313756434
Neu5Ac(a2-6)Gal(b1-4)GlcNAc(b1-3)Gal(b1-4)GlcNAc(b1-3)Gal(b1-4)GlcNAc(b1-Sp0,9.229592210746178,42.479201996349566,12.871823848235366,81.69316035451948,700.4498700798711
Gal(a1-4)Gal(b1-4)GlcNAc(b1-3)Gal(b1-4)Glc(b1-Sp0,0.9065745014430572,7.946788523883946,7.544459495716048,18.54624213066264,28.9772500352144
GalNAc(b1-3)Gal(a1-4)Gal(b1-4)GlcNAc(b1-3)Gal(b1-4)Glc(b1-Sp0,13.16785030073246,6.061796721201287,6.029661547922901,24.14869105196663,36.41147576615329
GalNAc(a1-3)[Fuc(a1-2)]Gal(b1-4)GlcNAc(b1-3)Gal(b1-4)GlcNAc(b1-Sp0,12.650623855861815,51.762593974188434,214.23660292608508,548.4735696520746,1061.6953856701962
GalNAc(a1-3)[Fuc(a1-2)]Gal(b1-4)GlcNAc(b1-3)Gal(b1-4)GlcNAc(b1-3)Gal(b1-4)GlcNAc(b1-Sp0,4.264053988479173,35.46048279385605,170.8899237068608,346.2794374041342,1464.3118734896655
Neu5Ac(a2-3)Gal(b1-4)[Fuc(a1-3)]GlcNAc(b1-6)[Neu5Ac(a2-3)Gal(b1-3)]GalNAc(a1-Sp14,10.000489940497916,4.4722409173143065,8.717320925796706,6.807711168165578,24.05718446902437
GlcNAc(a1-4)Gal(b1-4)GlcNAc(b1-3)Gal(b1-4)GlcNAc(b1-3)Gal(b1-4)GlcNAc(b1-Sp0,3.82810843019542,29.492129199315986,135.42581823627052,282.93222333087766,753.952184003703
GlcNAc(a1-4)Gal(b1-4)GlcNAc(b1-Sp0,4.079450893196293,7.082438674637432,18.464625740678674,11.406391565112367,8.458357134810521
GlcNAc(a1-4)Gal(b1-3)GlcNAc(b1-Sp0,6.87934475658836,24.41712782051429,15.045987980715433,7.325573308792971,11.840568605434456
GlcNAc(a1-4)Gal(b1-4)GlcNAc(b1-3)Gal(b1-4)Glc(b1-Sp0,6.3146051031847374,6.1903527723924565,7.647509366671884,9.625336562557315,16.834762456496502
GlcNAc(a1-4)Gal(b1-4)GlcNAc(b1-3)Gal(b1-4)[Fuc(a1-3)]GlcNAc(b1-3)Gal(b1-4)[Fuc(a1-3)]GlcNAc(b1-Sp0,1.7970606917965035,17.388450112143403,29.459317971625428,7.80060974470373,18.323902674012068
GlcNAc(a1-4)Gal(b1-4)GlcNAc(b1-3)Gal(b1-4)GlcNAc(b1-Sp0,7.9984961624045186,9.52441559410166,31.553067692843555,150.23037788122852,254.5662041670934
GlcNAc(a1-4)Gal(b1-3)GalNAc(a1-Sp14,13.784981503161333,4.431039206457855,8.165111312570492,2.9838546847995144,18.13973787101585
Neu5Ac(a2-6)Gal(b1-4)GlcNAc(b1-2)Man(a1-6)[Man(a1-3)]Man(b1-4)GlcNAc(b1-4)GlcNAc(a1-Sp12,12.577840267543273,9.770274832495748,7.666402374647447,3.1424898939110912,8.470939605645878
Man(a1-6)[Neu5Ac(a2-6)Gal(b1-4)GlcNAc(b1-2)Man(a1-3)]Man(b1-4)GlcNAc(b1-4)GlcNAc(a1-Sp12,5.606228655329118,6.342390111713929,5.93551529039391,6.013119200755961,30.515937082012247
Neu5Ac(a2-6)Gal(b1-4)GlcNAc(b1-2)Man(a1-6)Man(b1-4)GlcNAc(b1-4)GlcNAc(a1-Sp12,3.6155052076669283,6.747387693520127,7.328701620796598,4.8068767721359364,12.204047311547908
Neu5Ac(a2-6)Gal(b1-4)GlcNAc(b1-2)Man(a1-3)Man(b1-4)GlcNAc(b1-4)GlcNAc(a1-Sp12,8.903731248330686,10.33754190334111,15.850023486943693,0.6536695852391101,7.129914451742515
Gal(b1-4)GlcNAc(b1-2)Man(a1-3)Man(b1-4)GlcNAc(b1-4)GlcNAc(a1-Sp12,11.442618120976524,2.6932957864544584,7.885445828233175,12.52498346249738,5.702318003818004
Gal(b1-4)GlcNAc(b1-2)Man(a1-6)Man(b1-4)GlcNAc(b1-4)GlcNAc(a1-Sp12,5.623962888909682,9.18566947768824,5.90936935101089,6.549966977715732,1.3926873335988676
Man(a1-6)[Gal(b1-4)GlcNAc(b1-2)Man(a1-3)]Man(b1-4)GlcNAc(b1-4)GlcNAc(b1-Sp12,9.202565703605,6.899849041102259,6.241691400306999,14.064093334090204,5.881012461019517
GlcNAc(b1-2)Man(a1-6)[GlcNAc(b1-2)Man(a1-3)]Man(b1-4)GlcNAc(b1-4)[Fuc(a1-6)]GlcNAc(b1-Sp22,9.271590850370114,12.164198503360865,15.970371967803375,6.156946230072186,9.82352947841728
Gal(b1-4)GlcNAc(b1-2)Man(a1-6)[Gal(b1-4)GlcNAc(b1-2)Man(a1-3)]Man(b1-4)GlcNAc(b1-4)[Fuc(a1-6)]GlcNAc(b1-Sp22,21.36063904901958,5.6376731206973485,4.34336755525021,5.455232043567567,4.279808282699869
Gal(b1-3)GlcNAc(b1-2)Man(a1-6)[Gal(b1-3)GlcNAc(b1-2)Man(a1-3)]Man(b1-4)GlcNAc(b1-4)[Fuc(a1-6)]GlcNAc(b1-Sp22,7.139182779095478,8.940539571524754,7.072537938863772,7.502664691516829,13.549964459578252
(6S)GlcNAc(b1-3)Gal(b1-4)GlcNAc(b1-Sp0,10.529248516869565,5.019353316497434,9.140015076574013,6.431704231124645,15.257908523014102
KDN(a2-3)Gal(b1-4)[Fuc(a1-3)]GlcNAc(a1-Sp0,6.487070868722898,4.3842925605697065,11.821396529563074,8.517604235298018,11.453785677233537
KDN(a2-6)Gal(b1-4)GlcNAc(a1-Sp0,11.542340106321594,11.428045886728285,21.965523686507,15.761855122837956,26.0601272617128
KDN(a2-3)Gal(b1-4)Glc(a1-Sp0,13.89676069506248,6.4760113974575315,14.84021498586416,10.132933708293313,9.037207858994208
KDN(a2-3)Gal(b1-3)GalNAc(a1-Sp14,26.542671455978194,16.46543247622627,16.16286296947419,4.583915478060226,9.662390102177977
Fuc(a1-2)Gal(b1-3)GlcNAc(b1-2)Man(a1-6)[Fuc(a1-2)Gal(b1-3)GlcNAc(b1-2)Man(a1-3)]Man(b1-4)GlcNAc(b1-4)GlcNAc(b1-Sp20,19.8843228741472,5.568859875234794,7.301811923534223,12.739270119169571,12.399489926706705
Fuc(a1-2)Gal(b1-4)GlcNAc(b1-2)Man(a1-6)[Fuc(a1-2)Gal(b1-4)GlcNAc(b1-2)Man(a1-3)]Man(b1-4)GlcNAc(b1-4)GlcNAc(b1-Sp20,11.4212631556234,10.811244884686804,15.734383660209458,21.294286531426682,28.91835467073675
Fuc(a1-2)Gal(b1-4)[Fuc(a1-3)]GlcNAc(b1-2)Man(a1-6)[Fuc(a1-2)Gal(b1-4)[Fuc(a1-3)]GlcNAc(b1-2)Man(a1-3)]Man(b1-4)GlcNAc(b1-4)GlcNA(b1-Sp20,22.445302477411534,14.234470095598926,4.483665334206665,9.29249078593391,6.748798817073451
Gal(a1-3)Gal(b1-4)GlcNAc(b1-2)Man(a1-6)[Gal(a1-3)Gal(b1-4)GlcNAc(b1-2)Man(a1-3)]Man(b1-4)GlcNAc(b1-4)GlcNAc(b1-Sp20,5.389867834109354,17.28481908600251,50.38193794106018,159.75034053845062,283.6161337416096
Gal(b1-4)GlcNAc(b1-2)Man(a1-6)[Man(a1-3)]Man(b1-4)GlcNAc(b1-4)GlcNAc(b1-Sp12,4.044411930367628,5.2138511495023065,5.378107665031136,10.66384298033156,9.295811687484127
Fuc(a1-4)[Gal(b1-3)]GlcNAc(b1-2)Man(a1-6)[Fuc(a1-4)[Gal(b1-3)]GlcNAc(b1-2)Man(a1-3)]Man(b1-4)GlcNAc(b1-4)[Fuc(a1-6)]GlcNAc(b1-Sp22,13.463405043549225,18.27975831669191,12.243243136896641,11.108476117324408,8.797718046933099
Neu5Ac(a2-6)GlcNAc(b1-4)GlcNAc(a1-Sp21,2.0776580998807326,3.551077902435635,8.582305288741873,10.11425142987194,1.4695998253492415
Neu5Ac(a2-6)GlcNAc(b1-4)GlcNAc(b1-4)GlcNAc(a1-Sp21,6.802414932642174,4.211228631488281,20.48766621669403,4.056760505933274,16.40963113588582
Gal(b1-4)[Fuc(a1-3)]GlcNAc(b1-6)[Fuc(a1-2)Gal(b1-4)GlcNAc(b1-3)]Gal(b1-4)Glc(a1-Sp21,11.309386730941696,5.338280088193188,2.961708438694395,3.594689597169733,2.140846170715285
Gal(b1-4)GlcNAc(b1-2)Man(a1-6)[Gal(b1-4)GlcNAc(b1-4)[Gal(b1-4)GlcNAc(b1-2)]Man(a1-3)]Man(b1-4)GlcNAc(b1-4)GlcNAc(a1-Sp21,5.300260456100254,11.375157508213528,4.843530554254839,7.812578759229415,2.5124957676587973
GalNAc(a1-3)[Fuc(a1-2)]Gal(b1-4)GlcNAc(b1-2)Man(a1-6)[GalNAc(a1-3)[Fuc(a1-2)]Gal(b1-4)GlcNAc(b1-2)Man(a1-3)]Man(b1-4)GlcNAc(b1-4)GlcNAc(b1-Sp20,5.9997762893711375,13.914743288416336,79.73498916282423,333.87988742634377,1133.8698680094067
Gal(a1-3)[Fuc(a1-2)]Gal(b1-4)GlcNAc(b1-2)Man(a1-6)[Gal(a1-3)[Fuc(a1-2)]Gal(b1-4)GlcNAc(b1-2)Man(a1-3)]Man(b1-4)GlcNAc(b1-4)GlcNAc(b1-Sp20,7.361001751290388,60.37482227950589,160.00110911743005,1109.0546853400697,1530.6247985965756
Gal(a1-3)Gal(b1-4)[Fuc(a1-3)]GlcNAc(b1-2)Man(a1-6)[Gal(a1-3)Gal(b1-4)[Fuc(a1-3)]GlcNAc(b1-2)Man(a1-3)]Man(b1-4)GlcNAc(b1-4)GlcNAc(b1-Sp20,4.682765993156892,7.606499017945117,8.536554651809679,1.7032486594250826,21.97675961743452
GalNAc(a1-3)[Fuc(a1-2)]Gal(b1-3)GlcNAc(b1-2)Man(a1-6)[GalNAc(a1-3)[Fuc(a1-2)]Gal(b1-3)GlcNAc(b1-2)Man(a1-3)]Man(b1-4)GlcNAc(b1-4)GlcNAc(b1-Sp20,8.196315371352336,7.552509684866368,28.13179931115917,26.305778375989266,123.12202829838962
Gal(a1-3)[Fuc(a1-2)]Gal(b1-3)GlcNAc(b1-2)Man(a1-6)[Gal(a1-3)[Fuc(a1-2)]Gal(b1-3)GlcNAc(b1-2)Man(a1-3)]Man(b1-4)GlcNAc(b1-4)GlcNAc(b1-Sp20,2.627484866432797,13.496500626211715,39.84701985714587,54.77822898031724,533.5531490101803
Fuc(a1-4)[Fuc(a1-2)Gal(b1-3)]GlcNAc(b1-2)Man(a1-3)[Fuc(a1-4)[Fuc(a1-2)Gal(b1-3)]GlcNAc(b1-2)Man(a1-3)]Man(b1-4)GlcNAc(b1-4)GlcNAc(b1-Sp19,6.714897426059477,9.130363498787982,4.0433549843127015,5.0207238777557315,4.6009010577639975
Neu5Ac(a2-3)Gal(b1-4)GlcNAc(b1-3)GalNAc(a1-Sp14,9.280117962971518,5.926844074983474,6.7240218929348154,7.579238169279728,4.94384949499546
Neu5Ac(a2-6)Gal(b1-4)GlcNAc(b1-3)GalNAc(a1-Sp14,4.2261449315540585,6.701100760074162,3.1051978083797973,10.441826909597767,18.178141300382343
Neu5Ac(a2-3)Gal(b1-4)[Fuc(a1-3)]GlcNAc(b1-3)GalNAc(a1-Sp14,2.022627422232394,17.727143342531733,5.0352542051025,3.1032864024825337,10.776519619679377
GalNAc(b1-4)GlcNAc(b1-2)Man(a1-6)[GalNAc(b1-4)GlcNAc(b1-2)Man(a1-3)]Man(b1-4)GlcNAc(b1-4)GlcNAc(a1-Sp12,13.733281314383659,8.65561707986977,8.255683697711936,5.8712236784591925,6.675202112982554
Gal(b1-3)GalNAc(a1-3)[Fuc(a1-2)]Gal(b1-4)Glc(a1-Sp0,9.311078742865057,9.435603920744363,9.956406078960716,6.328838965337019,21.31143594948883
Gal(b1-3)GalNAc(a1-3)[Fuc(a1-2)]Gal(b1-4)GlcNAc(a1-Sp0,11.2514417098062,10.094436351609028,76.85553452681619,106.64317195136765,369.2949598052829
Gal(b1-3)GlcNac(b1-3)Gal(b1-4)GlcNac(b1-6)[Gal(b1-3)GlcNac(b1-3)]Gal(b1-4)Glc(b1-Sp0,2.8304583168337523,13.298953178226693,8.800730875851475,52.394864276081506,50.320960177287034
Gal(b1-4)[Fuc(a1-3)]GlcNAc(b1-6)[Gal(b1-3)GlcNAc(b1-3)]Gal(b1-4)Glc(a1-Sp21,2.298690793328526,9.994958354590581,5.9802203055155045,16.593678439895942,14.200035452655284
Gal(b1-4)GlcNAc(b1-6)[Fuc(a1-4)[Fuc(a1-2)Gal(b1-3)]GlcNAc(b1-3)]Gal(b1-4)Glc(a1-Sp21,3.0402185725974857,2.569165767812573,10.838174996549597,3.803561468216331,9.970002065320733
Gal(b1-4)[Fuc(a1-3)]GlcNAc(b1-6)[Fuc(a1-4)[Fuc(a1-2)Gal(b1-3)]GlcNAc(b1-3)]Gal(b1-4)Glc(a1-Sp21,5.710010046984737,6.841306329447128,6.3385925264735725,3.948163240778346,1.233806286794483
Gal(b1-3)GlcNAc(b1-3)Gal(b1-4)[Fuc(a1-3)]GlcNAc(b1-6)[Gal(b1-3)GlcNAc(b1-3)]Gal(b1-4)Glc(a1-Sp21,1.5858637289082131,7.585158960540425,3.232510099365504,7.1161164344864,8.26734693291424
Gal(b1-4)GlcNac(b1-6)[Gal(b1-4)GlcNac(b1-2)]Man(a1-6)[Gal(b1-4)GlcNac(b1-4)[Gal(b1-4)GlcNac(b1-2)]Man(a1-3)]Man(b1-4)GlcNac(b1-4)GlcNac(b1-Sp21,10.607970617574944,4.898749051543682,4.206498943599062,11.298992704071393,23.587520651819226
GlcNac(b1-2)Man(a1-6)[GlcNac(b1-4)[GlcNac(b1-2)]Man(a1-3)]Man(b1-4)GlcNac(b1-4)GlcNac(a1-Sp21,2.5441800886205552,8.702422835193662,9.454147807355934,9.099751135974367,5.180002106177167
Fuc(a1-2)Gal(b1-3)GalNAc(a1-3)[Fuc(a1-2)]Gal(b1-4)Glc(b1-Sp0,3.5809583279712545,20.646481308506306,11.407271873202939,13.228279965129008,3.222912356342767
Fuc(a1-2)Gal(b1-3)GalNAc(a1-3)[Fuc(a1-2)]Gal(b1-4)GlcNAc(b1-Sp0,9.657897108929387,2.829631909365596,3.761885221091581,12.819908596007945,11.814365865334395
Gal(b1-3)GlcNAc(b1-3)GalNAc(a1-Sp14,11.9054211206492,7.377470051673094,4.761497152857155,11.04951444012359,3.103422095042837
GalNAc(b1-4)[Neu5Ac(a2-3)]Gal(b1-4)GlcNAc(b1-3)GalNAc(a1-Sp14,10.045734818651509,6.1435010642683725,11.149153292029224,7.582841468462459,27.363593504630664
GalNAc(a1-3)[Fuc(a1-2)]Gal(b1-3)GalNAc(a1-3)[Fuc(a1-2)]Gal(b1-4)GlcNAc(b1-Sp0,5.5395173672893145,14.571459957138808,16.978488297327882,3.0961747824269987,42.81347155265517
Gal(a1-3)Gal(b1-3)GlcNAc(b1-2)Man(a1-6)[Gal(a1-3)Gal(b1-3)GlcNAc(b1-2)Man(a1-3)]Man(b1-4)GlcNAc(b1-4)GlcNAc(a1-Sp19,4.954333304206193,6.70617170597354,24.630384216975468,3.0164279432247185,20.08315586397385
Gal(a1-3)Gal(b1-3)[Fuc(a1-4)]GlcNAc(b1-2)Man(a1-6)[Gal(a1-3)Gal(b1-3)[Fuc(a1-4)]GlcNAc(b1-2)Man(a1-3)]Man(b1-4)GlcNAc(b1-4)GlcNAc(a1-Sp19,13.286205210260999,7.432956890542742,12.71875509090807,3.169634396766712,25.374281979003854
Neu5Ac(a2-3)Gal(b1-3)GlcNAc(b1-2)Man(a1-6)[Neu5Ac(a2-3)Gal(b1-3)GlcNAc(b1-2)Man(a1-3)]Man(b1-4)GlcNAc(b1-4)GlcNAc(a1-Sp19,10.804559278533,4.222747959169085,12.551866598339064,16.679898885684725,13.817721296310037
GlcNAc(b1-2)Man(a1-6)[Gal(b1-4)GlcNAc(b1-2)Man(a1-3)]Man(b1-4)GlcNAc(b1-4)GlcNAc(a1-Sp12,11.130546298475199,5.643987031272018,12.760955974214216,6.3101334573182175,21.200078238613496
Gal(b1-4)GlcNAc(b1-2)Man(a1-6)[GlcNAc(b1-2)Man(a1-3)]Man(b1-4)GlcNAc(b1-4)GlcNAc(a1-Sp12,11.140111691952047,7.6330993475236895,14.714619949560365,6.711790432452912,4.8780388479900285
Neu5Ac(a2-3)Gal(b1-3)GlcNAc(b1-3)GalNAc(a1-Sp14,8.473389500862865,3.504849346262945,5.461179019451755,3.5216811260154786,5.173309240712409
Fuc(a1-2)Gal(b1-4)GlcNac(b1-3)GalNac(a1-Sp14,14.812925691435833,5.188919807548258,27.843613154231672,20.718360613615975,7.377543545731652
Gal(b1-4)[Fuc(a1-3)]GlcNac(b1-3)GalNac(a1-Sp14,8.388699099532618,6.539711016742247,14.399349903265302,5.682383868588978,6.9200814342511165
GalNac(a1-3)GalNac(b1-3)Gal(a1-4)Gal(b1-4)GlcNac(b1-Sp0,4.576806009562395,5.509929120158138,5.515410977358494,14.170601617756624,9.306279191089203
Gal(a1-4)Gal(b1-3)GlcNac(b1-2)Man(a1-6)[Gal(a1-4)Gal(b1-3)GlcNac(b1-2)Man(a1-3)]Man(b1-4)GlcNac(b1-4)GlcNac(b1-Sp19,2.894723127808005,2.9694042966000307,13.816969484749539,2.761495599610232,22.26306742971329
Gal(a1-4)Gal(b1-4)GlcNac(b1-2)Man(a1-6)[Gal(a1-4)Gal(b1-4)GlcNac(b1-2)Man(a1-3)]Man(b1-4)GlcNac(b1-4)GlcNac(b1-Sp24,18.410654348750526,4.492766510273243,1.5016796093596632,16.85769582977361,13.965108882497086
Gal(a1-3)Gal(b1-4)GlcNac(b1-3)GalNac(a1-Sp14,8.655455828551135,3.8328340309967306,14.19935333093258,23.02856431830908,20.77872546498379
Gal(b1-3)GlcNAc(b1-6)Gal(b1-4)GlcNAc(b1-Sp0,12.372196528608002,7.970637041876483,4.079207693494752,23.69202705684976,13.851906853660974
Gal(b1-3)GlcNAc(a1-6)Gal(b1-4)GlcNAc(b1-Sp0,10.12651880011914,9.053207637581638,6.867553463691897,17.355656964493352,11.266169878112994
GalNAc(b1-3)Gal(a1-6)Gal(b1-4)Glc(b1-Sp8,5.051101752010805,5.939112609009872,5.315287148326668,7.830914176678218,6.091728954902692
Gal(a1-3)[Fuc(a1-2)]Gal(b1-4)[Fuc(a1-3)]Glc(b1-Sp21,6.739490815830723,5.0277403256830935,7.471878302452907,4.585320107691514,14.890919552840453
Gal(b1-4)GlcNAc(b1-6)[Neu5Ac(a2-6)Gal(b1-3)GlcNAc(b1-3)]Gal(b1-4)Glc(a1-Sp21,3.6206475244998217,2.423832508480475,2.231995664571654,11.641340125425133,12.533620508456455
Gal(b1-3)GalNAc(b1-4)[Neu5Ac(a2-8)Neu5Ac(a2-3)]Gal(b1-4)Glc(b1-Sp0,10.96024363263274,12.309036651548645,7.520744832572542,5.966818104875218,11.891759050423715
Neu5Ac(a2-3)Gal(b1-3)GalNAc(b1-4)[Neu5Ac(a2-8)Neu5Ac(a2-3)]Gal(b1-4)Glc(b1-Sp0,19.944811438295584,8.942618701243676,5.559798344889269,8.97890092773051,8.070871639575225
Gal(a1-3)[Fuc(a1-2)]Gal(b1-4)GlcNAc(b1-3)GalNAc(a1-Sp14,6.240694518240737,25.41563419295307,102.99119851761988,189.5246414590616,56.92434510032093
GalNAc(a1-3)[Fuc(a1-2)]Gal(b1-4)GlcNAc(b1-3)GalNAc(a1-Sp14,3.1507930419710624,13.6490204750804,24.171155057354397,25.282207695070767,144.8837556404917
GalNAc(a1-3)GalNAc(b1-3)Gal(a1-4)Gal(b1-4)Glc(b1-Sp0,9.718552219680998,2.3425209746481657,16.45248916182593,13.199716516242555,10.246486794466037
Fuc(a1-2)Gal(b1-4)[Fuc(a1-3)]GlcNAc(b1-3)GalNAc(a1-Sp14,7.2073483172846675,4.793209249466065,21.928343025560928,24.83459358332983,3.482706392065426
Gal(a1-3)[Fuc(a1-2)]Gal(b1-4)[Fuc(a1-3)]GlcNAc(b1-3)GalNAc(a1-Sp14,5.084401027571168,18.18014031360871,18.38492873760099,8.401868841860916,12.538150864029618
GalNAc(a1-3)[Fuc(a1-2)]Gal(b1-4)[Fuc(a1-3)]GlcNAc(b1-3)GalNAc(a1-Sp14,56.82536521396063,18.128502029931603,29.961955079884554,17.646863234275287,45.6284714123654
Gal(b1-4)[Fuc(a1-3)]GlcNAc(b1-2)Man(a1-6)[Gal(b1-4)[Fuc(a1-3)]GlcNAc(b1-2)Man(a1-3)]Man(b1-4)GlcNAc(b1-4)[Fuc(a1-6)]GlcNAc(b1-Sp22,20.262170341303527,7.952318816703714,11.468486850023705,7.666929670126533,13.406001507409535
Fuc(a1-2)Gal(b1-4)GlcNAc(b1-2)Man(a1-6)[Fuc(a1-2)Gal(b1-4)GlcNAc(b1-2)Man(a1-3)]Man(b1-4)GlcNAc(b1-4)[Fuc(a1-6)]GlcNAc(b1-Sp22,2.757509602733349,6.167229667633053,7.9381125369426835,1.7732194174720852,26.741522226679677
GlcNAc(b1-2)[GlcNAc(b1-6)]Man(a1-6)[GlcNAc(b1-2)Man(a1-3)]Man(b1-4)GlcNAc(b1-4)GlcNAc(b1-Sp19,11.186998628579214,2.791829026522463,19.032937635123503,6.394161692447777,7.241010882236451
Fuc(a1-2)Gal(b1-3)GlcNAc(b1-3)GalNAc(a1-Sp14,3.166004793110717,3.072695251186924,7.973678224581598,14.251331194546886,9.404037288801446
Gal(a1-3)[Fuc(a1-2)]Gal(b1-3)GlcNAc(b1-3)GalNAc(a1-Sp14,7.897354985214993,12.638198403352444,33.642558482213545,93.73636284841172,75.04999381707331
GalNAc(a1-3)[Fuc(a1-2)]Gal(b1-3)GlcNAc(b1-3)GalNAc(a1-Sp14,7.863351207765539,8.431597616654052,8.575506912713701,42.84419852978922,40.686019506869094
Gal(a1-3)Gal(b1-3)GlcNAc(b1-3)GalNAc(a1-Sp14,7.683020906464245,3.6078256705620713,35.09652241066763,2.17945758542506,29.32626708208872
Fuc(a1-2)Gal(b1-3)GlcNAc(b1-2)Man(a1-6)[Fuc(a1-2)Gal(b1-3)GlcNAc(b1-2)Man(a1-3)]Man(b1-4)GlcNAc(b1-4)[Fuc(a1-6)]GlcNAc(b1-Sp22,11.554582681487606,7.41571592335045,23.437089567179623,8.659303557247464,19.46970868372628
Gal(a1-3)[Fuc(a1-2)]Gal(b1-4)GlcNAc(b1-2)Man(a1-6)[Gal(a1-3)[Fuc(a1-2)]Gal(b1-4)GlcNAc(b1-2)Man(a1-3)]Man(b1-4)GlcNAc(b1-4)[Fuc(a1-6)]GlcNAc(b1-Sp22,12.841681634557574,11.863692548380088,24.698555968112945,209.35996595535892,222.70806962341248
Gal(b1-3)GlcNAc(b1-6)[Gal(b1-3)GlcNAc(b1-2)]Man(a1-6)[Gal(b1-3)GlcNAc(b1-2)Man(a1-3)]Man(b1-4)GlcNAc(b1-4)GlcNAc(b1-Sp19,9.568415527661816,14.800053144724396,2.261307566247136,10.209149343930033,14.236764670709665
Gal(b1-4)GlcNAc(b1-6)[Fuc(a1-2)Gal(b1-3)GlcNAc(b1-3)]Gal(b1-4)Glc(a1-Sp21,10.866675601734572,3.0592684316134573,2.576634043993574,11.352022246572142,17.008964674450553
Fuc(a1-3)GlcNAc(b1-6)[Gal(b1-4)GlcNAc(b1-3)]Gal(b1-4)Glc(a1-Sp21,15.48344843954338,16.908858166259048,9.309325618432377,9.733844133186393,19.175690373143553
GlcNAc(b1-2)Man(a1-6)[GlcNAc(b1-4)][GlcNAc(b1-2)Man(a1-3)]Man(b1-4)GlcNac(b1-4)GlcNAc(a1-Sp21,10.743576819818127,12.922237450579797,3.5428101327430594,7.281223395602323,11.608860480541008
GlcNAc(b1-2)Man(a1-6)[GlcNAc(b1-4)][GlcNAc(b1-4)[GlcNAc(b1-2)]Man(a1-3)]Man(b1-4)GlcNAc(b1-4)GlcNAc(a1-Sp21,6.002894946607016,5.493241826326242,5.499879973463042,14.776456299690617,10.3994632896767
GlcNAc(b1-6)[GlcNAc(b1-2)]Man(a1-6)[GlcNAc(b1-4)][GlcNAc(b1-2)Man(a1-3)]Man(b1-4)GlcNAc(b1-4)GlcNAc(a1-Sp21,6.053593009940461,4.895012047227263,6.1426050529613745,5.3248674464722585,3.6705073576414655
GlcNAc(b1-6)[GlcNAc(b1-2)]Man(a1-6)[GlcNAc(b1-4)][GlcNAc(b1-4)[GlcNAc(b1-2)]Man(a1-3)]Man(b1-4)GlcNAc(b1-4)GlcNAc(a1-Sp21,6.142923274522216,5.936986223876553,4.373395462338152,0.9988199136981748,6.929342830973401
Gal(b1-4)GlcNAc(b1-2)Man(a1-6)[GlcNAc(b1-4)][Gal(b1-4)GlcNAc(b1-2)Man(a1-3)]Man(b1-4)GlcNAc(b1-4)GlcNAc(a1-Sp21,2.559245108751135,3.3623681580100526,2.511090040201669,15.824258296783853,8.694121943924724
Gal(b1-4)GlcNAc(b1-2)Man(a1-6)[GlcNAc(b1-4)][Gal(b1-4)GlcNAc(b1-4)[Gal(b1-4)GlcNAc(b1-2)]Man(a1-3)]Man(b1-4)GlcNAc(b1-4)GlcNAc(a1-Sp21,8.968470946971209,3.9161135181026983,0.8839132362209818,14.44664033850085,2.735867287686578
Gal(b1-4)GlcNAc(b1-6)[Gal(b1-4)GlcNAc(b1-2)]Man(a1-6)[GlcNAc(b1-4)][Gal(b1-4)GlcNAc(b1-2)Man(a1-3)]Man(b1-4)GlcNAc(b1-4)GlcNAc(a1-Sp21,10.981593250032835,6.727630130043317,11.03752392443615,20.48379531434545,17.341957938479695
Gal(b1-4)GlcNAc(b1-6)[Gal(b1-4)GlcNAc(b1-2)]Man(a1-6)[GlcNAc(b1-4)][Gal(b1-4)GlcNAc(b1-4)[Gal(b1-4)GlcNAc(b1-2)]Man(a1-3)]Man(b1-4)GlcNAc(b1-4)GlcNAc(a1-Sp21,1.4786655030804077,9.48763188380007,5.4594693486791135,9.262162553276957,33.00324332873708
Gal(b1-4)Gal(b1-Sp10,5.1489968945417015,4.737498686719255,10.28903784504005,9.160800020513133,15.698486404613444
Gal(b1-6)Gal(b1-Sp10,3.665683600980852,3.9795215114382674,5.454166094830632,5.1975175109533485,6.019248858454003
Neu5Ac(a2-3)Gal(b1-4)GlcNAc(b1-3)Gal(b1-Sp8,15.069275728337667,9.26347369313118,2.8940713149183703,14.562241668867458,10.141332403091813
GalNAc(b1-6)GalNAc(b1-Sp8,9.410385273152562,1.4749492270922422,10.178950073026515,12.818106618763936,15.157953955899405
(6S)Gal(b1-3)GlcNAc(b1-Sp0,10.019048824572486,9.836231275239514,10.444945438823515,4.225572505097206,17.960515722550962
(6S)Gal(b1-3)(6S)GlcNAc(a1-Sp0,14.322980855836766,5.293561115795937,13.469128642690055,4.971247223115474,2.965576228857822
Fuc(a1-2)Gal(b1-4) GlcNAc(b1-2)Man(a1-6)[Fuc(a1-2)Gal(b1-4)GlcNAc(b1-2)[Fuc(a1-2)Gal(b1-4)GlcNAc(b1-4)]Man(a1-3)]Man(b1-4)GlcNAc(b1-4)GlcNAc(b1-N,1.265168601412447,7.765209812737401,6.33588460352355,6.6123817892395405,3.1053703068233385
Fuc(a1-2)Gal(b1-4)[Fuc(a1-3)]GlcNAc(b1-2)Man(a1-6)[Fuc(a1-2)Gal(b1-4)[Fuc(a1-3)]GlcNAc(b1-4)[Fuc(a1-2)Gal(b1-4)[Fuc(a1-3)]GlcNAc(b1-2)]Man(a1-3)]Man(b1-4)GlcNAc(b1-4)GlcNAc(b1-N,15.531759269397005,13.892155574160073,8.190591700797084,6.863989146261817,90.06311632819747
Gal(b1-4)[Fuc(a1-3)]GlcNAc(b1-6)GalNAc(a1-Sp14,16.951806415910376,7.143359160787036,4.362519085249579,3.584262637791284,16.663355447883283
Gal(b1-4)GlcNAc(b1-2)Man(a1-Sp0,2.7201923737118285,7.078590624022534,15.133666926205725,6.138519325537758,16.727726428971163
Fuc(a1-2)Gal(b1-4)GlcNAc(b1-6)[Fuc(a1-2)Gal(b1-4)GlcNAc(b1-3)]GalNAc(a1-Sp14,4.358537209508107,5.611943859528536,7.877895854171129,19.87385304036437,21.223405674789078
Gal(a1-3)Fuc(a1-2)Gal(b1-4)GlcNAc(b1-6)[Gal(a1-3)Fuc(a1-2)Gal(b1-4)GlcNAc(b1-3)]GalNAc(a1-Sp14,21.840156543852892,23.177729340809503,66.46922126349597,167.01271421027238,970.4477716260279
GalNAc(a1-3)[Fuc(a1-2)]Gal(b1-4)GlcNAc(b1-6)[GalNAc(a1-3)[Fuc(a1-2)]Gal(b1-4)GlcNAc(b1-3)]GalNAc(a1-Sp14,6.533679115424439,21.724076711393266,7.6165627568678556,93.6758039585239,450.6501039310649
Neu5Ac(a2-8)Neu5Ac(a2-3)Gal(b1-3)GalNAc(b1-4)[Neu5Ac(a2-8)Neu5Ac(a2-3)]Gal(b1-4)Glc(b1-Sp0,2.8975423383446506,6.027502119728643,5.043304316533593,10.771913911147188,23.197746596957806
GalNAc(b1-4)Gal(b1-4)Glc(b1-Sp0,0.3992468367648563,14.868861658148761,7.848153847880432,20.57193521481389,14.233476988307052
GalNAc(a1-3)[Fuc(a1-2)]Gal(b1-4)GlcNAc(b1-2)Man(a1-6)[GalNAc(a1-3)[Fuc(a1-2)]Gal(b1-4)GlcNAc(b1-2)Man(a1-3)]Man(b1-4)GlcNAc(b1-4)[Fuc(a1-6)]GlcNAc(b1-Sp22,5.513154370760296,13.163929973099489,34.342415414408805,54.31416046609532,38.59518798723687
Gal(a1-3)[Fuc(a1-2)]Gal(b1-3)GlcNAc(b1-2)Man(a1-6)[Gal(a1-3)[Fuc(a1-2)]Gal(b1-3)GlcNAc(b1-2)Man(a1-3)]Man(b1-4)GlcNAc(b1-4)[Fuc(a1-6)]GlcNAc(b1-Sp22,6.063886614141666,6.291232718831807,5.545082802507565,6.201545851909268,38.50298499176153
Neu5Ac(a2-6)Gal(b1-4)GlcNAc(b1-6)[Fuc(a1-2)Gal(b1-3)GlcNAc(b1-3)]Gal(b1-4)Glc(a1-Sp21,6.6128412765744375,9.808233052730069,9.15490844774903,10.394294474694613,12.758580889085321
GalNAc(a1-3)[Fuc(a1-2)]Gal(b1-3)GlcNAc(b1-2)Man(a1-6)[GalNAc(a1-3)[Fuc(a1-2)]Gal(b1-3)GlcNAc(b1-2)Man(a1-3)]Man(b1-4)GlcNAc(b1-4)[Fuc(a1-6)]GlcNAc(b1-Sp22,1.2972488051642574,10.648756425830504,4.5416424595073845,3.142540386905753,15.232677447513945
Gal(b1-4)GlcNAc(b1-6)[Gal(b1-4)GlcNAc(b1-2)]Man(a1-6)[Gal(b1-4)GlcNAc(b1-2)Man(a1-3)]Man(b1-4)GlcNAc(b1-4)GlcNAc(b1-Sp19,10.824429699988796,13.86027636554073,6.368604090117916,10.54025838740844,9.767450001748996
Neu5Ac(a2-3)Gal(b1-4)GlcNAc(b1-2)Man(a1-6)[GlcNAc(b1-4)][Neu5Ac(a2-3)Gal(b1-4)GlcNAc(b1-2)Man(a1-3)]Man(b1-4)GlcNAc(b1-4)GlcNAc(b1-Sp21,8.183609987193913,7.100283480021516,4.129815405882778,1.4876464252862358,6.003628446961655
Neu5Ac(a2-3)Gal(b1-4)GlcNAc(b1-4)Man(a1-6)[GlcNAc(b1-4)][Neu5Ac(a2-3)Gal(b1-4)GlcNAc(b1-4)[Neu5Ac(a2-3)Gal(b1-4)GlcNAc(b1-2)]Man(a1-3)]Man(b1-4)GlcNAc(b1-4)GlcNAc(b1-Sp21,6.392550653690589,4.498314198582254,13.731360373247792,13.303883316034419,24.060437517565628
Neu5Ac(a2-3)Gal(b1-4)GlcNAc(b1-6)[Neu5Ac(a2-3)Gal(b1-4)GlcNAc(b1-2)]Man(a1-6)[GlcNAc(b1-4)][Neu5Ac(a2-3)Gal(b1-4)GlcNAc(b1-2)Man(a1-3)]Man(b1-4)GlcNAc(b1-4)GlcNAc(b1-Sp21,2.508054753522474,7.489836929855907,4.1877500601954045,5.648854403844355,10.762932260618637
Neu5Ac(a2-3)Gal(b1-4)GlcNAc(b1-6)[Neu5Ac(a2-3)Gal(b1-4)GlcNAc(b1-2)]Man(a1-6)[GlcNAc(b1-4)][Neu5Ac(a2-3)Gal(b1-4)GlcNAc(b1-4)[Neu5Ac(a2-3)Gal(b1-4)GlcNAc(b1-2)]Man(a1-3)]Man(b1-4)GlcNAc(b1-4)GlcNAc(b1-Sp21,2.068092733252868,12.338534047818106,7.722228740622738,12.007613836610913,5.251816328583135
Neu5Ac(a2-6)Gal(b1-4)GlcNAc(b1-2)Man(a1-6)[GlcNAc(b1-4)][Neu5Ac(a2-6)Gal(b1-4)GlcNAc(b1-2)Man(a1-3)]Man(b1-4)GlcNAc(b1-4)GlcNAc(b1-Sp21,9.789771377778283,1.1393256817814073,8.834011234050662,37.02716327009136,21.517067290312404
Neu5Ac(a2-6)Gal(b1-4)GlcNAc(b1-4)Man(a1-6)[GlcNAc(b1-4)][Neu5Ac(a2-6)Gal(b1-4)GlcNAc(b1-4)[Neu5Ac(a2-6)Gal(b1-4)GlcNAc(b1-2)]Man(a1-3)]Man(b1-4)GlcNAc(b1-4)GlcNAc(b1-Sp21,3.0408687338763323,26.18193999598452,6.223881922080459,4.3418039495890035,21.110748735873106
Neu5Ac(a2-6)Gal(b1-4)GlcNAc(b1-6)[Neu5Ac(a2-6)Gal(b1-4)GlcNAc(b1-2)]Man(a1-6)[GlcNAc(b1-4)][Neu5Ac(a2-6)Gal(b1-4)GlcNAc(b1-2)Man(a1-3)]Man(b1-4)GlcNAc(b1-4)GlcNAc(b1-Sp21,3.908654207759131,9.156056071802963,2.3150639170442093,8.143942893341038,5.969513156238155
Neu5Ac(a2-6)Gal(b1-4)GlcNAc(b1-6)[Neu5Ac(a2-6)Gal(b1-4)GlcNAc(b1-2)]Man(a1-6)[GlcNAc(b1-4)][Neu5Ac(a2-6)Gal(b1-4)GlcNAc(b1-4)[Neu5Ac(a2-6)Gal(b1-4)GlcNAc(b1-2)]Man(a1-3)]Man(b1-4)GlcNAc(b1-4)GlcNAc(b1-Sp21,21.676067808068886,9.635210385179294,7.650625176360863,6.647622794403043,18.3082458197347
Gal(a1-3)[Fuc(a1-2)]Gal(b1-3)GalNAc(a1-Sp8,5.930577648298683,10.932061221738264,5.089733582009294,5.078234701399689,22.360641277178697
Gal(a1-3)[Fuc(a1-2)]Gal(b1-3)GalNAc(b1-Sp8,13.259719670082273,7.308258190567693,12.956022255563841,8.293520841948519,4.714530790633741
Glc(a1-6)Glc(a1-6)Glc(a1-6)Glc(b1-Sp10,2.33384566381329,4.888000770935571,18.093745153574464,6.224441582717827,9.482752514741335
Glc(a1-4)Glc(a1-4)Glc(a1-4)Glc(b1-Sp10,4.7787655818910535,6.225967946164402,14.114115780398715,8.38166259620755,25.97389036223043
Neu5Ac(a2-3)Gal(b1-4)GlcNAc(b1-6)[Neu5Ac(a2-3)Gal(b1-4)GlcNAc(b1-3)]GalNAc(a1-Sp14,13.546471488269555,14.91523763247953,13.120394606457785,1.3132845524993233,14.438412599844
Fuc(a1-2)Gal(b1-4)[Fuc(a1-3)]GlcNAc(b1-2)Man(a1-6)[Fuc(a1-2)Gal(b1-4)[Fuc(a1-3)]GlcNAc(b1-2)Man(a1-3)]Man(b1-4)GlcNAc(b1-4)[Fuc(a1-6)]GlcNAc(b1-Sp24,6.167419977591917,8.82571827157238,5.162152856044264,6.105894657077945,12.756125449498127
Fuc(a1-2)Gal(b1-3)[Fuc(a1-4)]GlcNAc(b1-2)Man(a1-6)[Fuc(a1-2)Gal(b1-3)[Fuc(a1-4)]GlcNAc(b1-2)Man(a1-3)]Man(b1-4)GlcNAc(b1-4)[Fuc(a1-6)]GlcNA(cb-S)p(1-4)[Fuc(a1-6)]GlcNAc(b1-Sp19,8.262563111357567,13.062725841747785,6.106555582322973,14.081747995425365,11.101260842054565
Neu5Ac(a2-3)Gal(b1-3)GlcNAc(b1-6)[Neu5Ac(a2-3)Gal(b1-4)GlcNAc(b1-2)]Man(a1-6)[Neu5Ac(a2-3)Gal(b1-3)GlcNAc(b1-2)Man(a1-3)]Man(b1-4)GlcNAc(b1-4)GlcNAc(b1-Sp19,12.769832189023994,2.906872801941393,21.70200172480255,14.22002593598198,15.2796083224233
GlcNAc(b1-6)[GlcNAc(b1-2)]Man(a1-6)[GlcNAc(b1-2)Man(a1-3)]Man(b1-4)GlcNAc(b1-4)[Fuc(a1-6)]GlcNAc(b1-Sp24,7.6535429427596675,4.073717189905722,2.259028361191292,6.640842186236617,10.881172203397933
Gal(b1-3)GlcNAc(b1-2)Man(a1-6)[GlcNAc(b1-4)][Gal(b1-3)GlcNAc(b1-2)Man(a1-3)]Man(b1-4)GlcNAc(b1-4)GlcNAc(b1-Sp21,9.315060293730438,12.54012370735765,18.63406023681279,11.455443616428205,80.80763551378776
Neu5Ac(a2-6)Gal(b1-4)GlcNAc(b1-6)[Gal(b1-3)GlcNAc(b1-3)]Gal(b1-4)Glc(b1-Sp21,2.8311797851484664,6.238390880868237,7.969343918364079,5.801141705661622,2.3793878139484947
Neu5Ac(a2-3)Gal(b1-4)GlcNAc(b1-2)Man(a1-Sp0,9.319717440280394,7.752440574210737,13.152810912849267,29.72127727313661,0.8980190249467085
Neu5Ac(a2-3)Gal(b1-4)GlcNAc(b1-6)GalNAc(a1-Sp14,11.403287692444945,6.937544654691111,7.3580522632804755,4.4021862442616735,18.297624835002487
Neu5Ac(a2-6)Gal(b1-4)GlcNAc(b1-6)GalNAc(a1-Sp14,1.5285572751236167,11.649639793966458,5.742365241489576,22.480465689942154,7.332420521446751
Neu5Ac(a2-6)Gal(b1-4)GlcNAc(b1-6)[Neu5Ac(a2-6)Gal(b1-4)GlcNAc(b1-3)]GalNAc(a1-Sp14,4.031887110171451,2.3807821745174484,16.416072946023547,12.087273325554705,19.864252590079985
Neu5Ac(a2-6)Gal(b1-4)GlcNAc(b1-2)Man(a1-6)[Neu5Ac(a2-6)Gal(b1-4)GlcNAc(b1-2)Man(a1-3)]Man(b1-4)GlcNAc(b1-4)[Fuc(a1-6)]GlcNAc(b1-Sp24,6.756388882383847,21.116760852993046,10.511875984808787,13.801393785260727,9.27528048430344
Neu5Ac(a2-3)Gal(b1-4)GlcNAc(b1-2)Man(a1-6)[Neu5Ac(a2-3)Gal(b1-4)GlcNAc(b1-2)Man(a1-3)]Man(b1-4)GlcNAc(b1-4)[Fuc(a1-6)]GlcNAc(b1-Sp24,9.106937459019916,7.118061539726484,10.265008580934893,10.816703698909345,16.059210900705295
Man(a1-6)[Man(a1-3)]Man(b1-4)GlcNAc(b1-4)[Fuc(a1-6)]GlcNAc(b1-Sp19,5.3739574302835615,11.498482775095447,3.5591059663909927,8.560185966437864,29.757079451269487
Gal(b1-4)GlcNAc(b1-6)[Gal(b1-4)GlcNAc(b1-2)]Man(a1-6)[Gal(b1-4)GlcNAc(b1-2)Man(a1-3)]Man(b1-4)GlcNAc(b1-4)[Fuc(a1-6)]GlcNAc(b1-Sp24,7.453841687121246,9.481615941388908,10.006426428883893,17.83969651262333,21.592295926788463
Neu5Ac(a2-3)Gal(b1-3)GlcNAc(b1-2)Man(a1-6)[GlcNAc(b1-4)][Neu5Ac(a2-3)Gal(b1-3)GlcNAc(b1-2)Man(a1-3)]Man(b1-4)GlcNAc(b1-4)GlcNAc(a1-Sp21,9.339523168547377,6.3351994251036166,5.549829623435906,14.470913795380492,33.332257920656474
Neu5Ac(a2-6)Gal(b1-4)GlcNAc(b1-6)[Fuc(a1-2)Gal(b1-4)[Fuc(a1-3)]GlcNAc(b1-3)]Gal(b1-4)Glc(a1-Sp21,8.500014576213003,10.110844180507394,1.2890231246308899,14.577930102812967,15.576226870110956
Gal(b1-3)GlcNAc(b1-6)GalNAc(a1-Sp14,7.761443412740093,5.751225530847028,21.307217868522088,0.7135003918476209,3.560163457857889
Gal(a1-3)Gal(b1-3)GlcNAc(b1-6)GalNAc(a1-Sp14,5.3855643012130034,8.930213149565178,8.880197315516146,4.774280891314072,81.22742862697307
Gal(b1-3)[Fuc(a1-4)]GlcNAc(b1-6)GalNAc(a1-Sp14,15.031606298174985,5.875163365884651,5.640741979784223,7.194075957515322,26.30529327771631
Neu5Ac(a2-3)Gal(b1-3)GlcNAc(b1-6)GalNAc(a1-Sp14,4.939395044604812,14.212791044337498,5.180629375777296,18.640424680672734,2.5702820861726576
(3S)Gal(b1-3)[Fuc(a1-4)]GlcNAc(b1-Sp0,16.77620514128567,10.390776470986188,8.414385355399801,16.037895468130046,21.37402933390581
Gal(b1-4)[Fuc(a1-3)]GlcNAc(b1-6)[Neu5Ac(a2-6)[Neu5Ac(a2-3)Gal(b1-3)]GlcNAc(b1-3)]Gal(b1-4)Glc(a1-Sp21,1.9426716054615605,1.7895975460048892,16.04051975280103,13.235450850745512,26.808494244968337
Fuc(a1-2)Gal(b1-4)GlcNAc(b1-6)GalNAc(a1-Sp14,5.241723410848126,10.39378669478391,23.76800230148368,5.314196333407345,19.28750051568373
Gal(a1-3)Gal(b1-4)GlcNAc(b1-6)GalNAc(a1-Sp14,9.392479731856401,9.440630746230175,14.104646845868391,15.30098176683988,20.826255299901266
Gal(b1-4)[Fuc(a1-3)]GlcNAc(b1-2)Man(a1-Sp0,4.819895350437252,6.468968640363008,10.32654853262534,12.417470784711629,14.30726981814374
Fuc(a1-2)(6S)Gal(b1-3)GlcNAc(b1-Sp0,14.24556985554341,6.789394548546532,9.611377196843334,2.8781208053172542,8.502717011442085
Gal(a1-3)[Fuc(a1-2)]Gal(b1-4)GlcNAc(b1-6)GalNAc(a1-Sp14,10.766952569591513,5.918200675036293,14.349702611175141,10.726446785088411,8.29953124996627
Fuc(a1-2)Gal(b1-4)GlcNAc(b1-2)Man(a1-Sp0,2.2779058613852547,7.406292322692014,18.52360840465936,10.41125093648693,6.2987308845380365
Fuc(a1-2)Gal(b1-3)(6S)GlcNAc(b1-Sp0,15.534125042520607,11.921899654836922,5.981606057113877,7.365341915292617,11.277161162389245
Fuc(a1-2)(6S)Gal(b1-3)(6S)GlcNAc(b1-Sp0,7.892531998192988,4.263920634326282,20.86889322258932,6.328946978434408,11.553663147641391
Neu5Ac(a2-6)GalNAc(b1-4)(6S)GlcNAc(b1-Sp8,17.024341593999065,7.456182729956392,13.395251269853068,2.2942553713932465,39.23996141583001
GalNAc(b1-4)[Fuc(a1-3)](6S)GlcNAc(b1-Sp8,12.854035766508,9.5181107614204,9.245601601121832,15.410399765823724,16.33784265529463
(3S)GalNAc(b1-4)[Fuc(a1-3)]GlcNAc(b1-Sp8,2.38184799875361,6.321243641615668,5.571091492696924,9.981199469460904,4.247557273696659
Fuc(a1-2)Gal(b1-3)GlcNAc(b1-6)[Fuc(a1-2)Gal(b1-3)GlcNAc(b1-3)]GalNAc(a1-Sp14,12.884799572752394,4.731979520507264,8.47229157666334,10.183665328808019,12.89345616284996
GalNAc(a1-3)[Fuc(a1-2)]Gal(b1-3)GlcNAc(b1-6)GalNAc(a1-Sp14,6.199528134194297,2.324159362006016,10.95726762210814,24.964685104696738,24.013871869593324
GlcNAc(b1-6)[GlcNAc(b1-2)]Man(a1-6)[GlcNAc(b1-4)][GlcNAc(b1-4)[GlcNAc(b1-2)]Man(a1-3)]Man(b1-4)GlcNAc(b1-4)[Fuc(a1-6)]GlcNAc(a1-Sp21,2.330920340945469,2.0356884928691796,12.090386918918956,6.014522701691859,5.20464544957996
Gal(b1-4)GlcNAc(b1-6)[Gal(b1-4)GlcNAc(b1-2)]Man(a1-6)[GlcNAc(b1-4)]Gal(b1-4)GlcNAc(b1-4)[Gal (b1-4)GlcNAc(b1-2)]Man(a1-3)]Man(b1-4)GlcNAc(b1-4)[Fuc(a1-6)]GlcNAc(a1-Sp21,2.6524722612435765,8.083812118054201,9.95783251147892,13.04558890021172,7.690959722947618
Gal(b1-3)GlcNAc(a1-3)Gal(b1-4)GlcNAc(b1-Sp8 ,5.089351049249798,14.168519925378005,6.205556992996937,3.913272609125619,10.711850608982818
Gal(b1-3)(6S)GlcNAc(b1-Sp8 ,1.9747439907913973,10.089150662097381,4.683792405376943,8.066873206722256,5.036813643151155
(6S)(4S)GalNAc(b1-4)GlcNAc(a1-Sp8,1.0992759313899845,5.378810253206557,6.432313299466999,6.64130930684354,8.679423480613984
(6S)GalNAc(b1-4)GlcNAc(a1-Sp8 ,2.017209622225703,5.754675979873487,5.874023277320237,5.300997592277644,12.635031021034354
(3S)GalNAc(b1-4)(3S)GlcNAc(a1-Sp8,4.5042538223143405,14.660724473458554,10.590252789082356,9.731754522309943,8.238802976363338
GalNAc(b1-4)(6S)GlcNAc(a1-Sp8 ,14.599942583306039,6.995355760550518,10.191038061412923,7.560583232077168,12.628169809068401
(3S)GalNAc(b1-4)GlcNAc(a1-Sp8 ,3.5745903862074626,2.0258153329791257,12.85372384201039,30.990273859282603,16.196855201447814
(4S)GalNac(b1-Sp10,6.0696991171995816,7.485100858594578,8.692741225681736,11.910908959017346,7.914606221990244
Gal(b1-4)(6P)GlcNAc(b1-Sp0 ,8.391144364944108,4.3959831585209725,9.748891174726873,6.729622605255558,19.906865398148447
(6P)Gal(b1-4)GlcNAc(b1-SP0 ,6.126808866503563,9.818346079831027,6.413421456341897,6.626650915306572,6.627788356797463
GalNAc(a1-3)[Fuc(a1-2)]Gal(b1-4)GlcNAc(b1-6)GalNAc(a1-Sp14,7.406976967866192,12.77476379778378,15.847547769397444,9.752125040002355,42.45811706336717
Neu5Ac(a2-6)Gal(b1-4)GlcNAc(b1-2)Ma(n1-Sp0,5.3425926523708185,6.255403930136456,7.439517330669576,4.282028055625827,12.119015197338994
Gal(a1-3)Gal(b1-4)GlcNAc(b1-2)Man(a1-Sp0,4.522989437215908,12.027154020902035,18.020358758614265,12.512393743937672,45.41719736108595
Gal(a1-3)[Fuc(a1-2)]Gal(b1-4)GlcNAc(b1-2)Man(a1-Sp0,4.4167318561541125,73.59087377247103,119.16075214514179,72.44981562723501,1126.7550492140442
GalNAc(a1-3)[Fuc(a1-2)]Gal(b1-4) GlcNAc(b1-2)Man(a1-Sp0,11.64675270994737,50.65476740176271,92.15123204409227,72.14617741132031,1514.9433318209522
 Gal(b1-3)GlcNAc(b1-2)Man(a1-Sp0,10.938117977208558,13.492688660499306,11.129073616845512,13.472264741157412,12.896834199265072
Gal(a1-3)[Fuc(a1-2)]Gal(b1-3)GlcNAc(b1-6)GalNAc(a1-Sp14,8.924972934926293,8.691822591570388,5.554468538258192,8.272389396208338,35.70180458635826
Neu5Ac(a2-3)Gal(b1-3)GlcNAc(b1-2)Man(a1-Sp0,5.062241280302624,8.118835368604302,5.7699232874016655,28.24374738651608,23.22683267408625
Gal(a1-3)Gal(b1-3)GlcNAc(b1-2)Man(a1-Sp0,0.6466560980665594,20.59819039064274,23.56294095995869,24.187130787190622,17.324798504744575
GalNAc(b1-4)GlcNAc(b1-2)Man(a1-Sp0,7.388742572770187,3.857706083823201,3.7845157030545735,10.185105593790702,11.692887826366912
Neu5Ac(a2-3)Gal(b1-3)GlcNAc(b1-4)Gal(b1-4)Glc(b1-Sp0,3.5593810205099787,4.499781758041162,4.190232470380772,3.904674383671445,16.081376765350875
GlcNAc(b1-2) Man(a1-6)[GlcNAc(b1-4)][GlcNAc(b1-2)Man(a1-3)]Man(b1-4)GlcNAc(b1-4)[Fuc(a1-6)]GlcNAc(a1-Sp21,12.503664932697404,6.325856032914968,5.958322632531183,6.3102747401229164,1.817618633221333
Gal(b1-4)GlcNAc(b1-2)Man(a1-6)[GlcNAc(b1-4)][Gal(b1-4)GlcNAc(b1-2)Man(a1-3)]Man(b1-4)GlcNAc(b1-4)[Fuc(a1-6)]GlcNAc(a1-Sp21,9.682997403137453,11.81008892836262,9.299665287301114,5.881771716285861,6.865883260671318
Gal(b1-4)GlcNAc(b1-2)Man(a1-6)[Gal(b1-4)GlcNAc(b1-4)][Gal(b1-4)GlcNAc(b1-2)Man(a1-3)]Man(b1-4)GlcNAc(b1-4)[Fuc(a1-6)]GlcNAc(a1-Sp21,11.232368945893235,3.9394021352653663,17.764516598803553,8.31490214614708,42.18820619963004
Fuc(a1-4)[Gal(b1-3)]GlcNAc(b1-2)Man(a1-Sp0,5.6316148603960245,7.300952327379402,32.25601027202786,20.414072844241566,13.171939821801761
Neu5Ac(a2-3)Gal(b1-4)[Fuc(a1-3)]GlcNAc(b1-2)Man(a1-Sp0,6.29920991897662,6.133899571778679,2.3821807815179183,3.2756674098571192,16.963142342418966
GlcNAc(b1-3)Gal(b1-4)GlcNAc(b1-6)[GlcNAc(b1-3)]Gal(b1-4)GlcNAc(a1-Sp0,3.6607336140906703,12.347349245755794,16.003225416849588,28.22513831728723,31.65717266806729
GalNAc(a1-3)[Fuc(a1-2)]Gal(b1-3)GalNAc(b1-3)Gal(a1-4)Gal(b1-4)Glc(a1-Sp21,4.04819369348851,5.29877217287175,5.544162221878076,1.962530340317484,11.574480374909566
Gal(a1-3)[Fuc(a1-2)]Gal(b1-3)GalNAc(b1-3)Gal(a1-4)Gal(b1-4)Glc(a1-Sp21,11.322918907242956,8.731883568089232,6.764394170704918,4.338294618088243,18.722133373875067
Gal(b1-3)GalNAc(b1-3)Ga(l1-Sp21,16.181248464889848,3.8498295066145642,22.874031725299396,10.663705943174726,10.093308419112821
GlcNAc(b1-3)Gal(b1-4)GlcNAc(b1-2)Man(a1-6)[GlcNAc(b1-3)Gal(b1-4)GlcNAc(b1-2)Man(a1-3)]Man(b1-4)GlcNAc(b1-4)GlcNAc(b1-Sp12,5.92344430490684,15.168497824328625,23.249355344377648,35.411477842731514,328.6118274580533
GlcNAc(b1-3)Gal(b1-4)GlcNAc(b1-2)Man(a1-6)[GlcNAc(b1-3)Gal(b1-4)GlcNAc(b1-2)Man(a1-3)]Man(b1-4)GlcNAc(b1-4)GlcNAc(b1-Sp25,20.96354995048948,41.55681743765539,26.51286817218666,86.25833100871363,532.3618339977388
Gal(b1-4)GlcNAc(b1-3)Gal(b1-4)GlcNAc(b1-2)Man(a1-6)[Gal(b1-4)GlcNAc(b1-3)Gal(b1-4)GlcNAc(b1-2)Man(a1-3)]Man(b1-4)GlcNAc(b1-4)GlcNAc(b1-Sp12,12.413789163667884,7.30150416529601,8.088334241774728,3.905279780418738,15.511612476114724
Gal(b1-4)GlcNAc(b1-3)Gal(b1-4)GlcNAc(b1-2)Man(a1-6)[Gal(b1-4)GlcNAc(b1-3)Gal(b1-4)GlcNAc(b1-2)Man(a1-3)]Man(b1-4)GlcNAc(b1-4)GlcNAc(b1-Sp24,9.012592681492977,51.800949642903994,203.08776237742427,643.2462965531736,2245.462183912024
Neu5Gc(a2-3)Gal(b1-4)GlcNAc(b1-3)Gal(b1-4)GlcNAc(b1-2)Man(a1-6)[Neu5Gc(a2-3)Gal(b1-4)GlcNAc(b1-3)Gal(b1-4)GlcNAc(b1-2)Man(a1-3)]Man(b1-4)GlcNAc(b1-4)GlcNAc(b1-Sp24,5.7822823616630545,18.429686735807525,7.1463007112654005,32.35022735101736,29.83689145441566
Fuc(a1-2)Gal(b1-4)GlcNAc(b1-3)Gal(b1-4)GlcNAc(b1-2)Man(a1-6)[Fuc(a1-2)Gal(b1-4)GlcNAc(b1-3)Gal(b1-4)GlcNAc(b1-2)Man(a1-3)]Man(b1-4)GlcNAc(b1-4)GlcNAc(b1-Sp24,8.256910401344648,65.65160812193295,207.3158890351382,816.8091938505407,1313.9935686115637
GlcNAc(b1-3)Gal(b1-4)GlcNAc(b1-3)Gal(b1-4)GlcNAc(b1-2)Man(a1-6)[GlcNAc(b1-3)Gal(b1-4)GlcNAc(b1-3)Gal(b1-4)GlcNAc(b1-2)Man(a1-3)]Man(b1-4)GlcNAc(b1-4)GlcNAc(b1-Sp12,11.274476308422004,5.663510292800821,34.67893925761455,151.5712477972101,137.13416712504562
GlcNAc(b1-3)Gal(b1-4)GlcNAc(b1-3)Gal(b1-4)GlcNAc(b1-2)Man(a1-6)[GlcNAc(b1-3)Gal(b1-4)GlcNAc(b1-3)Gal(b1-4)GlcNAc(b1-2)Man(a1-3)]Man(b1-4)GlcNAc(b1-4)GlcNAc(b1-Sp25,3.0322308161646543,64.13508364449332,374.3650586771906,226.33304898097447,2945.2945330623706
Gal(b1-4)GlcNAc(b1-3)Gal(b1-4)GlcNAc(b1-3)Gal(b1-4)GlcNAc(b1-2)Man(a1-6)[Gal(b1-4)GlcNAc(b1-3)Gal(b1-4)GlcNAc(b1-3)Gal(b1-4)GlcNAc(b1-2)Man(a1-3)]Man(b1-4)GlcNAc(b1-4)GlcNAc(b1-Sp12,14.850251747445162,28.732619556815127,77.63482152127274,234.39146278194332,315.7914320208955
Gal(b1-4)GlcNAc(b1-3)Gal(b1-4)GlcNAc(b1-3)Gal(b1-4)GlcNAc(b1-2)Man(a1-6)[Gal(b1-4)GlcNAc(b1-3)Gal(b1-4)GlcNAc(b1-3)Gal(b1-4)GlcNAc(b1-2)Man(a1-3)]Man(b1-4)GlcNAc(b1-4)GlcNAc(b1-Sp24,12.718292182620688,109.73877114652805,189.90303579586742,1172.3786431439255,2570.959099925085
GlcNAc(b1-3)Gal(b1-4)GlcNAc(b1-3)Gal(b1-4)GlcNAc(b1-3)Gal(b1-4)GlcNAc(b1-2)Man(a1-6)[GlcNAc(b1-3)Gal(b1-4)GlcNAc(b1-3)Gal(b1-4)GlcNAc(b1-3)Gal(b1-4)GlcNAc(b1-2)Man(a1-3)]Man(b1-4)GlcNAc(b1-4)GlcNAc(b1-Sp25,7.9568147230325055,69.36768523880218,169.48315908767694,235.70381375154116,1404.0005363205387
Gal(b1-4)GlcNAc(b1-3)Gal(b1-4)GlcNAc(b1-3)Gal(b1-4)GlcNAc(b1-3)Gal(b1-4)GlcNAc(b1-2)Man(a1-6)[Gal(b1-4)GlcNAc(b1-3)Gal(b1-4)GlcNAc(b1-3)Gal(b1-4)GlcNAc(b1-3)Gal(b1-4)GlcNAc(b1-2)Man(a1-3)]Man(b1-4)GlcNAc(b1-4)GlcNAc(b1-Sp25,11.57376208308409,173.27812227553193,256.14973846433116,579.7621429007747,3572.675637739096
Gal(b1-3)GlcNAc(b1-3)Gal(b1-4)GlcNAc(b1-2)Man(a1-6)[Gal(b1-3)GlcNAc(b1-3)Gal(b1-4)GlcNAc(b1-2)Man(a1-3)]Man(b1-4)GlcNAc(b1-4)GlcNAc(a1-Sp25,5.8936770250695965,34.46221465986311,75.65221431689561,320.4779500951335,1091.7721401293613
Neu5Gc(a2-8)Neu5Gc(a2-3)Gal(b1-4)GlcNAc(a1-Sp0,3.1755841482316223,5.1046372009510455,5.298188016356793,8.371731230108066,32.253895111688955
Neu5Ac(a2-8)Neu5Gc(a2-3)Gal(b1-4)GlcNAc(a1-Sp0,10.461839141175581,6.637901882121088,5.031473174843196,9.196753098195394,1.7644437997567248
Neu5Gc(a2-8)Neu5Ac(a2-3)Gal(b1-4)GlcNAc(a1-Sp0,3.0499099030408634,5.3532284950298425,5.2971182520939335,9.593075118021341,7.531447605208451
Neu5Gc(a2-8)Neu5Gc(a2-3)Gal(b1-4)GlcNAc(b1-3)Gal(b1-4)GlcNAc(a1-Sp0,14.386104801624846,6.53709801389987,16.17503641569849,22.789877315744015,27.905293523033706
Neu5Gc(a2-8)Neu5Gc(a2-6)Gal(b1-4)GlcNAc(a1-Sp0,5.646817396846923,5.282530411333815,8.455299388154941,3.129994915198217,10.35037385492266
Neu5Ac(a2-8)Neu5Ac(a2-3)Gal(b1-4)GlcNAc(a1-Sp0,14.127491184064965,5.5880411126500045,9.039525917694279,6.250371266572879,2.8774897966804462
GlcNAc(b1-3)Gal(b1-4)GlcNAc(b1-6)[GlcNAc(b1-3)Gal(b1-4)GlcNAc(b1-2)]Man(a1-6)[GlcNAc(b1-3)Gal(b1-4)GlcNAc(b1-2)]Man(a1-3)]Man(b1-4)GlcNAc(b1-4)GlcNAc(a1-Sp24,5.001761189154622,13.908498932996498,28.09126941370369,340.0209361296126,602.572285674529
Gal(b1-4)GlcNAc(b1-3)Gal(b1-4)GlcNAc(b1-6)[Gal(b1-4)GlcNAc(b1-3)Gal(b1-4)GlcNAc(b1-2)]Man(a1-6)[Gal(b1-4)GlcNAc(b1-3)Gal(b1-4)GlcNAc(b1-2)Man(a1-3)]Man(a1-4)GlcNAc(b1-4)GlcNAc(a1-Sp24,16.844553874076535,14.135943171928632,80.97486796956919,166.51897556887582,780.3161438368901
Gal(a1-3)Gal(b1-4)GlcNAc(b1-2)Man(a1-6)[Gal(a1-3)Gal(b1-4)GlcNAc(b1-2)Man(a1-3)]Man(b1-4)GlcNAc(b1-4)GlcNAc(a1-Sp24,7.509043340088892,10.08794794032268,76.12238787012642,156.14101701834798,974.8752455772908
GlcNAc(b1-3)Gal(b1-4)GlcNAc(b1-6)[GlcNAc(b1-3)Gal(b1-3)]GalNAc(a1-Sp14,8.67837003373906,7.537492077773616,14.062137739896922,10.116360588134805,5.452037128985298
GalNAc(b1-3)GlcNAc(b1-Sp0 ,6.847740620331157,6.811827661257051,5.699626845095506,2.7761431267137406,5.460014594226529
GalNAc(b1-4)GlcNAc(b1-3)GalNAc(b1-4)GlcNAc(b1-Sp0 ,14.544993376502433,35.20380789700392,137.73893510118708,197.5877318056349,1582.5618333598875
GlcNAc(b1-3)Gal(b1-4)GlcNAc(b1-3)Gal(b1-4)GlcNAc(b1-3)Gal(b1-4)GlcNAc(b1-3)Gal(b1-4)GlcNAc(b1-2)Man(a1-6)[GlcNAc(b1-3)Gal(b1-4)GlcNAc(b1-3)Gal(b1-4)GlcNAc(b1-3)Gal(b1-4)GlcNAc(b1-3)Gal(b1-4)GlcNAc(b1-2)Man(a1-3)]Man(b1-4)GlcNAc(b1-4)GlcNAc(b1-Sp25,14.55688772425865,167.08128903803174,434.2000297336318,847.0115230946675,3762.591359061962
Gal(b1-4)GlcNAc(b1-3)Gal(b1-4)GlcNAc(b1-3)Gal(b1-4)GlcNAc(b1-3)Gal(b1-4)GlcNAc(b1-3)Gal(b1-4)GlcNAc(b1-2)Man(a1-6)[Gal(b1-4)GlcNAc(b1-3)Gal(b1-4)GlcNAc(b1-3)Gal(b1-4)GlcNAc(b1-3)Gal(b1-4)GlcNAc(b1-3)Gal(b1-4)GlcNAc(b1-2)Man(a1-3)]Man(b1-4)GlcNAc(b1-4)GlcNAc(b1-Sp25,26.44735824115227,45.566170518444956,251.9052425959172,923.1021364265573,2320.6242288933827
GlcNA(b1-3)Gal(b1-3)GalNAc(a1-Sp14,5.4992373237113545,3.954074251958352,10.069948880828543,14.350858323459265,10.488198132941314
Gal(b1-3)GlcNAc(b1-6)[Gal(b1-3)]GalNAc(a1-Sp14,5.317123025032725,6.65225378117572,10.54392852482729,18.676134529460327,18.220752607306487
Gal(b1-4)GlcNAc(b1-3)Gal(b1-4)GlcNAc(b1-3)Gal(b1-4)GlcNAc(b1-3)Gal(b1-4)GlcNAc(b1-3)Gal(b1-4)GlcNAc(b1-3)Gal(b1-4)GlcNAc(b1-2)Man(a1-6)[Gal(b1-4)GlcNAc(b1-3)Gal(b1-4)GlcNAc(b1-3)Gal(b1-4)GlcNAc(b1-3)Gal(b1-4)GlcNAc(b1-3)Gal(b1-4)GlcNAc(b1-3)Gal(b1-4)GlcNAc(b1-2)Man(a1-3)]Man(b1-4)GlcNAc(b1-4)GlcNAc(b1-Sp25,21.38299928890223,96.9582624828912,141.54169349676926,1567.4869628905954,2149.135893649805
(3S)GlcA(b1-3)Gal(b1-4)GlcNAc(b1-3)Gal(b1-4)Glc(a1-Sp0,5.987813675221244,11.984801283430992,50.27730501429036,189.9025971890564,242.35506993855563
(3S)GlcA(b1-3)Gal(b1-4)GlcNAc(b1-2)Man(a1-Sp0,3.0811394905131984,5.942516616930895,7.801431288498713,14.518339636358993,80.08628498448847
Gal(b1-3)GlcNAc(b1-3)Gal(b1-4)GlcNAc(b1-3)Gal(b1-4)GlcNAc(b1-6)[Gal(b1-3)GlcNAc(b1-3)Gal(b1-4)GlcNAc(b1-3)Gal(b1-4)GlcNA(b1-2)]Man(a1-6)[Gal(b1-3)GlcNAc(b1-3)Gal(b1-4)GlcNAc(b1-3)Gal(b1-4)GlcNAc(b1-2)Man(a1-3)]Man(b1-4)GlcNAc(b1-4)[Fuc(a1-6)]GlcNAc(b1-Sp24,5.951308540354796,65.40329066688098,217.5707189699186,831.2722456238591,2353.139604339418
Gal(b1-3)GlcNAc(b1-3)Gal(b1-4)GlcNAc(b1-6)[Gal(b1-3)GlcNAc(b1-3)Gal(b1-4)GlcNA(b1-2)]Man(a1-6)[Gal(b1-3)GlcNAc(b1-3)Gal(b1-4)GlcNAc(b1-2)Man(a1-3)]Man(b1-4)GlcNAc(b1-4)[Fuc(a1-6)]GlcNAc(b1-Sp24,12.00548709493568,42.16181587827261,47.920016203696186,239.88508036458649,673.751448656601
Neu5Ac(a2-8)Neu5Ac(a2-3)Gal(b1-3)GalNAc(b1-4)[Neu5Ac(a2-3)]Gal(b1-4)Glc(a1-Sp21,10.431066617041932,17.13243453363142,6.845346376127843,16.620893051894054,5.7652338393598415
GlcNAc(b1-3)Gal(b1-4)GlcNAc(b1-2)Man(a1-6)[GlcNAc(b1-3)Gal(b1-4)GlcNAc(b1-2)Man(a1-3)]Man(b1-4)GlcNAc(b1-4)[Fuc(a1-6)]GlcNAc(b1-Sp24,9.149372064200161,5.053382221426127,41.230252367436854,232.7367061365296,839.8112674543663
Gal(b1-4)GlcNAc(b1-3)Gal(b1-4)GlcNAc(b1-2)Man(a1-6)[Gal(b1-4)GlcNAc(b1-3)Gal(b1-4)GlcNAc(b1-2)Man(a1-3)]Man(b1-4)GlcNAc(b1-4)[Fuc(a1-6)]GlcNAc(b1-Sp24,3.985704629045829,44.56378783822122,219.69060605107654,628.5917295421802,1986.3389340107008
GlcNAc(b1-3)Gal(b1-4)GlcNAc(b1-3)Gal(b1-4)GlcNAc(b1-2)Man(a1-6)[GlcNAc(b1-3)Gal(b1-4)GlcNAc(b1-3)Gal(b1-4)GlcNAc(b1-2)Man(a1-3)]Man(b1-4)GlcNAc(b1-4)[Fuc(a1-6)]GlcNAc(b1-Sp24,6.512470463848578,82.30448784913825,266.3071267959545,535.4357310591087,2214.761841967829
Gal(b1-4)GlcNAc(b1-3)Gal(b1-4)GlcNAc(b1-3)Gal(b1-4)GlcNAc(b1-2)Man(a1-6)[Gal(b1-4)GlcNAc(b1-3)Gal(b1-4)GlcNAc(b1-3)Gal(b1-4)GlcNAc(b1-2)Man(a1-3)]Man(b1-4)GlcNAc(b1-4)[Fuc(a1-6)]GlcNAc(b1-Sp24,10.063801176824981,73.22287389913771,237.43832158470317,1302.3821505879926,2810.8448173067018
GlcNAc(b1-3)Gal(b1-4)GlcNAc(b1-3)Gal(b1-4)GlcNAc(b1-3)Gal(b1-4)GlcNAc(b1-2)Man(a1-6)[GlcNAc(b1-3)Gal(b1-4)GlcNAc(b1-3)Gal(b1-4)GlcNAc(b1-3)Gal(b1-4)GlcNAc(b1-2)Man(a1-3)]Man(b1-4)GlcNAc(b1-4)[Fuc(a1-6)]GlcNAc(b1-Sp24,7.552393003710551,108.40575256978492,215.19492486684368,233.0385687419557,1496.613019418859
Gal(b1-4)GlcNAc(b1-3)Gal(b1-4)GlcNAc(b1-3)Gal(b1-4)GlcNAc(b1-3)Gal(b1-4)GlcNAc(b1-2)Man(a1-6)[Gal(b1-4)GlcNAc(b1-3)Gal(b1-4)GlcNAc(b1-3)Gal(b1-4)GlcNAc(b1-3)Gal(b1-4)GlcNAc(b1-2)Man(a1-3)]Man(b1-4)GlcNAc(b1-4)[Fuc(a1-6)]GlcNAc(b1-Sp24,17.29873806021216,154.44423315216724,392.45965759806114,1995.868267316716,2711.953075405397
GlcNAc(b1-3)Gal(b1-4)GlcNAc(b1-3)Gal(b1-4)GlcNAc(b1-3)Gal(b1-4)GlcNAc(b1-3)Gal(b1-4)GlcNAc(b1-2)Man(a1-6)[GlcNAc(b1-3)Gal(b1-4)GlcNAc(b1-3)Gal(b1-4)GlcNAc(b1-3)Gal(b1-4)GlcNAc(b1-3)Gal(b1-4)GlcNAc(b1-2)Man(a1-3)]Man(b1-4)GlcNAc(b1-4)[Fuc(a1-6)]GlcNAc(b1-Sp19,29.65631521171611,127.5377345520815,239.2167053712664,419.67263976926847,1998.7866912266115
Gal(b1-4)GlcNAc(b1-3)Gal(b1-4)GlcNAc(b1-3)Gal(b1-4)GlcNAc(b1-3)Gal(b1-4)GlcNAc(b1-3)Gal(b1-4)GlcNAc(b1-2)Man(a1-6)[Gal(b1-4)GlcNAc(b1-3)Gal(b1-4)GlcNAc(b1-3)Gal(b1-4)GlcNAc(b1-3)Gal(b1-4)GlcNAc(b1-3)Gal(b1-4)GlcNAc(b1-2)Man(a1-3)]Man(b1-4)GlcNAc(b1-4)[Fuc(a1-6)]GlcNAc(b1-Sp19,16.920170042191693,217.5977065113499,268.03516753394365,801.1984907874838,4175.481266605287
Gal(b1-4)GlcNAc(b1-3)Gal(b1-4)GlcNAc(b1-6)[Gal(b1-4)GlcNAc(b1-3)Gal(b1-4)GlcNA(b1-2)]Man(a1-6)[Gal(b1-4)GlcNAc(b1-3)Gal(b1-4)GlcNAc(b1-2)Man(a1-3)]Man(b1-4)GlcNAc(b1-4)[Fuc(a1-6)]GlcNAc(b1-Sp24,4.001108393412259,75.99866112465536,139.31874644852792,1243.8792057060173,1833.0961471702828
GlcNAc(b1-3)Gal(b1-4)GlcNAc(b1-3)Gal(b1-4)GlcNAc(b1-6)[GlcNAc(b1-3)Gal(b1-4)GlcNAc(b1-3)Gal(b1-4)GlcNA(b1-2)]Man(a1-6)[GlcNAc(b1-3)Gal(b1-4)GlcNAc(b1-3)Gal(b1-4)GlcNAc(b1-2)Man(a1-3)]Man(b1-4)GlcNAc(b1-4)[Fuc(a1-6)]GlcNAc(b1-Sp24,8.210635376296981,113.00078129671866,87.23289518929742,1056.452334204022,1962.1836009307588
Gal(b1-4)GlcNAc(b1-3)Gal(b1-4)GlcNAc(b1-3)Gal(b1-4)GlcNAc(b1-6)[Gal(b1-4)GlcNAc(b1-3)Gal(b1-4)GlcNAc(b1-3)Gal(b1-4)GlcNA(b1-2)]Man(a1-6)[Gal(b1-4)GlcNAc(b1-3)Gal(b1-4)GlcNAc(b1-3)Gal(b1-4)GlcNAc(b1-2)Man(a1-3)]Man(b1-4)GlcNAc(b1-4)[Fuc(a1-6)]GlcNAc(b1-Sp24,7.857232114852246,70.9407457543707,194.95556572595885,1106.3142043106814,2760.854769871743
GlcNAc(b1-3)Gal(b1-4)GlcNAc(b1-3)Gal(b1-4)GlcNAc(b1-3)Gal(b1-4)GlcNAc(b1-6)[GlcNAc(b1-3)Gal(b1-4)GlcNAc(b1-3)Gal(b1-4)GlcNAc(b1-3)Gal(b1-4)GlcNA(b1-2)]Man(a1-6)[GlcNAc(b1-3)Gal(b1-4)GlcNAc(b1-3)Gal(b1-4)GlcNAc(b1-3)Gal(b1-4)GlcNAc(b1-2)Man(a1-3)]Man(b1-4)GlcNAc(b1-4)[Fuc(a1-6)]GlcNAc(b1-Sp24,4.579010001081119,44.275821314597415,98.86037448794563,348.78186808331606,1388.0961707061356
Gal(b1-4)GlcNAc(b1-3)Gal(b1-4)GlcNAc(b1-3)Gal(b1-4)GlcNAc(b1-3)Gal(b1-4)GlcNAc(b1-6)[Gal(b1-4)GlcNAc(b1-3)Gal(b1-4)GlcNAc(b1-3)Gal(b1-4)GlcNAc(b1-3)Gal(b1-4)GlcNA(b1-2)]Man(a1-6)[Gal(b1-4)GlcNAc(b1-3)Gal(b1-4)GlcNAc(b1-3)Gal(b1-4)GlcNAc(b1-3)Gal(b1-4)GlcNAc(b1-2)Man(a1-3)]Man(b1-4)GlcNAc(b1-4)[Fuc(a1-6)]GlcNAc(b1-Sp24,6.423038846930115,94.59102927544848,293.91544087964667,1162.262017654852,1988.9802079668825
GlcNAc(b1-3)Gal(b1-4)GlcNAc(b1-3)Gal(b1-4)GlcNAc(b1-3)Gal(b1-4)GlcNAc(b1-3)Gal(b1-4)GlcNAc(b1-6)[GlcNAc(b1-3)Gal(b1-4)GlcNAc(b1-3)Gal(b1-4)GlcNAc(b1-3)Gal(b1-4)GlcNAc(b1-3)Gal(b1-4)GlcNA(b1-2)]Man(a1-6)[GlcNAc(b1-3)Gal(b1-4)GlcNAc(b1-3)Gal(b1-4)GlcNAc(b1-3)Gal(b1-4)GlcNAc(b1-3)Gal(b1-4)GlcNAc(b1-2)Man(a1-3)]Man(b1-4)GlcNAc(b1-4)[Fuc(a1-6)]GlcNAc(b1-Sp24,6.491408963391532,190.93411993674908,58.63927404726371,170.61235375425224,1877.4020572523914
Gal(b1-4)GlcNAc(b1-3)Gal(b1-4)GlcNAc(b1-3)Gal(b1-4)GlcNAc(b1-3)Gal(b1-4)GlcNAc(b1-3)Gal(b1-4)GlcNAc(b1-6)[Gal(b1-4)GlcNAc(b1-3)Gal(b1-4)GlcNAc(b1-3)Gal(b1-4)GlcNAc(b1-3)Gal(b1-4)GlcNAc(b1-3)Gal(b1-4)GlcNA(b1-2)]Man(a1-6)[Gal(b1-4)GlcNAc(b1-3)Gal(b1-4)GlcNAc(b1-3)Gal(b1-4)GlcNAc(b1-3)Gal(b1-4)GlcNAc(b1-3)Gal(b1-4)GlcNAc(b1-2)Man(a1-3)]Man(b1-4)GlcNAc(b1-4)[Fuc(a1-6)]GlcNAc(b1-Sp24,10.618702884179603,166.15052349226053,357.758227554682,972.5743201972234,3428.889513414789
Gal(b1-4)GlcNAc(b1-3)Gal(b1-4)GlcNAc(b1-3)GalNAc(a1-Sp14,9.854649238811103,19.89939842666939,24.64878487782593,45.40971482318128,104.07297635298694
Gal(b1-4)GlcNAc(b1-3)Gal(b1-4)GlcNAc(b1-6)[Gal(b1-3)]GalNAc(a1-Sp14,7.2431305719626735,12.976066963034846,12.524524824785257,38.26289820269757,57.2720480296406
Gal(b1-4)GlcNAc(b1-3)Gal(b1-4)GlcNAc(b1-6)[Gal(b1-4)GlcNAc(b1-3)Gal(b1-4)GlcNAc(b1-3)]GalNAc(a1-Sp14,2.0480639679142683,2.7336325137071182,3.50895409345828,49.26231286080495,102.22962333910921
Neu5Ac(a2-3)Gal(b1-4)GlcNAc(b1-3)Gal(b1-4)GlcNAc(b1-3)GalNAc(a1-Sp14,5.184198776008366,9.386562092161348,2.4723159136054216,20.938725392678503,9.158498788329481
GlcNAc(b1-3)Gal(b1-4)GlcNAc(b1-3)GalNAc(a1-Sp14,2.208067573505548,10.371486559633926,8.709608942235382,30.235701230718828,25.24655573829123
GlcNAc(b1-3)Gal(b1-4)GlcNAc(b1-6)[Gal(b1-3)]GalNAc(a1-Sp14,6.907519814122857,3.226538715610435,24.82076755152157,32.134514665218994,63.250652703476675
GlcNAc(b1-3)Gal(b1-4)GlcNAc(b1-6)[GlcNAc(b1-3)Gal(b1-4)GlcNAc(b1-3)]GalNAc(a1-Sp14,13.16602235427744,11.709793195014106,8.154316297673285,11.854315150470235,25.480725556958088
Neu5Ac(a2-3)Gal(b1-4)GlcNAc(b1-3)Gal(b1-4)GlcNAc(b1-6)[Neu5Ac(a2-3)Gal(b1-4)GlcNAc(b1-3)Gal(b1-4)GlcNAc(b1-3)]GalNAc(a1-Sp14,18.9753388428244,10.5139942186196,4.2766824068624265,14.329475253796213,36.44340443710581
Neu5Ac(a2-6)Gal(b1-4)GlcNAc(b1-3)Gal(b1-4)GlcNAc(b1-3)GalNAc(a1-Sp14,4.961463182956535,12.976856675218642,10.789144797125044,78.94802439813903,106.67983745211193
GlcNAc(b1-3)Gal(b1-4)GlcNAc(b1-3)Gal(b1-4)GlcNAc(b1-3)GalNAc(a1-Sp14,5.956231336102274,44.826038507871466,67.88083855484314,303.42672002744615,868.9536240045996
Gal(b1-4)GlcNAc(b1-3)Gal(b1-3)GalNAc(a1-Sp14,7.239336489566338,12.760713944890902,13.602104128497931,28.42019180598835,40.16748603817103
Neu5Ac(a2-3)Gal(b1-4)GlcNAc(b1-3)Gal(b1-4)GlcNAc(b1-6)[Gal(b1-3)]GalNAc(a1-Sp14,7.573360744246885,11.481171843500958,3.6878856411906167,8.629443441062596,39.373530788367574
Neu5Ac(a2-6)Gal(b1-4)GlcNAc(b1-3)Gal(b1-4)GlcNAc(b1-6)[Gal(b1-3)]GalNAc(a1-Sp14,4.323464261060413,5.445168038117084,21.164930945079924,80.97066030906916,142.4178785353479
Neu5Ac(a2-6)Gal(b1-4)GlcNAc(b1-6)[Gal(b1-3)]GalNAc(a1-Sp14,4.674414399330327,7.084862196730912,11.70628881538324,9.409805162347027,22.60401108879796
Neu5Ac(a2-3)Gal(b1-4)GlcNAc(b1-3)Gal(b1-4)GlcNAc(b1-2)Man(a1-6)[Neu5Ac(a2-3)Gal(b1-4)GlcNAc(b1-3)Gal(b1-4)GlcNAc(b1-2)Man(a1-3)]Man(b1-4)GlcNAc(b1-4)GlcNAc(b1-Sp12,18.83170510909262,12.651145050251223,14.175480706957705,21.98116041771133,10.407115867319852
GlcNAc(b1-6)[Neu5Ac(a2-3)Gal(b1-3)]GalNAc(a1-Sp14,7.504138543663759,4.526457571876723,6.6988791910164425,6.566674590435157,6.884255503865344
Neu5Ac(a2-6)Gal(b1-4)GlcNAc(b1-3)Gal(b1-4)GlcNAc(b1-6)[Neu5Ac(a2-6)Gal(b1-4)GlcNAc(b1-3)Gal(b1-4)GlcNAc(b1-3)]GalNAc(a1-Sp14,10.043402885600928,3.717110803657064,8.443518243944553,23.683669359496843,24.819101257028976
Neu5Ac(a2-6)Gal(b1-4)GlcNAc(b1-3)Gal(b1-4)GlcNAc(b1-3)Gal(b1-4)GlcNAc(b1-2)Man(a1-6)[Neu5Ac(a2-6)Gal(b1-4)GlcNAc(b1-3)Gal(b1-4)GlcNAc(b1-3)Gal(b1-4)GlcNAc(b1-2)Man(a1-3)]Man(b1-4)GlcNAc(b1-4)GlcNAc(b1-Sp12,4.1411725113990725,7.960992929853504,11.069174548077868,74.28076737453304,132.78793045859177
Neu5Ac(a2-3)Gal(b1-4)GlcNAc(b1-3)Gal(b1-4)GlcNAc(b1-3)Gal(b1-4)GlcNAc(b1-2)Man(a1-6)[Neu5Ac(a2-3)Gal(b1-4)GlcNAc(b1-3)Gal(b1-4)GlcNAc(b1-3)Gal(b1-4)GlcNAc(b1-2)Man(a1-3)]Man(b1-4)GlcNAc(b1-4)GlcNAc(b1-Sp12,15.734812500736616,9.93874325271258,13.78842931361947,5.169859095030299,18.745203658536607
Neu5Ac(a2-6)Gal(b1-4)GlcNAc(b1-3)Gal(b1-4)GlcNAc(b1-2)Man(a1-6)[Neu5Ac(a2-6)Gal(b1-4)GlcNAc(b1-3)Gal(b1-4)GlcNAc(b1-2)Man(a1-3)]Man(b1-4)GlcNAc(b1-4)GlcNAc(b1-Sp12,11.723889922255626,13.054205960627735,17.14520304312643,70.76002550512176,352.9897625279283
GlcNAc(b1-3)Fuc(a1-Sp21,11.076779315607329,13.122293489929008,4.182738747419768,4.422995119731279,6.981126795391513
Gal(b1-3)GalNAc(b1-4)[Neu5Ac(a2-8)Neu5Ac(a2-8)Neu5Ac(a2-3)]Gal(b1-4)Glc(b1-Sp21,4.025572552548687,15.025381039427906,7.150794378715307,1.560201143015425,51.39472023190551
