IUPAC,GNL (0.1ug/ml),GNL (1ug/ml),GNL (10 ug/ml),GNL (100ug/ml)
Gal(a1-Sp8,9.876160963105386,3.3242520968382268,10.780850541082863,5.515217960259292
Glc(a1-Sp8,6.272034344612626,14.511253900651285,23.253610004380683,18.185499795716353
Man(a1-Sp8,8.379676253243122,9.08546264186182,19.364624229829506,27.80776432521443
GalNAc(a1-Sp8,7.784990207872242,13.370768063453449,11.759245823889673,5.8395515994380975
GalNAc(a1-Sp15,27.963828748268714,6.776450269069098,8.940846960392891,12.78558318458724
Fuc(a1-Sp8,4.379390338372832,19.878734728766485,4.9448669008039685,8.47634359182464
Fuc(a1-Sp9,5.2011901102055464,11.473904880495859,6.736307253174148,2.3460490494659325
Rha(a1-Sp8,7.522806431722586,8.488749294752829,8.480090646675501,2.852846755289648
Neu5Ac(a1-Sp8,5.869007564600112,6.87972506639376,11.779160565026126,47.26785214463068
Neu5Ac(a1-Sp11,9.865531682031463,1.4496923420735517,10.173551464459212,3.6005824874826406
Neu5Ac(b1-Sp8,11.373811012145405,5.4309172057612205,3.67640989859672,11.903644563010946
Gal(b1-Sp8,16.227055031335777,6.8221402482407685,11.803714221803244,12.847559371692604
Glc(b1-Sp8,17.661540025528172,9.117245716040923,5.669106892036285,2.2098309428174234
Man(b1-Sp8,3.7080009208691855,5.145417332847421,5.455609146175448,3.078021572780153
GalNAc(b1-Sp8,4.200233826427601,13.050397611407607,10.481067756356376,12.135044255104036
GlcNAc(b1-Sp0,10.150694149457632,6.511184513332938,10.832565053885762,6.8889719055773035
GlcNAc(b1-Sp8,6.776335995703483,9.443702269237416,5.630591708026782,10.59954238414722
GlcN[Gc](b1-Sp8,10.719800704731712,7.351607350040307,16.79960912055198,7.605652554734098
Gal(b1-4)GlcNAc(b1-6)[Gal(b1-4)GlcNAc(b1-3)]GalNAc(a1-Sp8,4.420872599008746,18.85137696075985,6.473237100812348,6.211138603280937
Gal(b1-4)GlcNAc(b1-6)[Gal(b1-4)GlcNAc(b1-3)]GalNAc(a1-Sp14,19.068745825040512,7.156275721060041,19.97104877956672,9.458686800150067
GlcNAc(b1-6)[GlcNAc(b1-4)][GlcNAc(b1-3)]GlcNAc(a1-Sp8,20.348101531510665,7.7606081870774375,6.554630426906872,23.877043998856593
6S(3S)Gal(b1-4)(6S)GlcNAc(b1-Sp0,6.387687173709023,6.1289693997713295,11.584335459396597,12.197170496471706
6S(3S)Gal(b1-4)GlcNAc(b1-Sp0,5.88726843585658,2.18188005322627,3.2861648146687346,9.450187346643805
(3S)Gal(b1-4)[Fuc(a1-3)](6S)Glc(a1-Sp0,2.780063117389012,10.821037604900317,23.39205619385919,12.942912316399276
(3S)Gal(b1-4)Glc(b1-Sp8,13.769667500554734,2.340003201386708,15.776085842396604,3.2199821411254272
(3S)Gal(b1-4)(6S)Glc(b1-Sp0,7.349235427580205,3.6593493542796165,10.462172897475293,5.435227715177471
(3S)Gal(b1-4)(6S)Glc(b1-Sp8,9.21678855856709,5.721934579245612,6.216101357161097,2.5453558808151002
(3S)Gal(b1-3)[Fuc(a1-4)]GlcNAc(b1-Sp8,6.964450122527023,6.860748469615638,13.044159784714635,1.771590179048189
(3S)Gal(b1-3)GalNAc(a1-Sp8,5.981492447541532,8.146557073594547,7.687392400710403,4.622343532145612
(3S)Gal(b1-3)GlcNAc(b1-Sp0,6.8209015274131275,20.36420468949952,6.074053806904137,2.0840958925075133
(3S)Gal(b1-3)GlcNAc(b1-Sp8,9.963435751118519,6.410181227287308,13.987525660030078,6.78175110934976
(3S)Gal(b1-4)[Fuc(a1-3)]GlcNAc(a1-Sp0 ,9.855124185375171,5.437050916550869,5.07344283959785,8.724859928961607
(3S)Gal(b1-4)[Fuc(a1-3)]GlcNAc(a1-Sp8,25.85164645697961,2.310352511883558,4.909646415900708,8.08162315807701
(3S)Gal(b1-4)(6S)GlcNAc(b1-Sp0,5.1497698106323115,3.0487716794363533,2.5253714794395385,3.823923592659772
(3S)Gal(b1-4)(6S)GlcNAc(b1-Sp8,6.259672669490527,10.258645085000257,9.271526820819034,10.092684028005962
(3S)Gal(b1-4)GlcNAc(b1-Sp0,3.409477702302796,9.434265254203245,9.466919095944924,6.620179098974585
(3S)Gal(b1-4)GlcNAc(b1-Sp8,3.087964184269844,3.876174975840661,6.236418165100857,4.100286536633753
(3S)Gal(b1-Sp8,4.850604570222841,7.356948175874282,3.8386076125769013,5.173584406063812
(6S)(4S)Gal(b1-4)GlcNAc(b1-Sp0,8.309687309199226,5.407047446003536,10.10666743372084,14.744497805509234
(4S)Gal(b1-4)GlcNAc(b1-Sp8,5.518221127244419,4.916530550008482,6.176952682013464,4.505828695145876
(6P)Man(a1-Sp8,9.21169025075384,9.911554838840043,10.984565701625767,0.9554650189829054
(6S)Gal(b1-4)Glc(b1-Sp0,7.920420291194568,8.144860544897828,6.585600028028319,3.8019677247446544
(6S)Gal(b1-4)Glc(b1-Sp8,12.96690916072524,9.127843013686203,14.014402064186216,3.7315885253468175
(6S)Gal(b1-4)GlcNAc(b1-Sp8,10.044387276940618,11.539859417796222,22.489421603722935,7.938960179761156
(6S)Gal(b1-4)(6S)Glc(b1-Sp8,6.156835278709887,4.766388171001881,9.867498996664075,4.430817553134711
Neu5Ac(a2-3)(6S)Gal(b1-4)GlcNAc(b1-Sp8,13.275423774121109,12.389379008516393,9.5610381174065,7.847443261927202
(6S)GlcNAc(b1-Sp8,13.48273633775182,5.167246647474209,4.6570023179258415,7.293041069860133
"Neu5,9Ac2(a1-Sp8",10.109241701037718,11.915414389353995,11.789051301525502,1.7683429105144328
"Neu5,9Ac2(a2-6)Gal(b1-4)GlcNAc(b1-Sp8",1.7140852361147756,6.12029234187388,7.161652128989978,1.2476605077103318
Man(a1-6)[Man(a1-3)]Man(b1-4)GlcNAc(b1-4)GlcNAc(b1-Sp12,88.95674116971546,251.6893926068205,473.19479784485395,357.3189906316532
Man(a1-6)[Man(a1-3)]Man(b1-4)GlcNAc(b1-4)GlcNAc(b1-Sp13,77.91432399230777,285.7361862280064,1848.407614459032,2981.60756346906
GlcNAc(b1-2)Man(a1-6)[GlcNAc(b1-2)Man(a1-3)]Man(b1-4)GlcNAc(b1-4)GlcNAc(b1-Sp12,4.506473811825237,6.8943304699707175,25.888350606273345,18.526241384767648
GlcNAc(b1-2)Man(a1-6)[GlcNAc(b1-2)Man(a1-3)]Man(b1-4)GlcNAc(b1-4)GlcNAc(b1-Sp13,4.880753924258699,19.53980377835629,109.8755292585961,28.04132531367425
Gal(b1-4)GlcNAc(b1-2)Man(a1-6)[Gal(b1-4)GlcNAc(b1-2)Man(a1-3)]Man(b1-4)GlcNAc(b1-4)GlcNAc(b1-Sp12,15.103504237427812,5.949719427838591,3.524372498284865,46.238140470575296
Neu5Ac(a2-6)Gal(b1-4)GlcNAc(b1-2)Man(a1-6)[Neu5Ac(a2-6)Gal(b1-4)GlcNAc(b1-2)Man(a1-3)]Man(b1-4)GlcNAc(b1-4)GlcNAc(b1-Sp12,9.190280196082163,4.536620764677159,5.089198071323877,5.3520091170668485
Neu5Ac(a2-6)Gal(b1-4)GlcNAc(b1-2)Man(a1-6)[Neu5Ac(a2-6)Gal(b1-4)GlcNAc(b1-2)Man(a1-3)]Man(b1-4)GlcNAc(b1-4)GlcNAc(b1-Sp13,3.1384632131028747,4.457510191052102,6.158483480533175,13.675677748713833
Neu5Ac(a2-6)Gal(b1-4)GlcNAc(b1-2)Man(a1-6)[Neu5Ac(a2-6)Gal(b1-4)GlcNAc(b1-2)M(an-a)(a1-3)]Man(b1-4)GlcNAc(b1-4)GlcNAc(b1-Sp21,5.7029724813030676,7.14162316161389,2.5994473699551364,11.598295722217125
Neu5Ac(a2-6)Gal(b1-4)GlcNAc(b1-2)Man(a1-6)[Neu5Ac(a2-6)Gal(b1-4)GlcNAc(b1-2)Man(a1-3)]Man(b1-4)GlcNAc(b1-4)GlcNAc(b1-Sp24,7.63141567791761,4.6750274972453365,7.919749843850293,2.1605907594914937
Fuc(a1-2)Gal(b1-3)GalNAc(b1-3)Gal(a1-Sp9,11.345042609402876,7.493395730630633,9.38978253684112,5.439040447235764
Fuc(a1-2)Gal(b1-3)GalNAc(b1-3)Gal(a1-4)Gal(b1-4)Glc(b1-Sp9,7.373948134253903,23.41950860719541,4.458162407221912,8.475139976572661
Fuc(a1-2)Gal(b1-3)[Fuc(a1-4)]GlcNAc(b1-Sp8,2.8578072274327178,6.077655440148499,8.849612699999927,7.228945986795032
Fuc(a1-2)Gal(b1-3)GalNAc(a1-Sp8,5.024467220429117,1.9899075679957243,4.406791103418298,5.9325440414153965
Fuc(a1-2)Gal(b1-3)GalNAc(a1-Sp14,22.618459972534968,7.176729975123303,4.175677348945932,4.646015460137141
Fuc(a1-2)Gal(b1-3)GalNAc(b1-4)[Neu5Ac(a2-3)]Gal(b1-4)Glc(b1-Sp0,15.402842535281165,11.58839803208364,23.518923186659713,15.199352433875813
Fuc(a1-2)Gal(b1-3)GalNAc(b1-4)[Neu5Ac(a2-3)]Gal(b1-4)Glc(b1-Sp9,8.932873357809715,8.093720489778896,4.127622592869488,19.940626828558656
Fuc(a1-2)Gal(b1-3)GlcNAc(b1-3)Gal(b1-4)Glc(b1-Sp8,20.644831046454872,10.073801245599071,13.408439724137684,8.758365351432111
Fuc(a1-2)Gal(b1-3)GlcNAc(b1-3)Gal(b1-4)Glc(b1-Sp10,12.324521134306258,9.008957860744305,4.548328027968074,5.607750496336927
Fuc(a1-2)Gal(b1-3)GlcNAc(b1-Sp0,6.3000902678056985,4.003581537719287,8.470784058554834,3.164480653019284
Fuc(a1-2)Gal(b1-3)GlcNAc(b1-Sp8,4.729690097670247,8.150581015894915,6.054997826795652,18.435594046843192
Fuc(a1-2)Gal(b1-4)[Fuc(a1-3)]GlcNAc(b1-3)Gal(b1-4)[Fuc(a1-3)]GlcNAc(b1-Sp0,9.699898423866793,4.123184681266818,4.858134440983156,6.103799188142309
Fuc(a1-2)Gal(b1-4)[Fuc(a1-3)]GlcNAc(b1-3)Gal(b1-4)[Fuc(a1-3)]GlcNAc(b1-3)Gal(b1-4)[Fuc(a1-3)]GlcNAc(b1-Sp0,2.5716493760490144,5.988361959876842,40.3344584595996,16.35445410550798
Fuc(a1-2)Gal(b1-4)[Fuc(a1-3)]GlcNAc(b1-Sp0,6.440478059637092,9.295359080566318,9.10607429297427,2.4127304717200984
Fuc(a1-2)Gal(b1-4)[Fuc(a1-3)]GlcNAc(b1-Sp8,4.575411868163706,18.39391990004216,5.6074100625125185,6.659384050283236
Fuc(a1-2)Gal(b1-4)GlcNAc(b1-3)Gal(b1-4)GlcNAc(b1-Sp0,4.5852670335724905,11.185091571820054,11.034253981730409,4.293204030402778
Fuc(a1-2)Gal(b1-4)GlcNAc(b1-3)Gal(b1-4)GlcNAc(b1-3)Gal(b1-4)GlcNAc(b1-Sp0,6.328513737771822,5.737015085100148,8.803409410374295,16.403646209786206
Fuc(a1-2)Gal(b1-4)GlcNAc(b1-Sp0,8.127817076507483,3.8149879164290814,11.841452700682465,4.2621642202055
Fuc(a1-2)Gal(b1-4)GlcNAc(b1-Sp8,2.4151181068428142,13.672798039020153,2.6465841675324238,6.32244728428004
Fuc(a1-2)Gal(b1-4)Glc(b1-Sp0,7.2954719360139135,8.373068102503805,3.948537805736872,4.239397183955913
Fuc(a1-2)Gal(b1-Sp8,9.35827548122516,7.2215903033311655,5.257694392269297,20.23985147530733
Fuc(a1-3)GlcNAc(b1-Sp8,1.8724915745248951,7.900334861837609,7.668336305168588,3.761852288766799
Fuc(a1-4)GlcNAc(b1-Sp8,6.0826769090590345,5.031710666281072,7.5932940925968815,2.7867123968037997
Fuc(b1-3)GlcNAc(b1-Sp8,14.360066469292546,6.543849287435237,6.795241190409161,5.36764562975861
GalNAc(a1-3)[Fuc(a1-2)]Gal(b1-3)GlcNAc(b1-Sp0,11.053811516508684,6.985778000277906,15.109618724176993,1.096527067229381
GalNAc(a1-3)[Fuc(a1-2)]Gal(b1-4)[Fuc(a1-3)]GlcNAc(b1-Sp0,6.0202655115174615,5.1665087872921225,10.760930470417808,9.069060706416435
(3S)Gal(b1-4)[Fuc(a1-3)]Glc(b1-Sp0,10.329457395357226,6.085554178818335,8.856294482833476,4.55951004997613
GalNAc(a1-3)[Fuc(a1-2)]Gal(b1-4)GlcNAc(b1-Sp0,3.22837989748728,6.904440851787591,2.086105793697893,2.780238776766004
GalNAc(a1-3)[Fuc(a1-2)]Gal(b1-4)GlcNAc(b1-Sp8,6.0112035622383235,5.2308639483995965,10.196210125172334,2.7773158330781658
GalNAc(a1-3)[Fuc(a1-2)]Gal(b1-4)Glc(b1-Sp0,6.277982857773668,5.637017856026956,8.002040041139509,5.509450570534841
GlcNAc(b1-3)Gal(b1-3)GalNAc(a1-Sp8,6.665413815298089,8.753054644713089,5.343679008807194,2.581344322893271
GalNAc(a1-3)[Fuc(a1-2)]Gal(b1-Sp8,6.61105240084106,2.212559723299393,10.986188078787837,9.022510891468439
GalNAc(a1-3)[Fuc(a1-2)]Gal(b1-Sp18,16.602177444213947,7.582096425736532,10.919807612278094,4.328824999157768
GalNAc(a1-3)GalNAc(b1-Sp8,12.802174686877752,17.914306981920898,4.18752776259453,3.709099111644228
GalNAc(a1-3)Gal(b1-Sp8,5.153708294923828,10.47086063236924,6.795001603139376,12.11136744753319
GalNAc(a1-4)[Fuc(a1-2)]Gal(b1-4)GlcNAc(b1-Sp8,8.824269496300152,3.848767280896576,5.291221571858428,4.806568127312879
GalNAc(b1-3)GalNAc(a1-Sp8,11.987539654539905,1.8586972595073032,1.3767480485428938,13.817535034965534
GalNAc(b1-3)[Fuc(a1-2)]Gal(b1-Sp8,28.68904497334305,17.97608518374714,5.76561558458129,10.526498956443204
GalNAc(b1-3)Gal(a1-4)Gal(b1-4)GlcNAc(b1-Sp0,10.05948316846679,6.088169331512287,8.630743354234719,12.888761125104306
GalNAc(b1-4)[Fuc(a1-3)]GlcNAc(b1-Sp0,16.006090451033547,194.11576850119403,13.663642788314785,16.938567434974157
GalNAc(b1-4)GlcNAc(b1-Sp0,5.932368061954692,7.399337575024308,10.358324122495237,29.05934776813077
GalNAc(b1-4)GlcNAc(b1-Sp8,33.627639416904266,7.5768731151665225,8.803314374522056,15.626475920133155
Gal(a1-2)Gal(b1-Sp8,4.952251627542761,7.257992876075772,4.8358225449934205,9.565430074666443
Gal(a1-3)[Fuc(a1-2)]Gal(b1-3)GlcNAc(b1-Sp0,6.874381058442043,13.489205226649446,4.204667222959906,2.818216255453096
Gal(a1-3)[Fuc(a1-2)]Gal(b1-3)GlcNAc(b1-Sp8,2.9497564988486795,25.05980121926681,3.887875926518209,6.679614188646426
Gal(a1-3)[Fuc(a1-2)]Gal(b1-4)[Fuc(a1-3)]GlcNAc(b1-Sp0,9.871836620913053,6.953911527274895,9.219704760773718,4.0402389657048765
Gal(a1-3)[Fuc(a1-2)]Gal(b1-4)[Fuc(a1-3)]GlcNAc(b1-Sp8,11.228581753869603,10.012456275518346,5.713001873723365,13.685129947105573
Gal(a1-3)[Fuc(a1-2)]Gal(b1-4)GlcNAc(a1-Sp0,8.45840431183684,16.279181402638162,7.662104191843565,4.918193721530293
Gal(a1-3)[Fuc(a1-2)]Gal(b1-4)Glc(b1-Sp0,5.880179499527768,5.9089171785108,7.010328495096835,13.810199619725509
Gal(a1-3)[Fuc(a1-2)]Gal(b1-Sp8,13.541311000170307,2.4861480424879505,18.67975931400527,6.106578084055476
Gal(a1-3)[Fuc(a1-2)]Gal(b1-Sp18,9.230084443456263,4.431415073088949,2.0245805020217404,12.821737652225616
Gal(a1-4)[Gal(a1-3)]Gal(b1-4)GlcNAc(b1-Sp8,42.594060812473224,32.585203602197545,17.550214641137586,14.530855617243144
Gal(a1-3)GalNAc(a1-Sp8,12.973610564366155,9.848043200343572,18.717944858588687,11.081382979085536
Gal(a1-3)GalNAc(a1-Sp16,4.572902510805724,10.220254749719624,5.558312448036723,3.6378672473259233
Gal(a1-3)GalNAc(b1-Sp8,4.196675581437449,6.803030805212238,4.698197546932217,13.208498575128312
Gal(a1-3)Gal(b1-4)[Fuc(a1-3)]GlcNAc(b1-Sp8,9.13868944921353,1.7387754810018778,10.066339868591763,5.2140594099031885
Gal(a1-3)Gal(b1-3)GlcNAc(b1-Sp0,8.186585883830535,9.787404785530905,8.379694980526835,14.038143452038096
Gal(a1-3)Gal(b1-4)GlcNAc(b1-Sp8,7.1412397823603895,3.297614766640678,5.9966470633596565,12.559927083917866
Gal(a1-3)Gal(b1-4)Glc(b1-Sp0,4.856945344812937,5.007702994720568,4.469785702916863,9.770561116733953
Gal(a1-3)Gal(b1-4)Glc(a1-Sp10,7.5432839782595185,5.2541000132436215,3.659108008335725,8.295502683181214
Gal(a1-3)Gal(b1-Sp8,12.825032788911955,5.754247547681628,8.855345629006619,6.780450455721956
Gal(a1-4)[Fuc(a1-2)]Gal(b1-4)GlcNAc(b1-Sp8,30.37986885064652,5.468914920408494,12.182270578283005,32.36035499506559
Gal(a1-4)Gal(b1-4)GlcNAc(b1-Sp0,5.020201359175415,4.58750172706598,10.390934390250957,16.109889898315053
Gal(a1-4)Gal(b1-4)GlcNAc(b1-Sp8,5.677492594740522,11.23583353694776,14.166598018667033,2.087850635422303
Gal(a1-4)Gal(b1-4)Glc(b1-Sp0,6.307443113761178,4.027047611981591,4.799850366070444,9.671381295476882
Gal(a1-4)GlcNAc(b1-Sp8,1.6105812871444882,8.901352739284444,1.8393833205724144,8.101341958126442
Gal(a1-6)Glc(b1-Sp8,2.769124473397081,4.862498458868638,5.204051799239382,3.3457241651347585
Gal(b1-2)Gal(b1-Sp8,31.59428795156913,5.691860940852302,23.82334298685151,3.3495795756084648
Gal(b1-3)[Fuc(a1-4)]GlcNAc(b1-3)Gal(b1-4)[Fuc(a1-3)]GlcNAc(b1-Sp0,7.833030109468068,7.410537448345657,4.453177904504454,10.18961799807366
Gal(b1-3)[Fuc(a1-4)]GlcNAc(b1-3)Gal(b1-4)GlcNAc(b1-Sp0,8.219278074543206,4.269419316487901,3.3301017635852124,1.9765646483651007
Gal(b1-3)[Fuc(a1-4)]GlcNAc(a1-Sp0,4.594012338903755,4.094196267482385,9.583732878294343,3.697318156898774
Gal(b1-3)[Fuc(a1-4)]GlcNAc(a1-Sp8 ,2.512854855869444,1.9227947316341385,7.951166650823419,2.187278483069775
Fuc(a1-4)[Gal(b1-3)]GlcNAc(b1-Sp8,6.389162195663843,3.40446882335066,11.831172364844775,16.399141106879142
Gal(b1-4)GlcNAc(b1-6)GalNAc(a1-Sp8,4.2351072339827915,6.0359577812196985,5.8453694838307735,6.490336168489275
Gal(b1-4)GlcNAc(b1-6)GalNAc(a1-Sp14,12.532663124944104,29.35110115288125,2.9888730819491203,11.14385001050654
GlcNAc(b1-6)[Gal(b1-3)]GalNAc(a1-Sp8,3.0667268794813345,8.883647645158678,6.290198196135551,5.112692637935514
GlcNAc(b1-6)[Gal(b1-3)]GalNAc(a1-Sp14,5.155675831789658,5.526183009998853,6.195546173058518,2.090334519281537
Neu5Ac(a2-6)[Gal(b1-3)]GalNAc(a1-Sp8,2.184981513842473,3.734692467816679,8.936674714157755,1.5474031105909896
Neu5Ac(a2-6)[Gal(b1-3)]GalNAc(a1-Sp14,8.57633256370889,4.718998756357113,1.8755717306108688,5.6695433790268135
Neu5Ac(b2-6)[Gal(b1-3)]GalNAc(a1-Sp8,3.8784547189140537,15.074948059031579,3.5951781415065716,8.987883229474367
Neu5Ac(a2-6)[Gal(b1-3)]GlcNAc(b1-4)Gal(b1-4)Glc(b1-Sp10,20.544976676286737,6.30389788113937,2.8919664365272286,5.4344412355365455
Gal(b1-3)GalNAc(a1-Sp8,5.598883813389343,10.139546368016996,5.350307254962092,2.7896364380805285
Gal(b1-3)GalNAc(a1-Sp14,9.395641597526312,8.007850398775355,7.290997362272633,5.7366741061350135
Gal(b1-3)GalNAc(a1-Sp16,17.00648034101022,9.915240883945623,10.6384306663389,9.695697713590976
Gal(b1-3)GalNAc(b1-Sp8,7.396789160338423,13.078911253107679,4.224544187641237,7.6320676431204815
Gal(b1-3)GalNAc(b1-3)Gal(a1-4)Gal(b1-4)Glc(b1-Sp0,4.0706128616176045,4.1673270557996736,3.8965964348176194,13.274570403343887
Gal(b1-3)GalNAc(b1-4)[Neu5Ac(a2-3)]Gal(b1-4)Glc(b1-Sp0,16.710872499563475,16.854741846411258,11.89885635667002,3.4143661543298665
Gal(b1-3)GalNAc(b1-4)Gal(b1-4)Glc(b1-Sp8,1.6093847623652155,3.869443568525065,7.9771123987631025,12.566693673722085
Gal(b1-3)Gal(b1-Sp8,7.734736181829351,10.94799206810698,8.721973346095481,1.2493370198495939
Gal(b1-3)GlcNAc(b1-3)Gal(b1-4)GlcNAc(b1-Sp0,7.874186306480608,9.232167540543593,13.404359567692895,7.137264910547551
Gal(b1-3)GlcNAc(b1-3)Gal(b1-4)Glc(b1-Sp10,4.4587803402387935,13.578432088027196,2.8754837371301405,5.546020319938135
Gal(b1-3)GlcNAc(b1-Sp0,7.543807628059369,6.205832800680351,12.52947769392244,6.300557254388956
Gal(b1-3)GlcNAc(b1-Sp8,7.140144131131628,5.323793205663288,10.222720720817588,9.660948661147794
Gal(b1-4)[Fuc(a1-3)]GlcNAc(b1-Sp0,11.39324502706173,2.687322085118692,3.5283980296776813,1.3306978319663785
Gal(b1-4)[Fuc(a1-3)]GlcNAc(b1-Sp8,9.130895822608716,6.315809204950173,6.549264662222294,8.430670873809506
Gal(b1-4)[Fuc(a1-3)]GlcNAc(b1-4)Gal(b1-4)[Fuc(a1-3)]GlcNAc(b1-Sp0,2.6685936795748217,6.1130486967769775,3.3162087543609218,18.682179858624632
Gal(b1-4)[Fuc(a1-3)]GlcNAc(b1-4)Gal(b1-4)[Fuc(a1-3)]GlcNAc(b1-4)Gal(b1-4)[Fuc(a1-3)]GlcNAc(b1-Sp0,7.202498439430585,19.77783058433103,16.469540371344102,4.847363710650699
Gal(b1-4)(6S)Glc(b1-Sp0,14.459807589890918,19.732360994125873,4.398921133925913,2.329060835580151
Gal(b1-4)(6S)Glc(b1-Sp8,11.62643092684366,8.615744141347676,6.261496385250095,7.882264096269131
Gal(b1-4)GalNAc(a1-3)[Fuc(a1-2)]Gal(b1-4)GlcNAc(b1-Sp8,10.626667220096179,19.492110377021785,8.003907522579206,6.599763300490401
Gal(b1-4)GalNAc(b1-3)[Fuc(a1-2)]Gal(b1-4)GlcNAc(b1-Sp8,9.739605199048539,5.625574827739829,3.439011800406232,4.575823776017456
Gal(b1-4)GlcNAc(b1-3)GalNAc(a1-Sp8,7.927708962871933,5.650223929485747,5.241581475963785,6.397766154096288
Gal(b1-4)GlcNAc(b1-3)GalNAc(a1-Sp14,3.883750161892489,6.522559060867136,10.214458035875746,3.4791681969258104
Gal(b1-4)GlcNAc(b1-3)Gal(b1-4)[Fuc(a1-3)]GlcNAc(b1-3)Gal(b1-4)[Fuc(a1-3)]GlcNAc(b1-Sp0,20.555003473363854,8.256525130010804,5.998874986403706,5.108194808018465
Gal(b1-4)GlcNAc(b1-3)Gal(b1-4)GlcNAc(b1-3)Gal(b1-4)GlcNAc(b1-Sp0,4.029597121714933,6.772557668697503,4.0396385121897564,8.767643372603995
Gal(b1-4)GlcNAc(b1-3)Gal(b1-4)GlcNAc(b1-Sp0,5.92660801154421,10.718045190044373,3.155362438769912,1.966803647842524
Gal(b1-4)GlcNAc(b1-3)Gal(b1-4)Glc(b1-Sp0,15.059841438961652,19.860062158512992,6.4440691236205705,8.895778304482414
Gal(b1-4)GlcNAc(b1-3)Gal(b1-4)Glc(b1-Sp8,2.686854580483774,7.390875241584497,3.4965861550947035,6.774608762135268
Gal(b1-4)GlcNAc(b1-6)[Gal(b1-3)]GalNAc(a1-Sp8,18.644783237588648,8.241313102240847,3.969359457456584,8.146658984874309
Gal(b1-4)GlcNAc(b1-6)[Gal(b1-3)]GalNAc(a1-Sp14,6.9746152933333985,6.5840911719081925,7.150291125541703,7.025895595758591
Gal(b1-4)GlcNAc(b1-Sp0,7.7125111921582725,16.051147501866232,6.426620003547741,7.919550817649528
Gal(b1-4)GlcNAc(b1-Sp8,6.172444749043926,6.871969978288598,3.9281552179956782,2.529488281583188
Gal(b1-4)GlcNAc(b1-Sp23,4.05936864169377,8.679633994971603,12.412068468631652,3.5152420877989834
Gal(b1-4)Glc(b1-Sp0,6.899712332409228,17.373053084686447,7.912547868364945,2.476050297516857
Gal(b1-4)Glc(b1-Sp8,6.71222756293815,3.2463645523364484,5.972958408457793,8.063578071127392
GlcNAc(a1-3)Gal(b1-4)GlcNAc(b1-Sp8,3.6809401574190224,9.400093708398158,15.115630404209636,5.294607345214559
GlcNAc(a1-6)Gal(b1-4)GlcNAc(b1-Sp8,10.016339265586662,5.163889966794983,6.11979288395449,7.9433297541081584
GlcNAc(b1-2)Gal(b1-3)GalNAc(a1-Sp8,6.086728281816652,2.334998950035456,6.3579454529352475,4.262898278949038
GlcNAc(b1-6)[GlcNAc(b1-3)]GalNAc(a1-Sp8,7.295485780204537,6.483123651193668,3.546386153419655,2.5884165680971782
GlcNAc(b1-6)[GlcNAc(b1-3)]GalNAc(a1-Sp14,1.5584119317967915,3.2787345499699647,11.015058004235241,2.06282073384965
GlcNAc(b1-6)[GlcNAc(b1-3)]Gal(b1-4)GlcNAc(b1-Sp8,15.43435809622479,10.161234789261586,10.517043602806504,7.4532236114650425
GlcNAc(b1-3)GalNAc(a1-Sp8,2.0726935430336373,3.799632359737795,3.1679032785898005,8.768428486146574
GlcNAc(b1-3)GalNAc(a1-Sp14,3.0095289742194997,4.867678888683328,14.743975544918909,3.060856911062645
GlcNAc(b1-3)Gal(b1-Sp8,6.951477810928648,5.051765411137642,8.910749253710383,2.376718667091251
GlcNAc(b1-3)Gal(b1-4)GlcNAc(b1-Sp0,11.077120872734332,7.4329526333191875,19.251976961578947,5.191607730751624
GlcNAc(b1-3)Gal(b1-4)GlcNAc(b1-Sp8,7.396186402239107,6.039463083751737,2.604225529628082,1.783467817436952
GlcNAc(b1-3)Gal(b1-4)GlcNAc(b1-3)Gal(b1-4)GlcNAc(b1-Sp0,4.794174871219584,4.235021112403098,3.660700873125255,4.806320420030279
GlcNAc(b1-3)Gal(b1-4)Glc(b1-Sp0,9.88756955184134,22.68421719351363,12.259635666792873,4.436368209376527
GlcNAc(b1-4)(a1-MDPLys,6.502719255809351,3.2954793955761104,8.552983263312285,2.2236910327576247
GlcNAc(b1-6)[GlcNAc(b1-4)]GalNAc(a1-Sp8,5.407612144314076,4.400028174531004,4.680282049905398,2.584940882625103
GlcNAc(b1-4)Gal(b1-4)GlcNAc(b1-Sp8,7.919038536074523,10.761286824035805,8.188488547752057,9.173904407748104
GlcNAc(b1-4)GlcNAc(b1-4)GlcNAc(b1-4)GlcNAc(b1-4)GlcNAc(b1-4)GlcNAc(b1-Sp8,7.137660897427579,1.9588799137942758,2.888074503165261,4.638000201505672
GlcNAc(b1-4)GlcNAc(b1-4)GlcNAc(b1-4)GlcNAc(b1-4)GlcNAc(b1-Sp8,4.061711348167581,3.5795449220769284,7.709239324775607,3.3720651262740065
GlcNAc(b1-4)GlcNAc(b1-4)GlcNAc(b1-Sp8,5.734298447645255,3.3880379733950288,7.984741645162983,6.163092456713589
GlcNAc(b1-6)GalNAc(a1-Sp8,4.554489521340439,5.750459656627461,0.17706930846436242,2.571481985807656
GlcNAc(b1-6)GalNAc(a1-Sp14,9.645437463856508,10.844106986285222,6.119087149989505,5.980164533620008
GlcNAc(b1-6)Gal(b1-4)GlcNAc(b1-Sp8,19.443820161750647,9.572556021425696,12.978229702081867,77.24664573280837
Glc(a1-4)Glc(b1-Sp8,3.0042553187104315,12.530905707356768,2.885677184966022,6.74227651885227
Glc(a1-4)Glc(a1-Sp8,5.769270534478342,4.87111011397813,10.567320843998251,11.62990701037632
Glc(a1-6)Glc(a1-6)Glc(b1-Sp8,1.7271937056006958,5.9583388492515255,6.306922509103254,6.571997456380102
Glc(b1-4)Glc(b1-Sp8,7.07978964211979,11.116016096718283,5.56991470932605,4.141130193860124
Glc(b1-6)Glc(b1-Sp8,13.148845391484633,14.590639248618727,14.072583624788539,2.164264066413029
G-ol(a1-Sp8,2.8309503638354188,6.384422021347497,3.35985881350194,10.425020299380707
GlcA(a1-Sp8,12.022560413239761,23.45696824179687,9.137755662223626,16.679218028133082
GlcA(b1-Sp8,20.17646495868803,19.982982480434032,19.935559687214717,18.311663755172532
GlcA(b1-3)Gal(b1-Sp8,20.890863315973,11.105608285006278,1.351014291806961,12.134580412193902
GlcA(b1-6)Gal(b1-Sp8,14.020992317087742,14.442497799290132,33.361007561760395,6.402232812594888
KDN(a2-3)Gal(b1-3)GlcNAc(b1-Sp0,15.296703652612006,8.106719634301339,21.223677408341228,4.368015950825575
KDN(a2-3)Gal(b1-4)GlcNAc(b1-Sp0,2.9072053327322203,7.898161288289403,3.7805071163359267,5.026663735437914
Man(a1-2)Man(a1-2)Man(a1-3)Man(a1-Sp9,8.074381722615053,8.228042061754426,11.527467095991499,50.57223113405007
Man(a1-2)Man(a1-6)[Man(a1-2)Man(a1-3)]Man(a1-Sp9,5.684547617591628,6.1319757095490885,57.483878286604174,121.25755049283487
Man(a1-2)Man(a1-3)Man(a1-Sp9,14.858931234109678,1.360748971155221,7.077192394999098,11.606695048512552
Man(a1-6)[Man(a1-2)Man(a1-3)]Man(a1-6)[Man(a1-2)Man(a1-3)]Man(b1-4)GlcNAc(b1-4)GlcNAc(b1-Sp12,288.8482354463137,216.73661689835217,371.28764592331584,317.05610629196235
Man(a1-2)Man(a1-6)[Man(a1-3)]Man(a1-6)[Man(a1-2)Man(a1-2)Man(a1-3)]Man(b1-4)GlcNAc(b1-4)GlcNAc(b1-Sp12,9.031214586458832,45.48940305800165,26.44140771554571,448.2424821425503
Man(a1-2)Man(a1-6)[Man(a1-2)Man(a1-3)]Man(a1-6)[Man(a1-2)Man(a1-2)Man(a1-3)]Man(b1-4)GlcNAc(b1-4)GlcNAc(b1-Sp12,7.9253997271956775,9.139554370017176,9.389402453653094,4.505258346273459
Man(a1-6)[Man(a1-3)]Man(a1-Sp9,41.64790893457327,241.12830515644703,184.1193219390437,473.0824548363557
Man(a1-2)Man(a1-2)Man(a1-6)[Man(a1-3)]Man(a1-Sp9,12.096025878327422,5.935177264693395,8.865909137627494,11.86736698148883
Man(a1-6)[Man(a1-3)]Man(a1-6)[Man(a1-2)Man(a1-3)]Man(b1-4)GlcNAc(b1-4)GlcNAc(b1-Sp12,138.72378424041923,544.1514432225061,324.52337568099534,545.5761398359349
Man(a1-6)[Man(a1-3)]Man(a1-6)[Man(a1-3)]Man(b1-4)GlcNAc(b1-4)GlcNAc(b1-Sp12,147.69363161100318,126.4951410263395,372.17362469220046,360.3659955451097
Man(b1-4)GlcNAc(b1-Sp0,18.154813924870265,3.68815177426309,5.336903209024871,12.187444092999842
Neu5Ac(a2-3)Gal(b1-4)GlcNAc(b1-3)Gal(b1-4)[Fuc(a1-3)]GlcNAc(b1-Sp0,3.8003848471788566,17.264119445133403,1.824060607545704,8.492873827068196
(3S)Gal(b1-4)[Fuc(a1-3)](6S)GlcNAc(b1-Sp8,4.918800245656117,9.323538940901148,4.315984217128232,2.8613711124797057
Fuc(a1-2)(6S)Gal(b1-4)GlcNAc(b1-Sp0,1.5699684293534928,0.8736047370903288,8.692897754488998,7.255085537917527
Fuc(a1-2)Gal(b1-4)(6S)GlcNAc(b1-Sp8,3.7872033317255878,5.752061881041731,3.489954294232698,2.2831647655538245
Fuc(a1-2)(6S)Gal(b1-4)(6S)Glc(b1-Sp0,8.294847025061204,2.1567491855027647,0.7954444019959278,4.8444653568101135
Neu5Ac(a2-3)Gal(b1-3)GalNAc(a1-Sp8,6.677605640996374,5.039962469023623,7.4609482593814205,6.9402552567731055
Neu5Ac(a2-3)Gal(b1-3)GalNAc(a1-Sp14,9.30967440980976,22.205916741471555,4.755168209082268,18.354596916848926
GalNAc(b1-4)[Neu5Ac(a2-8)Neu5Ac(a2-8)Neu5Ac(a2-8)Neu5Ac(a2-3)]Gal(b1-4)Glc(b1-Sp0,8.282598668443379,16.364144282953912,12.8803926361932,13.333339692790153
GalNAc(b1-4)[Neu5Ac(a2-8)Neu5Ac(a2-8)Neu5Ac(a2-3)]Gal(b1-4)Glc(b1-Sp0,17.356080121770976,18.800080048123,5.446273414837584,10.346167092656426
Neu5Ac(a2-8)Neu5Ac(a2-8)Neu5Ac(a2-3)Gal(b1-4)Glc(b1-Sp0,11.91690134416942,7.97932330067322,2.6597970135582445,7.458345989337494
GalNAc(b1-4)[Neu5Ac(a2-8)Neu5Ac(a2-3)]Gal(b1-4)Glc(b1-Sp0,18.792861286580784,18.88234902589806,4.075770473072125,8.658731399383287
Neu5Ac(a2-8)Neu5Ac(a2-8)Neu5Ac(a1-Sp8,6.68950126311122,6.2715106295586125,1.956034076688507,10.759478799489623
Neu5Ac(a2-3)(6S)Gal(b1-4)[Fuc(a1-3)]GlcNAc(b1-Sp8,1.440037634924868,5.788420891457938,2.514913311958604,4.396731158864881
GalNAc(b1-4)[Neu5Ac(a2-3)]Gal(b1-4)GlcNAc(b1-Sp0,5.334002582410946,4.838559653708943,6.544614155420724,5.679416146855824
GalNAc(b1-4)[Neu5Ac(a2-3)]Gal(b1-4)GlcNAc(b1-Sp8,9.588138319993787,7.083412012347343,1.6056055750090052,0.4034868564567124
GalNAc(b1-4)[Neu5Ac(a2-3)]Gal(b1-4)Glc(b1-Sp0,2.3275268390862256,8.197753864474091,5.768156014418013,5.590136966941566
Neu5Ac(a2-3)Gal(b1-3)GalNAc(b1-4)[Neu5Ac(a2-3)]Gal(b1-4)Glc(b1-Sp0,8.615575414861546,12.028787055088591,13.378463568736134,4.198960763887499
Neu5Ac(a2-6)[Neu5Ac(a2-3)]GalNAc(a1-Sp8,6.665930393425961,6.172562807227366,5.346700581589238,3.457181922703355
Neu5Ac(a2-3)GalNAc(a1-Sp8,5.238183722118452,9.036791515936397,8.242679869789507,4.011599283224417
Neu5Ac(a2-3)GalNAc(b1-4)GlcNAc(b1-Sp0,2.547915030470993,9.595974049221542,9.005858900552832,4.964082599618308
Neu5Ac(a2-3)Gal(b1-3)(6S)GlcNAc(a1-Sp8,5.750685601444986,27.42604628845849,7.5535145838984645,13.81605448608611
Neu5Ac(a2-3)Gal(b1-3)[ Fuc(a1-4)]GlcNAc(b1-Sp8,2.537486789949201,523.544193583824,4.548379409104597,5.639713874538907
Neu5Ac(a2-3)Gal(b1-3)[Fuc(a1-4)]GlcNAc(b1-3)Gal(b1-4)[Fuc(a1-3)]GlcNAc(b1-Sp0,2.5122749482955267,11.417340149964893,9.466870562651623,8.966262011702456
Neu5Ac(a2-3)Gal(b1-4)[Neu5Ac(a2-3)Gal(b1-3)]GlcNAc(b1-Sp8,8.947802576191544,5.3940200082282495,12.959489734907265,2.976238076274588
Neu5Ac(a2-3)Gal(b1-3)(6S)GalNAc(a1-Sp8,5.785871595173309,6.953618037156386,5.857641650798267,8.294666044864817
Neu5Ac(a2-6)[Neu5Ac(a2-3)Gal(b1-3)]GalNAc(a1-Sp8,3.602111945673906,29.159785555495766,4.858544292961283,4.5032059846291705
Neu5Ac(a2-6)[Neu5Ac(a2-3)Gal(b1-3)]GalNAc(a1-Sp14,13.146947939984658,8.448030430175223,4.0336229992402615,8.152205715019711
Neu5Ac(a2-3)Gal(b1-Sp8,25.38671922421577,12.283622283722606,2.9293594191677235,8.429948115053852
Neu5Ac(a2-3)Gal(b1-3)GalNAc(b1-3)Gal(a1-4)Gal(b1-4)Glc(b1-Sp0,9.795777613296792,8.137774308535896,5.701984841848201,9.079405615411543
Neu5Ac(a2-3)Gal(b1-3)GlcNAc(b1-3)Gal(b1-4)GlcNAc(b1-Sp0,9.115171985715168,13.685386061385564,6.289676402380864,7.185836269820419
Fuc(a1-2)(6S)Gal(b1-4)Glc(b1-Sp0,3.854184650912996,13.681709492207716,9.635821114466578,4.739743316801733
Neu5Ac(a2-3)Gal(b1-3)GlcNAc(b1-Sp0,6.5317814468310615,15.358862179428089,17.009457507785687,7.086390042421688
Neu5Ac(a2-3)Gal(b1-3)GlcNAc(b1-Sp8,5.429543846018128,5.564315028225251,3.936543479902983,8.555601659731481
Neu5Ac(a2-3)Gal(b1-4)(6S)GlcNAc(b1-Sp8,10.71347691348765,16.570017572385574,10.392811243194345,4.116474538870212
Neu5Ac(a2-3)Gal(b1-4)[Fuc(a1-3)](6S)GlcNAc(b1-Sp8,5.865187678938043,7.810580350183128,5.0497488976350775,6.306910916869946
Neu5Ac(a2-3)Gal(b1-4)[Fuc(a1-3)]GlcNAc(b1-3)Gal(b1-4)[Fuc(a1-3)]GlcNAc(b1-3)Gal(b1-4)[Fuc(a1-3)]GlcNAc(b1-Sp0,3.457696023365852,2.3489099684747385,11.121395542826447,5.4611383418813535
Neu5Ac(a2-3)Gal(b1-4)[Fuc(a1-3)]GlcNAc(b1-Sp0,5.158572180603861,2.2243907321256917,1.8105956165490558,4.223320924343781
Neu5Ac(a2-3)Gal(b1-4)[Fuc(a1-3)]GlcNAc(b1-Sp8,8.135851148824766,3.3387442862798924,4.067410584450505,4.155514057249713
Neu5Ac(a2-3)Gal(b1-4)[Fuc(a1-3)]GlcNAc(b1-3)Gal(b1-Sp8,14.58636837758688,11.569639100212536,9.780992905077,3.7625963637715207
Neu5Ac(a2-3)Gal(b1-4)[Fuc(a1-3)]GlcNAc(b1-3)Gal(b1-4)GlcNAc(b1-Sp8,8.201438377910716,3.8956206018211454,5.2312693762285525,12.085665734938516
Neu5Ac(a2-3)Gal(b1-4)GlcNAc(b1-3)Gal(b1-4)GlcNAc(b1-3)Gal(b1-4)GlcNAc(b1-Sp0,3.9526541364632517,3.940098625669157,4.628207291075742,7.9130287878072725
Neu5Ac(a2-3)Gal(b1-4)GlcNAc(b1-Sp0,4.309161518981006,5.6153051674270795,8.842102552937657,7.607401374976876
Neu5Ac(a2-3)Gal(b1-4)GlcNAc(b1-Sp8,3.1765855320611114,0.4799067131571834,6.6108942909917054,3.0451265133816743
Neu5Ac(a2-3)Gal(b1-4)GlcNAc(b1-3)Gal(b1-4)GlcNAc(b1-Sp0,3.847384073518876,9.895438219494547,12.02699721155146,11.045077197972253
Fuc(a1-2)Gal(b1-4)(6S)Glc(b1-Sp0,6.935343090047293,29.520399594221377,3.9974929037877436,8.722545798675982
Neu5Ac(a2-3)Gal(b1-4)Glc(b1-Sp0,13.281528289821667,9.744449007640188,5.5036425806763045,10.67803872144444
Neu5Ac(a2-3)Gal(b1-4)Glc(b1-Sp8,5.819128104507297,3.958610994191436,6.101712779758388,8.643978333498994
Neu5Ac(a2-6)GalNAc(a1-Sp8,7.347063101448541,3.8275199815502856,5.160657540791992,4.372330593154339
Neu5Ac(a2-6)GalNAc(b1-4)GlcNAc(b1-Sp0,3.478982873748208,5.376791394502862,2.5043112499580915,10.396933715604165
Neu5Ac(a2-6)Gal(b1-4)(6S)GlcNAc(b1-Sp8,7.035700612057051,13.925171484162533,6.164370215466733,4.372521519958478
Neu5Ac(a2-6)Gal(b1-4)GlcNAc(b1-Sp0,4.983510291618417,7.8512845031349245,3.713756561196941,8.002429148910558
Neu5Ac(a2-6)Gal(b1-4)GlcNAc(b1-Sp8,3.3397319357247666,2.6408129573737957,4.513136005318254,2.8020868168503767
Neu5Ac(a2-6)Gal(b1-4)GlcNAc(b1-3)Gal(b1-4)[Fuc(a1-3)]GlcNAc(b1-3)Gal(b1-4)[Fuc(a1-3)]GlcNAc(b1-Sp0,15.111993388916854,15.592796380700927,6.487018724280566,9.355826131480852
Neu5Ac(a2-6)Gal(b1-4)GlcNAc(b1-3)Gal(b1-4)GlcNAc(b1-Sp0,5.8469517226215135,9.93524103763132,5.568309532449383,3.611377760172241
Neu5Ac(a2-6)Gal(b1-4)Glc(b1-Sp0,3.9805475339455567,9.62669958431584,10.832439214807534,7.1851142864373845
Neu5Ac(a2-6)Gal(b1-4)Glc(b1-Sp8,6.316608550150416,7.5549493297991965,5.101006094471304,15.554718039553142
Neu5Ac(a2-6)Gal(b1-Sp8,18.027898594377685,12.445537493281154,16.626041484370223,3.0903420688493437
Neu5Ac(a2-8)Neu5Ac(a1-Sp8,1.8140986970118176,17.031929200964495,10.211485554674852,9.463855819203221
Neu5Ac(a2-8)Neu5Ac(a2-3)Gal(b1-4)Glc(b1-Sp0,8.411200578197306,2.976317310032652,6.926820147020326,7.80585805207645
Gal(b1-3)[Fuc(a1-4)]GlcNAc(b1-3)Gal(b1-3)[Fuc(a1-4)]GlcNAc(b1-Sp0,10.609458296059854,10.12642512999199,14.415359251159856,2.6305167534155762
Neu5Ac(b2-6)GalNAc(a1-Sp8,2.8988078854361303,2.44280298154941,3.134551071525237,4.333954651643241
Neu5Ac(b2-6)Gal(b1-4)GlcNAc(b1-Sp8,3.895959005174469,7.3971475269750675,6.329181715079759,3.886080398357705
Neu5Gc(a2-3)Gal(b1-3)[Fuc(a1-4)]GlcNAc(b1-Sp0,6.426169150694159,7.7114232613592995,14.229965321812985,6.133401443190667
Neu5Gc(a2-3)Gal(b1-3)GlcNAc(b1-Sp0,9.230317157064537,6.843320171037831,4.922980199702881,2.450539493492538
Neu5Gc(a2-3)Gal(b1-4)[Fuc(a1-3)]GlcNAc(b1-Sp0,8.186027813699802,18.559664273005225,3.0148708789377303,4.316258734424986
Neu5Gc(a2-3)Gal(b1-4)GlcNAc(b1-Sp0,8.363591519795785,7.404203903189055,8.407114357296841,12.303419883105672
Neu5Gc(a2-3)Gal(b1-4)Glc(b1-Sp0,18.292930618866595,12.996677698806975,6.452824430950111,1.8678814568025093
Neu5Gc(a2-6)GalNAc(a1-Sp0,3.7132906870681,5.210690114482593,10.62078892204655,4.8511241535682545
Neu5Gc(a2-6)Gal(b1-4)GlcNAc(b1-Sp0,8.105510512967907,7.218511038988581,11.130349651104117,3.2519007149665606
Neu5Gc(a1-Sp8,4.453786477818625,13.307814661694085,2.161938814081777,5.995123205295
Neu5Ac(a2-3)Gal(b1-4)GlcNAc(b1-6)[Gal(b1-3)]GalNAc(a1-Sp14,7.786905660305643,0.8380467106114541,4.020045883962848,7.749561151230861
Gal(b1-3)GlcNAc(b1-3)Gal(b1-3)GlcNAc(b1-Sp0,6.135956669229888,11.635273923827492,4.455260062368232,8.548306088732824
Gal(b1-4)[Fuc(a1-3)](6S)GlcNAc(b1-Sp0 ,3.6629391844755865,2.3341520178643043,6.657500269620721,3.1156577394134093
Gal(b1-4)[Fuc(a1-3)](6S)Glc(b1-Sp0,16.572266694164078,8.689583462351154,11.705972279994512,8.398506193911311
Gal(b1-4)[Fuc(a1-3)]GlcNAc(b1-3)Gal(b1-3)[Fuc(a1-4)]GlcNAc(b1-Sp0,19.36880630590929,6.376129352710786,8.050888014788608,3.4169125757033987
Gal(b1-4)GlcNAc(b1-3)Gal(b1-3)GlcNAc(b1-Sp0,3.4166387462680463,7.3687602237983825,6.385193978455153,3.9166685473754375
Neu5Ac(a2-3)Gal(b1-3)GlcNAc(b1-3)Gal(b1-3)GlcNAc(b1-Sp0,6.849984769812746,43.57249784481796,4.719916275387377,5.1307637995396735
Neu5Ac(a2-3)Gal(b1-4)GlcNAc(b1-3)Gal(b1-3)GlcNAc(b1-Sp0,5.01640077113728,3.943789571803576,8.808881049826926,9.006532215888274
4S(3S)Gal(b1-4)GlcNAc(b1-Sp0,4.750669581139767,6.370096292835777,1.7169308566936092,4.184436629543655
(6S)Gal(b1-4)(6S)GlcNAc(b1-Sp0,7.860438743267893,7.269276458263688,2.4932933441534737,5.0240822170156925
(6P)Glc(b1-Sp10,3.008757978939717,10.494453777273652,15.29663527544538,11.21937211597275
Neu5Ac(a2-3)Gal(b1-4)[Fuc(a1-3)]GlcNAc(b1-6)[Gal(b1-3)]GalNAc(a1-Sp14,48.55779878914064,15.664391212555941,13.500591646881045,16.2197009755626
Gal(b1-3)Gal(b1-4)GlcNAc(b1-Sp8,10.593961861165704,2.4156180568679906,14.14189334341999,6.576780082228688
Neu5Ac(a2-6)Gal(b1-4)GlcNAc(b1-2)Man(a1-6)[Gal(b1-4)GlcNAc(b1-2)Man(a1-3)]Man(b1-4)GlcNAc(b1-4)GlcNAc(b1-Sp12,21.948377191415922,5.774223619024463,5.55712832757771,10.986106840004798
Gal(b1-4)GlcNAc(b1-6)[Gal(b1-4)GlcNAc(b1-3)]Gal(b1-4)GlcNAc(a1-Sp0,12.218668750454507,11.462199301908278,8.74829453831813,5.32787106607007
GlcNAc(b1-6)[Gal(b1-4)GlcNAc(b1-3)]Gal(b1-4)GlcNAc(a1-Sp0,14.517937727830589,11.266078988531609,4.2290817088346815,13.49295127869234
Gal(b1-4)GlcNAc(a1-6)Gal(b1-4)GlcNAc(b1-Sp0,3.958911062716624,4.055886242138288,9.35845745497978,5.897929377897524
Gal(b1-4)GlcNAc(b1-6)Gal(b1-4)GlcNAc(b1-Sp0,3.666185545745511,8.825328613098023,2.463812727596534,4.545106082003657
GalNAc(b1-3)Gal(b1-Sp8,9.712994037199168,13.768233481793027,17.11243256414763,11.664756151866186
GlcA(b1-3)GlcNAc(b1-Sp8,8.645064530846483,9.111557440233083,9.848566773351676,4.398444847519028
Neu5Ac(a2-6)Gal(b1-4)GlcNAc(b1-2)Man(a1-6)[GlcNAc(b1-2)Man(a1-3)]Man(b1-4)GlcNAc(b1-4)GlcNAc(b1-Sp12,11.779331295783875,6.865974536497598,17.152114921562873,4.129009725507232
GlcNAc(b1-3)Ma(n1-Sp10,2.7159730883546414,10.842946450227432,11.169665962888057,6.9009861486118975
GlcNAc(b1-4)GlcNAc(b1-Sp10,10.604730915020902,3.4311927357698817,4.263076228402048,10.821925384260421
GlcNAc(b1-4)GlcNAc(b1-Sp12,3.2766624954619084,1.1441077873900964,10.768336095237744,9.90460534095173
MurNAc(b1-4)GlcNAc(b1-Sp10,10.011294563974564,5.121482739402729,5.922911279092405,4.469641538945452
Man(a1-6)Man(b1-Sp10,4.356963966169565,13.16685215642549,8.265153982836598,6.938431124961412
Man(a1-6)[Man(a1-3)]Man(a1-6)[Man(a1-3)]Man(b1-Sp10,87.52183861392813,88.6423498393832,173.3461380332459,124.84355055480171
Man(a1-2)Man(a1-6)[Man(a1-3)]Man(a1-6)[Man(a1-2)Man(a1-2)Man(a1-3)]Man(a1-Sp9,20.87480479461624,48.500652338362144,98.873688824289,144.3260058781061
Man(a1-2)Man(a1-6)[Man(a1-2)Man(a1-3)]Man(a1-6)[Man(a1-2)Man(a1-2)Man(a1-3)]Man(a1-Sp9,2.8495664493334147,4.307149318187913,8.893780465958601,32.839176386241306
Neu5Ac(a2-3)Gal(b1-4)GlcNAc(b1-6)[Neu5Ac(a2-3)Gal(b1-3)]GalNAc(a1-Sp14,2.390318140610893,1.9173859155544617,2.5937356161850147,2.362043852789361
Neu5Ac(a2-6)Gal(b1-4)GlcNAc(b1-2)Man(a1-6)[Neu5Ac(a2-3)Gal(b1-4)GlcNAc(b1-2)Man(a1-3)]Man(b1-4)GlcNAc(b1-4)GlcNAc(b1-Sp12,5.8699502374381245,5.7498874962906905,5.050465434327154,7.426396254521215
Gal(b1-4)GlcNAc(b1-2)Man(a1-6)[Neu5Ac(a2-6)Gal(b1-4)GlcNAc(b1-2)Man(a1-3)]Man(b1-4)GlcNAc(b1-4)GlcNAc(b1-Sp12,4.531655760223474,3.5099725586534167,8.318540747230436,4.829184187399909
GlcNAc(b1-2)Man(a1-6)[Neu5Ac(a2-6)Gal(b1-4)GlcNAc(b1-2)Man(a1-3)]Man(b1-4)GlcNAc(b1-4)GlcNAc(b1-Sp12,8.94639927885328,13.187903112827804,5.980445889939972,6.783550884492577
Neu5Ac(a2-8)Neu5Ac(b1-Sp17,8.314476759844844,15.448322211894071,9.119072870454906,5.2091242318167055
Neu5Ac(a2-8)Neu5Ac(a2-8)Neu5Ac(b1-Sp8,4.363223473534216,14.506348189987953,5.766660016205223,17.45144981579849
Neu5Gc(b2-6)Gal(b1-4)GlcNAc(a1-Sp8,6.730538854356314,8.105405739947054,4.9405164037611815,8.638580021623929
Gal(b1-3)GlcNAc(b1-2)Man(a1-6)[Gal(b1-3)GlcNAc(b1-2)Man(a1-3)]Man(b1-4)GlcNAc(b1-4)GlcNAc(b1-Sp19,8.614704921382996,57.89136296457932,25.330979652986088,34.36599164387179
Neu5Ac(a2-3)Gal(b1-4)GlcNAc(b1-2)Man(a1-6)[Neu5Ac(a2-3)Gal(b1-4)GlcNAc(b1-2)Man(a1-3)]Man(b1-4)GlcNAc(b1-4)GlcNAc(b1-Sp12,10.651044186682668,6.70291414007121,5.883125097825704,3.5026628930715007
Neu5Ac(a2-3)Gal(b1-4)GlcNAc(b1-2)Man(a1-6)[Neu5Ac(a2-6)Gal(b1-4)GlcNAc(b1-2)Man(a1-3)]Man(b1-4)GlcNAc(b1-4)GlcNAc(b1-Sp12,9.650688557947564,7.981825240037521,15.949359721004482,21.959344443918773
Gal(b1-4)[Fuc(a1-3)]GlcNAc(b1-2)Man(a1-6)[Gal(b1-4)[Fuc(a1-3)]GlcNAc(b1-2)Man(a1-3)]Man(b1-4)GlcNAc(b1-4)GlcNAc(b1-Sp20,5.403109757969633,6.376801968855548,20.489611711527537,8.444589777435418
"Neu5,9Ac2(a2-3)Gal(b1-4)GlcNAc(b1-Sp0",12.995231030522955,6.447536610921,1.7666856339390646,7.173099333098628
"Neu5,9Ac2(a2-3)Gal(b1-4)GlcNAc(b1-Sp0",1.889512480994324,5.098504179658971,4.795547893967212,5.172648204417633
Neu5Ac(a2-6)Gal(b1-4)GlcNAc(b1-3)Gal(b1-3)GlcNAc(b1-Sp0,16.795101683402613,6.250002632199442,5.910653213196206,5.705663981445688
Neu5Ac(a2-3)Gal(b1-3)[Fuc(a1-4)]GlcNAc(b1-3)Gal(b1-3)[Fuc(a1-4)]GlcNAc(b1-Sp0,4.9871260240743815,9.81017173108266,9.17547598928795,9.091567969094571
Neu5Ac(a2-6)Gal(b1-4)GlcNAc(b1-3)Gal(b1-4)GlcNAc(b1-3)Gal(b1-4)GlcNAc(b1-Sp0,6.588248368623228,2.474873267294038,5.980211900649228,15.707652446180498
Gal(a1-4)Gal(b1-4)GlcNAc(b1-3)Gal(b1-4)Glc(b1-Sp0,4.907675488117229,2.4525893480156866,6.79456918918828,5.217905200684784
GalNAc(b1-3)Gal(a1-4)Gal(b1-4)GlcNAc(b1-3)Gal(b1-4)Glc(b1-Sp0,2.136412810257745,7.753267195619316,9.666465097567977,23.63330792962903
GalNAc(a1-3)[Fuc(a1-2)]Gal(b1-4)GlcNAc(b1-3)Gal(b1-4)GlcNAc(b1-Sp0,17.980776601206628,2.294505523164704,11.798011107350545,3.4537264613747287
GalNAc(a1-3)[Fuc(a1-2)]Gal(b1-4)GlcNAc(b1-3)Gal(b1-4)GlcNAc(b1-3)Gal(b1-4)GlcNAc(b1-Sp0,34.37561997893031,20.82240891779815,9.250086288065999,41.59662176239011
Neu5Ac(a2-3)Gal(b1-4)[Fuc(a1-3)]GlcNAc(b1-6)[Neu5Ac(a2-3)Gal(b1-3)]GalNAc(a1-Sp14,9.703295108707524,7.351600253176175,15.18694073963439,10.906432830024364
GlcNAc(a1-4)Gal(b1-4)GlcNAc(b1-3)Gal(b1-4)GlcNAc(b1-3)Gal(b1-4)GlcNAc(b1-Sp0,2.964564590289775,11.340226439942311,1.344827307376929,5.716339951110908
GlcNAc(a1-4)Gal(b1-4)GlcNAc(b1-Sp0,27.63604903061397,18.079929577849587,7.111334122546908,10.39769698006086
GlcNAc(a1-4)Gal(b1-3)GlcNAc(b1-Sp0,8.19130454954118,2.164248918793768,7.713314414266633,9.735175815738174
GlcNAc(a1-4)Gal(b1-4)GlcNAc(b1-3)Gal(b1-4)Glc(b1-Sp0,15.801628426209758,5.4332642042637085,3.6183266966007017,13.17412361041523
GlcNAc(a1-4)Gal(b1-4)GlcNAc(b1-3)Gal(b1-4)[Fuc(a1-3)]GlcNAc(b1-3)Gal(b1-4)[Fuc(a1-3)]GlcNAc(b1-Sp0,15.630297306060227,18.19102804450133,4.125957552193189,5.033624859797019
GlcNAc(a1-4)Gal(b1-4)GlcNAc(b1-3)Gal(b1-4)GlcNAc(b1-Sp0,14.351689183971805,13.964994353352482,4.269099766441791,5.2661733142608735
GlcNAc(a1-4)Gal(b1-3)GalNAc(a1-Sp14,9.399285404885841,14.97014754926172,9.134814427051412,8.207672488186487
Neu5Ac(a2-6)Gal(b1-4)GlcNAc(b1-2)Man(a1-6)[Man(a1-3)]Man(b1-4)GlcNAc(b1-4)GlcNAc(a1-Sp12,18.463055004589567,4.740529103029184,8.144396585997026,45.860317729483384
Man(a1-6)[Neu5Ac(a2-6)Gal(b1-4)GlcNAc(b1-2)Man(a1-3)]Man(b1-4)GlcNAc(b1-4)GlcNAc(a1-Sp12,6.2630716399117325,23.547626290049557,3.981786150711765,10.870178798705806
Neu5Ac(a2-6)Gal(b1-4)GlcNAc(b1-2)Man(a1-6)Man(b1-4)GlcNAc(b1-4)GlcNAc(a1-Sp12,23.943647590958253,2.734170812147619,6.4694812050503625,5.589220492758062
Neu5Ac(a2-6)Gal(b1-4)GlcNAc(b1-2)Man(a1-3)Man(b1-4)GlcNAc(b1-4)GlcNAc(a1-Sp12,1.1915658227727055,7.323954017241415,13.685464842549806,8.698277817045161
Gal(b1-4)GlcNAc(b1-2)Man(a1-3)Man(b1-4)GlcNAc(b1-4)GlcNAc(a1-Sp12,10.750070946858909,6.373049138559973,19.763564252853453,43.21615603447147
Gal(b1-4)GlcNAc(b1-2)Man(a1-6)Man(b1-4)GlcNAc(b1-4)GlcNAc(a1-Sp12,4.409430738012942,9.33708546478325,4.566603252236104,3.1957054102602567
Man(a1-6)[Gal(b1-4)GlcNAc(b1-2)Man(a1-3)]Man(b1-4)GlcNAc(b1-4)GlcNAc(b1-Sp12,6.228774948040218,17.28733520181755,21.625160997224786,131.04639350258958
GlcNAc(b1-2)Man(a1-6)[GlcNAc(b1-2)Man(a1-3)]Man(b1-4)GlcNAc(b1-4)[Fuc(a1-6)]GlcNAc(b1-Sp22,4.5437018038709365,15.411201309545381,2.9693438006850372,3.483597055726543
Gal(b1-4)GlcNAc(b1-2)Man(a1-6)[Gal(b1-4)GlcNAc(b1-2)Man(a1-3)]Man(b1-4)GlcNAc(b1-4)[Fuc(a1-6)]GlcNAc(b1-Sp22,14.824243691416427,12.992587938866015,11.192222703995547,9.68534543627639
Gal(b1-3)GlcNAc(b1-2)Man(a1-6)[Gal(b1-3)GlcNAc(b1-2)Man(a1-3)]Man(b1-4)GlcNAc(b1-4)[Fuc(a1-6)]GlcNAc(b1-Sp22,4.257437366440834,10.589845742345194,11.857318132803032,13.494793293587911
(6S)GlcNAc(b1-3)Gal(b1-4)GlcNAc(b1-Sp0,6.623828366083568,4.63580267699133,3.8065787132279496,3.657344873333656
KDN(a2-3)Gal(b1-4)[Fuc(a1-3)]GlcNAc(a1-Sp0,8.156055825530295,3.6576573654913767,8.599294289455768,4.315755275731002
KDN(a2-6)Gal(b1-4)GlcNAc(a1-Sp0,5.658327290742966,4.435319681451006,3.877716981248968,7.780117246331617
KDN(a2-3)Gal(b1-4)Glc(a1-Sp0,3.0970360917066126,4.7290741652040085,3.4691301122663725,18.66207888455446
KDN(a2-3)Gal(b1-3)GalNAc(a1-Sp14,7.448389522294973,8.594438098124858,5.341923451654214,8.474222104860122
Fuc(a1-2)Gal(b1-3)GlcNAc(b1-2)Man(a1-6)[Fuc(a1-2)Gal(b1-3)GlcNAc(b1-2)Man(a1-3)]Man(b1-4)GlcNAc(b1-4)GlcNAc(b1-Sp20,19.41696167667158,11.609721724019346,16.630349062156316,16.189325762673747
Fuc(a1-2)Gal(b1-4)GlcNAc(b1-2)Man(a1-6)[Fuc(a1-2)Gal(b1-4)GlcNAc(b1-2)Man(a1-3)]Man(b1-4)GlcNAc(b1-4)GlcNAc(b1-Sp20,10.344815377239293,5.679689939527211,24.283621791514825,19.2082827971858
Fuc(a1-2)Gal(b1-4)[Fuc(a1-3)]GlcNAc(b1-2)Man(a1-6)[Fuc(a1-2)Gal(b1-4)[Fuc(a1-3)]GlcNAc(b1-2)Man(a1-3)]Man(b1-4)GlcNAc(b1-4)GlcNA(b1-Sp20,9.103423540762012,10.489473323448292,28.75875799095817,9.913001278245616
Gal(a1-3)Gal(b1-4)GlcNAc(b1-2)Man(a1-6)[Gal(a1-3)Gal(b1-4)GlcNAc(b1-2)Man(a1-3)]Man(b1-4)GlcNAc(b1-4)GlcNAc(b1-Sp20,17.230942316077787,7.355444916975903,13.267661195302406,63.618489086700755
Gal(b1-4)GlcNAc(b1-2)Man(a1-6)[Man(a1-3)]Man(b1-4)GlcNAc(b1-4)GlcNAc(b1-Sp12,58.56547613007601,57.97150793003852,153.10673777498837,99.89605938662443
Fuc(a1-4)[Gal(b1-3)]GlcNAc(b1-2)Man(a1-6)[Fuc(a1-4)[Gal(b1-3)]GlcNAc(b1-2)Man(a1-3)]Man(b1-4)GlcNAc(b1-4)[Fuc(a1-6)]GlcNAc(b1-Sp22,81.80191461015227,127.52295877423731,53.66448535225648,28.161928917423747
Neu5Ac(a2-6)GlcNAc(b1-4)GlcNAc(a1-Sp21,4.166749354412871,10.750208646463575,5.875174333512723,19.072591531479574
Neu5Ac(a2-6)GlcNAc(b1-4)GlcNAc(b1-4)GlcNAc(a1-Sp21,11.070940464529949,4.542787888052157,6.68954773377842,4.493253790962618
Gal(b1-4)[Fuc(a1-3)]GlcNAc(b1-6)[Fuc(a1-2)Gal(b1-4)GlcNAc(b1-3)]Gal(b1-4)Glc(a1-Sp21,25.02977439122921,26.284463321180816,5.2894800937804805,13.21496318307395
Gal(b1-4)GlcNAc(b1-2)Man(a1-6)[Gal(b1-4)GlcNAc(b1-4)[Gal(b1-4)GlcNAc(b1-2)]Man(a1-3)]Man(b1-4)GlcNAc(b1-4)GlcNAc(a1-Sp21,19.372921644398406,9.837358125872347,8.354059163614219,14.455145991768234
GalNAc(a1-3)[Fuc(a1-2)]Gal(b1-4)GlcNAc(b1-2)Man(a1-6)[GalNAc(a1-3)[Fuc(a1-2)]Gal(b1-4)GlcNAc(b1-2)Man(a1-3)]Man(b1-4)GlcNAc(b1-4)GlcNAc(b1-Sp20,19.027470469363497,17.684705383913904,4.154157853283862,16.790383069160942
Gal(a1-3)[Fuc(a1-2)]Gal(b1-4)GlcNAc(b1-2)Man(a1-6)[Gal(a1-3)[Fuc(a1-2)]Gal(b1-4)GlcNAc(b1-2)Man(a1-3)]Man(b1-4)GlcNAc(b1-4)GlcNAc(b1-Sp20,14.610110366084394,4.859885588073719,12.855202522066064,5.913460442851278
Gal(a1-3)Gal(b1-4)[Fuc(a1-3)]GlcNAc(b1-2)Man(a1-6)[Gal(a1-3)Gal(b1-4)[Fuc(a1-3)]GlcNAc(b1-2)Man(a1-3)]Man(b1-4)GlcNAc(b1-4)GlcNAc(b1-Sp20,54.5361242264473,18.36742374792481,12.926309381644865,9.458950479131742
GalNAc(a1-3)[Fuc(a1-2)]Gal(b1-3)GlcNAc(b1-2)Man(a1-6)[GalNAc(a1-3)[Fuc(a1-2)]Gal(b1-3)GlcNAc(b1-2)Man(a1-3)]Man(b1-4)GlcNAc(b1-4)GlcNAc(b1-Sp20,7.610688954523106,5.818706968906421,7.9279945772349345,10.555901180540358
Gal(a1-3)[Fuc(a1-2)]Gal(b1-3)GlcNAc(b1-2)Man(a1-6)[Gal(a1-3)[Fuc(a1-2)]Gal(b1-3)GlcNAc(b1-2)Man(a1-3)]Man(b1-4)GlcNAc(b1-4)GlcNAc(b1-Sp20,5.946412461868651,35.62758027300149,7.326954595362181,23.379440868902332
Fuc(a1-4)[Fuc(a1-2)Gal(b1-3)]GlcNAc(b1-2)Man(a1-3)[Fuc(a1-4)[Fuc(a1-2)Gal(b1-3)]GlcNAc(b1-2)Man(a1-3)]Man(b1-4)GlcNAc(b1-4)GlcNAc(b1-Sp19,14.148975307391224,6.43703357481793,20.879462119089663,12.925278435266547
Neu5Ac(a2-3)Gal(b1-4)GlcNAc(b1-3)GalNAc(a1-Sp14,8.411370379977727,6.751170755259165,11.155989995625674,4.086265504916032
Neu5Ac(a2-6)Gal(b1-4)GlcNAc(b1-3)GalNAc(a1-Sp14,17.36631413328209,6.6408600709923125,2.0532120078468927,4.988263518416672
Neu5Ac(a2-3)Gal(b1-4)[Fuc(a1-3)]GlcNAc(b1-3)GalNAc(a1-Sp14,2.969230976055358,1.8072485136250624,9.916234319034633,5.086017836513487
GalNAc(b1-4)GlcNAc(b1-2)Man(a1-6)[GalNAc(b1-4)GlcNAc(b1-2)Man(a1-3)]Man(b1-4)GlcNAc(b1-4)GlcNAc(a1-Sp12,15.185242914394484,27.074802706744965,23.672521699694318,23.748500848878106
Gal(b1-3)GalNAc(a1-3)[Fuc(a1-2)]Gal(b1-4)Glc(a1-Sp0,9.014374979997234,4.4414896085097375,11.150860302647798,12.226291442181747
Gal(b1-3)GalNAc(a1-3)[Fuc(a1-2)]Gal(b1-4)GlcNAc(a1-Sp0,11.256521878560005,7.250351931400753,16.928262481227456,4.928440471386463
Gal(b1-3)GlcNac(b1-3)Gal(b1-4)GlcNac(b1-6)[Gal(b1-3)GlcNac(b1-3)]Gal(b1-4)Glc(b1-Sp0,9.119540517664985,2.414137236329644,9.751066562988543,4.786796171675449
Gal(b1-4)[Fuc(a1-3)]GlcNAc(b1-6)[Gal(b1-3)GlcNAc(b1-3)]Gal(b1-4)Glc(a1-Sp21,5.945709199638567,8.946709990968749,8.645582973403236,4.544858936938163
Gal(b1-4)GlcNAc(b1-6)[Fuc(a1-4)[Fuc(a1-2)Gal(b1-3)]GlcNAc(b1-3)]Gal(b1-4)Glc(a1-Sp21,11.960705677202599,9.664704268626119,5.682198070875978,10.306094373557166
Gal(b1-4)[Fuc(a1-3)]GlcNAc(b1-6)[Fuc(a1-4)[Fuc(a1-2)Gal(b1-3)]GlcNAc(b1-3)]Gal(b1-4)Glc(a1-Sp21,7.173736845373313,6.4739627227713665,7.715149750328893,4.8934449245052996
Gal(b1-3)GlcNAc(b1-3)Gal(b1-4)[Fuc(a1-3)]GlcNAc(b1-6)[Gal(b1-3)GlcNAc(b1-3)]Gal(b1-4)Glc(a1-Sp21,16.926322513469966,9.861945611625767,11.977067503636553,6.3518692899544655
Gal(b1-4)GlcNac(b1-6)[Gal(b1-4)GlcNac(b1-2)]Man(a1-6)[Gal(b1-4)GlcNac(b1-4)[Gal(b1-4)GlcNac(b1-2)]Man(a1-3)]Man(b1-4)GlcNac(b1-4)GlcNac(b1-Sp21,6.373832199966773,3.237739271338345,7.936880283996981,22.390614304212562
GlcNac(b1-2)Man(a1-6)[GlcNac(b1-4)[GlcNac(b1-2)]Man(a1-3)]Man(b1-4)GlcNac(b1-4)GlcNac(a1-Sp21,6.1337927192317165,25.67283209872193,1.0279660597507223,46.18098502481855
Fuc(a1-2)Gal(b1-3)GalNAc(a1-3)[Fuc(a1-2)]Gal(b1-4)Glc(b1-Sp0,9.399525638873126,3.5507966007644134,9.350924787197963,24.16000182188184
Fuc(a1-2)Gal(b1-3)GalNAc(a1-3)[Fuc(a1-2)]Gal(b1-4)GlcNAc(b1-Sp0,10.554912634211293,7.659816745414556,2.8826247187531453,7.187725704977898
Gal(b1-3)GlcNAc(b1-3)GalNAc(a1-Sp14,24.75973592037416,16.557933347492373,6.430509449232362,1.284794790358885
GalNAc(b1-4)[Neu5Ac(a2-3)]Gal(b1-4)GlcNAc(b1-3)GalNAc(a1-Sp14,15.471741602569072,11.514683766970474,4.417868878769503,9.795028999957072
GalNAc(a1-3)[Fuc(a1-2)]Gal(b1-3)GalNAc(a1-3)[Fuc(a1-2)]Gal(b1-4)GlcNAc(b1-Sp0,18.142119562751397,9.09832085533736,8.017402164874435,3.6038097924280073
Gal(a1-3)Gal(b1-3)GlcNAc(b1-2)Man(a1-6)[Gal(a1-3)Gal(b1-3)GlcNAc(b1-2)Man(a1-3)]Man(b1-4)GlcNAc(b1-4)GlcNAc(a1-Sp19,23.510563226966013,31.46113341198416,7.257536840645938,11.713929126578336
Gal(a1-3)Gal(b1-3)[Fuc(a1-4)]GlcNAc(b1-2)Man(a1-6)[Gal(a1-3)Gal(b1-3)[Fuc(a1-4)]GlcNAc(b1-2)Man(a1-3)]Man(b1-4)GlcNAc(b1-4)GlcNAc(a1-Sp19,65.45150721294864,18.838743614755717,121.40882896638607,79.02470610104585
Neu5Ac(a2-3)Gal(b1-3)GlcNAc(b1-2)Man(a1-6)[Neu5Ac(a2-3)Gal(b1-3)GlcNAc(b1-2)Man(a1-3)]Man(b1-4)GlcNAc(b1-4)GlcNAc(a1-Sp19,17.272660704805524,8.624165288063303,21.234295326899844,13.13518476814594
GlcNAc(b1-2)Man(a1-6)[Gal(b1-4)GlcNAc(b1-2)Man(a1-3)]Man(b1-4)GlcNAc(b1-4)GlcNAc(a1-Sp12,4.782823143552352,3.694264450920284,10.194131431204237,25.49579529744565
Gal(b1-4)GlcNAc(b1-2)Man(a1-6)[GlcNAc(b1-2)Man(a1-3)]Man(b1-4)GlcNAc(b1-4)GlcNAc(a1-Sp12,8.6109882609373,6.321793747755983,2.4718736812048805,21.13770492199129
Neu5Ac(a2-3)Gal(b1-3)GlcNAc(b1-3)GalNAc(a1-Sp14,3.9490409320914037,23.69445066682281,6.936002521805918,5.143149642890694
Fuc(a1-2)Gal(b1-4)GlcNac(b1-3)GalNac(a1-Sp14,11.642916784895446,5.366906241650454,14.43606496683451,6.812050713441584
Gal(b1-4)[Fuc(a1-3)]GlcNac(b1-3)GalNac(a1-Sp14,20.38206218604568,4.175614575424797,2.9904801814814506,7.470195477306246
GalNac(a1-3)GalNac(b1-3)Gal(a1-4)Gal(b1-4)GlcNac(b1-Sp0,15.527580510685928,7.974604195193637,8.771917913242612,6.035137005625192
Gal(a1-4)Gal(b1-3)GlcNac(b1-2)Man(a1-6)[Gal(a1-4)Gal(b1-3)GlcNac(b1-2)Man(a1-3)]Man(b1-4)GlcNac(b1-4)GlcNac(b1-Sp19,8.034474199504283,7.689740108904858,9.62360136573968,59.94395786907256
Gal(a1-4)Gal(b1-4)GlcNac(b1-2)Man(a1-6)[Gal(a1-4)Gal(b1-4)GlcNac(b1-2)Man(a1-3)]Man(b1-4)GlcNac(b1-4)GlcNac(b1-Sp24,1.400920622305209,11.966495109088266,15.856196697716221,44.858794875846655
Gal(a1-3)Gal(b1-4)GlcNac(b1-3)GalNac(a1-Sp14,4.839623278985672,1.7776632627787936,5.076574372793067,5.249172846188882
Gal(b1-3)GlcNAc(b1-6)Gal(b1-4)GlcNAc(b1-Sp0,12.79663713959648,10.285364753700604,4.7136848193137,6.193764690934478
Gal(b1-3)GlcNAc(a1-6)Gal(b1-4)GlcNAc(b1-Sp0,9.720216529481226,1.5585405873765463,10.259882752213434,5.308636354093203
GalNAc(b1-3)Gal(a1-6)Gal(b1-4)Glc(b1-Sp8,9.360397718891724,6.766582249801843,5.090839306375053,6.571892515097913
Gal(a1-3)[Fuc(a1-2)]Gal(b1-4)[Fuc(a1-3)]Glc(b1-Sp21,6.500353764219298,12.294004819524849,4.148533333098978,7.628395334701786
Gal(b1-4)GlcNAc(b1-6)[Neu5Ac(a2-6)Gal(b1-3)GlcNAc(b1-3)]Gal(b1-4)Glc(a1-Sp21,9.593256433557897,12.035194829159725,16.882717984376793,8.318137286025435
Gal(b1-3)GalNAc(b1-4)[Neu5Ac(a2-8)Neu5Ac(a2-3)]Gal(b1-4)Glc(b1-Sp0,11.549394981953249,11.854634140389994,5.686308662626983,2.6457193368093006
Neu5Ac(a2-3)Gal(b1-3)GalNAc(b1-4)[Neu5Ac(a2-8)Neu5Ac(a2-3)]Gal(b1-4)Glc(b1-Sp0,10.733842719602649,6.7478272093072045,2.678553374958208,3.2438862499323253
Gal(a1-3)[Fuc(a1-2)]Gal(b1-4)GlcNAc(b1-3)GalNAc(a1-Sp14,22.269615115574716,6.155337853982222,16.591226850557696,6.981639139617072
GalNAc(a1-3)[Fuc(a1-2)]Gal(b1-4)GlcNAc(b1-3)GalNAc(a1-Sp14,7.784720326971723,14.265867340847757,29.20548760186174,4.5192115802058535
GalNAc(a1-3)GalNAc(b1-3)Gal(a1-4)Gal(b1-4)Glc(b1-Sp0,6.541619893930467,13.137431913049063,6.545635504351988,6.0536486782765975
Fuc(a1-2)Gal(b1-4)[Fuc(a1-3)]GlcNAc(b1-3)GalNAc(a1-Sp14,13.244019485884936,5.7365523428711125,3.7613497949539236,1.686598178780767
Gal(a1-3)[Fuc(a1-2)]Gal(b1-4)[Fuc(a1-3)]GlcNAc(b1-3)GalNAc(a1-Sp14,23.566109340799127,8.67968165564461,14.996646100684192,19.20259142431475
GalNAc(a1-3)[Fuc(a1-2)]Gal(b1-4)[Fuc(a1-3)]GlcNAc(b1-3)GalNAc(a1-Sp14,18.21736987236815,3.4531341902441834,13.966166604184322,21.84274524174634
Gal(b1-4)[Fuc(a1-3)]GlcNAc(b1-2)Man(a1-6)[Gal(b1-4)[Fuc(a1-3)]GlcNAc(b1-2)Man(a1-3)]Man(b1-4)GlcNAc(b1-4)[Fuc(a1-6)]GlcNAc(b1-Sp22,9.209413323469633,12.311303273922714,8.694645813947814,8.50557504150464
Fuc(a1-2)Gal(b1-4)GlcNAc(b1-2)Man(a1-6)[Fuc(a1-2)Gal(b1-4)GlcNAc(b1-2)Man(a1-3)]Man(b1-4)GlcNAc(b1-4)[Fuc(a1-6)]GlcNAc(b1-Sp22,28.21968362839433,32.39200283582096,61.540150519877386,82.8259190891558
GlcNAc(b1-2)[GlcNAc(b1-6)]Man(a1-6)[GlcNAc(b1-2)Man(a1-3)]Man(b1-4)GlcNAc(b1-4)GlcNAc(b1-Sp19,20.30853448331513,7.4655835007497355,2.5826143046662327,6.881676239296644
Fuc(a1-2)Gal(b1-3)GlcNAc(b1-3)GalNAc(a1-Sp14,3.4524391561136434,4.8237863568639305,11.127671138352957,10.312082136988632
Gal(a1-3)[Fuc(a1-2)]Gal(b1-3)GlcNAc(b1-3)GalNAc(a1-Sp14,10.839555180449064,2.001331592340467,6.286077619297527,3.3622104002922466
GalNAc(a1-3)[Fuc(a1-2)]Gal(b1-3)GlcNAc(b1-3)GalNAc(a1-Sp14,8.556574169023492,3.0426855489846405,5.570755515786588,5.6393800949956745
Gal(a1-3)Gal(b1-3)GlcNAc(b1-3)GalNAc(a1-Sp14,4.825795995394613,6.6397341701306125,11.19009298054906,6.1386757277119655
Fuc(a1-2)Gal(b1-3)GlcNAc(b1-2)Man(a1-6)[Fuc(a1-2)Gal(b1-3)GlcNAc(b1-2)Man(a1-3)]Man(b1-4)GlcNAc(b1-4)[Fuc(a1-6)]GlcNAc(b1-Sp22,26.66962828406132,19.15721702153017,15.625293062851595,23.984698680338997
Gal(a1-3)[Fuc(a1-2)]Gal(b1-4)GlcNAc(b1-2)Man(a1-6)[Gal(a1-3)[Fuc(a1-2)]Gal(b1-4)GlcNAc(b1-2)Man(a1-3)]Man(b1-4)GlcNAc(b1-4)[Fuc(a1-6)]GlcNAc(b1-Sp22,10.736179103503314,27.52904279040284,22.35864022093433,21.741586662891358
Gal(b1-3)GlcNAc(b1-6)[Gal(b1-3)GlcNAc(b1-2)]Man(a1-6)[Gal(b1-3)GlcNAc(b1-2)Man(a1-3)]Man(b1-4)GlcNAc(b1-4)GlcNAc(b1-Sp19,13.635550152206344,15.705519149091922,9.282166035423632,31.459745268663074
Gal(b1-4)GlcNAc(b1-6)[Fuc(a1-2)Gal(b1-3)GlcNAc(b1-3)]Gal(b1-4)Glc(a1-Sp21,7.957026023322612,8.003792691124628,108.96035843177114,3.462346216560865
Fuc(a1-3)GlcNAc(b1-6)[Gal(b1-4)GlcNAc(b1-3)]Gal(b1-4)Glc(a1-Sp21,11.461825679583802,13.323014163594268,3.4240412296729272,4.384703639548136
GlcNAc(b1-2)Man(a1-6)[GlcNAc(b1-4)][GlcNAc(b1-2)Man(a1-3)]Man(b1-4)GlcNac(b1-4)GlcNAc(a1-Sp21,2.08616419775626,3.8538245768543637,9.026624553092919,5.725368514704244
GlcNAc(b1-2)Man(a1-6)[GlcNAc(b1-4)][GlcNAc(b1-4)[GlcNAc(b1-2)]Man(a1-3)]Man(b1-4)GlcNAc(b1-4)GlcNAc(a1-Sp21,6.162916390530268,11.87895640628839,5.628976349213054,7.505856513583254
GlcNAc(b1-6)[GlcNAc(b1-2)]Man(a1-6)[GlcNAc(b1-4)][GlcNAc(b1-2)Man(a1-3)]Man(b1-4)GlcNAc(b1-4)GlcNAc(a1-Sp21,4.2626486015152665,6.401493365028192,8.473433657172276,3.0284609589690943
GlcNAc(b1-6)[GlcNAc(b1-2)]Man(a1-6)[GlcNAc(b1-4)][GlcNAc(b1-4)[GlcNAc(b1-2)]Man(a1-3)]Man(b1-4)GlcNAc(b1-4)GlcNAc(a1-Sp21,18.14956080852922,4.653881209180859,6.335160396285692,7.942901690765575
Gal(b1-4)GlcNAc(b1-2)Man(a1-6)[GlcNAc(b1-4)][Gal(b1-4)GlcNAc(b1-2)Man(a1-3)]Man(b1-4)GlcNAc(b1-4)GlcNAc(a1-Sp21,11.531675627592035,6.944299041659996,4.245284887574289,7.40973567814669
Gal(b1-4)GlcNAc(b1-2)Man(a1-6)[GlcNAc(b1-4)][Gal(b1-4)GlcNAc(b1-4)[Gal(b1-4)GlcNAc(b1-2)]Man(a1-3)]Man(b1-4)GlcNAc(b1-4)GlcNAc(a1-Sp21,10.503149067620932,16.26819440472728,4.8078913197471485,4.490663815350684
Gal(b1-4)GlcNAc(b1-6)[Gal(b1-4)GlcNAc(b1-2)]Man(a1-6)[GlcNAc(b1-4)][Gal(b1-4)GlcNAc(b1-2)Man(a1-3)]Man(b1-4)GlcNAc(b1-4)GlcNAc(a1-Sp21,10.192082045841596,9.461169454318703,4.550557785865379,9.554833307808153
Gal(b1-4)GlcNAc(b1-6)[Gal(b1-4)GlcNAc(b1-2)]Man(a1-6)[GlcNAc(b1-4)][Gal(b1-4)GlcNAc(b1-4)[Gal(b1-4)GlcNAc(b1-2)]Man(a1-3)]Man(b1-4)GlcNAc(b1-4)GlcNAc(a1-Sp21,2.8188388866990386,3.5904894958765765,20.55557443963398,4.799197256833696
Gal(b1-4)Gal(b1-Sp10,14.51758370353575,22.581129911203888,9.106072098879961,3.4186593292059237
Gal(b1-6)Gal(b1-Sp10,8.0540956581109,3.8499878210846346,5.416469352508772,18.46426094576583
Neu5Ac(a2-3)Gal(b1-4)GlcNAc(b1-3)Gal(b1-Sp8,10.801988876244028,11.285792503076696,8.743693751308232,8.753167395291825
GalNAc(b1-6)GalNAc(b1-Sp8,1.5882590563255086,4.655184070385045,0.4985496230735041,5.970165355052294
(6S)Gal(b1-3)GlcNAc(b1-Sp0,5.729441487251053,7.839898006564478,10.14227432235985,3.256248907741336
(6S)Gal(b1-3)(6S)GlcNAc(a1-Sp0,7.2933087239834675,3.9137514138185465,7.803927374299008,5.945234402093266
Fuc(a1-2)Gal(b1-4) GlcNAc(b1-2)Man(a1-6)[Fuc(a1-2)Gal(b1-4)GlcNAc(b1-2)[Fuc(a1-2)Gal(b1-4)GlcNAc(b1-4)]Man(a1-3)]Man(b1-4)GlcNAc(b1-4)GlcNAc(b1-N,16.825774591084954,11.676380074428014,15.15951283320147,16.862967183421965
Fuc(a1-2)Gal(b1-4)[Fuc(a1-3)]GlcNAc(b1-2)Man(a1-6)[Fuc(a1-2)Gal(b1-4)[Fuc(a1-3)]GlcNAc(b1-4)[Fuc(a1-2)Gal(b1-4)[Fuc(a1-3)]GlcNAc(b1-2)]Man(a1-3)]Man(b1-4)GlcNAc(b1-4)GlcNAc(b1-N,14.811473446847437,5.4755286833784425,1.7301214774306082,5.504278107299824
Gal(b1-4)[Fuc(a1-3)]GlcNAc(b1-6)GalNAc(a1-Sp14,5.289815776880456,8.992452301560089,11.343199687441224,6.60464688735641
Gal(b1-4)GlcNAc(b1-2)Man(a1-Sp0,5.386678854591203,14.546209587036762,9.631648198993084,10.760780894332594
Fuc(a1-2)Gal(b1-4)GlcNAc(b1-6)[Fuc(a1-2)Gal(b1-4)GlcNAc(b1-3)]GalNAc(a1-Sp14,10.08242127314499,6.510528597267148,2.04721150897995,4.765762094006236
Gal(a1-3)Fuc(a1-2)Gal(b1-4)GlcNAc(b1-6)[Gal(a1-3)Fuc(a1-2)Gal(b1-4)GlcNAc(b1-3)]GalNAc(a1-Sp14,6.200084535109178,5.763627125054732,4.964236899061123,10.487320778603733
GalNAc(a1-3)[Fuc(a1-2)]Gal(b1-4)GlcNAc(b1-6)[GalNAc(a1-3)[Fuc(a1-2)]Gal(b1-4)GlcNAc(b1-3)]GalNAc(a1-Sp14,1.2509846958163369,11.205261810529025,4.289577234316535,1.7126402061826531
Neu5Ac(a2-8)Neu5Ac(a2-3)Gal(b1-3)GalNAc(b1-4)[Neu5Ac(a2-8)Neu5Ac(a2-3)]Gal(b1-4)Glc(b1-Sp0,15.730815352332089,6.3767550585440125,6.80139619024408,9.534545491483414
GalNAc(b1-4)Gal(b1-4)Glc(b1-Sp0,2.8553858774545087,4.187598296955762,13.63173461253801,6.433108535537072
GalNAc(a1-3)[Fuc(a1-2)]Gal(b1-4)GlcNAc(b1-2)Man(a1-6)[GalNAc(a1-3)[Fuc(a1-2)]Gal(b1-4)GlcNAc(b1-2)Man(a1-3)]Man(b1-4)GlcNAc(b1-4)[Fuc(a1-6)]GlcNAc(b1-Sp22,16.824997619291576,46.38426520193382,16.984693509819788,20.118815351555927
Gal(a1-3)[Fuc(a1-2)]Gal(b1-3)GlcNAc(b1-2)Man(a1-6)[Gal(a1-3)[Fuc(a1-2)]Gal(b1-3)GlcNAc(b1-2)Man(a1-3)]Man(b1-4)GlcNAc(b1-4)[Fuc(a1-6)]GlcNAc(b1-Sp22,22.471825379794694,28.932719070788067,52.45935277097868,14.688927488049874
Neu5Ac(a2-6)Gal(b1-4)GlcNAc(b1-6)[Fuc(a1-2)Gal(b1-3)GlcNAc(b1-3)]Gal(b1-4)Glc(a1-Sp21,3.5082867246706133,3.4457612205674795,8.323304904103106,2.725266209626751
GalNAc(a1-3)[Fuc(a1-2)]Gal(b1-3)GlcNAc(b1-2)Man(a1-6)[GalNAc(a1-3)[Fuc(a1-2)]Gal(b1-3)GlcNAc(b1-2)Man(a1-3)]Man(b1-4)GlcNAc(b1-4)[Fuc(a1-6)]GlcNAc(b1-Sp22,15.802850984447884,78.20665533040753,41.6602190112172,24.942945757651344
Gal(b1-4)GlcNAc(b1-6)[Gal(b1-4)GlcNAc(b1-2)]Man(a1-6)[Gal(b1-4)GlcNAc(b1-2)Man(a1-3)]Man(b1-4)GlcNAc(b1-4)GlcNAc(b1-Sp19,14.129537082385252,3.5432991560361216,7.507709684273451,11.697632326066392
Neu5Ac(a2-3)Gal(b1-4)GlcNAc(b1-2)Man(a1-6)[GlcNAc(b1-4)][Neu5Ac(a2-3)Gal(b1-4)GlcNAc(b1-2)Man(a1-3)]Man(b1-4)GlcNAc(b1-4)GlcNAc(b1-Sp21,9.970047172865662,6.431394730538628,8.818320209654447,3.145065280191606
Neu5Ac(a2-3)Gal(b1-4)GlcNAc(b1-4)Man(a1-6)[GlcNAc(b1-4)][Neu5Ac(a2-3)Gal(b1-4)GlcNAc(b1-4)[Neu5Ac(a2-3)Gal(b1-4)GlcNAc(b1-2)]Man(a1-3)]Man(b1-4)GlcNAc(b1-4)GlcNAc(b1-Sp21,12.36040498133051,7.200150588008556,4.73372291859167,2.029503471295381
Neu5Ac(a2-3)Gal(b1-4)GlcNAc(b1-6)[Neu5Ac(a2-3)Gal(b1-4)GlcNAc(b1-2)]Man(a1-6)[GlcNAc(b1-4)][Neu5Ac(a2-3)Gal(b1-4)GlcNAc(b1-2)Man(a1-3)]Man(b1-4)GlcNAc(b1-4)GlcNAc(b1-Sp21,2.0542272561720134,7.2157062760688895,9.71287813862778,4.740488035617571
Neu5Ac(a2-3)Gal(b1-4)GlcNAc(b1-6)[Neu5Ac(a2-3)Gal(b1-4)GlcNAc(b1-2)]Man(a1-6)[GlcNAc(b1-4)][Neu5Ac(a2-3)Gal(b1-4)GlcNAc(b1-4)[Neu5Ac(a2-3)Gal(b1-4)GlcNAc(b1-2)]Man(a1-3)]Man(b1-4)GlcNAc(b1-4)GlcNAc(b1-Sp21,3.284112238236278,5.364602611564028,4.829664666326915,5.422019798623637
Neu5Ac(a2-6)Gal(b1-4)GlcNAc(b1-2)Man(a1-6)[GlcNAc(b1-4)][Neu5Ac(a2-6)Gal(b1-4)GlcNAc(b1-2)Man(a1-3)]Man(b1-4)GlcNAc(b1-4)GlcNAc(b1-Sp21,8.549164110163046,8.282929676700551,1.970854705451397,10.510577062614908
Neu5Ac(a2-6)Gal(b1-4)GlcNAc(b1-4)Man(a1-6)[GlcNAc(b1-4)][Neu5Ac(a2-6)Gal(b1-4)GlcNAc(b1-4)[Neu5Ac(a2-6)Gal(b1-4)GlcNAc(b1-2)]Man(a1-3)]Man(b1-4)GlcNAc(b1-4)GlcNAc(b1-Sp21,7.1889860608085785,4.813068787080313,7.5620058364166844,3.433735920126453
Neu5Ac(a2-6)Gal(b1-4)GlcNAc(b1-6)[Neu5Ac(a2-6)Gal(b1-4)GlcNAc(b1-2)]Man(a1-6)[GlcNAc(b1-4)][Neu5Ac(a2-6)Gal(b1-4)GlcNAc(b1-2)Man(a1-3)]Man(b1-4)GlcNAc(b1-4)GlcNAc(b1-Sp21,13.85671433334155,23.55876818955453,9.656762589501724,13.424306773784142
Neu5Ac(a2-6)Gal(b1-4)GlcNAc(b1-6)[Neu5Ac(a2-6)Gal(b1-4)GlcNAc(b1-2)]Man(a1-6)[GlcNAc(b1-4)][Neu5Ac(a2-6)Gal(b1-4)GlcNAc(b1-4)[Neu5Ac(a2-6)Gal(b1-4)GlcNAc(b1-2)]Man(a1-3)]Man(b1-4)GlcNAc(b1-4)GlcNAc(b1-Sp21,3.9292732360238487,18.812101283370094,5.868626777123134,3.6309677608042734
Gal(a1-3)[Fuc(a1-2)]Gal(b1-3)GalNAc(a1-Sp8,4.46363316966497,16.093245157829426,16.302916869587065,8.051774320556095
Gal(a1-3)[Fuc(a1-2)]Gal(b1-3)GalNAc(b1-Sp8,6.094340362719058,10.564366706488686,6.624017699440408,5.529050602650196
Glc(a1-6)Glc(a1-6)Glc(a1-6)Glc(b1-Sp10,11.270747618799145,23.30799267166747,7.440680147002692,11.775783786051502
Glc(a1-4)Glc(a1-4)Glc(a1-4)Glc(b1-Sp10,2.563709990749081,8.199328410912686,4.518872608202923,5.579429668881934
Neu5Ac(a2-3)Gal(b1-4)GlcNAc(b1-6)[Neu5Ac(a2-3)Gal(b1-4)GlcNAc(b1-3)]GalNAc(a1-Sp14,5.183601357084344,5.136312735400106,11.526376484394396,11.053768720516398
Fuc(a1-2)Gal(b1-4)[Fuc(a1-3)]GlcNAc(b1-2)Man(a1-6)[Fuc(a1-2)Gal(b1-4)[Fuc(a1-3)]GlcNAc(b1-2)Man(a1-3)]Man(b1-4)GlcNAc(b1-4)[Fuc(a1-6)]GlcNAc(b1-Sp24,74.24853827450075,21.076165677114197,5.727230198141171,25.761469141657557
Fuc(a1-2)Gal(b1-3)[Fuc(a1-4)]GlcNAc(b1-2)Man(a1-6)[Fuc(a1-2)Gal(b1-3)[Fuc(a1-4)]GlcNAc(b1-2)Man(a1-3)]Man(b1-4)GlcNAc(b1-4)[Fuc(a1-6)]GlcNA(cb-S)p(1-4)[Fuc(a1-6)]GlcNAc(b1-Sp19,35.32673463507019,27.905260102159357,13.524957102921212,9.7415165400464
Neu5Ac(a2-3)Gal(b1-3)GlcNAc(b1-6)[Neu5Ac(a2-3)Gal(b1-4)GlcNAc(b1-2)]Man(a1-6)[Neu5Ac(a2-3)Gal(b1-3)GlcNAc(b1-2)Man(a1-3)]Man(b1-4)GlcNAc(b1-4)GlcNAc(b1-Sp19,16.40523130406883,9.073347332342859,25.420593821070238,18.4347300154491
GlcNAc(b1-6)[GlcNAc(b1-2)]Man(a1-6)[GlcNAc(b1-2)Man(a1-3)]Man(b1-4)GlcNAc(b1-4)[Fuc(a1-6)]GlcNAc(b1-Sp24,18.35942697508105,11.572723503818498,7.828355378792324,3.385313047439877
Gal(b1-3)GlcNAc(b1-2)Man(a1-6)[GlcNAc(b1-4)][Gal(b1-3)GlcNAc(b1-2)Man(a1-3)]Man(b1-4)GlcNAc(b1-4)GlcNAc(b1-Sp21,23.16011936087557,41.97887021486721,14.282966082365439,13.781371552203254
Neu5Ac(a2-6)Gal(b1-4)GlcNAc(b1-6)[Gal(b1-3)GlcNAc(b1-3)]Gal(b1-4)Glc(b1-Sp21,11.048742463737671,3.4466364695646785,3.193283304061825,1.3704114476438587
Neu5Ac(a2-3)Gal(b1-4)GlcNAc(b1-2)Man(a1-Sp0,6.610399389346052,7.158594973875825,4.302039827318353,15.864873210649991
Neu5Ac(a2-3)Gal(b1-4)GlcNAc(b1-6)GalNAc(a1-Sp14,6.891128916222653,8.904997037993137,3.2294400572441835,4.287918561493441
Neu5Ac(a2-6)Gal(b1-4)GlcNAc(b1-6)GalNAc(a1-Sp14,2.86713216530618,5.992307971057553,15.03779086002993,18.46825102807067
Neu5Ac(a2-6)Gal(b1-4)GlcNAc(b1-6)[Neu5Ac(a2-6)Gal(b1-4)GlcNAc(b1-3)]GalNAc(a1-Sp14,10.790301032987909,25.665111818105,8.188580415991941,3.7685571465305774
Neu5Ac(a2-6)Gal(b1-4)GlcNAc(b1-2)Man(a1-6)[Neu5Ac(a2-6)Gal(b1-4)GlcNAc(b1-2)Man(a1-3)]Man(b1-4)GlcNAc(b1-4)[Fuc(a1-6)]GlcNAc(b1-Sp24,3.5438149513154067,2.2491987454795463,6.7145811313265575,6.7201606280406265
Neu5Ac(a2-3)Gal(b1-4)GlcNAc(b1-2)Man(a1-6)[Neu5Ac(a2-3)Gal(b1-4)GlcNAc(b1-2)Man(a1-3)]Man(b1-4)GlcNAc(b1-4)[Fuc(a1-6)]GlcNAc(b1-Sp24,7.073478817385397,7.262623742778272,7.249809208696463,15.404899815859412
Man(a1-6)[Man(a1-3)]Man(b1-4)GlcNAc(b1-4)[Fuc(a1-6)]GlcNAc(b1-Sp19,158.68996117495053,184.35726828018986,1696.4631119718897,302.284419585865
Gal(b1-4)GlcNAc(b1-6)[Gal(b1-4)GlcNAc(b1-2)]Man(a1-6)[Gal(b1-4)GlcNAc(b1-2)Man(a1-3)]Man(b1-4)GlcNAc(b1-4)[Fuc(a1-6)]GlcNAc(b1-Sp24,10.671082996701887,14.177708768197824,7.323887901643045,1.5916834303654717
Neu5Ac(a2-3)Gal(b1-3)GlcNAc(b1-2)Man(a1-6)[GlcNAc(b1-4)][Neu5Ac(a2-3)Gal(b1-3)GlcNAc(b1-2)Man(a1-3)]Man(b1-4)GlcNAc(b1-4)GlcNAc(a1-Sp21,3.787211785623621,21.995697156413716,4.556810699381705,24.87916588183443
Neu5Ac(a2-6)Gal(b1-4)GlcNAc(b1-6)[Fuc(a1-2)Gal(b1-4)[Fuc(a1-3)]GlcNAc(b1-3)]Gal(b1-4)Glc(a1-Sp21,1.857723887583944,15.23303528639866,10.812888140547836,4.465749059508383
Gal(b1-3)GlcNAc(b1-6)GalNAc(a1-Sp14,10.002618363541954,5.242059699122733,18.2852079055722,11.6802514174924
Gal(a1-3)Gal(b1-3)GlcNAc(b1-6)GalNAc(a1-Sp14,4.056778775806409,14.888847923865704,4.5837678307988785,3.9175009457561054
Gal(b1-3)[Fuc(a1-4)]GlcNAc(b1-6)GalNAc(a1-Sp14,18.20557591005198,13.57681473517751,14.487992802547467,25.64026388467625
Neu5Ac(a2-3)Gal(b1-3)GlcNAc(b1-6)GalNAc(a1-Sp14,7.451900766638894,4.7026509561983625,5.859302969352813,3.2746324949017804
(3S)Gal(b1-3)[Fuc(a1-4)]GlcNAc(b1-Sp0,9.20239513727269,9.669222223977822,4.755438686738933,4.125983013375925
Gal(b1-4)[Fuc(a1-3)]GlcNAc(b1-6)[Neu5Ac(a2-6)[Neu5Ac(a2-3)Gal(b1-3)]GlcNAc(b1-3)]Gal(b1-4)Glc(a1-Sp21,1.448059778634836,20.66000997248872,7.361315548811003,10.016314832145934
Fuc(a1-2)Gal(b1-4)GlcNAc(b1-6)GalNAc(a1-Sp14,18.128113195531377,24.235254522888063,19.50501357395068,10.245791707615053
Gal(a1-3)Gal(b1-4)GlcNAc(b1-6)GalNAc(a1-Sp14,6.313862365198232,12.105466459551794,6.364156213513299,17.777694485412518
Gal(b1-4)[Fuc(a1-3)]GlcNAc(b1-2)Man(a1-Sp0,5.583057061025498,11.244099732748742,13.055363635782035,5.562660132526525
Fuc(a1-2)(6S)Gal(b1-3)GlcNAc(b1-Sp0,5.563524395261219,5.533120060749352,0.8309837317902046,5.257660961555686
Gal(a1-3)[Fuc(a1-2)]Gal(b1-4)GlcNAc(b1-6)GalNAc(a1-Sp14,4.431941340898664,1.2457189209448656,12.066780760970724,0.7199615290647856
Fuc(a1-2)Gal(b1-4)GlcNAc(b1-2)Man(a1-Sp0,8.468320180285653,11.944158219362578,19.349059178592306,12.21127089946005
Fuc(a1-2)Gal(b1-3)(6S)GlcNAc(b1-Sp0,3.855737989347831,7.919912068114562,25.169392284330183,2.0321338511935134
Fuc(a1-2)(6S)Gal(b1-3)(6S)GlcNAc(b1-Sp0,8.932256767842427,12.873623273836586,7.097704108313239,14.400545749380464
Neu5Ac(a2-6)GalNAc(b1-4)(6S)GlcNAc(b1-Sp8,3.1068803403360583,12.096101443991499,1.5925928816451076,6.011968108697853
GalNAc(b1-4)[Fuc(a1-3)](6S)GlcNAc(b1-Sp8,5.2028520310178585,3.6665621403661817,6.465333921448552,3.730264480681407
(3S)GalNAc(b1-4)[Fuc(a1-3)]GlcNAc(b1-Sp8,10.834046585456132,25.911603012099942,0.6246998372552056,5.6794830289237925
Fuc(a1-2)Gal(b1-3)GlcNAc(b1-6)[Fuc(a1-2)Gal(b1-3)GlcNAc(b1-3)]GalNAc(a1-Sp14,18.344402167237106,27.033048719715296,3.8315061198785414,3.0242365477367392
GalNAc(a1-3)[Fuc(a1-2)]Gal(b1-3)GlcNAc(b1-6)GalNAc(a1-Sp14,8.330845159806216,5.986861662563003,6.960699118383629,4.5694006414955695
GlcNAc(b1-6)[GlcNAc(b1-2)]Man(a1-6)[GlcNAc(b1-4)][GlcNAc(b1-4)[GlcNAc(b1-2)]Man(a1-3)]Man(b1-4)GlcNAc(b1-4)[Fuc(a1-6)]GlcNAc(a1-Sp21,7.875621224174423,6.609421123668849,2.6788767862358505,3.3541907830602984
Gal(b1-4)GlcNAc(b1-6)[Gal(b1-4)GlcNAc(b1-2)]Man(a1-6)[GlcNAc(b1-4)]Gal(b1-4)GlcNAc(b1-4)[Gal (b1-4)GlcNAc(b1-2)]Man(a1-3)]Man(b1-4)GlcNAc(b1-4)[Fuc(a1-6)]GlcNAc(a1-Sp21,5.840813062123004,6.334533698439583,15.099579354267895,5.888372314428947
Gal(b1-3)GlcNAc(a1-3)Gal(b1-4)GlcNAc(b1-Sp8 ,5.1193696112574925,9.237720647252038,2.428845027305505,5.590149769609638
Gal(b1-3)(6S)GlcNAc(b1-Sp8 ,4.465133945732587,4.711373928767137,8.146123083354853,9.354098047513721
(6S)(4S)GalNAc(b1-4)GlcNAc(a1-Sp8,13.070421901472805,2.04311656605784,6.460718576391745,3.032224827168988
(6S)GalNAc(b1-4)GlcNAc(a1-Sp8 ,4.857026087707027,5.6130932235859605,1.4996904236097124,7.460542564887628
(3S)GalNAc(b1-4)(3S)GlcNAc(a1-Sp8,11.416285272802167,11.647174740825925,6.758830976335088,3.3159769128669607
GalNAc(b1-4)(6S)GlcNAc(a1-Sp8 ,4.316365125503928,9.601249269192364,2.2309809060889094,2.9924794184755834
(3S)GalNAc(b1-4)GlcNAc(a1-Sp8 ,3.4298231703690014,3.138148495530464,4.324793610875167,8.989474135296605
(4S)GalNac(b1-Sp10,10.644703291739352,5.8226750045976825,14.00963761772588,9.985871939353457
Gal(b1-4)(6P)GlcNAc(b1-Sp0 ,6.346026043123378,11.956046915926411,9.91719255064994,4.944371925398278
(6P)Gal(b1-4)GlcNAc(b1-SP0 ,41.0264109783259,18.512899786275167,18.150062628082935,11.98166698151111
GalNAc(a1-3)[Fuc(a1-2)]Gal(b1-4)GlcNAc(b1-6)GalNAc(a1-Sp14,4.785736440977508,6.110789125527631,8.971766334080117,7.8057109556080775
Neu5Ac(a2-6)Gal(b1-4)GlcNAc(b1-2)Ma(n1-Sp0,4.750359337285269,6.014971651568004,4.085447566158856,5.119960953627149
Gal(a1-3)Gal(b1-4)GlcNAc(b1-2)Man(a1-Sp0,11.112858743815654,4.1754388663548685,6.079984479352442,6.176702313465222
Gal(a1-3)[Fuc(a1-2)]Gal(b1-4)GlcNAc(b1-2)Man(a1-Sp0,5.092980771611058,3.37776788167867,15.390902840639336,4.408082120000339
GalNAc(a1-3)[Fuc(a1-2)]Gal(b1-4) GlcNAc(b1-2)Man(a1-Sp0,7.805422692109637,7.363211682581174,5.737787427440997,2.607756667457044
 Gal(b1-3)GlcNAc(b1-2)Man(a1-Sp0,7.089739864762317,5.943440643474117,20.36755935550452,4.2635017262808725
Gal(a1-3)[Fuc(a1-2)]Gal(b1-3)GlcNAc(b1-6)GalNAc(a1-Sp14,3.8774977352239257,4.892568095250859,6.809821737754954,3.4619145785485084
Neu5Ac(a2-3)Gal(b1-3)GlcNAc(b1-2)Man(a1-Sp0,4.984796397965184,19.27348642418733,13.782586675100825,8.803137863805533
Gal(a1-3)Gal(b1-3)GlcNAc(b1-2)Man(a1-Sp0,1.9782950696243584,36.54383986596334,4.606394740195415,21.64511397496365
GalNAc(b1-4)GlcNAc(b1-2)Man(a1-Sp0,6.594043411797247,23.62503181817965,4.0250684750904115,8.19899107263611
Neu5Ac(a2-3)Gal(b1-3)GlcNAc(b1-4)Gal(b1-4)Glc(b1-Sp0,8.696875913606371,11.62977652103291,9.63578311693797,6.0749713290818725
GlcNAc(b1-2) Man(a1-6)[GlcNAc(b1-4)][GlcNAc(b1-2)Man(a1-3)]Man(b1-4)GlcNAc(b1-4)[Fuc(a1-6)]GlcNAc(a1-Sp21,14.73697398391203,13.482802039728243,2.337537161736684,8.633169250194273
Gal(b1-4)GlcNAc(b1-2)Man(a1-6)[GlcNAc(b1-4)][Gal(b1-4)GlcNAc(b1-2)Man(a1-3)]Man(b1-4)GlcNAc(b1-4)[Fuc(a1-6)]GlcNAc(a1-Sp21,11.0318951875913,12.359232844989474,3.112634741394062,2.236058067969911
Gal(b1-4)GlcNAc(b1-2)Man(a1-6)[Gal(b1-4)GlcNAc(b1-4)][Gal(b1-4)GlcNAc(b1-2)Man(a1-3)]Man(b1-4)GlcNAc(b1-4)[Fuc(a1-6)]GlcNAc(a1-Sp21,4.785369252906894,5.866921874018214,12.368505354427436,5.073590648643228
Fuc(a1-4)[Gal(b1-3)]GlcNAc(b1-2)Man(a1-Sp0,2.2799834580905785,21.116772853429413,7.814032530433113,11.391251841471734
Neu5Ac(a2-3)Gal(b1-4)[Fuc(a1-3)]GlcNAc(b1-2)Man(a1-Sp0,11.895352968106218,11.110476788261616,5.821647272608214,18.406481063654358
GlcNAc(b1-3)Gal(b1-4)GlcNAc(b1-6)[GlcNAc(b1-3)]Gal(b1-4)GlcNAc(a1-Sp0,18.45611919653389,5.404132737698685,5.5982524517329,7.4295244317856595
GalNAc(a1-3)[Fuc(a1-2)]Gal(b1-3)GalNAc(b1-3)Gal(a1-4)Gal(b1-4)Glc(a1-Sp21,4.097258999624026,10.490030708089787,9.814808760235724,3.5843997195020783
Gal(a1-3)[Fuc(a1-2)]Gal(b1-3)GalNAc(b1-3)Gal(a1-4)Gal(b1-4)Glc(a1-Sp21,12.02951019157333,8.63667644139418,12.322705953645082,10.992755160407548
Gal(b1-3)GalNAc(b1-3)Ga(l1-Sp21,9.226400325334543,6.071143869911718,3.3723516725474663,1.3286676396551071
GlcNAc(b1-3)Gal(b1-4)GlcNAc(b1-2)Man(a1-6)[GlcNAc(b1-3)Gal(b1-4)GlcNAc(b1-2)Man(a1-3)]Man(b1-4)GlcNAc(b1-4)GlcNAc(b1-Sp12,27.113200582173338,31.073823474576894,10.988192889187912,36.76257301264428
GlcNAc(b1-3)Gal(b1-4)GlcNAc(b1-2)Man(a1-6)[GlcNAc(b1-3)Gal(b1-4)GlcNAc(b1-2)Man(a1-3)]Man(b1-4)GlcNAc(b1-4)GlcNAc(b1-Sp25,7.89592750615784,5.048687503615831,11.60364676944278,14.351722816762006
Gal(b1-4)GlcNAc(b1-3)Gal(b1-4)GlcNAc(b1-2)Man(a1-6)[Gal(b1-4)GlcNAc(b1-3)Gal(b1-4)GlcNAc(b1-2)Man(a1-3)]Man(b1-4)GlcNAc(b1-4)GlcNAc(b1-Sp12,16.922751207841653,16.856196992476278,27.175752409868952,24.082717293112808
Gal(b1-4)GlcNAc(b1-3)Gal(b1-4)GlcNAc(b1-2)Man(a1-6)[Gal(b1-4)GlcNAc(b1-3)Gal(b1-4)GlcNAc(b1-2)Man(a1-3)]Man(b1-4)GlcNAc(b1-4)GlcNAc(b1-Sp24,8.607543848034345,2.6201499454547785,9.293530604090499,10.303601843489831
Neu5Gc(a2-3)Gal(b1-4)GlcNAc(b1-3)Gal(b1-4)GlcNAc(b1-2)Man(a1-6)[Neu5Gc(a2-3)Gal(b1-4)GlcNAc(b1-3)Gal(b1-4)GlcNAc(b1-2)Man(a1-3)]Man(b1-4)GlcNAc(b1-4)GlcNAc(b1-Sp24,10.923652898641558,9.04206600304009,8.774609365046784,7.783137008087847
Fuc(a1-2)Gal(b1-4)GlcNAc(b1-3)Gal(b1-4)GlcNAc(b1-2)Man(a1-6)[Fuc(a1-2)Gal(b1-4)GlcNAc(b1-3)Gal(b1-4)GlcNAc(b1-2)Man(a1-3)]Man(b1-4)GlcNAc(b1-4)GlcNAc(b1-Sp24,4.409743150022081,8.738059672633272,5.642780126261639,4.662475490552317
GlcNAc(b1-3)Gal(b1-4)GlcNAc(b1-3)Gal(b1-4)GlcNAc(b1-2)Man(a1-6)[GlcNAc(b1-3)Gal(b1-4)GlcNAc(b1-3)Gal(b1-4)GlcNAc(b1-2)Man(a1-3)]Man(b1-4)GlcNAc(b1-4)GlcNAc(b1-Sp12,22.033209022045803,29.80625980689011,20.38901621108361,10.081238883978068
GlcNAc(b1-3)Gal(b1-4)GlcNAc(b1-3)Gal(b1-4)GlcNAc(b1-2)Man(a1-6)[GlcNAc(b1-3)Gal(b1-4)GlcNAc(b1-3)Gal(b1-4)GlcNAc(b1-2)Man(a1-3)]Man(b1-4)GlcNAc(b1-4)GlcNAc(b1-Sp25,5.1722243354930635,14.137614495233375,7.977992751051698,17.578111299259838
Gal(b1-4)GlcNAc(b1-3)Gal(b1-4)GlcNAc(b1-3)Gal(b1-4)GlcNAc(b1-2)Man(a1-6)[Gal(b1-4)GlcNAc(b1-3)Gal(b1-4)GlcNAc(b1-3)Gal(b1-4)GlcNAc(b1-2)Man(a1-3)]Man(b1-4)GlcNAc(b1-4)GlcNAc(b1-Sp12,7.497738753561992,11.440489748549455,12.572484716236296,19.328558516437283
Gal(b1-4)GlcNAc(b1-3)Gal(b1-4)GlcNAc(b1-3)Gal(b1-4)GlcNAc(b1-2)Man(a1-6)[Gal(b1-4)GlcNAc(b1-3)Gal(b1-4)GlcNAc(b1-3)Gal(b1-4)GlcNAc(b1-2)Man(a1-3)]Man(b1-4)GlcNAc(b1-4)GlcNAc(b1-Sp24,6.993451400357808,3.2045116896598618,10.488969396148187,18.85041506640724
GlcNAc(b1-3)Gal(b1-4)GlcNAc(b1-3)Gal(b1-4)GlcNAc(b1-3)Gal(b1-4)GlcNAc(b1-2)Man(a1-6)[GlcNAc(b1-3)Gal(b1-4)GlcNAc(b1-3)Gal(b1-4)GlcNAc(b1-3)Gal(b1-4)GlcNAc(b1-2)Man(a1-3)]Man(b1-4)GlcNAc(b1-4)GlcNAc(b1-Sp25,8.860066666933172,68.89116570719847,13.996693529157755,10.102543273519462
Gal(b1-4)GlcNAc(b1-3)Gal(b1-4)GlcNAc(b1-3)Gal(b1-4)GlcNAc(b1-3)Gal(b1-4)GlcNAc(b1-2)Man(a1-6)[Gal(b1-4)GlcNAc(b1-3)Gal(b1-4)GlcNAc(b1-3)Gal(b1-4)GlcNAc(b1-3)Gal(b1-4)GlcNAc(b1-2)Man(a1-3)]Man(b1-4)GlcNAc(b1-4)GlcNAc(b1-Sp25,20.386122125684768,19.34266909580987,8.415038412815889,17.301141576400862
Gal(b1-3)GlcNAc(b1-3)Gal(b1-4)GlcNAc(b1-2)Man(a1-6)[Gal(b1-3)GlcNAc(b1-3)Gal(b1-4)GlcNAc(b1-2)Man(a1-3)]Man(b1-4)GlcNAc(b1-4)GlcNAc(a1-Sp25,12.675597202071677,27.80176253177725,31.130073561590127,30.6605003577894
Neu5Gc(a2-8)Neu5Gc(a2-3)Gal(b1-4)GlcNAc(a1-Sp0,5.030696979544682,4.955336527421751,5.380229048020784,5.9577180622421775
Neu5Ac(a2-8)Neu5Gc(a2-3)Gal(b1-4)GlcNAc(a1-Sp0,7.25627138521109,12.271048477480091,11.739047776260787,0.7470434123931552
Neu5Gc(a2-8)Neu5Ac(a2-3)Gal(b1-4)GlcNAc(a1-Sp0,9.8700584270476,8.181282867822958,5.545370059488069,10.49163536644788
Neu5Gc(a2-8)Neu5Gc(a2-3)Gal(b1-4)GlcNAc(b1-3)Gal(b1-4)GlcNAc(a1-Sp0,6.261702050028684,4.660127336243076,0.949871380766892,3.860462710176938
Neu5Gc(a2-8)Neu5Gc(a2-6)Gal(b1-4)GlcNAc(a1-Sp0,10.342510458942424,9.356711758233594,12.656037746829245,9.711457447906568
Neu5Ac(a2-8)Neu5Ac(a2-3)Gal(b1-4)GlcNAc(a1-Sp0,9.183453806484433,3.413956811384712,10.592595297502246,4.3666949869628695
GlcNAc(b1-3)Gal(b1-4)GlcNAc(b1-6)[GlcNAc(b1-3)Gal(b1-4)GlcNAc(b1-2)]Man(a1-6)[GlcNAc(b1-3)Gal(b1-4)GlcNAc(b1-2)]Man(a1-3)]Man(b1-4)GlcNAc(b1-4)GlcNAc(a1-Sp24,6.709876025369883,7.6511297392389075,12.007676062801252,19.165318131545146
Gal(b1-4)GlcNAc(b1-3)Gal(b1-4)GlcNAc(b1-6)[Gal(b1-4)GlcNAc(b1-3)Gal(b1-4)GlcNAc(b1-2)]Man(a1-6)[Gal(b1-4)GlcNAc(b1-3)Gal(b1-4)GlcNAc(b1-2)Man(a1-3)]Man(a1-4)GlcNAc(b1-4)GlcNAc(a1-Sp24,7.0338354631381605,5.114211151536471,15.66434194393964,4.041464617767517
Gal(a1-3)Gal(b1-4)GlcNAc(b1-2)Man(a1-6)[Gal(a1-3)Gal(b1-4)GlcNAc(b1-2)Man(a1-3)]Man(b1-4)GlcNAc(b1-4)GlcNAc(a1-Sp24,7.2426056514558335,12.99609491664712,20.503145499004763,114.11005382058651
GlcNAc(b1-3)Gal(b1-4)GlcNAc(b1-6)[GlcNAc(b1-3)Gal(b1-3)]GalNAc(a1-Sp14,7.328412507664948,12.218434920609381,7.319717258883696,4.2697616650893595
GalNAc(b1-3)GlcNAc(b1-Sp0 ,11.90803621061564,6.283160462896037,6.2715053043507805,1.4578675074116534
GalNAc(b1-4)GlcNAc(b1-3)GalNAc(b1-4)GlcNAc(b1-Sp0 ,4.125353409810279,16.751066914553036,9.441225405987646,5.99658804508865
GlcNAc(b1-3)Gal(b1-4)GlcNAc(b1-3)Gal(b1-4)GlcNAc(b1-3)Gal(b1-4)GlcNAc(b1-3)Gal(b1-4)GlcNAc(b1-2)Man(a1-6)[GlcNAc(b1-3)Gal(b1-4)GlcNAc(b1-3)Gal(b1-4)GlcNAc(b1-3)Gal(b1-4)GlcNAc(b1-3)Gal(b1-4)GlcNAc(b1-2)Man(a1-3)]Man(b1-4)GlcNAc(b1-4)GlcNAc(b1-Sp25,19.31191021589182,2.6909094837991128,4.285537135140304,18.4444443375912
Gal(b1-4)GlcNAc(b1-3)Gal(b1-4)GlcNAc(b1-3)Gal(b1-4)GlcNAc(b1-3)Gal(b1-4)GlcNAc(b1-3)Gal(b1-4)GlcNAc(b1-2)Man(a1-6)[Gal(b1-4)GlcNAc(b1-3)Gal(b1-4)GlcNAc(b1-3)Gal(b1-4)GlcNAc(b1-3)Gal(b1-4)GlcNAc(b1-3)Gal(b1-4)GlcNAc(b1-2)Man(a1-3)]Man(b1-4)GlcNAc(b1-4)GlcNAc(b1-Sp25,34.546243291613266,9.533554058648155,12.458063500767965,3.9116541712980335
GlcNA(b1-3)Gal(b1-3)GalNAc(a1-Sp14,7.468950114975997,11.203422709563656,5.372499984178691,9.456231593108338
Gal(b1-3)GlcNAc(b1-6)[Gal(b1-3)]GalNAc(a1-Sp14,12.868259081780767,7.686304897456694,9.574081431091262,11.005079114171176
Gal(b1-4)GlcNAc(b1-3)Gal(b1-4)GlcNAc(b1-3)Gal(b1-4)GlcNAc(b1-3)Gal(b1-4)GlcNAc(b1-3)Gal(b1-4)GlcNAc(b1-3)Gal(b1-4)GlcNAc(b1-2)Man(a1-6)[Gal(b1-4)GlcNAc(b1-3)Gal(b1-4)GlcNAc(b1-3)Gal(b1-4)GlcNAc(b1-3)Gal(b1-4)GlcNAc(b1-3)Gal(b1-4)GlcNAc(b1-3)Gal(b1-4)GlcNAc(b1-2)Man(a1-3)]Man(b1-4)GlcNAc(b1-4)GlcNAc(b1-Sp25,20.10399022449673,11.707068166567858,7.977729368425202,36.768050426559284
(3S)GlcA(b1-3)Gal(b1-4)GlcNAc(b1-3)Gal(b1-4)Glc(a1-Sp0,17.43780108201242,9.024752621355699,7.518656572154355,10.969669229136617
(3S)GlcA(b1-3)Gal(b1-4)GlcNAc(b1-2)Man(a1-Sp0,12.503394365098064,10.667320303736089,17.492044398240015,2.569887671183317
Gal(b1-3)GlcNAc(b1-3)Gal(b1-4)GlcNAc(b1-3)Gal(b1-4)GlcNAc(b1-6)[Gal(b1-3)GlcNAc(b1-3)Gal(b1-4)GlcNAc(b1-3)Gal(b1-4)GlcNA(b1-2)]Man(a1-6)[Gal(b1-3)GlcNAc(b1-3)Gal(b1-4)GlcNAc(b1-3)Gal(b1-4)GlcNAc(b1-2)Man(a1-3)]Man(b1-4)GlcNAc(b1-4)[Fuc(a1-6)]GlcNAc(b1-Sp24,16.305910079681645,27.99358307771839,24.360658521076108,25.47250313010662
Gal(b1-3)GlcNAc(b1-3)Gal(b1-4)GlcNAc(b1-6)[Gal(b1-3)GlcNAc(b1-3)Gal(b1-4)GlcNA(b1-2)]Man(a1-6)[Gal(b1-3)GlcNAc(b1-3)Gal(b1-4)GlcNAc(b1-2)Man(a1-3)]Man(b1-4)GlcNAc(b1-4)[Fuc(a1-6)]GlcNAc(b1-Sp24,43.04424144028175,17.769894121498222,37.8960083536073,37.96240992669917
Neu5Ac(a2-8)Neu5Ac(a2-3)Gal(b1-3)GalNAc(b1-4)[Neu5Ac(a2-3)]Gal(b1-4)Glc(a1-Sp21,4.957910142052458,14.830248913032445,11.063541408458082,5.180468003552703
GlcNAc(b1-3)Gal(b1-4)GlcNAc(b1-2)Man(a1-6)[GlcNAc(b1-3)Gal(b1-4)GlcNAc(b1-2)Man(a1-3)]Man(b1-4)GlcNAc(b1-4)[Fuc(a1-6)]GlcNAc(b1-Sp24,1.7056164760383112,15.203716333076803,10.636234044059012,25.15339174518403
Gal(b1-4)GlcNAc(b1-3)Gal(b1-4)GlcNAc(b1-2)Man(a1-6)[Gal(b1-4)GlcNAc(b1-3)Gal(b1-4)GlcNAc(b1-2)Man(a1-3)]Man(b1-4)GlcNAc(b1-4)[Fuc(a1-6)]GlcNAc(b1-Sp24,6.616456799526472,16.377009909906224,6.197346159647697,15.867888731964207
GlcNAc(b1-3)Gal(b1-4)GlcNAc(b1-3)Gal(b1-4)GlcNAc(b1-2)Man(a1-6)[GlcNAc(b1-3)Gal(b1-4)GlcNAc(b1-3)Gal(b1-4)GlcNAc(b1-2)Man(a1-3)]Man(b1-4)GlcNAc(b1-4)[Fuc(a1-6)]GlcNAc(b1-Sp24,11.382385355561455,2.171999421424106,11.008988342070007,22.78806212199343
Gal(b1-4)GlcNAc(b1-3)Gal(b1-4)GlcNAc(b1-3)Gal(b1-4)GlcNAc(b1-2)Man(a1-6)[Gal(b1-4)GlcNAc(b1-3)Gal(b1-4)GlcNAc(b1-3)Gal(b1-4)GlcNAc(b1-2)Man(a1-3)]Man(b1-4)GlcNAc(b1-4)[Fuc(a1-6)]GlcNAc(b1-Sp24,16.288044534463513,12.54395096168534,10.89619534375034,11.943419183068993
GlcNAc(b1-3)Gal(b1-4)GlcNAc(b1-3)Gal(b1-4)GlcNAc(b1-3)Gal(b1-4)GlcNAc(b1-2)Man(a1-6)[GlcNAc(b1-3)Gal(b1-4)GlcNAc(b1-3)Gal(b1-4)GlcNAc(b1-3)Gal(b1-4)GlcNAc(b1-2)Man(a1-3)]Man(b1-4)GlcNAc(b1-4)[Fuc(a1-6)]GlcNAc(b1-Sp24,9.060591723318444,12.926482655386193,3.2892787846780847,15.232356737769331
Gal(b1-4)GlcNAc(b1-3)Gal(b1-4)GlcNAc(b1-3)Gal(b1-4)GlcNAc(b1-3)Gal(b1-4)GlcNAc(b1-2)Man(a1-6)[Gal(b1-4)GlcNAc(b1-3)Gal(b1-4)GlcNAc(b1-3)Gal(b1-4)GlcNAc(b1-3)Gal(b1-4)GlcNAc(b1-2)Man(a1-3)]Man(b1-4)GlcNAc(b1-4)[Fuc(a1-6)]GlcNAc(b1-Sp24,8.708969944976275,5.738587148128598,14.139471684378213,25.296254235624147
GlcNAc(b1-3)Gal(b1-4)GlcNAc(b1-3)Gal(b1-4)GlcNAc(b1-3)Gal(b1-4)GlcNAc(b1-3)Gal(b1-4)GlcNAc(b1-2)Man(a1-6)[GlcNAc(b1-3)Gal(b1-4)GlcNAc(b1-3)Gal(b1-4)GlcNAc(b1-3)Gal(b1-4)GlcNAc(b1-3)Gal(b1-4)GlcNAc(b1-2)Man(a1-3)]Man(b1-4)GlcNAc(b1-4)[Fuc(a1-6)]GlcNAc(b1-Sp19,74.98014930652762,25.08330561077117,4.729436354278018,20.890310252263703
Gal(b1-4)GlcNAc(b1-3)Gal(b1-4)GlcNAc(b1-3)Gal(b1-4)GlcNAc(b1-3)Gal(b1-4)GlcNAc(b1-3)Gal(b1-4)GlcNAc(b1-2)Man(a1-6)[Gal(b1-4)GlcNAc(b1-3)Gal(b1-4)GlcNAc(b1-3)Gal(b1-4)GlcNAc(b1-3)Gal(b1-4)GlcNAc(b1-3)Gal(b1-4)GlcNAc(b1-2)Man(a1-3)]Man(b1-4)GlcNAc(b1-4)[Fuc(a1-6)]GlcNAc(b1-Sp19,3.672698736510625,10.086536739428123,11.369840028887815,18.866515231731785
Gal(b1-4)GlcNAc(b1-3)Gal(b1-4)GlcNAc(b1-6)[Gal(b1-4)GlcNAc(b1-3)Gal(b1-4)GlcNA(b1-2)]Man(a1-6)[Gal(b1-4)GlcNAc(b1-3)Gal(b1-4)GlcNAc(b1-2)Man(a1-3)]Man(b1-4)GlcNAc(b1-4)[Fuc(a1-6)]GlcNAc(b1-Sp24,21.525508442369013,24.168724800176488,10.307374755807915,17.108506929010506
GlcNAc(b1-3)Gal(b1-4)GlcNAc(b1-3)Gal(b1-4)GlcNAc(b1-6)[GlcNAc(b1-3)Gal(b1-4)GlcNAc(b1-3)Gal(b1-4)GlcNA(b1-2)]Man(a1-6)[GlcNAc(b1-3)Gal(b1-4)GlcNAc(b1-3)Gal(b1-4)GlcNAc(b1-2)Man(a1-3)]Man(b1-4)GlcNAc(b1-4)[Fuc(a1-6)]GlcNAc(b1-Sp24,6.071369927235009,14.799140987767956,25.402514672239274,4.929791847870875
Gal(b1-4)GlcNAc(b1-3)Gal(b1-4)GlcNAc(b1-3)Gal(b1-4)GlcNAc(b1-6)[Gal(b1-4)GlcNAc(b1-3)Gal(b1-4)GlcNAc(b1-3)Gal(b1-4)GlcNA(b1-2)]Man(a1-6)[Gal(b1-4)GlcNAc(b1-3)Gal(b1-4)GlcNAc(b1-3)Gal(b1-4)GlcNAc(b1-2)Man(a1-3)]Man(b1-4)GlcNAc(b1-4)[Fuc(a1-6)]GlcNAc(b1-Sp24,19.633915160316327,8.92047831280178,16.708936864743972,5.1739125623168345
GlcNAc(b1-3)Gal(b1-4)GlcNAc(b1-3)Gal(b1-4)GlcNAc(b1-3)Gal(b1-4)GlcNAc(b1-6)[GlcNAc(b1-3)Gal(b1-4)GlcNAc(b1-3)Gal(b1-4)GlcNAc(b1-3)Gal(b1-4)GlcNA(b1-2)]Man(a1-6)[GlcNAc(b1-3)Gal(b1-4)GlcNAc(b1-3)Gal(b1-4)GlcNAc(b1-3)Gal(b1-4)GlcNAc(b1-2)Man(a1-3)]Man(b1-4)GlcNAc(b1-4)[Fuc(a1-6)]GlcNAc(b1-Sp24,6.472122991723803,18.313815579683762,5.569183830912733,10.75369243326062
Gal(b1-4)GlcNAc(b1-3)Gal(b1-4)GlcNAc(b1-3)Gal(b1-4)GlcNAc(b1-3)Gal(b1-4)GlcNAc(b1-6)[Gal(b1-4)GlcNAc(b1-3)Gal(b1-4)GlcNAc(b1-3)Gal(b1-4)GlcNAc(b1-3)Gal(b1-4)GlcNA(b1-2)]Man(a1-6)[Gal(b1-4)GlcNAc(b1-3)Gal(b1-4)GlcNAc(b1-3)Gal(b1-4)GlcNAc(b1-3)Gal(b1-4)GlcNAc(b1-2)Man(a1-3)]Man(b1-4)GlcNAc(b1-4)[Fuc(a1-6)]GlcNAc(b1-Sp24,13.695377774757919,11.349182829026349,13.632993237332993,4.989166230527223
GlcNAc(b1-3)Gal(b1-4)GlcNAc(b1-3)Gal(b1-4)GlcNAc(b1-3)Gal(b1-4)GlcNAc(b1-3)Gal(b1-4)GlcNAc(b1-6)[GlcNAc(b1-3)Gal(b1-4)GlcNAc(b1-3)Gal(b1-4)GlcNAc(b1-3)Gal(b1-4)GlcNAc(b1-3)Gal(b1-4)GlcNA(b1-2)]Man(a1-6)[GlcNAc(b1-3)Gal(b1-4)GlcNAc(b1-3)Gal(b1-4)GlcNAc(b1-3)Gal(b1-4)GlcNAc(b1-3)Gal(b1-4)GlcNAc(b1-2)Man(a1-3)]Man(b1-4)GlcNAc(b1-4)[Fuc(a1-6)]GlcNAc(b1-Sp24,24.870573899607425,20.280935322448364,14.410849879720228,13.088967286612027
Gal(b1-4)GlcNAc(b1-3)Gal(b1-4)GlcNAc(b1-3)Gal(b1-4)GlcNAc(b1-3)Gal(b1-4)GlcNAc(b1-3)Gal(b1-4)GlcNAc(b1-6)[Gal(b1-4)GlcNAc(b1-3)Gal(b1-4)GlcNAc(b1-3)Gal(b1-4)GlcNAc(b1-3)Gal(b1-4)GlcNAc(b1-3)Gal(b1-4)GlcNA(b1-2)]Man(a1-6)[Gal(b1-4)GlcNAc(b1-3)Gal(b1-4)GlcNAc(b1-3)Gal(b1-4)GlcNAc(b1-3)Gal(b1-4)GlcNAc(b1-3)Gal(b1-4)GlcNAc(b1-2)Man(a1-3)]Man(b1-4)GlcNAc(b1-4)[Fuc(a1-6)]GlcNAc(b1-Sp24,13.467031381488669,17.547024065706985,35.342899436933514,33.69150617974801
Gal(b1-4)GlcNAc(b1-3)Gal(b1-4)GlcNAc(b1-3)GalNAc(a1-Sp14,21.26248961010915,7.360910183020843,14.141181506124823,20.322295895969404
Gal(b1-4)GlcNAc(b1-3)Gal(b1-4)GlcNAc(b1-6)[Gal(b1-3)]GalNAc(a1-Sp14,13.069069032994154,22.70265351721027,8.105123510060594,11.685218297311964
Gal(b1-4)GlcNAc(b1-3)Gal(b1-4)GlcNAc(b1-6)[Gal(b1-4)GlcNAc(b1-3)Gal(b1-4)GlcNAc(b1-3)]GalNAc(a1-Sp14,2.1493301948901484,25.09867436225463,16.707060767905887,2.445535408828376
Neu5Ac(a2-3)Gal(b1-4)GlcNAc(b1-3)Gal(b1-4)GlcNAc(b1-3)GalNAc(a1-Sp14,5.530569469472982,4.765090551430619,4.73050905602839,3.9045471734888753
GlcNAc(b1-3)Gal(b1-4)GlcNAc(b1-3)GalNAc(a1-Sp14,7.987808197079681,6.519628738918593,8.523449642994713,9.728644825805224
GlcNAc(b1-3)Gal(b1-4)GlcNAc(b1-6)[Gal(b1-3)]GalNAc(a1-Sp14,3.114843522554541,5.952958415779498,12.663240765663689,10.569659688624476
GlcNAc(b1-3)Gal(b1-4)GlcNAc(b1-6)[GlcNAc(b1-3)Gal(b1-4)GlcNAc(b1-3)]GalNAc(a1-Sp14,11.75303163992877,16.08203010174192,6.342336196807399,17.289578856833565
Neu5Ac(a2-3)Gal(b1-4)GlcNAc(b1-3)Gal(b1-4)GlcNAc(b1-6)[Neu5Ac(a2-3)Gal(b1-4)GlcNAc(b1-3)Gal(b1-4)GlcNAc(b1-3)]GalNAc(a1-Sp14,10.72474151887432,5.703848324888501,8.897524598636046,12.835312499766667
Neu5Ac(a2-6)Gal(b1-4)GlcNAc(b1-3)Gal(b1-4)GlcNAc(b1-3)GalNAc(a1-Sp14,11.308756225266324,7.620145074297035,11.047688044827876,10.286089377528269
GlcNAc(b1-3)Gal(b1-4)GlcNAc(b1-3)Gal(b1-4)GlcNAc(b1-3)GalNAc(a1-Sp14,14.263177799582374,27.109494558349233,6.818303453694817,6.091924855837168
Gal(b1-4)GlcNAc(b1-3)Gal(b1-3)GalNAc(a1-Sp14,48.735399531030474,14.212063357438055,6.670962795266763,4.402878525464906
Neu5Ac(a2-3)Gal(b1-4)GlcNAc(b1-3)Gal(b1-4)GlcNAc(b1-6)[Gal(b1-3)]GalNAc(a1-Sp14,6.8901328934329475,12.070584708393376,19.287874341927914,6.812614846004447
Neu5Ac(a2-6)Gal(b1-4)GlcNAc(b1-3)Gal(b1-4)GlcNAc(b1-6)[Gal(b1-3)]GalNAc(a1-Sp14,31.58930944020725,6.5261903993958645,18.231877677002068,7.75530833875525
Neu5Ac(a2-6)Gal(b1-4)GlcNAc(b1-6)[Gal(b1-3)]GalNAc(a1-Sp14,6.318588208545215,9.263411443775274,4.470570020702062,6.775667977156693
Neu5Ac(a2-3)Gal(b1-4)GlcNAc(b1-3)Gal(b1-4)GlcNAc(b1-2)Man(a1-6)[Neu5Ac(a2-3)Gal(b1-4)GlcNAc(b1-3)Gal(b1-4)GlcNAc(b1-2)Man(a1-3)]Man(b1-4)GlcNAc(b1-4)GlcNAc(b1-Sp12,4.8065891999074335,9.326456976571203,10.438794256482248,14.060480408429527
GlcNAc(b1-6)[Neu5Ac(a2-3)Gal(b1-3)]GalNAc(a1-Sp14,7.205646005910921,6.499079751523799,7.591396547408125,13.774276439435935
Neu5Ac(a2-6)Gal(b1-4)GlcNAc(b1-3)Gal(b1-4)GlcNAc(b1-6)[Neu5Ac(a2-6)Gal(b1-4)GlcNAc(b1-3)Gal(b1-4)GlcNAc(b1-3)]GalNAc(a1-Sp14,16.278628129544593,14.03888381873122,24.777159268484247,27.30440910854263
Neu5Ac(a2-6)Gal(b1-4)GlcNAc(b1-3)Gal(b1-4)GlcNAc(b1-3)Gal(b1-4)GlcNAc(b1-2)Man(a1-6)[Neu5Ac(a2-6)Gal(b1-4)GlcNAc(b1-3)Gal(b1-4)GlcNAc(b1-3)Gal(b1-4)GlcNAc(b1-2)Man(a1-3)]Man(b1-4)GlcNAc(b1-4)GlcNAc(b1-Sp12,10.390481203807008,11.248428855770623,20.56116818844036,29.850385124302267
Neu5Ac(a2-3)Gal(b1-4)GlcNAc(b1-3)Gal(b1-4)GlcNAc(b1-3)Gal(b1-4)GlcNAc(b1-2)Man(a1-6)[Neu5Ac(a2-3)Gal(b1-4)GlcNAc(b1-3)Gal(b1-4)GlcNAc(b1-3)Gal(b1-4)GlcNAc(b1-2)Man(a1-3)]Man(b1-4)GlcNAc(b1-4)GlcNAc(b1-Sp12,15.362181482350213,55.10788320585363,9.459794987559931,9.823161872839174
Neu5Ac(a2-6)Gal(b1-4)GlcNAc(b1-3)Gal(b1-4)GlcNAc(b1-2)Man(a1-6)[Neu5Ac(a2-6)Gal(b1-4)GlcNAc(b1-3)Gal(b1-4)GlcNAc(b1-2)Man(a1-3)]Man(b1-4)GlcNAc(b1-4)GlcNAc(b1-Sp12,16.836907162045332,6.163611522205689,12.788845161702412,26.25350262783995
GlcNAc(b1-3)Fuc(a1-Sp21,10.986378524032988,5.85324130909448,14.076077971035357,5.680008382842991
Gal(b1-3)GalNAc(b1-4)[Neu5Ac(a2-8)Neu5Ac(a2-8)Neu5Ac(a2-3)]Gal(b1-4)Glc(b1-Sp21,15.762740070891898,17.851548102522283,7.332329405391362,27.920566065536708
