IUPAC,GSL-1 (0.1ug/ml),GSL-1 (1ug/ml),GSL-1 (10ug/ml),GSL-1 (100ug/ml)
Gal(a1-Sp8,8.070300420833169,5.183439548134686,36.154887538937494,111.71979750111036
Glc(a1-Sp8,2.0751013941090517,7.6934218573943625,3.2868065195059315,5.361302902902115
Man(a1-Sp8,8.678308077999239,7.858200999115497,16.717094239804357,7.850858871486609
GalNAc(a1-Sp8,34.66707164379211,124.01458609750902,432.45153773220346,2527.443121125204
GalNAc(a1-Sp15,19.96795144448129,71.87640697582114,354.06266126519586,321.4205702229053
Fuc(a1-Sp8,4.8647429026790965,6.094934658933322,5.192850998167256,5.9427256700944895
Fuc(a1-Sp9,9.49094113224992,12.83732413689992,11.152309608776116,9.041829364081511
Rha(a1-Sp8,4.556365122551092,6.695433387516205,10.305983502921977,6.03147577021301
Neu5Ac(a1-Sp8,8.273881233284657,15.700398515748994,10.0940810785331,3.109992489808725
Neu5Ac(a1-Sp11,12.546976401873355,1.42617101913948,8.225024556954224,20.553157490983395
Neu5Ac(b1-Sp8,2.192776721229646,5.426879924044759,8.25049850413093,3.000803646108831
Gal(b1-Sp8,3.8778205015833436,11.329386867787676,7.67807613983911,36.078035625975645
Glc(b1-Sp8,9.565979033141364,4.751120639736827,7.002559321181552,7.179941599286622
Man(b1-Sp8,11.555277869729776,1.5734353717794267,7.42319053237892,3.918773988018025
GalNAc(b1-Sp8,4.230138809779178,18.77391806121372,44.01097001839453,304.53481365664084
GlcNAc(b1-Sp0,8.73349546912155,5.383525613310163,5.8940282323155895,8.136418380344026
GlcNAc(b1-Sp8,5.588363529916428,4.715859086370173,4.841960436555283,4.5330977939116535
GlcN[Gc](b1-Sp8,3.7567049844245184,10.814968156063461,11.17502037294936,8.444130978920604
Gal(b1-4)GlcNAc(b1-6)[Gal(b1-4)GlcNAc(b1-3)]GalNAc(a1-Sp8,13.434716717271467,7.3354402560446275,3.781313988990244,20.12096486180521
Gal(b1-4)GlcNAc(b1-6)[Gal(b1-4)GlcNAc(b1-3)]GalNAc(a1-Sp14,8.453510110007558,6.195559187568677,6.808084040070804,9.542857984683275
GlcNAc(b1-6)[GlcNAc(b1-4)][GlcNAc(b1-3)]GlcNAc(a1-Sp8,4.870433493711484,6.470645590408014,4.816561973285512,2.952963667233305
6S(3S)Gal(b1-4)(6S)GlcNAc(b1-Sp0,5.815679039745342,4.01901512593571,7.629726192717094,17.905591722210684
6S(3S)Gal(b1-4)GlcNAc(b1-Sp0,16.125492458113232,4.617733715796095,6.220202611383865,7.165767727361808
(3S)Gal(b1-4)[Fuc(a1-3)](6S)Glc(a1-Sp0,12.348053363182357,26.087323982412077,4.441313428386552,26.84604674017823
(3S)Gal(b1-4)Glc(b1-Sp8,7.118737791853743,3.6061451952419583,5.633831095858897,10.810213393939087
(3S)Gal(b1-4)(6S)Glc(b1-Sp0,4.3751142273659545,5.586658400376742,13.628114528674415,26.00859677625844
(3S)Gal(b1-4)(6S)Glc(b1-Sp8,12.794250152151685,4.22411479277019,2.068078479329713,17.69277460215045
(3S)Gal(b1-3)[Fuc(a1-4)]GlcNAc(b1-Sp8,7.404784463383566,18.088314622982434,3.109808415320789,4.221149220295344
(3S)Gal(b1-3)GalNAc(a1-Sp8,5.551694884972816,10.532730028186744,5.287916441835418,9.782215499909347
(3S)Gal(b1-3)GlcNAc(b1-Sp0,1.818106339711734,3.1667331815821376,2.6653244517944397,2.685815635736496
(3S)Gal(b1-3)GlcNAc(b1-Sp8,8.515760867307554,13.430351960764101,3.4191230477760386,3.7053123173582367
(3S)Gal(b1-4)[Fuc(a1-3)]GlcNAc(a1-Sp0 ,11.350390468870811,2.78138756259054,8.067205538061696,10.696350286078896
(3S)Gal(b1-4)[Fuc(a1-3)]GlcNAc(a1-Sp8,7.220368283024074,5.929725577897044,11.933542134393008,5.970004832144897
(3S)Gal(b1-4)(6S)GlcNAc(b1-Sp0,7.9314003931630275,1.7496803105614878,3.914371737158683,4.557223743684307
(3S)Gal(b1-4)(6S)GlcNAc(b1-Sp8,3.081731345093752,11.398439060495658,6.651390770107156,10.29319183129476
(3S)Gal(b1-4)GlcNAc(b1-Sp0,11.970150360932536,5.309365094732767,1.6225646047743896,13.18020023760388
(3S)Gal(b1-4)GlcNAc(b1-Sp8,6.411160295661516,5.0580117090776575,5.970557122524937,3.415135074439461
(3S)Gal(b1-Sp8,7.059288836880103,3.0590020370212234,6.272503955890876,3.333386592616192
(6S)(4S)Gal(b1-4)GlcNAc(b1-Sp0,2.763058459238,6.0804753895837225,4.375427330273009,7.1401126538148345
(4S)Gal(b1-4)GlcNAc(b1-Sp8,12.62585853938918,3.0059439741674034,2.173454009175258,3.2276205327351217
(6P)Man(a1-Sp8,2.3996990436302696,8.176454891536633,8.347070896228606,5.700438546506757
(6S)Gal(b1-4)Glc(b1-Sp0,7.082510701427378,5.6024274146718405,4.686023879136054,5.344254980428363
(6S)Gal(b1-4)Glc(b1-Sp8,9.411630307762838,12.232759891101162,9.04844932166096,4.365481821822954
(6S)Gal(b1-4)GlcNAc(b1-Sp8,2.55940195407052,11.885432262508028,3.077432768829674,4.126498295164974
(6S)Gal(b1-4)(6S)Glc(b1-Sp8,6.586341666661396,7.1291214563928085,18.05427827783025,11.711347586706946
Neu5Ac(a2-3)(6S)Gal(b1-4)GlcNAc(b1-Sp8,3.792758898216445,5.490910345516509,3.6103064499429984,7.468091127088642
(6S)GlcNAc(b1-Sp8,3.3576275467210466,5.593689788204799,2.757710343140996,9.764938187677721
"Neu5,9Ac2(a1-Sp8",6.5192516710125545,4.585585654708313,7.187028169498618,11.421168485754833
"Neu5,9Ac2(a2-6)Gal(b1-4)GlcNAc(b1-Sp8",8.05128239578433,3.151986105087815,6.945896131769702,5.774354681621723
Man(a1-6)[Man(a1-3)]Man(b1-4)GlcNAc(b1-4)GlcNAc(b1-Sp12,3.850742164289029,1.4841308781011693,8.543399843543945,12.685198561414015
Man(a1-6)[Man(a1-3)]Man(b1-4)GlcNAc(b1-4)GlcNAc(b1-Sp13,4.8157673354478865,1.1290719109073608,9.674930067964313,23.040022400361625
GlcNAc(b1-2)Man(a1-6)[GlcNAc(b1-2)Man(a1-3)]Man(b1-4)GlcNAc(b1-4)GlcNAc(b1-Sp12,6.819063115206275,3.7871237344454434,4.827625080288793,8.695289726196595
GlcNAc(b1-2)Man(a1-6)[GlcNAc(b1-2)Man(a1-3)]Man(b1-4)GlcNAc(b1-4)GlcNAc(b1-Sp13,4.477431355420206,2.6482028023737003,4.210063154217523,12.396571012279965
Gal(b1-4)GlcNAc(b1-2)Man(a1-6)[Gal(b1-4)GlcNAc(b1-2)Man(a1-3)]Man(b1-4)GlcNAc(b1-4)GlcNAc(b1-Sp12,10.886457019465363,5.815583067930508,4.555917863614313,4.570873054005477
Neu5Ac(a2-6)Gal(b1-4)GlcNAc(b1-2)Man(a1-6)[Neu5Ac(a2-6)Gal(b1-4)GlcNAc(b1-2)Man(a1-3)]Man(b1-4)GlcNAc(b1-4)GlcNAc(b1-Sp12,12.213603974632829,2.8354300326405517,1.556303979251257,11.861552516990914
Neu5Ac(a2-6)Gal(b1-4)GlcNAc(b1-2)Man(a1-6)[Neu5Ac(a2-6)Gal(b1-4)GlcNAc(b1-2)Man(a1-3)]Man(b1-4)GlcNAc(b1-4)GlcNAc(b1-Sp13,4.9681079986919245,5.130871210623007,14.688096544566285,3.7422778850810463
Neu5Ac(a2-6)Gal(b1-4)GlcNAc(b1-2)Man(a1-6)[Neu5Ac(a2-6)Gal(b1-4)GlcNAc(b1-2)M(an-a)(a1-3)]Man(b1-4)GlcNAc(b1-4)GlcNAc(b1-Sp21,3.052969596283808,6.219265015792997,3.3628745531167263,3.454947213658477
Neu5Ac(a2-6)Gal(b1-4)GlcNAc(b1-2)Man(a1-6)[Neu5Ac(a2-6)Gal(b1-4)GlcNAc(b1-2)Man(a1-3)]Man(b1-4)GlcNAc(b1-4)GlcNAc(b1-Sp24,3.707321738016097,4.212676344479048,5.292337749677987,21.88979386401724
Fuc(a1-2)Gal(b1-3)GalNAc(b1-3)Gal(a1-Sp9,14.052708483035106,13.673711405802267,12.324587585899147,16.4640541274013
Fuc(a1-2)Gal(b1-3)GalNAc(b1-3)Gal(a1-4)Gal(b1-4)Glc(b1-Sp9,14.170801638345425,1.1673753248919845,5.067510640261808,5.071303924698928
Fuc(a1-2)Gal(b1-3)[Fuc(a1-4)]GlcNAc(b1-Sp8,5.183864694736283,5.087726774225083,33.56792895751341,141.22333682047343
Fuc(a1-2)Gal(b1-3)GalNAc(a1-Sp8,9.037522699787077,4.723057344118672,5.965243779874657,6.3482692670259855
Fuc(a1-2)Gal(b1-3)GalNAc(a1-Sp14,5.055387161813952,4.603836900528371,2.89564412005343,2.5735822465971605
Fuc(a1-2)Gal(b1-3)GalNAc(b1-4)[Neu5Ac(a2-3)]Gal(b1-4)Glc(b1-Sp0,2.779974287650889,4.029579709266628,2.5992779260145857,7.273178910387123
Fuc(a1-2)Gal(b1-3)GalNAc(b1-4)[Neu5Ac(a2-3)]Gal(b1-4)Glc(b1-Sp9,5.503740285478593,6.009293073787188,5.207538230536574,8.410719024950637
Fuc(a1-2)Gal(b1-3)GlcNAc(b1-3)Gal(b1-4)Glc(b1-Sp8,2.9925109935749004,10.316582603548198,5.9985180660865485,13.60420053987616
Fuc(a1-2)Gal(b1-3)GlcNAc(b1-3)Gal(b1-4)Glc(b1-Sp10,7.259700381041907,7.798692692314954,3.7797456091647263,9.110416330772154
Fuc(a1-2)Gal(b1-3)GlcNAc(b1-Sp0,2.797090296927621,6.489644860596508,2.678786437922962,21.087902196599195
Fuc(a1-2)Gal(b1-3)GlcNAc(b1-Sp8,6.259380724094571,2.527232551461512,3.2038221157184554,3.2297916367262176
Fuc(a1-2)Gal(b1-4)[Fuc(a1-3)]GlcNAc(b1-3)Gal(b1-4)[Fuc(a1-3)]GlcNAc(b1-Sp0,10.875333542930989,5.130172983113401,19.03286958945405,182.23045870057646
Fuc(a1-2)Gal(b1-4)[Fuc(a1-3)]GlcNAc(b1-3)Gal(b1-4)[Fuc(a1-3)]GlcNAc(b1-3)Gal(b1-4)[Fuc(a1-3)]GlcNAc(b1-Sp0,14.826199739874902,8.31869470825601,8.48550536164446,113.90539650912352
Fuc(a1-2)Gal(b1-4)[Fuc(a1-3)]GlcNAc(b1-Sp0,9.502463590871226,6.3044340750512005,15.839588106597539,30.530038564271692
Fuc(a1-2)Gal(b1-4)[Fuc(a1-3)]GlcNAc(b1-Sp8,3.756445152334852,0.9935756186622036,11.312459594439744,475.94887961499916
Fuc(a1-2)Gal(b1-4)GlcNAc(b1-3)Gal(b1-4)GlcNAc(b1-Sp0,6.446425024771488,5.010518756243375,1.6905230894114798,12.761509978936665
Fuc(a1-2)Gal(b1-4)GlcNAc(b1-3)Gal(b1-4)GlcNAc(b1-3)Gal(b1-4)GlcNAc(b1-Sp0,4.5691829622482825,6.0996142203148125,4.278426202082572,5.988607358699241
Fuc(a1-2)Gal(b1-4)GlcNAc(b1-Sp0,4.852226257004785,2.0999724418826697,3.599795812149163,5.4495032399751775
Fuc(a1-2)Gal(b1-4)GlcNAc(b1-Sp8,1.2554417031467469,0.34483685031233746,2.9123089430896614,11.447824313524963
Fuc(a1-2)Gal(b1-4)Glc(b1-Sp0,7.788732891812378,6.021470665598787,7.2101292392485306,6.588073072543037
Fuc(a1-2)Gal(b1-Sp8,1.9463050035044889,8.854247586516504,2.4939029558772634,5.664581723304906
Fuc(a1-3)GlcNAc(b1-Sp8,3.3923767109751624,3.502279658070353,6.089726505284675,6.56348553463275
Fuc(a1-4)GlcNAc(b1-Sp8,20.52222833628616,6.112032990203294,10.156401750086824,5.94444232259568
Fuc(b1-3)GlcNAc(b1-Sp8,6.285864719816465,6.58686557476316,8.851009476325283,10.584771745728236
GalNAc(a1-3)[Fuc(a1-2)]Gal(b1-3)GlcNAc(b1-Sp0,4.396558193632831,3.4139409656094934,2.357029038677005,12.668219074880525
GalNAc(a1-3)[Fuc(a1-2)]Gal(b1-4)[Fuc(a1-3)]GlcNAc(b1-Sp0,3.597104580422967,6.423004817775452,40.27844172046837,79.43483888657583
(3S)Gal(b1-4)[Fuc(a1-3)]Glc(b1-Sp0,4.444794949526159,2.9585956909486644,3.871901843086924,14.200842082396614
GalNAc(a1-3)[Fuc(a1-2)]Gal(b1-4)GlcNAc(b1-Sp0,2.3949050377833347,0.9510156553215424,16.89366548206666,198.05996927968
GalNAc(a1-3)[Fuc(a1-2)]Gal(b1-4)GlcNAc(b1-Sp8,1.9505669917146409,29.52140503346721,38.09018912440133,225.37665868781932
GalNAc(a1-3)[Fuc(a1-2)]Gal(b1-4)Glc(b1-Sp0,5.1478067002689025,5.963571444752443,8.665255014664405,64.25476196295342
GlcNAc(b1-3)Gal(b1-3)GalNAc(a1-Sp8,4.107028083156156,2.8729549588939443,7.826632943141428,27.71389598394939
GalNAc(a1-3)[Fuc(a1-2)]Gal(b1-Sp8,15.285035683526118,3.771249003866824,66.07016789651203,388.3381108706031
GalNAc(a1-3)[Fuc(a1-2)]Gal(b1-Sp18,33.303718897682145,20.54545967799437,95.86604882999563,402.2853473582928
GalNAc(a1-3)GalNAc(b1-Sp8,12.849937427344393,28.42740502101718,325.0314280970252,689.6517100028517
GalNAc(a1-3)Gal(b1-Sp8,44.08612209777478,203.6374363469702,1422.8760007596545,1520.897909647728
GalNAc(a1-4)[Fuc(a1-2)]Gal(b1-4)GlcNAc(b1-Sp8,88.73040009712228,282.6483446005238,1153.5149254280755,1253.9293837922307
GalNAc(b1-3)GalNAc(a1-Sp8,12.61208366114946,5.257517808180336,3.9015192428719336,24.621474233870874
GalNAc(b1-3)[Fuc(a1-2)]Gal(b1-Sp8,8.52069042038261,6.0419050254589965,6.578943836462913,6.299712275704877
GalNAc(b1-3)Gal(a1-4)Gal(b1-4)GlcNAc(b1-Sp0,4.03758513470614,4.102333826006847,3.6844253105697065,3.009651506404022
GalNAc(b1-4)[Fuc(a1-3)]GlcNAc(b1-Sp0,1.6859432107873642,15.651785278869419,76.14333685370408,264.02725720675886
GalNAc(b1-4)GlcNAc(b1-Sp0,3.1803649271742622,13.391051358120967,0.4023029952660093,12.113498237193914
GalNAc(b1-4)GlcNAc(b1-Sp8,4.297201168493143,5.991013322747063,10.304795725736957,29.930769483258835
Gal(a1-2)Gal(b1-Sp8,11.671413086790311,58.72148269054318,42.73296029535419,421.5476928712642
Gal(a1-3)[Fuc(a1-2)]Gal(b1-3)GlcNAc(b1-Sp0,5.835978614522731,0.8607260520436657,16.006677148406958,73.89994084131592
Gal(a1-3)[Fuc(a1-2)]Gal(b1-3)GlcNAc(b1-Sp8,4.390510573574187,5.727547217541437,6.674076959899852,101.32011435816926
Gal(a1-3)[Fuc(a1-2)]Gal(b1-4)[Fuc(a1-3)]GlcNAc(b1-Sp0,3.0260570929841992,10.874476676603797,50.47847058753533,131.2247129462771
Gal(a1-3)[Fuc(a1-2)]Gal(b1-4)[Fuc(a1-3)]GlcNAc(b1-Sp8,4.416590233332347,17.644412225687766,134.36370175800258,388.4250390844911
Gal(a1-3)[Fuc(a1-2)]Gal(b1-4)GlcNAc(a1-Sp0,2.7100362646712486,8.403859845332985,38.50483753530183,178.38992849025612
Gal(a1-3)[Fuc(a1-2)]Gal(b1-4)Glc(b1-Sp0,3.6152781334912585,7.520441078154924,16.965070142575303,46.23948471014175
Gal(a1-3)[Fuc(a1-2)]Gal(b1-Sp8,3.964413246517907,8.786256344617621,13.189166484025192,237.27937012149684
Gal(a1-3)[Fuc(a1-2)]Gal(b1-Sp18,7.297010562952014,12.902631339123669,72.89916086258326,111.56898013474371
Gal(a1-4)[Gal(a1-3)]Gal(b1-4)GlcNAc(b1-Sp8,10.463039937800103,22.46072150390172,119.77534639372348,593.6145979452441
Gal(a1-3)GalNAc(a1-Sp8,10.698180457559124,14.226825612904674,26.328104969215012,201.9443021687257
Gal(a1-3)GalNAc(a1-Sp16,9.608038483304838,11.356468022049508,4.657836870622812,7.283901800775004
Gal(a1-3)GalNAc(b1-Sp8,5.817553212691744,3.236832222508089,14.457620799771984,105.32088555579449
Gal(a1-3)Gal(b1-4)[Fuc(a1-3)]GlcNAc(b1-Sp8,37.60485363339664,81.52088824971587,339.00827226804023,1840.802745270144
Gal(a1-3)Gal(b1-3)GlcNAc(b1-Sp0,4.6868896255939285,22.82414976267827,174.6804781661111,354.5590907780838
Gal(a1-3)Gal(b1-4)GlcNAc(b1-Sp8,13.857299101045394,46.01080870512642,159.95255274769028,408.79112768228407
Gal(a1-3)Gal(b1-4)Glc(b1-Sp0,7.981677602014503,9.260077674755216,92.56836156413912,267.06537125008845
Gal(a1-3)Gal(b1-4)Glc(a1-Sp10,7.158277729256297,5.034775972838,27.60971596212393,80.99455594974386
Gal(a1-3)Gal(b1-Sp8,5.2503111878408255,8.971044117789914,43.818705406481314,239.67897310985347
Gal(a1-4)[Fuc(a1-2)]Gal(b1-4)GlcNAc(b1-Sp8,6.717200533146228,23.655699612619767,17.54618043583439,551.5781605992473
Gal(a1-4)Gal(b1-4)GlcNAc(b1-Sp0,7.282249498781272,114.79455530831308,349.24029187328637,5652.642912351063
Gal(a1-4)Gal(b1-4)GlcNAc(b1-Sp8,13.510743753614493,157.3038467064615,477.2268619950451,1547.8980587215842
Gal(a1-4)Gal(b1-4)Glc(b1-Sp0,20.908306938371826,88.25577874275156,293.09791735582735,111.84044276765205
Gal(a1-4)GlcNAc(b1-Sp8,50.232162229194536,364.317839587928,396.23709376819056,494.41523154802337
Gal(a1-6)Glc(b1-Sp8,3.5592540963662773,7.340394597476807,6.463517649082428,26.408526875865945
Gal(b1-2)Gal(b1-Sp8,8.813415359930941,6.759105000602273,5.804730337334093,3.1423715708309907
Gal(b1-3)[Fuc(a1-4)]GlcNAc(b1-3)Gal(b1-4)[Fuc(a1-3)]GlcNAc(b1-Sp0,4.233798145873276,7.4793529993687775,5.910719872330836,2.074696570585677
Gal(b1-3)[Fuc(a1-4)]GlcNAc(b1-3)Gal(b1-4)GlcNAc(b1-Sp0,8.710094871421706,4.684263906154307,4.129300941947278,6.042220391200013
Gal(b1-3)[Fuc(a1-4)]GlcNAc(a1-Sp0,4.485087228434544,2.7028747071405275,6.8359754578260405,7.562719049169204
Gal(b1-3)[Fuc(a1-4)]GlcNAc(a1-Sp8 ,3.5191008391112213,4.305976138945345,3.2805058302798367,5.62829012104624
Fuc(a1-4)[Gal(b1-3)]GlcNAc(b1-Sp8,6.06690668868136,1.3701025250566712,3.3400438453958468,8.744382770813493
Gal(b1-4)GlcNAc(b1-6)GalNAc(a1-Sp8,9.422159553370273,7.268836460018887,6.746801345514282,6.405353302967237
Gal(b1-4)GlcNAc(b1-6)GalNAc(a1-Sp14,9.201118283620024,3.9250206916652055,2.7516538366347323,7.379414127772378
GlcNAc(b1-6)[Gal(b1-3)]GalNAc(a1-Sp8,11.932716426977846,7.882907065501494,16.165561686189562,28.410165243960954
GlcNAc(b1-6)[Gal(b1-3)]GalNAc(a1-Sp14,3.117370063049944,4.4339913301486416,4.9669682284568735,3.4095276139078217
Neu5Ac(a2-6)[Gal(b1-3)]GalNAc(a1-Sp8,2.496877135376644,2.3311151623203856,0.8763790542149398,2.413304625577411
Neu5Ac(a2-6)[Gal(b1-3)]GalNAc(a1-Sp14,3.5784950197906804,2.7420476399946074,5.3292099242445525,11.786812583137136
Neu5Ac(b2-6)[Gal(b1-3)]GalNAc(a1-Sp8,4.202287951422016,5.2856988181160425,3.5453733854842406,10.172663812845023
Neu5Ac(a2-6)[Gal(b1-3)]GlcNAc(b1-4)Gal(b1-4)Glc(b1-Sp10,6.8525043608766305,3.96733557976887,4.811199945266599,7.334711830285716
Gal(b1-3)GalNAc(a1-Sp8,9.790835842894113,6.079124527155753,2.6564698586658206,11.653877687562478
Gal(b1-3)GalNAc(a1-Sp14,6.061431929283152,12.920520662206304,2.6095537643755646,4.40926813314863
Gal(b1-3)GalNAc(a1-Sp16,6.534604612624498,6.057140558602441,5.699341945274617,4.2522752815404505
Gal(b1-3)GalNAc(b1-Sp8,6.202320786810367,5.166263639791658,12.548950713472685,17.39268119954962
Gal(b1-3)GalNAc(b1-3)Gal(a1-4)Gal(b1-4)Glc(b1-Sp0,7.9361029901331355,9.33475269994694,6.151941505668487,3.967116777858533
Gal(b1-3)GalNAc(b1-4)[Neu5Ac(a2-3)]Gal(b1-4)Glc(b1-Sp0,22.91480497311363,19.97808212489794,10.940601837612355,14.988933677550245
Gal(b1-3)GalNAc(b1-4)Gal(b1-4)Glc(b1-Sp8,9.486443274835237,3.243436792971309,10.986411587198674,9.832230849735986
Gal(b1-3)Gal(b1-Sp8,1.3621254870605757,12.783129624887119,3.1175994108715517,6.353425788239497
Gal(b1-3)GlcNAc(b1-3)Gal(b1-4)GlcNAc(b1-Sp0,2.6053063919303843,7.092827228028799,4.129046515742669,6.486688808629568
Gal(b1-3)GlcNAc(b1-3)Gal(b1-4)Glc(b1-Sp10,7.2275404239616705,5.779714083758818,1.2277118646083058,4.23427670043342
Gal(b1-3)GlcNAc(b1-Sp0,1.4231727067834457,4.1756126484625,3.6886693249960314,2.1958850825654213
Gal(b1-3)GlcNAc(b1-Sp8,3.7292157951326255,3.8482280488340788,3.88200227631738,9.761461463155332
Gal(b1-4)[Fuc(a1-3)]GlcNAc(b1-Sp0,3.068125279384792,1.062041039304353,0.9134834586168868,5.027553768981491
Gal(b1-4)[Fuc(a1-3)]GlcNAc(b1-Sp8,5.8458804027565625,3.9729682795109236,3.2546124381406747,14.391604584618074
Gal(b1-4)[Fuc(a1-3)]GlcNAc(b1-4)Gal(b1-4)[Fuc(a1-3)]GlcNAc(b1-Sp0,2.034794759510973,7.6845422294261185,5.937720043361199,25.431538623397003
Gal(b1-4)[Fuc(a1-3)]GlcNAc(b1-4)Gal(b1-4)[Fuc(a1-3)]GlcNAc(b1-4)Gal(b1-4)[Fuc(a1-3)]GlcNAc(b1-Sp0,18.328438711535142,4.792527677193607,4.463341530736809,6.04060608548513
Gal(b1-4)(6S)Glc(b1-Sp0,1.9493027437180253,19.68242327374012,10.510362700489145,8.799844619603611
Gal(b1-4)(6S)Glc(b1-Sp8,1.8751289928962245,7.799305585755695,11.536175282128825,16.27463317466787
Gal(b1-4)GalNAc(a1-3)[Fuc(a1-2)]Gal(b1-4)GlcNAc(b1-Sp8,3.8158888200086034,2.131713733712846,4.504788904044227,4.736353569642644
Gal(b1-4)GalNAc(b1-3)[Fuc(a1-2)]Gal(b1-4)GlcNAc(b1-Sp8,6.944401303208219,4.231357894242304,2.127593320123311,4.483303830510113
Gal(b1-4)GlcNAc(b1-3)GalNAc(a1-Sp8,1.6986851079094487,3.0383992852597004,13.839819037683739,7.139485940878379
Gal(b1-4)GlcNAc(b1-3)GalNAc(a1-Sp14,3.8222207719029884,2.1830911087645157,8.976959671802415,6.129354307483507
Gal(b1-4)GlcNAc(b1-3)Gal(b1-4)[Fuc(a1-3)]GlcNAc(b1-3)Gal(b1-4)[Fuc(a1-3)]GlcNAc(b1-Sp0,8.57634183553804,1.9622534758112369,7.792687141320382,14.811460718955665
Gal(b1-4)GlcNAc(b1-3)Gal(b1-4)GlcNAc(b1-3)Gal(b1-4)GlcNAc(b1-Sp0,5.544823641544721,3.646302050022734,1.9362724618882168,6.435669584951258
Gal(b1-4)GlcNAc(b1-3)Gal(b1-4)GlcNAc(b1-Sp0,8.258513944207317,2.9975374943443085,4.295399500531548,2.682561586742545
Gal(b1-4)GlcNAc(b1-3)Gal(b1-4)Glc(b1-Sp0,12.58612902126782,6.404737134535654,5.0077305168276265,4.1803450107816
Gal(b1-4)GlcNAc(b1-3)Gal(b1-4)Glc(b1-Sp8,6.998873166624758,4.54225203937063,5.905775770308815,6.367161102092514
Gal(b1-4)GlcNAc(b1-6)[Gal(b1-3)]GalNAc(a1-Sp8,6.74198874343963,5.25847986811145,5.9533787454408325,6.423845577741318
Gal(b1-4)GlcNAc(b1-6)[Gal(b1-3)]GalNAc(a1-Sp14,4.98386077754987,4.355503273159143,5.53028348361698,9.455249080625359
Gal(b1-4)GlcNAc(b1-Sp0,2.7573520140103054,5.5270259060969416,3.722042219333359,9.493991187544186
Gal(b1-4)GlcNAc(b1-Sp8,15.335146082420172,7.2364975529142095,7.30457371349166,16.15399065917355
Gal(b1-4)GlcNAc(b1-Sp23,7.7330536749721155,0.8715419338735252,4.2329228021742455,2.23393863594474
Gal(b1-4)Glc(b1-Sp0,2.777175766103645,16.929430553600053,3.6739763032260657,5.81252928960362
Gal(b1-4)Glc(b1-Sp8,9.738125543578708,17.299271834458818,6.0980754218031805,3.685989992186625
GlcNAc(a1-3)Gal(b1-4)GlcNAc(b1-Sp8,12.56037966968622,2.708510514870978,11.948713289164946,21.641431892764462
GlcNAc(a1-6)Gal(b1-4)GlcNAc(b1-Sp8,3.806517581727426,12.8626715836952,3.844966119053208,18.35417421378753
GlcNAc(b1-2)Gal(b1-3)GalNAc(a1-Sp8,4.7367806679924165,0.32866249152182675,2.089517445089499,3.078807927726797
GlcNAc(b1-6)[GlcNAc(b1-3)]GalNAc(a1-Sp8,3.392868808127816,8.043338978465345,8.440021055019152,30.430464588892413
GlcNAc(b1-6)[GlcNAc(b1-3)]GalNAc(a1-Sp14,6.4176628663919875,4.965128320849322,4.570964613368461,4.6042782040185255
GlcNAc(b1-6)[GlcNAc(b1-3)]Gal(b1-4)GlcNAc(b1-Sp8,2.7448784551111274,10.277000992629123,9.541802058791973,47.4788723438385
GlcNAc(b1-3)GalNAc(a1-Sp8,0.8262332978644629,4.873528083431967,15.874463911368249,43.65981749244187
GlcNAc(b1-3)GalNAc(a1-Sp14,3.5034119496808613,4.8944815799701065,1.937428973966962,2.051764684972425
GlcNAc(b1-3)Gal(b1-Sp8,2.6671069394883005,4.924792253740255,10.155856553568816,3.53213509273546
GlcNAc(b1-3)Gal(b1-4)GlcNAc(b1-Sp0,6.2875059132510325,5.696638808616308,2.495394328892065,31.44327281803163
GlcNAc(b1-3)Gal(b1-4)GlcNAc(b1-Sp8,3.374912853566247,6.208185541350501,3.7194401696805577,12.592622850568759
GlcNAc(b1-3)Gal(b1-4)GlcNAc(b1-3)Gal(b1-4)GlcNAc(b1-Sp0,4.8479618345410564,13.885059240390973,1.8988148874144293,7.729803042553352
GlcNAc(b1-3)Gal(b1-4)Glc(b1-Sp0,4.761541049212254,1.4948097024928144,2.9350845518769475,5.1359345089282415
GlcNAc(b1-4)(a1-MDPLys,5.579059247086378,6.458861167935622,4.2010925388522455,4.021131739945859
GlcNAc(b1-6)[GlcNAc(b1-4)]GalNAc(a1-Sp8,7.298124385073196,9.166317395406583,8.550958328115435,4.381194311581418
GlcNAc(b1-4)Gal(b1-4)GlcNAc(b1-Sp8,2.883623714905715,13.505605968510515,5.219614835327092,14.952069008446081
GlcNAc(b1-4)GlcNAc(b1-4)GlcNAc(b1-4)GlcNAc(b1-4)GlcNAc(b1-4)GlcNAc(b1-Sp8,5.07037423561286,19.693561380478315,12.089853840031864,44.749617571029454
GlcNAc(b1-4)GlcNAc(b1-4)GlcNAc(b1-4)GlcNAc(b1-4)GlcNAc(b1-Sp8,7.833305999810468,7.680166731425812,9.223336526577562,44.310769357272456
GlcNAc(b1-4)GlcNAc(b1-4)GlcNAc(b1-Sp8,7.7934264913344355,18.020849256231877,33.14929104987267,24.953451223559107
GlcNAc(b1-6)GalNAc(a1-Sp8,7.452934503267818,3.5420837595968817,10.316539568858998,9.67820784666941
GlcNAc(b1-6)GalNAc(a1-Sp14,7.670938337376553,3.327554751866097,4.364875538794512,5.286008266168336
GlcNAc(b1-6)Gal(b1-4)GlcNAc(b1-Sp8,13.132233518680918,2.688158773212623,2.9021277417037816,18.934550745572665
Glc(a1-4)Glc(b1-Sp8,5.9789562954164515,1.714478261503093,7.59374077179138,3.055307776504137
Glc(a1-4)Glc(a1-Sp8,5.501526624719722,5.503768034340956,4.285809991899625,9.06586525834683
Glc(a1-6)Glc(a1-6)Glc(b1-Sp8,11.569740364848295,3.120944699259074,5.851720964739068,9.88779007813003
Glc(b1-4)Glc(b1-Sp8,3.1691250121287413,2.3733058160858023,6.604271638114233,21.343920764529187
Glc(b1-6)Glc(b1-Sp8,4.8307695297954405,4.729899230339545,4.454597967924078,4.747884969383747
G-ol(a1-Sp8,7.412881510530616,11.925541971296976,7.385875204966119,16.57151723198573
GlcA(a1-Sp8,28.99062194129911,6.7936429434680585,5.510501864243702,11.521219208161096
GlcA(b1-Sp8,15.283516980176165,1.0858538310933052,7.783239238849504,31.39614279217541
GlcA(b1-3)Gal(b1-Sp8,6.886585367884918,5.778441791694367,2.874075847265227,1.2470371643085272
GlcA(b1-6)Gal(b1-Sp8,10.875158792710412,4.636347836659801,6.697119484462456,8.485565950286798
KDN(a2-3)Gal(b1-3)GlcNAc(b1-Sp0,9.593597991195306,4.956224306869091,3.577102717167433,10.770525077574751
KDN(a2-3)Gal(b1-4)GlcNAc(b1-Sp0,7.315662321348627,8.721655111798839,3.347293412096806,7.017764611327454
Man(a1-2)Man(a1-2)Man(a1-3)Man(a1-Sp9,3.9548832431143457,6.39512127041648,4.5242748800222135,7.589802711533418
Man(a1-2)Man(a1-6)[Man(a1-2)Man(a1-3)]Man(a1-Sp9,14.084725254775114,4.7132626557937565,2.5686765105465006,8.63537550968881
Man(a1-2)Man(a1-3)Man(a1-Sp9,6.2083523925434525,7.160851070170819,3.0908633384002364,6.2695322454443625
Man(a1-6)[Man(a1-2)Man(a1-3)]Man(a1-6)[Man(a1-2)Man(a1-3)]Man(b1-4)GlcNAc(b1-4)GlcNAc(b1-Sp12,5.452927940718332,9.67792166131242,14.473241392077089,25.65875148344452
Man(a1-2)Man(a1-6)[Man(a1-3)]Man(a1-6)[Man(a1-2)Man(a1-2)Man(a1-3)]Man(b1-4)GlcNAc(b1-4)GlcNAc(b1-Sp12,5.329624298437931,4.238587232695192,2.795597392329589,13.606165984673979
Man(a1-2)Man(a1-6)[Man(a1-2)Man(a1-3)]Man(a1-6)[Man(a1-2)Man(a1-2)Man(a1-3)]Man(b1-4)GlcNAc(b1-4)GlcNAc(b1-Sp12,18.963770328950048,9.806419432868113,15.633201228875036,21.87633065888032
Man(a1-6)[Man(a1-3)]Man(a1-Sp9,4.620085055854852,3.688317462271925,4.9790293239914405,19.59686047313021
Man(a1-2)Man(a1-2)Man(a1-6)[Man(a1-3)]Man(a1-Sp9,5.766325040266112,12.014967732790632,12.787674228594758,21.733133659518586
Man(a1-6)[Man(a1-3)]Man(a1-6)[Man(a1-2)Man(a1-3)]Man(b1-4)GlcNAc(b1-4)GlcNAc(b1-Sp12,14.696768205402654,15.464592130708379,3.3100308442671937,118.7884887016836
Man(a1-6)[Man(a1-3)]Man(a1-6)[Man(a1-3)]Man(b1-4)GlcNAc(b1-4)GlcNAc(b1-Sp12,2.396516995384484,3.528592804032037,6.384346261168783,19.569158170703112
Man(b1-4)GlcNAc(b1-Sp0,11.918596496372096,3.23584955665948,6.747561019299244,6.0772926932969575
Neu5Ac(a2-3)Gal(b1-4)GlcNAc(b1-3)Gal(b1-4)[Fuc(a1-3)]GlcNAc(b1-Sp0,12.850489580394726,4.566751237203536,8.215374616331665,23.60857465258475
(3S)Gal(b1-4)[Fuc(a1-3)](6S)GlcNAc(b1-Sp8,3.3020757687400177,4.15099355496167,5.45432697245958,1.6514517540132192
Fuc(a1-2)(6S)Gal(b1-4)GlcNAc(b1-Sp0,9.260212399066942,4.437811468411729,10.344290860945149,1.4327186892408414
Fuc(a1-2)Gal(b1-4)(6S)GlcNAc(b1-Sp8,3.0770224666063024,4.778034372957847,3.5613098180304408,2.9662031098976787
Fuc(a1-2)(6S)Gal(b1-4)(6S)Glc(b1-Sp0,8.492260660693757,12.458635214547648,8.610826714230187,6.381595742641494
Neu5Ac(a2-3)Gal(b1-3)GalNAc(a1-Sp8,3.9307272821536032,1.6172633273527253,6.3422538866321005,11.663815536771553
Neu5Ac(a2-3)Gal(b1-3)GalNAc(a1-Sp14,8.261339734116982,7.709979109353454,7.118754261046427,8.039990436561473
GalNAc(b1-4)[Neu5Ac(a2-8)Neu5Ac(a2-8)Neu5Ac(a2-8)Neu5Ac(a2-3)]Gal(b1-4)Glc(b1-Sp0,9.346181209099962,5.660010760516857,7.9156312675195615,18.609430810747547
GalNAc(b1-4)[Neu5Ac(a2-8)Neu5Ac(a2-8)Neu5Ac(a2-3)]Gal(b1-4)Glc(b1-Sp0,7.954471580763031,2.1702172646611517,2.8100602892405457,13.615254682983348
Neu5Ac(a2-8)Neu5Ac(a2-8)Neu5Ac(a2-3)Gal(b1-4)Glc(b1-Sp0,2.9334636835147645,14.881265100118336,2.354162212444166,6.723752984445016
GalNAc(b1-4)[Neu5Ac(a2-8)Neu5Ac(a2-3)]Gal(b1-4)Glc(b1-Sp0,5.188881033758625,7.74491573932,2.278717705201767,10.213000863115598
Neu5Ac(a2-8)Neu5Ac(a2-8)Neu5Ac(a1-Sp8,4.009790934180149,8.409502996164527,14.091381174912085,5.244450744278817
Neu5Ac(a2-3)(6S)Gal(b1-4)[Fuc(a1-3)]GlcNAc(b1-Sp8,4.738287301687527,4.484950763293466,7.2839853804424965,3.0460125370446747
GalNAc(b1-4)[Neu5Ac(a2-3)]Gal(b1-4)GlcNAc(b1-Sp0,0.556921516762752,3.2225257344459886,5.648699466470133,5.603179471514365
GalNAc(b1-4)[Neu5Ac(a2-3)]Gal(b1-4)GlcNAc(b1-Sp8,7.709208328734754,2.569348971205223,8.428295696442232,5.96020026586075
GalNAc(b1-4)[Neu5Ac(a2-3)]Gal(b1-4)Glc(b1-Sp0,5.6555824624141655,2.9020851921506385,1.1546109431319276,3.4463911627478767
Neu5Ac(a2-3)Gal(b1-3)GalNAc(b1-4)[Neu5Ac(a2-3)]Gal(b1-4)Glc(b1-Sp0,3.760513229489648,6.781940602008147,2.8973722938494886,7.6381300516989565
Neu5Ac(a2-6)[Neu5Ac(a2-3)]GalNAc(a1-Sp8,6.180200437620663,10.387439204595458,3.0177046437096298,2.7927050176904364
Neu5Ac(a2-3)GalNAc(a1-Sp8,9.021355547209447,8.65218929303445,5.949326519027175,3.2760945906164967
Neu5Ac(a2-3)GalNAc(b1-4)GlcNAc(b1-Sp0,4.539463376784381,6.685861808510553,4.592678964304825,3.6950570541377727
Neu5Ac(a2-3)Gal(b1-3)(6S)GlcNAc(a1-Sp8,3.268668395922116,5.0269855151140685,7.768500050202737,20.63765337651464
Neu5Ac(a2-3)Gal(b1-3)[ Fuc(a1-4)]GlcNAc(b1-Sp8,2.9040443469697004,4.212052245145262,4.97852955625454,2.596828344185788
Neu5Ac(a2-3)Gal(b1-3)[Fuc(a1-4)]GlcNAc(b1-3)Gal(b1-4)[Fuc(a1-3)]GlcNAc(b1-Sp0,23.864830107503376,3.205291755181315,4.669312189891211,14.79180262735638
Neu5Ac(a2-3)Gal(b1-4)[Neu5Ac(a2-3)Gal(b1-3)]GlcNAc(b1-Sp8,51.17429313437066,3.3471027136664464,4.671248430826604,26.303404050933537
Neu5Ac(a2-3)Gal(b1-3)(6S)GalNAc(a1-Sp8,11.686190051901715,7.374955622691339,1.0566180557956275,6.664078909784408
Neu5Ac(a2-6)[Neu5Ac(a2-3)Gal(b1-3)]GalNAc(a1-Sp8,3.84376894932998,13.072348449143838,4.711938187908099,2.982871534137312
Neu5Ac(a2-6)[Neu5Ac(a2-3)Gal(b1-3)]GalNAc(a1-Sp14,9.314238063801396,7.850487462147392,6.848350741115213,2.637832459931192
Neu5Ac(a2-3)Gal(b1-Sp8,9.803207450413016,14.222582547718494,4.246100991399834,2.9395500759753483
Neu5Ac(a2-3)Gal(b1-3)GalNAc(b1-3)Gal(a1-4)Gal(b1-4)Glc(b1-Sp0,4.042171067941086,8.001654494904997,1.7525137507781965,4.49824123964022
Neu5Ac(a2-3)Gal(b1-3)GlcNAc(b1-3)Gal(b1-4)GlcNAc(b1-Sp0,5.4680432996334805,1.9417844720342528,3.163294783396998,10.209887844307266
Fuc(a1-2)(6S)Gal(b1-4)Glc(b1-Sp0,3.6767353825552003,5.598400486448486,8.098326170007809,6.158711818973732
Neu5Ac(a2-3)Gal(b1-3)GlcNAc(b1-Sp0,6.021908774010117,8.157633336278769,0.7711645409163116,36.71118499444912
Neu5Ac(a2-3)Gal(b1-3)GlcNAc(b1-Sp8,2.098804527979365,6.6692604242649445,5.8187607468572455,9.783944801689142
Neu5Ac(a2-3)Gal(b1-4)(6S)GlcNAc(b1-Sp8,1.7502536978011705,7.526155999357622,2.6926244576620784,12.962549051884045
Neu5Ac(a2-3)Gal(b1-4)[Fuc(a1-3)](6S)GlcNAc(b1-Sp8,2.4801431227182573,5.477238017164002,2.480976976078848,5.7885125247481914
Neu5Ac(a2-3)Gal(b1-4)[Fuc(a1-3)]GlcNAc(b1-3)Gal(b1-4)[Fuc(a1-3)]GlcNAc(b1-3)Gal(b1-4)[Fuc(a1-3)]GlcNAc(b1-Sp0,4.277913399076705,12.517244904097968,1.6460065380590638,10.17347833417034
Neu5Ac(a2-3)Gal(b1-4)[Fuc(a1-3)]GlcNAc(b1-Sp0,7.2935203685646,3.251905595185693,8.830592517445623,10.782780953755235
Neu5Ac(a2-3)Gal(b1-4)[Fuc(a1-3)]GlcNAc(b1-Sp8,7.1636114730397535,2.396653648144986,4.884421479220099,5.880193954536593
Neu5Ac(a2-3)Gal(b1-4)[Fuc(a1-3)]GlcNAc(b1-3)Gal(b1-Sp8,3.279390302454612,3.934259363166929,5.547232049935653,7.304308332929269
Neu5Ac(a2-3)Gal(b1-4)[Fuc(a1-3)]GlcNAc(b1-3)Gal(b1-4)GlcNAc(b1-Sp8,1.9695283098583136,2.0808421259993115,11.443248053473866,6.874880299806433
Neu5Ac(a2-3)Gal(b1-4)GlcNAc(b1-3)Gal(b1-4)GlcNAc(b1-3)Gal(b1-4)GlcNAc(b1-Sp0,8.249772258270728,0.6211232909012474,2.1776013998587165,2.7700248330716075
Neu5Ac(a2-3)Gal(b1-4)GlcNAc(b1-Sp0,4.564401168828173,7.445645208834048,2.3474909903980468,7.672471254372125
Neu5Ac(a2-3)Gal(b1-4)GlcNAc(b1-Sp8,4.156685412982327,1.4928898315570975,6.024075060607507,6.091644870572035
Neu5Ac(a2-3)Gal(b1-4)GlcNAc(b1-3)Gal(b1-4)GlcNAc(b1-Sp0,5.979982997746178,3.8447724379994215,14.053361286183462,11.61496763562717
Fuc(a1-2)Gal(b1-4)(6S)Glc(b1-Sp0,1.5504293692931364,17.074689513111707,7.841509416081827,23.015947809001194
Neu5Ac(a2-3)Gal(b1-4)Glc(b1-Sp0,19.564829397416162,8.216161959617558,1.5725682950192919,22.73418508919993
Neu5Ac(a2-3)Gal(b1-4)Glc(b1-Sp8,4.29400795557018,11.842038336754653,1.5610617444547172,13.271097865756992
Neu5Ac(a2-6)GalNAc(a1-Sp8,4.4167760931098465,11.04360511880066,11.789183534353285,7.807209182330563
Neu5Ac(a2-6)GalNAc(b1-4)GlcNAc(b1-Sp0,4.555714314554123,3.395303088090958,10.371935473189176,6.109951146217674
Neu5Ac(a2-6)Gal(b1-4)(6S)GlcNAc(b1-Sp8,2.532810606651557,6.262910449357128,3.375048595699526,4.283895420739554
Neu5Ac(a2-6)Gal(b1-4)GlcNAc(b1-Sp0,4.857509939859463,6.433497401880256,2.611776261952772,9.11405190132248
Neu5Ac(a2-6)Gal(b1-4)GlcNAc(b1-Sp8,5.191281506847161,3.991434166123752,2.326769614007079,19.343236664788037
Neu5Ac(a2-6)Gal(b1-4)GlcNAc(b1-3)Gal(b1-4)[Fuc(a1-3)]GlcNAc(b1-3)Gal(b1-4)[Fuc(a1-3)]GlcNAc(b1-Sp0,15.206669951154113,17.843658699007516,6.957421592503465,12.599215383870805
Neu5Ac(a2-6)Gal(b1-4)GlcNAc(b1-3)Gal(b1-4)GlcNAc(b1-Sp0,3.3173476577681766,2.2445584174101327,6.309439104693338,2.163242232352474
Neu5Ac(a2-6)Gal(b1-4)Glc(b1-Sp0,17.235539347595132,5.8707462106618165,2.54227574166664,23.70206910255937
Neu5Ac(a2-6)Gal(b1-4)Glc(b1-Sp8,4.685932589766239,4.508824119435137,6.4814452346679605,16.968679782543486
Neu5Ac(a2-6)Gal(b1-Sp8,4.9797409566997874,3.9987889103035528,18.23387561335586,9.056676597589943
Neu5Ac(a2-8)Neu5Ac(a1-Sp8,2.9020695804890564,4.533699664641085,10.487925261421664,4.709624360463015
Neu5Ac(a2-8)Neu5Ac(a2-3)Gal(b1-4)Glc(b1-Sp0,4.462155027468982,3.4074213162840103,2.3786872645432053,4.696166559368749
Gal(b1-3)[Fuc(a1-4)]GlcNAc(b1-3)Gal(b1-3)[Fuc(a1-4)]GlcNAc(b1-Sp0,3.6170431538297496,5.011831485262314,2.6595288559880945,5.985891603526295
Neu5Ac(b2-6)GalNAc(a1-Sp8,6.839649723182711,3.5033513253978232,6.342976045135806,70.66877710689047
Neu5Ac(b2-6)Gal(b1-4)GlcNAc(b1-Sp8,2.421533644029477,9.541121715675434,7.221879466997036,2.05335989457928
Neu5Gc(a2-3)Gal(b1-3)[Fuc(a1-4)]GlcNAc(b1-Sp0,8.907094180997902,6.202728591246487,1.2549276114581256,6.422072643884787
Neu5Gc(a2-3)Gal(b1-3)GlcNAc(b1-Sp0,6.15052875450557,3.5196364987500237,1.5247204298384238,1.715157890448183
Neu5Gc(a2-3)Gal(b1-4)[Fuc(a1-3)]GlcNAc(b1-Sp0,3.3382985696309446,5.5030799491436335,2.8818733293929935,2.7779736360340044
Neu5Gc(a2-3)Gal(b1-4)GlcNAc(b1-Sp0,8.372503313826375,1.975546075561554,5.9514594845158175,7.545883971355952
Neu5Gc(a2-3)Gal(b1-4)Glc(b1-Sp0,10.276305076728695,17.24047639539001,9.226471137394118,4.165896201599359
Neu5Gc(a2-6)GalNAc(a1-Sp0,4.447786782490819,6.811513854251982,10.135508227020493,5.590927703804342
Neu5Gc(a2-6)Gal(b1-4)GlcNAc(b1-Sp0,5.654929718690879,1.4905458250810917,9.80116992761578,7.000144811061647
Neu5Gc(a1-Sp8,4.431148522674457,5.401765248200512,13.644592529246399,12.860738756742036
Neu5Ac(a2-3)Gal(b1-4)GlcNAc(b1-6)[Gal(b1-3)]GalNAc(a1-Sp14,9.798527709984468,3.2098563628299623,5.639026673918707,7.0492207296858975
Gal(b1-3)GlcNAc(b1-3)Gal(b1-3)GlcNAc(b1-Sp0,9.6171561829195,2.295475406642374,6.438874747707603,7.043452216243111
Gal(b1-4)[Fuc(a1-3)](6S)GlcNAc(b1-Sp0 ,13.833890064951609,21.30649209988589,2.583525659991272,18.365967004648365
Gal(b1-4)[Fuc(a1-3)](6S)Glc(b1-Sp0,12.917819897851698,6.478443859124916,5.467971009052019,4.872976486963585
Gal(b1-4)[Fuc(a1-3)]GlcNAc(b1-3)Gal(b1-3)[Fuc(a1-4)]GlcNAc(b1-Sp0,3.266653169019733,4.87966898365043,15.082195112643035,0.9309444433835234
Gal(b1-4)GlcNAc(b1-3)Gal(b1-3)GlcNAc(b1-Sp0,1.4674383402718991,17.94982238621504,1.984992757333559,4.837937485041191
Neu5Ac(a2-3)Gal(b1-3)GlcNAc(b1-3)Gal(b1-3)GlcNAc(b1-Sp0,3.719000018374116,3.5098482839955736,3.8819275747794864,4.8079864956653084
Neu5Ac(a2-3)Gal(b1-4)GlcNAc(b1-3)Gal(b1-3)GlcNAc(b1-Sp0,1.1748212871184562,4.8556503459886775,3.9559985713681267,9.74939597560621
4S(3S)Gal(b1-4)GlcNAc(b1-Sp0,5.511337671488353,5.3098240186626375,7.41748006597704,9.433683649737977
(6S)Gal(b1-4)(6S)GlcNAc(b1-Sp0,14.217232460966745,9.352933814718247,1.0124515177692848,6.5536013877231545
(6P)Glc(b1-Sp10,9.510540257524813,5.508839895719127,7.5818517819417535,14.362295914505914
Neu5Ac(a2-3)Gal(b1-4)[Fuc(a1-3)]GlcNAc(b1-6)[Gal(b1-3)]GalNAc(a1-Sp14,11.138456006519336,36.33752691653629,9.008788803302027,23.68359433313839
Gal(b1-3)Gal(b1-4)GlcNAc(b1-Sp8,3.9577110087987255,4.641162232584284,3.8398041203295774,11.827589814039321
Neu5Ac(a2-6)Gal(b1-4)GlcNAc(b1-2)Man(a1-6)[Gal(b1-4)GlcNAc(b1-2)Man(a1-3)]Man(b1-4)GlcNAc(b1-4)GlcNAc(b1-Sp12,7.233276842713356,8.459090331117176,4.925035964251091,6.125310814154652
Gal(b1-4)GlcNAc(b1-6)[Gal(b1-4)GlcNAc(b1-3)]Gal(b1-4)GlcNAc(a1-Sp0,4.3482953951328245,6.7142478602719695,5.743282208516885,10.4387353327243
GlcNAc(b1-6)[Gal(b1-4)GlcNAc(b1-3)]Gal(b1-4)GlcNAc(a1-Sp0,5.1394735374841645,4.72536596845507,3.2178881905166734,9.714567180785775
Gal(b1-4)GlcNAc(a1-6)Gal(b1-4)GlcNAc(b1-Sp0,2.082124071711387,3.3356121622075112,5.280619402115624,6.533241866536603
Gal(b1-4)GlcNAc(b1-6)Gal(b1-4)GlcNAc(b1-Sp0,7.074825096719116,2.8136423266826207,1.9937767996108962,12.154749927360358
GalNAc(b1-3)Gal(b1-Sp8,5.756922023674343,8.35429559228864,21.372134105789087,22.046666411103967
GlcA(b1-3)GlcNAc(b1-Sp8,9.499274021164288,5.439735534625436,6.368223373581832,4.593367263783727
Neu5Ac(a2-6)Gal(b1-4)GlcNAc(b1-2)Man(a1-6)[GlcNAc(b1-2)Man(a1-3)]Man(b1-4)GlcNAc(b1-4)GlcNAc(b1-Sp12,4.957624449522169,10.013419185273316,3.8179928972345336,12.046501241716065
GlcNAc(b1-3)Ma(n1-Sp10,7.158824362049027,3.4785295105595027,3.388367220727417,14.756042505812099
GlcNAc(b1-4)GlcNAc(b1-Sp10,4.361222345761186,13.761310235705507,21.424059305758654,20.941711860518573
GlcNAc(b1-4)GlcNAc(b1-Sp12,8.173036546474025,4.781551910555126,3.8854859704632365,162.0266772395727
MurNAc(b1-4)GlcNAc(b1-Sp10,7.423341680806569,5.146274792750577,14.185779050954515,4.794540991586153
Man(a1-6)Man(b1-Sp10,7.131789578126005,2.372422211580388,3.170358670560795,3.3502029873824783
Man(a1-6)[Man(a1-3)]Man(a1-6)[Man(a1-3)]Man(b1-Sp10,6.339380610845717,3.1515291124574225,3.0360481258537457,6.364352991663631
Man(a1-2)Man(a1-6)[Man(a1-3)]Man(a1-6)[Man(a1-2)Man(a1-2)Man(a1-3)]Man(a1-Sp9,13.434732283773535,11.559599954547162,1.6919251539789582,16.73273252946152
Man(a1-2)Man(a1-6)[Man(a1-2)Man(a1-3)]Man(a1-6)[Man(a1-2)Man(a1-2)Man(a1-3)]Man(a1-Sp9,2.139476467113713,2.0688436343361807,4.4273573581389005,6.474928381071093
Neu5Ac(a2-3)Gal(b1-4)GlcNAc(b1-6)[Neu5Ac(a2-3)Gal(b1-3)]GalNAc(a1-Sp14,5.355497088895361,3.944232359936047,3.508854500046988,8.034089546633982
Neu5Ac(a2-6)Gal(b1-4)GlcNAc(b1-2)Man(a1-6)[Neu5Ac(a2-3)Gal(b1-4)GlcNAc(b1-2)Man(a1-3)]Man(b1-4)GlcNAc(b1-4)GlcNAc(b1-Sp12,4.046516073941466,3.9252881380437112,3.8985407740161775,9.585437505360245
Gal(b1-4)GlcNAc(b1-2)Man(a1-6)[Neu5Ac(a2-6)Gal(b1-4)GlcNAc(b1-2)Man(a1-3)]Man(b1-4)GlcNAc(b1-4)GlcNAc(b1-Sp12,7.131693931727108,13.237162533406975,2.329482172787192,10.122976189960145
GlcNAc(b1-2)Man(a1-6)[Neu5Ac(a2-6)Gal(b1-4)GlcNAc(b1-2)Man(a1-3)]Man(b1-4)GlcNAc(b1-4)GlcNAc(b1-Sp12,9.063693840997354,3.060709283129212,3.417412017277605,10.56261402505606
Neu5Ac(a2-8)Neu5Ac(b1-Sp17,8.084129930662506,6.01094162361439,11.431086504498738,5.821974316544168
Neu5Ac(a2-8)Neu5Ac(a2-8)Neu5Ac(b1-Sp8,5.210860480685192,3.2626977288740684,3.3130674219671423,7.235094111977155
Neu5Gc(b2-6)Gal(b1-4)GlcNAc(a1-Sp8,11.503884133739351,3.76342495341678,11.356084230050426,15.947176139889686
Gal(b1-3)GlcNAc(b1-2)Man(a1-6)[Gal(b1-3)GlcNAc(b1-2)Man(a1-3)]Man(b1-4)GlcNAc(b1-4)GlcNAc(b1-Sp19,3.782657655229541,3.92050988382463,5.611202886710965,8.02814309808522
Neu5Ac(a2-3)Gal(b1-4)GlcNAc(b1-2)Man(a1-6)[Neu5Ac(a2-3)Gal(b1-4)GlcNAc(b1-2)Man(a1-3)]Man(b1-4)GlcNAc(b1-4)GlcNAc(b1-Sp12,5.943191947093752,2.048641744140084,2.7432972526991413,13.506750345506251
Neu5Ac(a2-3)Gal(b1-4)GlcNAc(b1-2)Man(a1-6)[Neu5Ac(a2-6)Gal(b1-4)GlcNAc(b1-2)Man(a1-3)]Man(b1-4)GlcNAc(b1-4)GlcNAc(b1-Sp12,17.234153462311422,5.44171213031033,3.227999025583288,14.418024130349247
Gal(b1-4)[Fuc(a1-3)]GlcNAc(b1-2)Man(a1-6)[Gal(b1-4)[Fuc(a1-3)]GlcNAc(b1-2)Man(a1-3)]Man(b1-4)GlcNAc(b1-4)GlcNAc(b1-Sp20,4.376157937811054,4.261370387563134,13.000976141941544,4.996620871815946
"Neu5,9Ac2(a2-3)Gal(b1-4)GlcNAc(b1-Sp0",17.879779944651624,4.689519311898251,10.54695004740706,2.6391179170321264
"Neu5,9Ac2(a2-3)Gal(b1-4)GlcNAc(b1-Sp0",3.4389936855374783,1.565069590305815,5.358303553286867,2.3150663293233418
Neu5Ac(a2-6)Gal(b1-4)GlcNAc(b1-3)Gal(b1-3)GlcNAc(b1-Sp0,6.958730800165124,4.085049843025171,5.250710283618779,2.0281011316006925
Neu5Ac(a2-3)Gal(b1-3)[Fuc(a1-4)]GlcNAc(b1-3)Gal(b1-3)[Fuc(a1-4)]GlcNAc(b1-Sp0,16.321239862726927,10.51248701576685,6.864788895273232,23.39362029405673
Neu5Ac(a2-6)Gal(b1-4)GlcNAc(b1-3)Gal(b1-4)GlcNAc(b1-3)Gal(b1-4)GlcNAc(b1-Sp0,12.738319668458367,1.872555304701755,3.4123582881442323,4.72264285614175
Gal(a1-4)Gal(b1-4)GlcNAc(b1-3)Gal(b1-4)Glc(b1-Sp0,2.560313976025797,47.91287425355383,349.5035249081699,310.9641154366879
GalNAc(b1-3)Gal(a1-4)Gal(b1-4)GlcNAc(b1-3)Gal(b1-4)Glc(b1-Sp0,1.5681230231819592,6.9681997825239375,7.062866529014026,4.340163878914407
GalNAc(a1-3)[Fuc(a1-2)]Gal(b1-4)GlcNAc(b1-3)Gal(b1-4)GlcNAc(b1-Sp0,6.603385531679943,12.243310130298363,18.674131228788085,250.15859973891207
GalNAc(a1-3)[Fuc(a1-2)]Gal(b1-4)GlcNAc(b1-3)Gal(b1-4)GlcNAc(b1-3)Gal(b1-4)GlcNAc(b1-Sp0,6.768888299910616,18.387473162522927,12.474386950601591,421.54076341779967
Neu5Ac(a2-3)Gal(b1-4)[Fuc(a1-3)]GlcNAc(b1-6)[Neu5Ac(a2-3)Gal(b1-3)]GalNAc(a1-Sp14,22.5097007345722,19.945614493145253,6.216125339992755,9.772173191730008
GlcNAc(a1-4)Gal(b1-4)GlcNAc(b1-3)Gal(b1-4)GlcNAc(b1-3)Gal(b1-4)GlcNAc(b1-Sp0,2.8442878597579893,31.14930045510659,9.330442186511537,34.90340236265119
GlcNAc(a1-4)Gal(b1-4)GlcNAc(b1-Sp0,3.0868018480567625,4.3751491070781405,13.986075401478187,54.19567759495109
GlcNAc(a1-4)Gal(b1-3)GlcNAc(b1-Sp0,4.651074612387983,7.308337033370408,9.715113075512818,44.637039997247065
GlcNAc(a1-4)Gal(b1-4)GlcNAc(b1-3)Gal(b1-4)Glc(b1-Sp0,8.68393897663958,5.275602166182863,19.566295635522486,26.79098697788522
GlcNAc(a1-4)Gal(b1-4)GlcNAc(b1-3)Gal(b1-4)[Fuc(a1-3)]GlcNAc(b1-3)Gal(b1-4)[Fuc(a1-3)]GlcNAc(b1-Sp0,12.595047485255206,3.338284976226462,15.484187502954954,43.47221082173229
GlcNAc(a1-4)Gal(b1-4)GlcNAc(b1-3)Gal(b1-4)GlcNAc(b1-Sp0,4.24152950429834,14.659951672726171,6.022532403123018,82.54504708862129
GlcNAc(a1-4)Gal(b1-3)GalNAc(a1-Sp14,6.672990464302094,3.8581567710501328,6.421635314829604,32.93699885593448
Neu5Ac(a2-6)Gal(b1-4)GlcNAc(b1-2)Man(a1-6)[Man(a1-3)]Man(b1-4)GlcNAc(b1-4)GlcNAc(a1-Sp12,3.958633431185573,3.9045069098628313,7.85955758779292,19.52206381482244
Man(a1-6)[Neu5Ac(a2-6)Gal(b1-4)GlcNAc(b1-2)Man(a1-3)]Man(b1-4)GlcNAc(b1-4)GlcNAc(a1-Sp12,9.132248543120866,8.196578895032976,4.600141893735456,6.009127598634152
Neu5Ac(a2-6)Gal(b1-4)GlcNAc(b1-2)Man(a1-6)Man(b1-4)GlcNAc(b1-4)GlcNAc(a1-Sp12,6.8865659313381045,4.386313263151642,3.5181680275393283,4.841739399826602
Neu5Ac(a2-6)Gal(b1-4)GlcNAc(b1-2)Man(a1-3)Man(b1-4)GlcNAc(b1-4)GlcNAc(a1-Sp12,5.52305053050391,6.749136567986554,5.100619505184314,4.053560663889631
Gal(b1-4)GlcNAc(b1-2)Man(a1-3)Man(b1-4)GlcNAc(b1-4)GlcNAc(a1-Sp12,1.6520944282939565,5.987395830687437,7.1341234716793815,7.897737704927485
Gal(b1-4)GlcNAc(b1-2)Man(a1-6)Man(b1-4)GlcNAc(b1-4)GlcNAc(a1-Sp12,5.9128572836376385,2.67021568292401,3.662553171855208,3.2464096028022813
Man(a1-6)[Gal(b1-4)GlcNAc(b1-2)Man(a1-3)]Man(b1-4)GlcNAc(b1-4)GlcNAc(b1-Sp12,3.1352267254538337,4.1102616237696274,4.404693723272175,6.488925199651071
GlcNAc(b1-2)Man(a1-6)[GlcNAc(b1-2)Man(a1-3)]Man(b1-4)GlcNAc(b1-4)[Fuc(a1-6)]GlcNAc(b1-Sp22,4.888725637968784,3.642080944551713,3.53009194875525,4.817987025978795
Gal(b1-4)GlcNAc(b1-2)Man(a1-6)[Gal(b1-4)GlcNAc(b1-2)Man(a1-3)]Man(b1-4)GlcNAc(b1-4)[Fuc(a1-6)]GlcNAc(b1-Sp22,7.786084785478938,4.407687719863255,11.08324140027035,7.585602841787415
Gal(b1-3)GlcNAc(b1-2)Man(a1-6)[Gal(b1-3)GlcNAc(b1-2)Man(a1-3)]Man(b1-4)GlcNAc(b1-4)[Fuc(a1-6)]GlcNAc(b1-Sp22,3.7559911088819153,4.364400284880691,5.5369222217762815,4.448861134043192
(6S)GlcNAc(b1-3)Gal(b1-4)GlcNAc(b1-Sp0,8.243558017021531,3.3192174904887817,3.2447569508362264,18.084646067567004
KDN(a2-3)Gal(b1-4)[Fuc(a1-3)]GlcNAc(a1-Sp0,5.0449775120080185,6.1819375412028625,0.4571381228177465,4.33892270615645
KDN(a2-6)Gal(b1-4)GlcNAc(a1-Sp0,6.4328201422471,8.948946076633828,4.799434837127528,9.797784917478364
KDN(a2-3)Gal(b1-4)Glc(a1-Sp0,2.8495968516031653,10.934112211293916,3.3489914685867297,8.443210269007077
KDN(a2-3)Gal(b1-3)GalNAc(a1-Sp14,7.330529654522468,5.681358856529544,14.300183117562987,8.362170700392332
Fuc(a1-2)Gal(b1-3)GlcNAc(b1-2)Man(a1-6)[Fuc(a1-2)Gal(b1-3)GlcNAc(b1-2)Man(a1-3)]Man(b1-4)GlcNAc(b1-4)GlcNAc(b1-Sp20,24.51908911426632,9.755975204458037,2.59258731177318,17.244146180274228
Fuc(a1-2)Gal(b1-4)GlcNAc(b1-2)Man(a1-6)[Fuc(a1-2)Gal(b1-4)GlcNAc(b1-2)Man(a1-3)]Man(b1-4)GlcNAc(b1-4)GlcNAc(b1-Sp20,4.979854014928491,1.4003461104907795,6.636592284448402,13.567868321976734
Fuc(a1-2)Gal(b1-4)[Fuc(a1-3)]GlcNAc(b1-2)Man(a1-6)[Fuc(a1-2)Gal(b1-4)[Fuc(a1-3)]GlcNAc(b1-2)Man(a1-3)]Man(b1-4)GlcNAc(b1-4)GlcNA(b1-Sp20,7.962010355588598,10.210658950005788,11.389987482397279,7.556550045876339
Gal(a1-3)Gal(b1-4)GlcNAc(b1-2)Man(a1-6)[Gal(a1-3)Gal(b1-4)GlcNAc(b1-2)Man(a1-3)]Man(b1-4)GlcNAc(b1-4)GlcNAc(b1-Sp20,13.405131428921182,208.64707573956474,835.503173013567,781.9807271927008
Gal(b1-4)GlcNAc(b1-2)Man(a1-6)[Man(a1-3)]Man(b1-4)GlcNAc(b1-4)GlcNAc(b1-Sp12,3.798780457265202,5.830769282793349,7.66072292759197,14.151528113570173
Fuc(a1-4)[Gal(b1-3)]GlcNAc(b1-2)Man(a1-6)[Fuc(a1-4)[Gal(b1-3)]GlcNAc(b1-2)Man(a1-3)]Man(b1-4)GlcNAc(b1-4)[Fuc(a1-6)]GlcNAc(b1-Sp22,12.913097675486961,6.1230589454264175,8.567394794607424,15.931357619173589
Neu5Ac(a2-6)GlcNAc(b1-4)GlcNAc(a1-Sp21,5.719704990862726,6.104122959388459,4.907436274590501,15.889774793322287
Neu5Ac(a2-6)GlcNAc(b1-4)GlcNAc(b1-4)GlcNAc(a1-Sp21,4.149125476129479,1.4531931289405409,3.3996382013384845,5.543674481184236
Gal(b1-4)[Fuc(a1-3)]GlcNAc(b1-6)[Fuc(a1-2)Gal(b1-4)GlcNAc(b1-3)]Gal(b1-4)Glc(a1-Sp21,4.987416011907699,11.861915587114645,10.588760386686756,32.106638700586515
Gal(b1-4)GlcNAc(b1-2)Man(a1-6)[Gal(b1-4)GlcNAc(b1-4)[Gal(b1-4)GlcNAc(b1-2)]Man(a1-3)]Man(b1-4)GlcNAc(b1-4)GlcNAc(a1-Sp21,5.691395348828492,7.083644964752724,9.374221853217119,7.331109791611812
GalNAc(a1-3)[Fuc(a1-2)]Gal(b1-4)GlcNAc(b1-2)Man(a1-6)[GalNAc(a1-3)[Fuc(a1-2)]Gal(b1-4)GlcNAc(b1-2)Man(a1-3)]Man(b1-4)GlcNAc(b1-4)GlcNAc(b1-Sp20,13.15434482569669,10.20921240918384,13.691729404400704,754.9933039838647
Gal(a1-3)[Fuc(a1-2)]Gal(b1-4)GlcNAc(b1-2)Man(a1-6)[Gal(a1-3)[Fuc(a1-2)]Gal(b1-4)GlcNAc(b1-2)Man(a1-3)]Man(b1-4)GlcNAc(b1-4)GlcNAc(b1-Sp20,9.65746695515965,27.952811011417122,136.97084885481607,702.7311535942482
Gal(a1-3)Gal(b1-4)[Fuc(a1-3)]GlcNAc(b1-2)Man(a1-6)[Gal(a1-3)Gal(b1-4)[Fuc(a1-3)]GlcNAc(b1-2)Man(a1-3)]Man(b1-4)GlcNAc(b1-4)GlcNAc(b1-Sp20,7.901866988672148,19.70022247361689,45.547181420978326,238.56493711869453
GalNAc(a1-3)[Fuc(a1-2)]Gal(b1-3)GlcNAc(b1-2)Man(a1-6)[GalNAc(a1-3)[Fuc(a1-2)]Gal(b1-3)GlcNAc(b1-2)Man(a1-3)]Man(b1-4)GlcNAc(b1-4)GlcNAc(b1-Sp20,5.204926675436137,2.2616667165315643,2.6535165665898246,30.42240685200941
Gal(a1-3)[Fuc(a1-2)]Gal(b1-3)GlcNAc(b1-2)Man(a1-6)[Gal(a1-3)[Fuc(a1-2)]Gal(b1-3)GlcNAc(b1-2)Man(a1-3)]Man(b1-4)GlcNAc(b1-4)GlcNAc(b1-Sp20,5.04936324896516,3.033150699630117,26.23028651597269,396.2975002442387
Fuc(a1-4)[Fuc(a1-2)Gal(b1-3)]GlcNAc(b1-2)Man(a1-3)[Fuc(a1-4)[Fuc(a1-2)Gal(b1-3)]GlcNAc(b1-2)Man(a1-3)]Man(b1-4)GlcNAc(b1-4)GlcNAc(b1-Sp19,10.281543151524817,2.7258055738931017,14.476795308584936,6.885181971935606
Neu5Ac(a2-3)Gal(b1-4)GlcNAc(b1-3)GalNAc(a1-Sp14,3.920787377555688,2.915908644402289,2.9134898196435564,7.556714889586612
Neu5Ac(a2-6)Gal(b1-4)GlcNAc(b1-3)GalNAc(a1-Sp14,12.484696253547115,3.232666495325493,2.5361554381911735,14.812791173734498
Neu5Ac(a2-3)Gal(b1-4)[Fuc(a1-3)]GlcNAc(b1-3)GalNAc(a1-Sp14,10.885948980336993,5.3408228289281405,9.361571093705367,29.25899475181377
GalNAc(b1-4)GlcNAc(b1-2)Man(a1-6)[GalNAc(b1-4)GlcNAc(b1-2)Man(a1-3)]Man(b1-4)GlcNAc(b1-4)GlcNAc(a1-Sp12,24.858813042929746,15.019601823949909,21.823221017588118,19.628269252513547
Gal(b1-3)GalNAc(a1-3)[Fuc(a1-2)]Gal(b1-4)Glc(a1-Sp0,5.26727297905029,2.446810359767727,7.5146964029937156,5.049220863575561
Gal(b1-3)GalNAc(a1-3)[Fuc(a1-2)]Gal(b1-4)GlcNAc(a1-Sp0,3.8897811775428526,2.3698324446748003,8.190326145317208,5.844756310289304
Gal(b1-3)GlcNac(b1-3)Gal(b1-4)GlcNac(b1-6)[Gal(b1-3)GlcNac(b1-3)]Gal(b1-4)Glc(b1-Sp0,12.606687147270947,1.512669806170534,4.198996682145232,8.768198068921192
Gal(b1-4)[Fuc(a1-3)]GlcNAc(b1-6)[Gal(b1-3)GlcNAc(b1-3)]Gal(b1-4)Glc(a1-Sp21,5.102368260915711,4.279985457140404,6.363244749536205,10.310691131054217
Gal(b1-4)GlcNAc(b1-6)[Fuc(a1-4)[Fuc(a1-2)Gal(b1-3)]GlcNAc(b1-3)]Gal(b1-4)Glc(a1-Sp21,8.275709451712688,2.092112465707019,22.11130711468687,59.64765891609667
Gal(b1-4)[Fuc(a1-3)]GlcNAc(b1-6)[Fuc(a1-4)[Fuc(a1-2)Gal(b1-3)]GlcNAc(b1-3)]Gal(b1-4)Glc(a1-Sp21,4.2777438643713435,18.928947646814212,36.35146800928426,393.8701241936328
Gal(b1-3)GlcNAc(b1-3)Gal(b1-4)[Fuc(a1-3)]GlcNAc(b1-6)[Gal(b1-3)GlcNAc(b1-3)]Gal(b1-4)Glc(a1-Sp21,3.0661698782846214,2.7216644421811687,3.98480464974968,10.604849317489931
Gal(b1-4)GlcNac(b1-6)[Gal(b1-4)GlcNac(b1-2)]Man(a1-6)[Gal(b1-4)GlcNac(b1-4)[Gal(b1-4)GlcNac(b1-2)]Man(a1-3)]Man(b1-4)GlcNac(b1-4)GlcNac(b1-Sp21,21.868189850861764,1.9321309089103291,11.498211967482884,6.82864135315364
GlcNac(b1-2)Man(a1-6)[GlcNac(b1-4)[GlcNac(b1-2)]Man(a1-3)]Man(b1-4)GlcNac(b1-4)GlcNac(a1-Sp21,10.298347773955458,20.36462282865393,20.26449506655665,10.36243132216507
Fuc(a1-2)Gal(b1-3)GalNAc(a1-3)[Fuc(a1-2)]Gal(b1-4)Glc(b1-Sp0,11.137975060538004,5.067169506407555,6.789307501444213,7.797377936631437
Fuc(a1-2)Gal(b1-3)GalNAc(a1-3)[Fuc(a1-2)]Gal(b1-4)GlcNAc(b1-Sp0,2.8672836215949538,5.139033181040313,3.393062580594893,14.330475104126869
Gal(b1-3)GlcNAc(b1-3)GalNAc(a1-Sp14,8.609312485326575,1.620637498023545,2.265708714729234,8.725731308224741
GalNAc(b1-4)[Neu5Ac(a2-3)]Gal(b1-4)GlcNAc(b1-3)GalNAc(a1-Sp14,12.334126709087807,8.019065435728786,15.402430720939245,13.56941873798085
GalNAc(a1-3)[Fuc(a1-2)]Gal(b1-3)GalNAc(a1-3)[Fuc(a1-2)]Gal(b1-4)GlcNAc(b1-Sp0,7.9261465580696955,4.509548014675811,26.90322701181341,124.85335673865113
Gal(a1-3)Gal(b1-3)GlcNAc(b1-2)Man(a1-6)[Gal(a1-3)Gal(b1-3)GlcNAc(b1-2)Man(a1-3)]Man(b1-4)GlcNAc(b1-4)GlcNAc(a1-Sp19,18.049399257777672,4.7933748883223535,20.99713198336066,66.03491569518667
Gal(a1-3)Gal(b1-3)[Fuc(a1-4)]GlcNAc(b1-2)Man(a1-6)[Gal(a1-3)Gal(b1-3)[Fuc(a1-4)]GlcNAc(b1-2)Man(a1-3)]Man(b1-4)GlcNAc(b1-4)GlcNAc(a1-Sp19,27.53550231178834,30.016662436873002,256.8002116712702,249.8594618495124
Neu5Ac(a2-3)Gal(b1-3)GlcNAc(b1-2)Man(a1-6)[Neu5Ac(a2-3)Gal(b1-3)GlcNAc(b1-2)Man(a1-3)]Man(b1-4)GlcNAc(b1-4)GlcNAc(a1-Sp19,5.414176695183369,12.091865985687795,10.13324014169045,6.501876964128642
GlcNAc(b1-2)Man(a1-6)[Gal(b1-4)GlcNAc(b1-2)Man(a1-3)]Man(b1-4)GlcNAc(b1-4)GlcNAc(a1-Sp12,3.027298510773812,11.580942008173018,3.6913901079629423,9.674914536917976
Gal(b1-4)GlcNAc(b1-2)Man(a1-6)[GlcNAc(b1-2)Man(a1-3)]Man(b1-4)GlcNAc(b1-4)GlcNAc(a1-Sp12,13.253647005132846,1.8806368318559887,1.213759204565164,15.12984022704249
Neu5Ac(a2-3)Gal(b1-3)GlcNAc(b1-3)GalNAc(a1-Sp14,2.0725940597875465,2.0613601901010243,4.491978671662041,5.996486175808848
Fuc(a1-2)Gal(b1-4)GlcNac(b1-3)GalNac(a1-Sp14,3.024697327419718,3.74373243835614,4.172059031521485,3.4333055083014785
Gal(b1-4)[Fuc(a1-3)]GlcNac(b1-3)GalNac(a1-Sp14,9.536224673798703,7.1575666667636915,3.146898300443365,17.440553548435133
GalNac(a1-3)GalNac(b1-3)Gal(a1-4)Gal(b1-4)GlcNac(b1-Sp0,12.517039218168426,60.66087663269208,1247.8319629931987,906.7039107810167
Gal(a1-4)Gal(b1-3)GlcNac(b1-2)Man(a1-6)[Gal(a1-4)Gal(b1-3)GlcNac(b1-2)Man(a1-3)]Man(b1-4)GlcNac(b1-4)GlcNac(b1-Sp19,124.70638755873684,656.2761251345062,1031.7152221366714,3818.1498235785907
Gal(a1-4)Gal(b1-4)GlcNac(b1-2)Man(a1-6)[Gal(a1-4)Gal(b1-4)GlcNac(b1-2)Man(a1-3)]Man(b1-4)GlcNac(b1-4)GlcNac(b1-Sp24,11.781958898530593,119.6071871750556,876.4430410852465,699.5889324409105
Gal(a1-3)Gal(b1-4)GlcNac(b1-3)GalNac(a1-Sp14,18.094394663541514,15.719996740139663,223.05652783635347,803.2285828724605
Gal(b1-3)GlcNAc(b1-6)Gal(b1-4)GlcNAc(b1-Sp0,6.3007463497059835,6.1013828363604015,6.181695704456828,9.155806466345108
Gal(b1-3)GlcNAc(a1-6)Gal(b1-4)GlcNAc(b1-Sp0,4.220155181191008,8.872052622514516,6.736302394241718,6.493366913756425
GalNAc(b1-3)Gal(a1-6)Gal(b1-4)Glc(b1-Sp8,3.155136105225892,2.1029336451332314,7.329726440268196,10.00948403765149
Gal(a1-3)[Fuc(a1-2)]Gal(b1-4)[Fuc(a1-3)]Glc(b1-Sp21,8.253721627847646,8.21708704692037,25.402182861649237,110.74061390674039
Gal(b1-4)GlcNAc(b1-6)[Neu5Ac(a2-6)Gal(b1-3)GlcNAc(b1-3)]Gal(b1-4)Glc(a1-Sp21,9.476135620731688,5.449336749244505,2.288965203427081,7.7740012871965325
Gal(b1-3)GalNAc(b1-4)[Neu5Ac(a2-8)Neu5Ac(a2-3)]Gal(b1-4)Glc(b1-Sp0,4.455830296271012,5.494858776696022,3.875502054788087,4.172233522547199
Neu5Ac(a2-3)Gal(b1-3)GalNAc(b1-4)[Neu5Ac(a2-8)Neu5Ac(a2-3)]Gal(b1-4)Glc(b1-Sp0,9.932102044842608,4.687340250077862,8.152154317724852,5.8705652376212205
Gal(a1-3)[Fuc(a1-2)]Gal(b1-4)GlcNAc(b1-3)GalNAc(a1-Sp14,5.4836146609695335,14.865498796962711,4.47003613212466,20.536219096188727
GalNAc(a1-3)[Fuc(a1-2)]Gal(b1-4)GlcNAc(b1-3)GalNAc(a1-Sp14,8.087568292292808,3.8761031783437683,3.300459815439865,5.343574443120139
GalNAc(a1-3)GalNAc(b1-3)Gal(a1-4)Gal(b1-4)Glc(b1-Sp0,1.837260356028452,41.05272873577843,170.16352544358304,377.01717474757766
Fuc(a1-2)Gal(b1-4)[Fuc(a1-3)]GlcNAc(b1-3)GalNAc(a1-Sp14,11.828433521251489,11.759165981302983,12.346278158558054,30.579494742065293
Gal(a1-3)[Fuc(a1-2)]Gal(b1-4)[Fuc(a1-3)]GlcNAc(b1-3)GalNAc(a1-Sp14,11.903476001957015,2.943475449192661,8.860254927248613,58.80900945322932
GalNAc(a1-3)[Fuc(a1-2)]Gal(b1-4)[Fuc(a1-3)]GlcNAc(b1-3)GalNAc(a1-Sp14,10.055098942824998,12.519968329931984,5.430958354962151,28.31642351881045
Gal(b1-4)[Fuc(a1-3)]GlcNAc(b1-2)Man(a1-6)[Gal(b1-4)[Fuc(a1-3)]GlcNAc(b1-2)Man(a1-3)]Man(b1-4)GlcNAc(b1-4)[Fuc(a1-6)]GlcNAc(b1-Sp22,9.78384854488083,3.6824058679980642,7.540215948443833,17.23157510548102
Fuc(a1-2)Gal(b1-4)GlcNAc(b1-2)Man(a1-6)[Fuc(a1-2)Gal(b1-4)GlcNAc(b1-2)Man(a1-3)]Man(b1-4)GlcNAc(b1-4)[Fuc(a1-6)]GlcNAc(b1-Sp22,14.10224906421549,6.306395653355946,14.81903840321069,14.747029064639875
GlcNAc(b1-2)[GlcNAc(b1-6)]Man(a1-6)[GlcNAc(b1-2)Man(a1-3)]Man(b1-4)GlcNAc(b1-4)GlcNAc(b1-Sp19,13.941924613553171,2.225810012856748,7.646460032099823,27.648000542459314
Fuc(a1-2)Gal(b1-3)GlcNAc(b1-3)GalNAc(a1-Sp14,2.1971219667252555,2.516708872548949,7.735307878541963,4.005338150102515
Gal(a1-3)[Fuc(a1-2)]Gal(b1-3)GlcNAc(b1-3)GalNAc(a1-Sp14,9.218472783266954,5.315361398421877,5.873553356643089,33.4009954018715
GalNAc(a1-3)[Fuc(a1-2)]Gal(b1-3)GlcNAc(b1-3)GalNAc(a1-Sp14,6.492818847709107,4.958108680652996,3.877709262244917,2.459754375271351
Gal(a1-3)Gal(b1-3)GlcNAc(b1-3)GalNAc(a1-Sp14,3.2198106119252796,8.662113984617143,103.86490754129863,273.5404342590587
Fuc(a1-2)Gal(b1-3)GlcNAc(b1-2)Man(a1-6)[Fuc(a1-2)Gal(b1-3)GlcNAc(b1-2)Man(a1-3)]Man(b1-4)GlcNAc(b1-4)[Fuc(a1-6)]GlcNAc(b1-Sp22,6.601042907690169,7.099284479614822,6.004197302443237,9.298522569517884
Gal(a1-3)[Fuc(a1-2)]Gal(b1-4)GlcNAc(b1-2)Man(a1-6)[Gal(a1-3)[Fuc(a1-2)]Gal(b1-4)GlcNAc(b1-2)Man(a1-3)]Man(b1-4)GlcNAc(b1-4)[Fuc(a1-6)]GlcNAc(b1-Sp22,6.710305639089768,7.574994102747983,13.80367744081266,58.31858750884607
Gal(b1-3)GlcNAc(b1-6)[Gal(b1-3)GlcNAc(b1-2)]Man(a1-6)[Gal(b1-3)GlcNAc(b1-2)Man(a1-3)]Man(b1-4)GlcNAc(b1-4)GlcNAc(b1-Sp19,8.361229894130407,4.057254531905371,11.30788237204473,8.09474157519354
Gal(b1-4)GlcNAc(b1-6)[Fuc(a1-2)Gal(b1-3)GlcNAc(b1-3)]Gal(b1-4)Glc(a1-Sp21,2.4452237784437383,6.175525135767804,1.0620921319107182,4.426641386348493
Fuc(a1-3)GlcNAc(b1-6)[Gal(b1-4)GlcNAc(b1-3)]Gal(b1-4)Glc(a1-Sp21,6.2796546821196015,7.603316686157433,12.074772644201904,4.66485404130362
GlcNAc(b1-2)Man(a1-6)[GlcNAc(b1-4)][GlcNAc(b1-2)Man(a1-3)]Man(b1-4)GlcNac(b1-4)GlcNAc(a1-Sp21,0.8655842549977522,8.620222476054009,5.221781192275293,19.922720912796198
GlcNAc(b1-2)Man(a1-6)[GlcNAc(b1-4)][GlcNAc(b1-4)[GlcNAc(b1-2)]Man(a1-3)]Man(b1-4)GlcNAc(b1-4)GlcNAc(a1-Sp21,10.047142720321036,3.217372360975133,12.993249707540455,37.581974499518985
GlcNAc(b1-6)[GlcNAc(b1-2)]Man(a1-6)[GlcNAc(b1-4)][GlcNAc(b1-2)Man(a1-3)]Man(b1-4)GlcNAc(b1-4)GlcNAc(a1-Sp21,6.444147914904398,1.7372447716619206,4.640434286698461,9.370788331120632
GlcNAc(b1-6)[GlcNAc(b1-2)]Man(a1-6)[GlcNAc(b1-4)][GlcNAc(b1-4)[GlcNAc(b1-2)]Man(a1-3)]Man(b1-4)GlcNAc(b1-4)GlcNAc(a1-Sp21,5.8391504001723575,9.694675173301752,9.74905678275254,22.50967212176004
Gal(b1-4)GlcNAc(b1-2)Man(a1-6)[GlcNAc(b1-4)][Gal(b1-4)GlcNAc(b1-2)Man(a1-3)]Man(b1-4)GlcNAc(b1-4)GlcNAc(a1-Sp21,12.164590524516914,2.540171971048418,2.4144478471623003,7.188357240705272
Gal(b1-4)GlcNAc(b1-2)Man(a1-6)[GlcNAc(b1-4)][Gal(b1-4)GlcNAc(b1-4)[Gal(b1-4)GlcNAc(b1-2)]Man(a1-3)]Man(b1-4)GlcNAc(b1-4)GlcNAc(a1-Sp21,0.9847442760263566,5.166284928585856,4.695886715963948,11.1011275592467
Gal(b1-4)GlcNAc(b1-6)[Gal(b1-4)GlcNAc(b1-2)]Man(a1-6)[GlcNAc(b1-4)][Gal(b1-4)GlcNAc(b1-2)Man(a1-3)]Man(b1-4)GlcNAc(b1-4)GlcNAc(a1-Sp21,4.484740472145523,7.8739827065680945,8.321890407984235,13.439113780646649
Gal(b1-4)GlcNAc(b1-6)[Gal(b1-4)GlcNAc(b1-2)]Man(a1-6)[GlcNAc(b1-4)][Gal(b1-4)GlcNAc(b1-4)[Gal(b1-4)GlcNAc(b1-2)]Man(a1-3)]Man(b1-4)GlcNAc(b1-4)GlcNAc(a1-Sp21,9.768083205820536,2.8973436080888515,3.191902405567355,12.492847648821574
Gal(b1-4)Gal(b1-Sp10,7.261778946878875,6.0255072463514034,10.380069599477649,22.178988062484574
Gal(b1-6)Gal(b1-Sp10,1.2831944968190303,2.2137757346518465,6.763666619272912,4.187075404941575
Neu5Ac(a2-3)Gal(b1-4)GlcNAc(b1-3)Gal(b1-Sp8,1.3750961420933443,9.73371094581437,5.815748225006536,9.747537369467569
GalNAc(b1-6)GalNAc(b1-Sp8,6.147404913186281,5.84396171245729,7.576056740976798,5.130745379490867
(6S)Gal(b1-3)GlcNAc(b1-Sp0,1.4937745412210055,3.015497715137584,5.852447299136204,6.128648516870128
(6S)Gal(b1-3)(6S)GlcNAc(a1-Sp0,2.8831168799293168,4.675079427489278,7.246394230408665,5.945377949508338
Fuc(a1-2)Gal(b1-4) GlcNAc(b1-2)Man(a1-6)[Fuc(a1-2)Gal(b1-4)GlcNAc(b1-2)[Fuc(a1-2)Gal(b1-4)GlcNAc(b1-4)]Man(a1-3)]Man(b1-4)GlcNAc(b1-4)GlcNAc(b1-N,9.087521479112622,9.221315656130637,11.918435976356125,13.742239729722623
Fuc(a1-2)Gal(b1-4)[Fuc(a1-3)]GlcNAc(b1-2)Man(a1-6)[Fuc(a1-2)Gal(b1-4)[Fuc(a1-3)]GlcNAc(b1-4)[Fuc(a1-2)Gal(b1-4)[Fuc(a1-3)]GlcNAc(b1-2)]Man(a1-3)]Man(b1-4)GlcNAc(b1-4)GlcNAc(b1-N,11.95018603871923,8.327612836171397,7.409942797518751,19.374703162865924
Gal(b1-4)[Fuc(a1-3)]GlcNAc(b1-6)GalNAc(a1-Sp14,6.946951344474787,11.622157994681249,4.7101940047624415,20.9576338589705
Gal(b1-4)GlcNAc(b1-2)Man(a1-Sp0,4.112394810407514,7.015391175776777,2.1797235184001407,6.168486048929132
Fuc(a1-2)Gal(b1-4)GlcNAc(b1-6)[Fuc(a1-2)Gal(b1-4)GlcNAc(b1-3)]GalNAc(a1-Sp14,3.562882180201868,5.025369925604147,2.1860955520059013,12.691276873079662
Gal(a1-3)Fuc(a1-2)Gal(b1-4)GlcNAc(b1-6)[Gal(a1-3)Fuc(a1-2)Gal(b1-4)GlcNAc(b1-3)]GalNAc(a1-Sp14,4.150047394910084,3.9813627796689577,19.85484058242061,716.0235128969873
GalNAc(a1-3)[Fuc(a1-2)]Gal(b1-4)GlcNAc(b1-6)[GalNAc(a1-3)[Fuc(a1-2)]Gal(b1-4)GlcNAc(b1-3)]GalNAc(a1-Sp14,6.661381356495562,4.394696044381226,15.188141113024585,450.00154647264503
Neu5Ac(a2-8)Neu5Ac(a2-3)Gal(b1-3)GalNAc(b1-4)[Neu5Ac(a2-8)Neu5Ac(a2-3)]Gal(b1-4)Glc(b1-Sp0,2.1451019033680714,10.588503268915456,3.1241440602454125,14.72416467905169
GalNAc(b1-4)Gal(b1-4)Glc(b1-Sp0,8.81813826477373,19.895106589393624,1.0940967336117986,11.516121763423655
GalNAc(a1-3)[Fuc(a1-2)]Gal(b1-4)GlcNAc(b1-2)Man(a1-6)[GalNAc(a1-3)[Fuc(a1-2)]Gal(b1-4)GlcNAc(b1-2)Man(a1-3)]Man(b1-4)GlcNAc(b1-4)[Fuc(a1-6)]GlcNAc(b1-Sp22,8.759085542262198,5.3091820569023005,14.759014322327447,46.342949452676535
Gal(a1-3)[Fuc(a1-2)]Gal(b1-3)GlcNAc(b1-2)Man(a1-6)[Gal(a1-3)[Fuc(a1-2)]Gal(b1-3)GlcNAc(b1-2)Man(a1-3)]Man(b1-4)GlcNAc(b1-4)[Fuc(a1-6)]GlcNAc(b1-Sp22,3.0628654932921915,4.4661382524503255,8.882847582841883,57.69363421120033
Neu5Ac(a2-6)Gal(b1-4)GlcNAc(b1-6)[Fuc(a1-2)Gal(b1-3)GlcNAc(b1-3)]Gal(b1-4)Glc(a1-Sp21,11.021386000370677,2.589175776671021,2.056338329815079,11.435138497047891
GalNAc(a1-3)[Fuc(a1-2)]Gal(b1-3)GlcNAc(b1-2)Man(a1-6)[GalNAc(a1-3)[Fuc(a1-2)]Gal(b1-3)GlcNAc(b1-2)Man(a1-3)]Man(b1-4)GlcNAc(b1-4)[Fuc(a1-6)]GlcNAc(b1-Sp22,8.406732473985755,12.492439888321796,9.724189057191348,7.616387366013273
Gal(b1-4)GlcNAc(b1-6)[Gal(b1-4)GlcNAc(b1-2)]Man(a1-6)[Gal(b1-4)GlcNAc(b1-2)Man(a1-3)]Man(b1-4)GlcNAc(b1-4)GlcNAc(b1-Sp19,7.214667213392452,2.1144151571218632,10.143794532742666,3.440902770470752
Neu5Ac(a2-3)Gal(b1-4)GlcNAc(b1-2)Man(a1-6)[GlcNAc(b1-4)][Neu5Ac(a2-3)Gal(b1-4)GlcNAc(b1-2)Man(a1-3)]Man(b1-4)GlcNAc(b1-4)GlcNAc(b1-Sp21,4.831721787917152,5.795166604665768,2.4219932989172595,9.445001089950527
Neu5Ac(a2-3)Gal(b1-4)GlcNAc(b1-4)Man(a1-6)[GlcNAc(b1-4)][Neu5Ac(a2-3)Gal(b1-4)GlcNAc(b1-4)[Neu5Ac(a2-3)Gal(b1-4)GlcNAc(b1-2)]Man(a1-3)]Man(b1-4)GlcNAc(b1-4)GlcNAc(b1-Sp21,1.3296086726928318,3.4516647471425523,4.67322609303965,2.2689038063567093
Neu5Ac(a2-3)Gal(b1-4)GlcNAc(b1-6)[Neu5Ac(a2-3)Gal(b1-4)GlcNAc(b1-2)]Man(a1-6)[GlcNAc(b1-4)][Neu5Ac(a2-3)Gal(b1-4)GlcNAc(b1-2)Man(a1-3)]Man(b1-4)GlcNAc(b1-4)GlcNAc(b1-Sp21,4.344042508232782,9.994688437698622,2.317644912945035,12.144088428085759
Neu5Ac(a2-3)Gal(b1-4)GlcNAc(b1-6)[Neu5Ac(a2-3)Gal(b1-4)GlcNAc(b1-2)]Man(a1-6)[GlcNAc(b1-4)][Neu5Ac(a2-3)Gal(b1-4)GlcNAc(b1-4)[Neu5Ac(a2-3)Gal(b1-4)GlcNAc(b1-2)]Man(a1-3)]Man(b1-4)GlcNAc(b1-4)GlcNAc(b1-Sp21,2.987542285753739,1.928744573334341,1.3720486118696136,5.800846804274932
Neu5Ac(a2-6)Gal(b1-4)GlcNAc(b1-2)Man(a1-6)[GlcNAc(b1-4)][Neu5Ac(a2-6)Gal(b1-4)GlcNAc(b1-2)Man(a1-3)]Man(b1-4)GlcNAc(b1-4)GlcNAc(b1-Sp21,8.628320985568406,12.828851536673115,5.202489540274605,6.955412256832794
Neu5Ac(a2-6)Gal(b1-4)GlcNAc(b1-4)Man(a1-6)[GlcNAc(b1-4)][Neu5Ac(a2-6)Gal(b1-4)GlcNAc(b1-4)[Neu5Ac(a2-6)Gal(b1-4)GlcNAc(b1-2)]Man(a1-3)]Man(b1-4)GlcNAc(b1-4)GlcNAc(b1-Sp21,6.256042570720464,2.0609787885047917,8.18951433170287,15.127751566905115
Neu5Ac(a2-6)Gal(b1-4)GlcNAc(b1-6)[Neu5Ac(a2-6)Gal(b1-4)GlcNAc(b1-2)]Man(a1-6)[GlcNAc(b1-4)][Neu5Ac(a2-6)Gal(b1-4)GlcNAc(b1-2)Man(a1-3)]Man(b1-4)GlcNAc(b1-4)GlcNAc(b1-Sp21,5.006937701080373,1.775996487421456,2.1645079548633364,5.681426297447972
Neu5Ac(a2-6)Gal(b1-4)GlcNAc(b1-6)[Neu5Ac(a2-6)Gal(b1-4)GlcNAc(b1-2)]Man(a1-6)[GlcNAc(b1-4)][Neu5Ac(a2-6)Gal(b1-4)GlcNAc(b1-4)[Neu5Ac(a2-6)Gal(b1-4)GlcNAc(b1-2)]Man(a1-3)]Man(b1-4)GlcNAc(b1-4)GlcNAc(b1-Sp21,12.090793788491855,4.836218626502872,5.074987547685874,10.022972552757654
Gal(a1-3)[Fuc(a1-2)]Gal(b1-3)GalNAc(a1-Sp8,23.74147192914753,4.902649486672146,17.275858919216276,127.28323440012066
Gal(a1-3)[Fuc(a1-2)]Gal(b1-3)GalNAc(b1-Sp8,1.896312592682616,12.641184629976998,21.27185688313724,334.1295812238152
Glc(a1-6)Glc(a1-6)Glc(a1-6)Glc(b1-Sp10,12.079983864365607,1.3685013469729146,2.624682361099466,14.513807756380361
Glc(a1-4)Glc(a1-4)Glc(a1-4)Glc(b1-Sp10,10.972726744790164,5.614641432006144,13.217888969719533,8.248460529648337
Neu5Ac(a2-3)Gal(b1-4)GlcNAc(b1-6)[Neu5Ac(a2-3)Gal(b1-4)GlcNAc(b1-3)]GalNAc(a1-Sp14,3.5682540179570523,5.499324689677818,4.5711470488817145,3.9167763508400593
Fuc(a1-2)Gal(b1-4)[Fuc(a1-3)]GlcNAc(b1-2)Man(a1-6)[Fuc(a1-2)Gal(b1-4)[Fuc(a1-3)]GlcNAc(b1-2)Man(a1-3)]Man(b1-4)GlcNAc(b1-4)[Fuc(a1-6)]GlcNAc(b1-Sp24,5.276768033165129,1.4396698487268969,17.078648749144847,46.547086548590286
Fuc(a1-2)Gal(b1-3)[Fuc(a1-4)]GlcNAc(b1-2)Man(a1-6)[Fuc(a1-2)Gal(b1-3)[Fuc(a1-4)]GlcNAc(b1-2)Man(a1-3)]Man(b1-4)GlcNAc(b1-4)[Fuc(a1-6)]GlcNA(cb-S)p(1-4)[Fuc(a1-6)]GlcNAc(b1-Sp19,1.275729138897958,11.841532064306545,4.453320360135801,24.24866518738889
Neu5Ac(a2-3)Gal(b1-3)GlcNAc(b1-6)[Neu5Ac(a2-3)Gal(b1-4)GlcNAc(b1-2)]Man(a1-6)[Neu5Ac(a2-3)Gal(b1-3)GlcNAc(b1-2)Man(a1-3)]Man(b1-4)GlcNAc(b1-4)GlcNAc(b1-Sp19,5.279750477295305,8.343573940614421,7.558533211928978,1.158677219936629
GlcNAc(b1-6)[GlcNAc(b1-2)]Man(a1-6)[GlcNAc(b1-2)Man(a1-3)]Man(b1-4)GlcNAc(b1-4)[Fuc(a1-6)]GlcNAc(b1-Sp24,3.5619441250530586,3.767628633835866,6.450077002834929,13.377046897671285
Gal(b1-3)GlcNAc(b1-2)Man(a1-6)[GlcNAc(b1-4)][Gal(b1-3)GlcNAc(b1-2)Man(a1-3)]Man(b1-4)GlcNAc(b1-4)GlcNAc(b1-Sp21,4.355315851538977,4.915529854366331,2.8063517081791445,15.817368813111743
Neu5Ac(a2-6)Gal(b1-4)GlcNAc(b1-6)[Gal(b1-3)GlcNAc(b1-3)]Gal(b1-4)Glc(b1-Sp21,5.7979793832995545,5.578041552597114,2.1680268638787648,18.81750623814165
Neu5Ac(a2-3)Gal(b1-4)GlcNAc(b1-2)Man(a1-Sp0,13.18225765805438,6.775999414846492,11.784590023416175,2.55878237904934
Neu5Ac(a2-3)Gal(b1-4)GlcNAc(b1-6)GalNAc(a1-Sp14,5.82948702002729,4.281495421286822,3.588151354458171,11.105653079212997
Neu5Ac(a2-6)Gal(b1-4)GlcNAc(b1-6)GalNAc(a1-Sp14,3.924201536087733,6.456611270821563,15.89187655218854,10.546387177093708
Neu5Ac(a2-6)Gal(b1-4)GlcNAc(b1-6)[Neu5Ac(a2-6)Gal(b1-4)GlcNAc(b1-3)]GalNAc(a1-Sp14,5.123673955929148,0.8184219490376994,3.7468036840307786,13.028235120946606
Neu5Ac(a2-6)Gal(b1-4)GlcNAc(b1-2)Man(a1-6)[Neu5Ac(a2-6)Gal(b1-4)GlcNAc(b1-2)Man(a1-3)]Man(b1-4)GlcNAc(b1-4)[Fuc(a1-6)]GlcNAc(b1-Sp24,6.256536167614371,8.33205583249616,8.363611689933958,2.3179089441419682
Neu5Ac(a2-3)Gal(b1-4)GlcNAc(b1-2)Man(a1-6)[Neu5Ac(a2-3)Gal(b1-4)GlcNAc(b1-2)Man(a1-3)]Man(b1-4)GlcNAc(b1-4)[Fuc(a1-6)]GlcNAc(b1-Sp24,0.9680416020674496,5.084657337110665,3.750247505054389,11.915336852805858
Man(a1-6)[Man(a1-3)]Man(b1-4)GlcNAc(b1-4)[Fuc(a1-6)]GlcNAc(b1-Sp19,7.411711332074393,3.9570578728604233,3.7595981180395657,14.549824195730574
Gal(b1-4)GlcNAc(b1-6)[Gal(b1-4)GlcNAc(b1-2)]Man(a1-6)[Gal(b1-4)GlcNAc(b1-2)Man(a1-3)]Man(b1-4)GlcNAc(b1-4)[Fuc(a1-6)]GlcNAc(b1-Sp24,7.948433364506491,5.738200176884736,6.00186382127808,5.606420920397139
Neu5Ac(a2-3)Gal(b1-3)GlcNAc(b1-2)Man(a1-6)[GlcNAc(b1-4)][Neu5Ac(a2-3)Gal(b1-3)GlcNAc(b1-2)Man(a1-3)]Man(b1-4)GlcNAc(b1-4)GlcNAc(a1-Sp21,2.2472172278546347,4.957268087028047,10.82805092845276,1.5645338304640963
Neu5Ac(a2-6)Gal(b1-4)GlcNAc(b1-6)[Fuc(a1-2)Gal(b1-4)[Fuc(a1-3)]GlcNAc(b1-3)]Gal(b1-4)Glc(a1-Sp21,7.391731052275014,8.126433075002836,21.04602204192437,38.384422846598646
Gal(b1-3)GlcNAc(b1-6)GalNAc(a1-Sp14,6.924857560689125,4.417713257915991,3.4256122883362012,6.0619512196981535
Gal(a1-3)Gal(b1-3)GlcNAc(b1-6)GalNAc(a1-Sp14,16.43870708974705,16.51112492230617,24.50874672185265,709.6858568313147
Gal(b1-3)[Fuc(a1-4)]GlcNAc(b1-6)GalNAc(a1-Sp14,22.857280330345496,14.245340389375302,7.220306647920159,20.882671948851108
Neu5Ac(a2-3)Gal(b1-3)GlcNAc(b1-6)GalNAc(a1-Sp14,5.4465747605720045,3.7954608998776416,3.265323016180792,21.190586967546857
(3S)Gal(b1-3)[Fuc(a1-4)]GlcNAc(b1-Sp0,4.90212328987825,7.827473488723338,5.949534602807173,3.408643790302338
Gal(b1-4)[Fuc(a1-3)]GlcNAc(b1-6)[Neu5Ac(a2-6)[Neu5Ac(a2-3)Gal(b1-3)]GlcNAc(b1-3)]Gal(b1-4)Glc(a1-Sp21,3.4046170636357886,5.007181085201545,2.881928958614352,7.633169529701713
Fuc(a1-2)Gal(b1-4)GlcNAc(b1-6)GalNAc(a1-Sp14,5.042201686019681,3.476784020111112,13.259979339476109,28.661645268706533
Gal(a1-3)Gal(b1-4)GlcNAc(b1-6)GalNAc(a1-Sp14,8.693341985824551,43.57164617633614,202.66927706029549,782.8490554654459
Gal(b1-4)[Fuc(a1-3)]GlcNAc(b1-2)Man(a1-Sp0,3.3159255088134887,6.576842413283647,5.927189464029305,11.658968024193499
Fuc(a1-2)(6S)Gal(b1-3)GlcNAc(b1-Sp0,3.3789787109667704,4.095755990758402,6.161617206748563,7.789212021069051
Gal(a1-3)[Fuc(a1-2)]Gal(b1-4)GlcNAc(b1-6)GalNAc(a1-Sp14,7.255759346431867,5.052524046701807,9.863504980947024,61.70455682515818
Fuc(a1-2)Gal(b1-4)GlcNAc(b1-2)Man(a1-Sp0,3.8461240701949935,9.309524055995913,4.618032864759617,2.546268025136661
Fuc(a1-2)Gal(b1-3)(6S)GlcNAc(b1-Sp0,7.00615220835707,2.068883261367501,2.743846163538812,7.9845512924960325
Fuc(a1-2)(6S)Gal(b1-3)(6S)GlcNAc(b1-Sp0,0.9929463106499378,7.112418983897111,6.922393671267183,13.319366927491968
Neu5Ac(a2-6)GalNAc(b1-4)(6S)GlcNAc(b1-Sp8,3.696131506047912,3.8852264681954716,13.837175194953387,2.994375291970997
GalNAc(b1-4)[Fuc(a1-3)](6S)GlcNAc(b1-Sp8,8.689434179891501,21.949623542159,56.994241382639466,319.0754497461318
(3S)GalNAc(b1-4)[Fuc(a1-3)]GlcNAc(b1-Sp8,8.26852636019059,1.6075120694207348,2.923962860428744,6.2327748371010445
Fuc(a1-2)Gal(b1-3)GlcNAc(b1-6)[Fuc(a1-2)Gal(b1-3)GlcNAc(b1-3)]GalNAc(a1-Sp14,2.8572451639064256,2.941595346066487,1.3817284887656671,16.291076517836384
GalNAc(a1-3)[Fuc(a1-2)]Gal(b1-3)GlcNAc(b1-6)GalNAc(a1-Sp14,5.074963147649452,4.595715096333398,12.205820077426178,10.917619683910036
GlcNAc(b1-6)[GlcNAc(b1-2)]Man(a1-6)[GlcNAc(b1-4)][GlcNAc(b1-4)[GlcNAc(b1-2)]Man(a1-3)]Man(b1-4)GlcNAc(b1-4)[Fuc(a1-6)]GlcNAc(a1-Sp21,1.9325913260007548,10.198578155801918,26.78626767170073,43.73184717010414
Gal(b1-4)GlcNAc(b1-6)[Gal(b1-4)GlcNAc(b1-2)]Man(a1-6)[GlcNAc(b1-4)]Gal(b1-4)GlcNAc(b1-4)[Gal (b1-4)GlcNAc(b1-2)]Man(a1-3)]Man(b1-4)GlcNAc(b1-4)[Fuc(a1-6)]GlcNAc(a1-Sp21,4.045432479043496,2.823315359643693,3.4055920477698636,6.172126833528828
Gal(b1-3)GlcNAc(a1-3)Gal(b1-4)GlcNAc(b1-Sp8 ,1.454055026469081,2.404602922868273,6.784942954992329,8.074711324664607
Gal(b1-3)(6S)GlcNAc(b1-Sp8 ,6.631436321542015,2.4007505775972136,7.763835892295764,11.167578903347847
(6S)(4S)GalNAc(b1-4)GlcNAc(a1-Sp8,1.052325597585334,5.81658306131415,4.7080723496104655,19.511087065136426
(6S)GalNAc(b1-4)GlcNAc(a1-Sp8 ,1.6542521963614436,5.293676522669915,12.061021425063188,6.5226008132620406
(3S)GalNAc(b1-4)(3S)GlcNAc(a1-Sp8,8.154521067072753,14.1035948397031,5.3324048804612225,15.363309591442206
GalNAc(b1-4)(6S)GlcNAc(a1-Sp8 ,4.544939487312597,2.730851442926425,9.10964156448174,5.055725193283345
(3S)GalNAc(b1-4)GlcNAc(a1-Sp8 ,4.734874605432177,5.7881786810129965,4.046372774370483,8.906701143521088
(4S)GalNac(b1-Sp10,13.263847796799645,2.2931448972971658,6.788809704702778,17.149782901711422
Gal(b1-4)(6P)GlcNAc(b1-Sp0 ,6.105494503314207,7.495647659086348,3.192856283825922,6.281215266968648
(6P)Gal(b1-4)GlcNAc(b1-SP0 ,2.555754097945791,3.3458470540607013,4.135896049628585,9.506215024349444
GalNAc(a1-3)[Fuc(a1-2)]Gal(b1-4)GlcNAc(b1-6)GalNAc(a1-Sp14,5.928154091213112,109.9138715177025,163.52836432283274,1871.2669819489483
Neu5Ac(a2-6)Gal(b1-4)GlcNAc(b1-2)Ma(n1-Sp0,3.1403505317878264,5.549550934610237,6.803699109736803,7.906921518307028
Gal(a1-3)Gal(b1-4)GlcNAc(b1-2)Man(a1-Sp0,3.704694135260475,19.505966223354974,160.92348591875117,595.3402243673696
Gal(a1-3)[Fuc(a1-2)]Gal(b1-4)GlcNAc(b1-2)Man(a1-Sp0,1.2277168294575598,4.1362364305207056,3.3935244098134856,39.87150476560086
GalNAc(a1-3)[Fuc(a1-2)]Gal(b1-4) GlcNAc(b1-2)Man(a1-Sp0,3.381889827078938,9.149899355730648,11.984498810546365,234.47810658157783
 Gal(b1-3)GlcNAc(b1-2)Man(a1-Sp0,16.772729751072127,17.102248623183055,4.625477583990652,15.957814094329047
Gal(a1-3)[Fuc(a1-2)]Gal(b1-3)GlcNAc(b1-6)GalNAc(a1-Sp14,3.0352058886781736,3.6136011045078016,9.604444841278793,48.10530305409854
Neu5Ac(a2-3)Gal(b1-3)GlcNAc(b1-2)Man(a1-Sp0,6.328459716431793,5.511776728893026,6.285963184946272,13.06916098464241
Gal(a1-3)Gal(b1-3)GlcNAc(b1-2)Man(a1-Sp0,31.10332435683792,48.49039437788168,185.95159329633998,1455.0444664946313
GalNAc(b1-4)GlcNAc(b1-2)Man(a1-Sp0,3.756180075111773,5.132060342835033,9.291907187933305,6.412553754095686
Neu5Ac(a2-3)Gal(b1-3)GlcNAc(b1-4)Gal(b1-4)Glc(b1-Sp0,21.50372513688036,4.781346774358316,6.663936783913843,14.317666424473646
GlcNAc(b1-2) Man(a1-6)[GlcNAc(b1-4)][GlcNAc(b1-2)Man(a1-3)]Man(b1-4)GlcNAc(b1-4)[Fuc(a1-6)]GlcNAc(a1-Sp21,22.711252768671738,4.116880344386994,0.8979362166471948,7.886798712616763
Gal(b1-4)GlcNAc(b1-2)Man(a1-6)[GlcNAc(b1-4)][Gal(b1-4)GlcNAc(b1-2)Man(a1-3)]Man(b1-4)GlcNAc(b1-4)[Fuc(a1-6)]GlcNAc(a1-Sp21,6.6836769258519935,8.562323056663223,5.5939989521510185,6.095729509801653
Gal(b1-4)GlcNAc(b1-2)Man(a1-6)[Gal(b1-4)GlcNAc(b1-4)][Gal(b1-4)GlcNAc(b1-2)Man(a1-3)]Man(b1-4)GlcNAc(b1-4)[Fuc(a1-6)]GlcNAc(a1-Sp21,1.1889352165558338,10.254707848065037,8.455116340614897,7.455183562238206
Fuc(a1-4)[Gal(b1-3)]GlcNAc(b1-2)Man(a1-Sp0,9.007752091393279,4.950864950945441,21.97168825972416,77.92747692115191
Neu5Ac(a2-3)Gal(b1-4)[Fuc(a1-3)]GlcNAc(b1-2)Man(a1-Sp0,8.991109332511105,2.577168300512537,5.1554142086257215,11.938789281581276
GlcNAc(b1-3)Gal(b1-4)GlcNAc(b1-6)[GlcNAc(b1-3)]Gal(b1-4)GlcNAc(a1-Sp0,4.472814889231766,3.0312874635485683,4.6340495792017595,88.30000249673054
GalNAc(a1-3)[Fuc(a1-2)]Gal(b1-3)GalNAc(b1-3)Gal(a1-4)Gal(b1-4)Glc(a1-Sp21,5.902224295975206,4.311164245305438,2.7980199515312005,60.907414903626425
Gal(a1-3)[Fuc(a1-2)]Gal(b1-3)GalNAc(b1-3)Gal(a1-4)Gal(b1-4)Glc(a1-Sp21,4.959507692217695,4.201213523396149,4.943346260294404,174.40947177886392
Gal(b1-3)GalNAc(b1-3)Ga(l1-Sp21,7.2440284347408035,11.830557057326875,7.224824111584541,6.2525024776751055
GlcNAc(b1-3)Gal(b1-4)GlcNAc(b1-2)Man(a1-6)[GlcNAc(b1-3)Gal(b1-4)GlcNAc(b1-2)Man(a1-3)]Man(b1-4)GlcNAc(b1-4)GlcNAc(b1-Sp12,5.926462344082966,4.623990299153606,1.238066194716585,21.811957670564777
GlcNAc(b1-3)Gal(b1-4)GlcNAc(b1-2)Man(a1-6)[GlcNAc(b1-3)Gal(b1-4)GlcNAc(b1-2)Man(a1-3)]Man(b1-4)GlcNAc(b1-4)GlcNAc(b1-Sp25,4.73619751162963,31.567955650521988,13.515485795067436,32.19101894083384
Gal(b1-4)GlcNAc(b1-3)Gal(b1-4)GlcNAc(b1-2)Man(a1-6)[Gal(b1-4)GlcNAc(b1-3)Gal(b1-4)GlcNAc(b1-2)Man(a1-3)]Man(b1-4)GlcNAc(b1-4)GlcNAc(b1-Sp12,3.4992586933997165,10.392017017242887,15.8911589191391,8.584201827776303
Gal(b1-4)GlcNAc(b1-3)Gal(b1-4)GlcNAc(b1-2)Man(a1-6)[Gal(b1-4)GlcNAc(b1-3)Gal(b1-4)GlcNAc(b1-2)Man(a1-3)]Man(b1-4)GlcNAc(b1-4)GlcNAc(b1-Sp24,2.3916746899400767,2.4544144753212858,5.008944316836297,7.460870747439606
Neu5Gc(a2-3)Gal(b1-4)GlcNAc(b1-3)Gal(b1-4)GlcNAc(b1-2)Man(a1-6)[Neu5Gc(a2-3)Gal(b1-4)GlcNAc(b1-3)Gal(b1-4)GlcNAc(b1-2)Man(a1-3)]Man(b1-4)GlcNAc(b1-4)GlcNAc(b1-Sp24,4.079587104924551,1.9299818883001632,7.578849562873414,2.9288391697906486
Fuc(a1-2)Gal(b1-4)GlcNAc(b1-3)Gal(b1-4)GlcNAc(b1-2)Man(a1-6)[Fuc(a1-2)Gal(b1-4)GlcNAc(b1-3)Gal(b1-4)GlcNAc(b1-2)Man(a1-3)]Man(b1-4)GlcNAc(b1-4)GlcNAc(b1-Sp24,8.583347919275633,5.497610569071502,2.2018782966670383,26.19399948397852
GlcNAc(b1-3)Gal(b1-4)GlcNAc(b1-3)Gal(b1-4)GlcNAc(b1-2)Man(a1-6)[GlcNAc(b1-3)Gal(b1-4)GlcNAc(b1-3)Gal(b1-4)GlcNAc(b1-2)Man(a1-3)]Man(b1-4)GlcNAc(b1-4)GlcNAc(b1-Sp12,18.576657872089566,11.646846087925852,11.775011683362953,34.14988148328623
GlcNAc(b1-3)Gal(b1-4)GlcNAc(b1-3)Gal(b1-4)GlcNAc(b1-2)Man(a1-6)[GlcNAc(b1-3)Gal(b1-4)GlcNAc(b1-3)Gal(b1-4)GlcNAc(b1-2)Man(a1-3)]Man(b1-4)GlcNAc(b1-4)GlcNAc(b1-Sp25,2.2043425369030083,8.229430205062798,28.421241735070854,23.35649883627991
Gal(b1-4)GlcNAc(b1-3)Gal(b1-4)GlcNAc(b1-3)Gal(b1-4)GlcNAc(b1-2)Man(a1-6)[Gal(b1-4)GlcNAc(b1-3)Gal(b1-4)GlcNAc(b1-3)Gal(b1-4)GlcNAc(b1-2)Man(a1-3)]Man(b1-4)GlcNAc(b1-4)GlcNAc(b1-Sp12,6.5696534951751975,12.28336966671505,14.84214200025833,38.33984372784803
Gal(b1-4)GlcNAc(b1-3)Gal(b1-4)GlcNAc(b1-3)Gal(b1-4)GlcNAc(b1-2)Man(a1-6)[Gal(b1-4)GlcNAc(b1-3)Gal(b1-4)GlcNAc(b1-3)Gal(b1-4)GlcNAc(b1-2)Man(a1-3)]Man(b1-4)GlcNAc(b1-4)GlcNAc(b1-Sp24,12.907008922642252,6.73451651537312,5.153546389299961,17.07129717332576
GlcNAc(b1-3)Gal(b1-4)GlcNAc(b1-3)Gal(b1-4)GlcNAc(b1-3)Gal(b1-4)GlcNAc(b1-2)Man(a1-6)[GlcNAc(b1-3)Gal(b1-4)GlcNAc(b1-3)Gal(b1-4)GlcNAc(b1-3)Gal(b1-4)GlcNAc(b1-2)Man(a1-3)]Man(b1-4)GlcNAc(b1-4)GlcNAc(b1-Sp25,7.172524281067298,9.485475408354594,24.816758437042125,16.564019237085237
Gal(b1-4)GlcNAc(b1-3)Gal(b1-4)GlcNAc(b1-3)Gal(b1-4)GlcNAc(b1-3)Gal(b1-4)GlcNAc(b1-2)Man(a1-6)[Gal(b1-4)GlcNAc(b1-3)Gal(b1-4)GlcNAc(b1-3)Gal(b1-4)GlcNAc(b1-3)Gal(b1-4)GlcNAc(b1-2)Man(a1-3)]Man(b1-4)GlcNAc(b1-4)GlcNAc(b1-Sp25,6.442150342859131,15.922643158800616,13.148311938039804,10.460189601970107
Gal(b1-3)GlcNAc(b1-3)Gal(b1-4)GlcNAc(b1-2)Man(a1-6)[Gal(b1-3)GlcNAc(b1-3)Gal(b1-4)GlcNAc(b1-2)Man(a1-3)]Man(b1-4)GlcNAc(b1-4)GlcNAc(a1-Sp25,17.50311937960392,3.559601887266794,1.1269942753477804,2.583952180930088
Neu5Gc(a2-8)Neu5Gc(a2-3)Gal(b1-4)GlcNAc(a1-Sp0,7.778568362012383,1.9061058669007127,6.3049636705271075,6.633417410543362
Neu5Ac(a2-8)Neu5Gc(a2-3)Gal(b1-4)GlcNAc(a1-Sp0,5.996119609102763,2.2209636106879374,3.4619400659168003,6.538470205636785
Neu5Gc(a2-8)Neu5Ac(a2-3)Gal(b1-4)GlcNAc(a1-Sp0,3.323260139280908,10.484366863533847,0.7411014460472555,6.466469888329081
Neu5Gc(a2-8)Neu5Gc(a2-3)Gal(b1-4)GlcNAc(b1-3)Gal(b1-4)GlcNAc(a1-Sp0,8.780241001010921,2.3017086848686983,4.283716675485596,2.6722638472214286
Neu5Gc(a2-8)Neu5Gc(a2-6)Gal(b1-4)GlcNAc(a1-Sp0,10.222185972677273,5.111453910174023,4.95292214657166,7.82422499607261
Neu5Ac(a2-8)Neu5Ac(a2-3)Gal(b1-4)GlcNAc(a1-Sp0,2.320980768805865,7.594782334548285,3.752543868275672,11.966621811905265
GlcNAc(b1-3)Gal(b1-4)GlcNAc(b1-6)[GlcNAc(b1-3)Gal(b1-4)GlcNAc(b1-2)]Man(a1-6)[GlcNAc(b1-3)Gal(b1-4)GlcNAc(b1-2)]Man(a1-3)]Man(b1-4)GlcNAc(b1-4)GlcNAc(a1-Sp24,9.62261194699756,23.26640042083215,15.469570179630056,63.32480643294034
Gal(b1-4)GlcNAc(b1-3)Gal(b1-4)GlcNAc(b1-6)[Gal(b1-4)GlcNAc(b1-3)Gal(b1-4)GlcNAc(b1-2)]Man(a1-6)[Gal(b1-4)GlcNAc(b1-3)Gal(b1-4)GlcNAc(b1-2)Man(a1-3)]Man(a1-4)GlcNAc(b1-4)GlcNAc(a1-Sp24,11.70358225170823,13.68382026896485,4.326278655977519,20.15858248048458
Gal(a1-3)Gal(b1-4)GlcNAc(b1-2)Man(a1-6)[Gal(a1-3)Gal(b1-4)GlcNAc(b1-2)Man(a1-3)]Man(b1-4)GlcNAc(b1-4)GlcNAc(a1-Sp24,33.12803406915254,403.77295556356523,1143.1033698046303,898.5818605164739
GlcNAc(b1-3)Gal(b1-4)GlcNAc(b1-6)[GlcNAc(b1-3)Gal(b1-3)]GalNAc(a1-Sp14,9.303125532314397,4.658428460686428,6.702202038820273,17.18280535302662
GalNAc(b1-3)GlcNAc(b1-Sp0 ,4.801321365693688,2.65204339755216,4.1329439084023365,5.110313653778986
GalNAc(b1-4)GlcNAc(b1-3)GalNAc(b1-4)GlcNAc(b1-Sp0 ,7.023943847239004,2.1618833014681145,14.628552543883712,4.129500073858819
GlcNAc(b1-3)Gal(b1-4)GlcNAc(b1-3)Gal(b1-4)GlcNAc(b1-3)Gal(b1-4)GlcNAc(b1-3)Gal(b1-4)GlcNAc(b1-2)Man(a1-6)[GlcNAc(b1-3)Gal(b1-4)GlcNAc(b1-3)Gal(b1-4)GlcNAc(b1-3)Gal(b1-4)GlcNAc(b1-3)Gal(b1-4)GlcNAc(b1-2)Man(a1-3)]Man(b1-4)GlcNAc(b1-4)GlcNAc(b1-Sp25,3.3425103684705766,12.721601374826855,4.5613949418829804,41.49944382843718
Gal(b1-4)GlcNAc(b1-3)Gal(b1-4)GlcNAc(b1-3)Gal(b1-4)GlcNAc(b1-3)Gal(b1-4)GlcNAc(b1-3)Gal(b1-4)GlcNAc(b1-2)Man(a1-6)[Gal(b1-4)GlcNAc(b1-3)Gal(b1-4)GlcNAc(b1-3)Gal(b1-4)GlcNAc(b1-3)Gal(b1-4)GlcNAc(b1-3)Gal(b1-4)GlcNAc(b1-2)Man(a1-3)]Man(b1-4)GlcNAc(b1-4)GlcNAc(b1-Sp25,8.052489103117964,1.1689976514803986,6.3121024410783,9.320105009422727
GlcNA(b1-3)Gal(b1-3)GalNAc(a1-Sp14,6.728716120231752,5.611244045367003,5.017154214210152,15.21265955150512
Gal(b1-3)GlcNAc(b1-6)[Gal(b1-3)]GalNAc(a1-Sp14,24.134937553040533,4.2618312631817385,13.30488178135504,9.696614286956034
Gal(b1-4)GlcNAc(b1-3)Gal(b1-4)GlcNAc(b1-3)Gal(b1-4)GlcNAc(b1-3)Gal(b1-4)GlcNAc(b1-3)Gal(b1-4)GlcNAc(b1-3)Gal(b1-4)GlcNAc(b1-2)Man(a1-6)[Gal(b1-4)GlcNAc(b1-3)Gal(b1-4)GlcNAc(b1-3)Gal(b1-4)GlcNAc(b1-3)Gal(b1-4)GlcNAc(b1-3)Gal(b1-4)GlcNAc(b1-3)Gal(b1-4)GlcNAc(b1-2)Man(a1-3)]Man(b1-4)GlcNAc(b1-4)GlcNAc(b1-Sp25,29.35413017054277,6.732824978355413,9.580105539563027,14.631196750180928
(3S)GlcA(b1-3)Gal(b1-4)GlcNAc(b1-3)Gal(b1-4)Glc(a1-Sp0,4.699940250329432,3.018895541281045,5.6987949799350845,12.921406218719635
(3S)GlcA(b1-3)Gal(b1-4)GlcNAc(b1-2)Man(a1-Sp0,7.631654073877653,5.1812962492507575,7.503977367314389,10.823385075035443
Gal(b1-3)GlcNAc(b1-3)Gal(b1-4)GlcNAc(b1-3)Gal(b1-4)GlcNAc(b1-6)[Gal(b1-3)GlcNAc(b1-3)Gal(b1-4)GlcNAc(b1-3)Gal(b1-4)GlcNA(b1-2)]Man(a1-6)[Gal(b1-3)GlcNAc(b1-3)Gal(b1-4)GlcNAc(b1-3)Gal(b1-4)GlcNAc(b1-2)Man(a1-3)]Man(b1-4)GlcNAc(b1-4)[Fuc(a1-6)]GlcNAc(b1-Sp24,4.661203590990923,5.539581126764007,5.178961887209303,8.147377629028865
Gal(b1-3)GlcNAc(b1-3)Gal(b1-4)GlcNAc(b1-6)[Gal(b1-3)GlcNAc(b1-3)Gal(b1-4)GlcNA(b1-2)]Man(a1-6)[Gal(b1-3)GlcNAc(b1-3)Gal(b1-4)GlcNAc(b1-2)Man(a1-3)]Man(b1-4)GlcNAc(b1-4)[Fuc(a1-6)]GlcNAc(b1-Sp24,2.2043218630303008,7.8339356156404545,7.121592824174472,8.05566073660836
Neu5Ac(a2-8)Neu5Ac(a2-3)Gal(b1-3)GalNAc(b1-4)[Neu5Ac(a2-3)]Gal(b1-4)Glc(a1-Sp21,10.10083335208866,9.409343139091417,3.89000188978103,10.460855160828554
GlcNAc(b1-3)Gal(b1-4)GlcNAc(b1-2)Man(a1-6)[GlcNAc(b1-3)Gal(b1-4)GlcNAc(b1-2)Man(a1-3)]Man(b1-4)GlcNAc(b1-4)[Fuc(a1-6)]GlcNAc(b1-Sp24,13.927602013747144,5.137346652699232,11.421220050816233,30.649836157311462
Gal(b1-4)GlcNAc(b1-3)Gal(b1-4)GlcNAc(b1-2)Man(a1-6)[Gal(b1-4)GlcNAc(b1-3)Gal(b1-4)GlcNAc(b1-2)Man(a1-3)]Man(b1-4)GlcNAc(b1-4)[Fuc(a1-6)]GlcNAc(b1-Sp24,9.77942729726541,14.800194871239574,12.579872140447213,7.124689457267567
GlcNAc(b1-3)Gal(b1-4)GlcNAc(b1-3)Gal(b1-4)GlcNAc(b1-2)Man(a1-6)[GlcNAc(b1-3)Gal(b1-4)GlcNAc(b1-3)Gal(b1-4)GlcNAc(b1-2)Man(a1-3)]Man(b1-4)GlcNAc(b1-4)[Fuc(a1-6)]GlcNAc(b1-Sp24,14.485939146749633,5.7780799596405705,4.141080905090036,45.85456560729046
Gal(b1-4)GlcNAc(b1-3)Gal(b1-4)GlcNAc(b1-3)Gal(b1-4)GlcNAc(b1-2)Man(a1-6)[Gal(b1-4)GlcNAc(b1-3)Gal(b1-4)GlcNAc(b1-3)Gal(b1-4)GlcNAc(b1-2)Man(a1-3)]Man(b1-4)GlcNAc(b1-4)[Fuc(a1-6)]GlcNAc(b1-Sp24,5.4935052031163725,6.275096222635421,6.680234897753726,4.733503910424074
GlcNAc(b1-3)Gal(b1-4)GlcNAc(b1-3)Gal(b1-4)GlcNAc(b1-3)Gal(b1-4)GlcNAc(b1-2)Man(a1-6)[GlcNAc(b1-3)Gal(b1-4)GlcNAc(b1-3)Gal(b1-4)GlcNAc(b1-3)Gal(b1-4)GlcNAc(b1-2)Man(a1-3)]Man(b1-4)GlcNAc(b1-4)[Fuc(a1-6)]GlcNAc(b1-Sp24,8.715411143246962,5.422691663740479,20.332460528179983,39.37834820858721
Gal(b1-4)GlcNAc(b1-3)Gal(b1-4)GlcNAc(b1-3)Gal(b1-4)GlcNAc(b1-3)Gal(b1-4)GlcNAc(b1-2)Man(a1-6)[Gal(b1-4)GlcNAc(b1-3)Gal(b1-4)GlcNAc(b1-3)Gal(b1-4)GlcNAc(b1-3)Gal(b1-4)GlcNAc(b1-2)Man(a1-3)]Man(b1-4)GlcNAc(b1-4)[Fuc(a1-6)]GlcNAc(b1-Sp24,6.370726912147991,5.941409080554882,2.3370574012348606,14.892230041730931
GlcNAc(b1-3)Gal(b1-4)GlcNAc(b1-3)Gal(b1-4)GlcNAc(b1-3)Gal(b1-4)GlcNAc(b1-3)Gal(b1-4)GlcNAc(b1-2)Man(a1-6)[GlcNAc(b1-3)Gal(b1-4)GlcNAc(b1-3)Gal(b1-4)GlcNAc(b1-3)Gal(b1-4)GlcNAc(b1-3)Gal(b1-4)GlcNAc(b1-2)Man(a1-3)]Man(b1-4)GlcNAc(b1-4)[Fuc(a1-6)]GlcNAc(b1-Sp19,14.082133281218436,36.85114102415937,14.947371249041275,88.29637743231702
Gal(b1-4)GlcNAc(b1-3)Gal(b1-4)GlcNAc(b1-3)Gal(b1-4)GlcNAc(b1-3)Gal(b1-4)GlcNAc(b1-3)Gal(b1-4)GlcNAc(b1-2)Man(a1-6)[Gal(b1-4)GlcNAc(b1-3)Gal(b1-4)GlcNAc(b1-3)Gal(b1-4)GlcNAc(b1-3)Gal(b1-4)GlcNAc(b1-3)Gal(b1-4)GlcNAc(b1-2)Man(a1-3)]Man(b1-4)GlcNAc(b1-4)[Fuc(a1-6)]GlcNAc(b1-Sp19,4.7291765389618,5.504061517037513,5.92786929961629,3.928564091369768
Gal(b1-4)GlcNAc(b1-3)Gal(b1-4)GlcNAc(b1-6)[Gal(b1-4)GlcNAc(b1-3)Gal(b1-4)GlcNA(b1-2)]Man(a1-6)[Gal(b1-4)GlcNAc(b1-3)Gal(b1-4)GlcNAc(b1-2)Man(a1-3)]Man(b1-4)GlcNAc(b1-4)[Fuc(a1-6)]GlcNAc(b1-Sp24,14.885003498040126,9.383203895969293,13.640109569818964,20.495125145669785
GlcNAc(b1-3)Gal(b1-4)GlcNAc(b1-3)Gal(b1-4)GlcNAc(b1-6)[GlcNAc(b1-3)Gal(b1-4)GlcNAc(b1-3)Gal(b1-4)GlcNA(b1-2)]Man(a1-6)[GlcNAc(b1-3)Gal(b1-4)GlcNAc(b1-3)Gal(b1-4)GlcNAc(b1-2)Man(a1-3)]Man(b1-4)GlcNAc(b1-4)[Fuc(a1-6)]GlcNAc(b1-Sp24,5.134416238158637,12.205686307994606,21.834087941412527,45.9663267413126
Gal(b1-4)GlcNAc(b1-3)Gal(b1-4)GlcNAc(b1-3)Gal(b1-4)GlcNAc(b1-6)[Gal(b1-4)GlcNAc(b1-3)Gal(b1-4)GlcNAc(b1-3)Gal(b1-4)GlcNA(b1-2)]Man(a1-6)[Gal(b1-4)GlcNAc(b1-3)Gal(b1-4)GlcNAc(b1-3)Gal(b1-4)GlcNAc(b1-2)Man(a1-3)]Man(b1-4)GlcNAc(b1-4)[Fuc(a1-6)]GlcNAc(b1-Sp24,9.011842214553026,8.471855931799544,5.8751354143259285,13.20142723975959
GlcNAc(b1-3)Gal(b1-4)GlcNAc(b1-3)Gal(b1-4)GlcNAc(b1-3)Gal(b1-4)GlcNAc(b1-6)[GlcNAc(b1-3)Gal(b1-4)GlcNAc(b1-3)Gal(b1-4)GlcNAc(b1-3)Gal(b1-4)GlcNA(b1-2)]Man(a1-6)[GlcNAc(b1-3)Gal(b1-4)GlcNAc(b1-3)Gal(b1-4)GlcNAc(b1-3)Gal(b1-4)GlcNAc(b1-2)Man(a1-3)]Man(b1-4)GlcNAc(b1-4)[Fuc(a1-6)]GlcNAc(b1-Sp24,13.321752309662573,16.180330576248018,24.306609745636386,46.314660615996104
Gal(b1-4)GlcNAc(b1-3)Gal(b1-4)GlcNAc(b1-3)Gal(b1-4)GlcNAc(b1-3)Gal(b1-4)GlcNAc(b1-6)[Gal(b1-4)GlcNAc(b1-3)Gal(b1-4)GlcNAc(b1-3)Gal(b1-4)GlcNAc(b1-3)Gal(b1-4)GlcNA(b1-2)]Man(a1-6)[Gal(b1-4)GlcNAc(b1-3)Gal(b1-4)GlcNAc(b1-3)Gal(b1-4)GlcNAc(b1-3)Gal(b1-4)GlcNAc(b1-2)Man(a1-3)]Man(b1-4)GlcNAc(b1-4)[Fuc(a1-6)]GlcNAc(b1-Sp24,7.6175748705980375,2.823948817259319,13.652475784511278,24.782689776989518
GlcNAc(b1-3)Gal(b1-4)GlcNAc(b1-3)Gal(b1-4)GlcNAc(b1-3)Gal(b1-4)GlcNAc(b1-3)Gal(b1-4)GlcNAc(b1-6)[GlcNAc(b1-3)Gal(b1-4)GlcNAc(b1-3)Gal(b1-4)GlcNAc(b1-3)Gal(b1-4)GlcNAc(b1-3)Gal(b1-4)GlcNA(b1-2)]Man(a1-6)[GlcNAc(b1-3)Gal(b1-4)GlcNAc(b1-3)Gal(b1-4)GlcNAc(b1-3)Gal(b1-4)GlcNAc(b1-3)Gal(b1-4)GlcNAc(b1-2)Man(a1-3)]Man(b1-4)GlcNAc(b1-4)[Fuc(a1-6)]GlcNAc(b1-Sp24,1.4657666731100008,18.116638215463663,2.7076194111839937,121.02699816137732
Gal(b1-4)GlcNAc(b1-3)Gal(b1-4)GlcNAc(b1-3)Gal(b1-4)GlcNAc(b1-3)Gal(b1-4)GlcNAc(b1-3)Gal(b1-4)GlcNAc(b1-6)[Gal(b1-4)GlcNAc(b1-3)Gal(b1-4)GlcNAc(b1-3)Gal(b1-4)GlcNAc(b1-3)Gal(b1-4)GlcNAc(b1-3)Gal(b1-4)GlcNA(b1-2)]Man(a1-6)[Gal(b1-4)GlcNAc(b1-3)Gal(b1-4)GlcNAc(b1-3)Gal(b1-4)GlcNAc(b1-3)Gal(b1-4)GlcNAc(b1-3)Gal(b1-4)GlcNAc(b1-2)Man(a1-3)]Man(b1-4)GlcNAc(b1-4)[Fuc(a1-6)]GlcNAc(b1-Sp24,5.778373699335017,13.936200772927075,25.58801202742866,17.809697515375337
Gal(b1-4)GlcNAc(b1-3)Gal(b1-4)GlcNAc(b1-3)GalNAc(a1-Sp14,10.520151705615568,12.333824783463,8.331254407750771,40.7080334576502
Gal(b1-4)GlcNAc(b1-3)Gal(b1-4)GlcNAc(b1-6)[Gal(b1-3)]GalNAc(a1-Sp14,22.36740757447094,12.110823305622153,1.6655714382257352,22.67196635061308
Gal(b1-4)GlcNAc(b1-3)Gal(b1-4)GlcNAc(b1-6)[Gal(b1-4)GlcNAc(b1-3)Gal(b1-4)GlcNAc(b1-3)]GalNAc(a1-Sp14,19.394912426780888,2.822389391248687,6.145968628838469,13.745769834631613
Neu5Ac(a2-3)Gal(b1-4)GlcNAc(b1-3)Gal(b1-4)GlcNAc(b1-3)GalNAc(a1-Sp14,3.197471452439669,17.031339878392817,4.074310558446259,16.169189964739527
GlcNAc(b1-3)Gal(b1-4)GlcNAc(b1-3)GalNAc(a1-Sp14,4.166844804225375,8.189036614227993,5.051963948472581,8.153034511711986
GlcNAc(b1-3)Gal(b1-4)GlcNAc(b1-6)[Gal(b1-3)]GalNAc(a1-Sp14,6.846361696064073,3.752290026437187,5.100416783214877,7.355937110196545
GlcNAc(b1-3)Gal(b1-4)GlcNAc(b1-6)[GlcNAc(b1-3)Gal(b1-4)GlcNAc(b1-3)]GalNAc(a1-Sp14,7.38359363363577,8.478858492106532,3.3393240966548885,15.73972574927855
Neu5Ac(a2-3)Gal(b1-4)GlcNAc(b1-3)Gal(b1-4)GlcNAc(b1-6)[Neu5Ac(a2-3)Gal(b1-4)GlcNAc(b1-3)Gal(b1-4)GlcNAc(b1-3)]GalNAc(a1-Sp14,9.523528271251845,8.009074174751204,23.96174019089249,20.76389837145232
Neu5Ac(a2-6)Gal(b1-4)GlcNAc(b1-3)Gal(b1-4)GlcNAc(b1-3)GalNAc(a1-Sp14,8.44785657252773,8.071291169065413,5.447840399874064,5.972137724676153
GlcNAc(b1-3)Gal(b1-4)GlcNAc(b1-3)Gal(b1-4)GlcNAc(b1-3)GalNAc(a1-Sp14,8.831869647050953,6.480884679514572,8.21523862323345,11.37024654980403
Gal(b1-4)GlcNAc(b1-3)Gal(b1-3)GalNAc(a1-Sp14,3.2616962882320384,6.761939616707622,4.124171738563596,4.235357882851614
Neu5Ac(a2-3)Gal(b1-4)GlcNAc(b1-3)Gal(b1-4)GlcNAc(b1-6)[Gal(b1-3)]GalNAc(a1-Sp14,11.254088416808065,6.316882374175303,5.2018928345843385,12.305372041104643
Neu5Ac(a2-6)Gal(b1-4)GlcNAc(b1-3)Gal(b1-4)GlcNAc(b1-6)[Gal(b1-3)]GalNAc(a1-Sp14,7.038728581391671,3.911818237938296,6.2142931077610575,11.454406364473893
Neu5Ac(a2-6)Gal(b1-4)GlcNAc(b1-6)[Gal(b1-3)]GalNAc(a1-Sp14,27.02153558495829,15.637524707867506,15.76538365332942,11.100651091565151
Neu5Ac(a2-3)Gal(b1-4)GlcNAc(b1-3)Gal(b1-4)GlcNAc(b1-2)Man(a1-6)[Neu5Ac(a2-3)Gal(b1-4)GlcNAc(b1-3)Gal(b1-4)GlcNAc(b1-2)Man(a1-3)]Man(b1-4)GlcNAc(b1-4)GlcNAc(b1-Sp12,9.615535893368898,11.801480067735865,14.141981496475866,25.43203949653543
GlcNAc(b1-6)[Neu5Ac(a2-3)Gal(b1-3)]GalNAc(a1-Sp14,4.607981546819964,4.273078076359787,2.673663106894112,8.107699176708516
Neu5Ac(a2-6)Gal(b1-4)GlcNAc(b1-3)Gal(b1-4)GlcNAc(b1-6)[Neu5Ac(a2-6)Gal(b1-4)GlcNAc(b1-3)Gal(b1-4)GlcNAc(b1-3)]GalNAc(a1-Sp14,14.436532091075964,3.23928448104921,8.627299615513126,8.64622900941983
Neu5Ac(a2-6)Gal(b1-4)GlcNAc(b1-3)Gal(b1-4)GlcNAc(b1-3)Gal(b1-4)GlcNAc(b1-2)Man(a1-6)[Neu5Ac(a2-6)Gal(b1-4)GlcNAc(b1-3)Gal(b1-4)GlcNAc(b1-3)Gal(b1-4)GlcNAc(b1-2)Man(a1-3)]Man(b1-4)GlcNAc(b1-4)GlcNAc(b1-Sp12,6.6392067121506795,2.579335853793956,4.774660218975487,13.660441594619137
Neu5Ac(a2-3)Gal(b1-4)GlcNAc(b1-3)Gal(b1-4)GlcNAc(b1-3)Gal(b1-4)GlcNAc(b1-2)Man(a1-6)[Neu5Ac(a2-3)Gal(b1-4)GlcNAc(b1-3)Gal(b1-4)GlcNAc(b1-3)Gal(b1-4)GlcNAc(b1-2)Man(a1-3)]Man(b1-4)GlcNAc(b1-4)GlcNAc(b1-Sp12,11.868603384560453,9.705824206243367,13.093867657928081,23.82203975486761
Neu5Ac(a2-6)Gal(b1-4)GlcNAc(b1-3)Gal(b1-4)GlcNAc(b1-2)Man(a1-6)[Neu5Ac(a2-6)Gal(b1-4)GlcNAc(b1-3)Gal(b1-4)GlcNAc(b1-2)Man(a1-3)]Man(b1-4)GlcNAc(b1-4)GlcNAc(b1-Sp12,11.610722994140664,5.008491246539887,7.077119872989775,8.90748114208872
GlcNAc(b1-3)Fuc(a1-Sp21,6.662319263339658,9.15129688987669,2.9200908461895443,17.853197341839568
Gal(b1-3)GalNAc(b1-4)[Neu5Ac(a2-8)Neu5Ac(a2-8)Neu5Ac(a2-3)]Gal(b1-4)Glc(b1-Sp21,22.251686499136053,5.3953605430962455,2.9121842322387512,8.383176870524682
