IUPAC,HAA 0.1ug/ml,HAA 1ug/ml,HAA 10ug/ml,HAA 100ug/ml
Gal(a1-Sp8,10.1388,11.496625000000002,60.6446,31.6262
Glc(a1-Sp8,11.455150000000005,10.427325000000003,57.053625,17.630850000000006
Man(a1-Sp8,17.9914,8.4405,12.956074999999998,0.916475000000002
GalNAc(a1-Sp8,116.26494999999996,794.0920249999997,11928.497600000004,32622.0684
GalNAc(a1-Sp15,54.850124999999984,77.54367500000002,3698.511825,19668.6072
Fuc(a1-Sp8,2.013625000000001,5.153624999999998,3.676375,-4.768474999999998
Fuc(a1-Sp9,-2.156775,2.343875000000001,13.113800000000005,-8.657225000000002
Rha(a1-Sp8,15.8885,2.8115250000000014,5.289024999999999,55.941875
Neu5Ac(a1-Sp8,-8.269074999999997,1.0797500000000009,12.175075,-12.96625
Neu5Ac(a1-Sp11,1.0360499999999997,5.46635,4.660225,-10.904099999999998
Neu5Ac(b1-Sp8,1.392125000000001,3.905149999999999,5.988624999999999,-7.757575
Gal(b1-Sp8,12.459775,8.179900000000002,12.8202,-1.0471750000000242
Glc(b1-Sp8,4.167700000000001,4.9220500000000005,10.151600000000002,11.786225
Man(b1-Sp8,15.90105,2.4191000000000003,2.85055,27.875125
GalNAc(b1-Sp8,6.110474999999997,8.918600000000003,6.593374999999999,2916.4303999999993
GlcNAc(b1-Sp0,3.022625000000001,4.897975,13.8995,7.532474999999999
GlcNAc(b1-Sp8,10.604799999999996,1.3978000000000002,4.645099999999999,18.74072500000001
GlcN[Gc](b1-Sp8,11.67395,2.15515,13.06219999999999,9.38855
Gal(b1-4)GlcNAc(b1-6)[Gal(b1-4)GlcNAc(b1-3)]GalNAc(a1-Sp8,46.43935,11.587675,6.1599,2.1291
Gal(b1-4)GlcNAc(b1-6)[Gal(b1-4)GlcNAc(b1-3)]GalNAc(a1-Sp14,8.556075,10.941224999999996,9.994675,15.531775
GlcNAc(b1-6)[GlcNAc(b1-4)][GlcNAc(b1-3)]GlcNAc(a1-Sp8,1.2546999999999997,5.6057000000000015,6.120024999999997,-6.148525000000002
6S(3S)Gal(b1-4)(6S)GlcNAc(b1-Sp0,3.9022499999999978,2.2074250000000006,0.6601249999999985,-9.431524999999997
6S(3S)Gal(b1-4)GlcNAc(b1-Sp0,-1.189925,7.0324500000000025,3.1468500000000006,-13.59555
(3S)Gal(b1-4)[Fuc(a1-3)](6S)Glc(a1-Sp0,37.940475,0.24482499999999874,22.435475,36.094649999999966
(3S)Gal(b1-4)Glc(b1-Sp8,11.832049999999995,12.685925,32.20855,16.965325000000004
(3S)Gal(b1-4)(6S)Glc(b1-Sp0,7.61435,5.240875,9.205524999999998,11.333800000000005
(3S)Gal(b1-4)(6S)Glc(b1-Sp8,8.477525,4.086749999999999,15.927575,9.481575000000003
(3S)Gal(b1-3)[Fuc(a1-4)]GlcNAc(b1-Sp8,3.3460500000000053,0.7979499999999997,1.6191250000000013,22.810475
(3S)Gal(b1-3)GalNAc(a1-Sp8,44.560475,361.966825,13913.672249999998,42353.27947500002
(3S)Gal(b1-3)GlcNAc(b1-Sp0,2.7194749999999988,4.389975,1.8285,-8.98865
(3S)Gal(b1-3)GlcNAc(b1-Sp8,22.3249,8.742024999999998,0.5895000000000001,17.141825000000004
(3S)Gal(b1-4)[Fuc(a1-3)]GlcNAc(a1-Sp0 ,14.371999999999998,7.279299999999999,13.1635,35.10455
(3S)Gal(b1-4)[Fuc(a1-3)]GlcNAc(a1-Sp8,-2.6399500000000016,10.6293,1.7630249999999998,-14.416175000000004
(3S)Gal(b1-4)(6S)GlcNAc(b1-Sp0,11.419899999999995,7.534325000000003,12.777225,4.174725000000001
(3S)Gal(b1-4)(6S)GlcNAc(b1-Sp8,5.5197249999999976,1.4245999999999992,-2.7163250000000003,-10.2137
(3S)Gal(b1-4)GlcNAc(b1-Sp0,12.883025000000005,8.152575,7.100250000000001,-0.3819750000000015
(3S)Gal(b1-4)GlcNAc(b1-Sp8,2.6916749999999987,4.283799999999999,1.0563249999999993,22.373675
(3S)Gal(b1-Sp8,3.0060999999999987,-0.1716249999999997,4.85715,17.592900000000004
(6S)(4S)Gal(b1-4)GlcNAc(b1-Sp0,4.327200000000001,1.8064250000000044,6.7268500000000016,5.6548000000000025
(4S)Gal(b1-4)GlcNAc(b1-Sp8,4.528224999999998,3.8503000000000025,8.58605,8.597149999999997
(6P)Man(a1-Sp8,4.1647750000000014,5.07565,0.6988500000000002,22.630625
(6S)Gal(b1-4)Glc(b1-Sp0,7.252600000000001,10.066375,3.1334,16.232425
(6S)Gal(b1-4)Glc(b1-Sp8,10.030800000000003,3.2124499999999987,3.8024249999999977,38.65527500000002
(6S)Gal(b1-4)GlcNAc(b1-Sp8,1.3948750000000003,6.2548749999999975,3.67405,0.5313500000000015
(6S)Gal(b1-4)(6S)Glc(b1-Sp8,8.798450000000003,13.68565,5.081625,7.2866000000000035
Neu5Ac(a2-3)(6S)Gal(b1-4)GlcNAc(b1-Sp8,13.60005,1.196225,1.4037250000000014,-3.345550000000003
(6S)GlcNAc(b1-Sp8,4.906525,1.7094249999999995,8.846125,11.24455
"Neu5,9Ac2(a1-Sp8",9.217025,2.4114000000000004,9.1185,-9.177974999999996
"Neu5,9Ac2(a2-6)Gal(b1-4)GlcNAc(b1-Sp8",9.513399999999997,1.1579999999999997,6.933274999999997,-15.354599999999998
Man(a1-6)[Man(a1-3)]Man(b1-4)GlcNAc(b1-4)GlcNAc(b1-Sp12,2.152025,27.643875,8.309474999999999,17.405449999999995
Man(a1-6)[Man(a1-3)]Man(b1-4)GlcNAc(b1-4)GlcNAc(b1-Sp13,9.317725,3.694975,4.272900000000001,99.963725
GlcNAc(b1-2)Man(a1-6)[GlcNAc(b1-2)Man(a1-3)]Man(b1-4)GlcNAc(b1-4)GlcNAc(b1-Sp12,13.969375,34.828925,19.920425,169.89982500000005
GlcNAc(b1-2)Man(a1-6)[GlcNAc(b1-2)Man(a1-3)]Man(b1-4)GlcNAc(b1-4)GlcNAc(b1-Sp13,2.8041250000000013,13.338450000000002,1.693224999999999,138.259875
Gal(b1-4)GlcNAc(b1-2)Man(a1-6)[Gal(b1-4)GlcNAc(b1-2)Man(a1-3)]Man(b1-4)GlcNAc(b1-4)GlcNAc(b1-Sp12,14.112699999999995,7.728999999999997,5.3307,96.69225
Neu5Ac(a2-6)Gal(b1-4)GlcNAc(b1-2)Man(a1-6)[Neu5Ac(a2-6)Gal(b1-4)GlcNAc(b1-2)Man(a1-3)]Man(b1-4)GlcNAc(b1-4)GlcNAc(b1-Sp12,5.201475,-1.1491500000000006,5.017724999999999,16.124425000000002
Neu5Ac(a2-6)Gal(b1-4)GlcNAc(b1-2)Man(a1-6)[Neu5Ac(a2-6)Gal(b1-4)GlcNAc(b1-2)Man(a1-3)]Man(b1-4)GlcNAc(b1-4)GlcNAc(b1-Sp13,9.202099999999996,3.4076250000000012,0.9257999999999996,52.81580000000002
Neu5Ac(a2-6)Gal(b1-4)GlcNAc(b1-2)Man(a1-6)[Neu5Ac(a2-6)Gal(b1-4)GlcNAc(b1-2)M(an-a)(a1-3)]Man(b1-4)GlcNAc(b1-4)GlcNAc(b1-Sp21,7.573575000000003,4.6311,5.40855,12.538775
Neu5Ac(a2-6)Gal(b1-4)GlcNAc(b1-2)Man(a1-6)[Neu5Ac(a2-6)Gal(b1-4)GlcNAc(b1-2)Man(a1-3)]Man(b1-4)GlcNAc(b1-4)GlcNAc(b1-Sp24,7.723650000000003,9.69415,6.999750000000002,17.745999999999995
Fuc(a1-2)Gal(b1-3)GalNAc(b1-3)Gal(a1-Sp9,8.286075000000002,1.8938000000000008,10.357125,14.496949999999993
Fuc(a1-2)Gal(b1-3)GalNAc(b1-3)Gal(a1-4)Gal(b1-4)Glc(b1-Sp9,2.8961749999999995,15.599324999999995,4.601024999999998,13.993850000000007
Fuc(a1-2)Gal(b1-3)[Fuc(a1-4)]GlcNAc(b1-Sp8,9.829050000000002,8.802249999999997,-1.0223499999999994,10.792650000000002
Fuc(a1-2)Gal(b1-3)GalNAc(a1-Sp8,-1.36485,3.605199999999999,1.2326250000000003,3.8568250000000015
Fuc(a1-2)Gal(b1-3)GalNAc(a1-Sp14,8.979174999999998,8.777349999999998,3.979325000000001,0.2851999999999997
Fuc(a1-2)Gal(b1-3)GalNAc(b1-4)[Neu5Ac(a2-3)]Gal(b1-4)Glc(b1-Sp0,3.0192750000000004,3.368275,2.636725000000001,1.6288000000000018
Fuc(a1-2)Gal(b1-3)GalNAc(b1-4)[Neu5Ac(a2-3)]Gal(b1-4)Glc(b1-Sp9,10.417875,1.47545,0.455625,-1.0636999999999972
Fuc(a1-2)Gal(b1-3)GlcNAc(b1-3)Gal(b1-4)Glc(b1-Sp8,-0.4909749999999984,2.5829499999999994,9.181525000000004,15.287100000000004
Fuc(a1-2)Gal(b1-3)GlcNAc(b1-3)Gal(b1-4)Glc(b1-Sp10,-0.9594250000000004,24.511025000000004,7.639425000000001,5.675875000000005
Fuc(a1-2)Gal(b1-3)GlcNAc(b1-Sp0,17.793999999999997,10.502025,3.808425,13.11245
Fuc(a1-2)Gal(b1-3)GlcNAc(b1-Sp8,8.524474999999999,11.639000000000005,0.9437750000000004,-9.13755
Fuc(a1-2)Gal(b1-4)[Fuc(a1-3)]GlcNAc(b1-3)Gal(b1-4)[Fuc(a1-3)]GlcNAc(b1-Sp0,7.466375000000002,2.239325000000001,3.67095,-3.018799999999999
Fuc(a1-2)Gal(b1-4)[Fuc(a1-3)]GlcNAc(b1-3)Gal(b1-4)[Fuc(a1-3)]GlcNAc(b1-3)Gal(b1-4)[Fuc(a1-3)]GlcNAc(b1-Sp0,6.4572249999999976,17.097249999999992,9.471399999999996,0.6965749999999993
Fuc(a1-2)Gal(b1-4)[Fuc(a1-3)]GlcNAc(b1-Sp0,5.611399999999998,6.743125,5.277825000000002,-8.244624999999997
Fuc(a1-2)Gal(b1-4)[Fuc(a1-3)]GlcNAc(b1-Sp8,8.3637,9.120775000000002,7.8327,-3.7540999999999993
Fuc(a1-2)Gal(b1-4)GlcNAc(b1-3)Gal(b1-4)GlcNAc(b1-Sp0,7.858075000000001,3.419274999999999,11.95635,-1.4303
Fuc(a1-2)Gal(b1-4)GlcNAc(b1-3)Gal(b1-4)GlcNAc(b1-3)Gal(b1-4)GlcNAc(b1-Sp0,1.4760999999999995,3.2582499999999994,5.920924999999999,6.0440000000000005
Fuc(a1-2)Gal(b1-4)GlcNAc(b1-Sp0,14.214575,12.332825,6.288549999999999,10.106575
Fuc(a1-2)Gal(b1-4)GlcNAc(b1-Sp8,1.2796999999999992,-2.693850000000001,5.479675,27.68455000000001
Fuc(a1-2)Gal(b1-4)Glc(b1-Sp0,1.5197250000000009,3.4358250000000004,6.0608,12.94225
Fuc(a1-2)Gal(b1-Sp8,4.9171,13.609975000000002,10.49565,-2.7034000000000016
Fuc(a1-3)GlcNAc(b1-Sp8,7.947975,4.015799999999999,5.264549999999998,-3.0842
Fuc(a1-4)GlcNAc(b1-Sp8,2.035725,5.265725,6.7291750000000015,17.66
Fuc(b1-3)GlcNAc(b1-Sp8,0.9715249999999996,2.6963500000000007,4.142025000000001,1.3283750000000012
GalNAc(a1-3)[Fuc(a1-2)]Gal(b1-3)GlcNAc(b1-Sp0,52.92315,290.451475,10447.3231,27649.440575
GalNAc(a1-3)[Fuc(a1-2)]Gal(b1-4)[Fuc(a1-3)]GlcNAc(b1-Sp0,161.434975,524.954825,8380.79825,24315.7531
(3S)Gal(b1-4)[Fuc(a1-3)]Glc(b1-Sp0,2.998625,6.353325,8.777050000000001,11.402700000000005
GalNAc(a1-3)[Fuc(a1-2)]Gal(b1-4)GlcNAc(b1-Sp0,56.09907499999999,157.44684999999996,2624.362975,3285.43915
GalNAc(a1-3)[Fuc(a1-2)]Gal(b1-4)GlcNAc(b1-Sp8,79.909725,494.8254749999999,11458.98365,3751.2086
GalNAc(a1-3)[Fuc(a1-2)]Gal(b1-4)Glc(b1-Sp0,49.48199999999999,133.102525,3693.345199999999,3793.4410250000014
GlcNAc(b1-3)Gal(b1-3)GalNAc(a1-Sp8,14.902549999999998,2.933225,21.580425,10640.157600000002
GalNAc(a1-3)[Fuc(a1-2)]Gal(b1-Sp8,52.29535,262.75660000000005,5462.1958,1658.7997750000006
GalNAc(a1-3)[Fuc(a1-2)]Gal(b1-Sp18,146.99960000000004,645.6628749999998,11585.684,25492.0191
GalNAc(a1-3)GalNAc(b1-Sp8,186.88025,1255.4375,10471.556799999997,3862.7894750000014
GalNAc(a1-3)Gal(b1-Sp8,180.00927500000003,992.47225,14719.705975,24428.096025
GalNAc(a1-4)[Fuc(a1-2)]Gal(b1-4)GlcNAc(b1-Sp8,225.135775,1502.7629000000006,13696.430225,12288.785024999996
GalNAc(b1-3)GalNAc(a1-Sp8,0.12670000000000048,4.441375000000002,12.041074999999998,-13.111125
GalNAc(b1-3)[Fuc(a1-2)]Gal(b1-Sp8,11.7504,5.862450000000003,-1.3159999999999998,2537.913625
GalNAc(b1-3)Gal(a1-4)Gal(b1-4)GlcNAc(b1-Sp0,3.0301250000000017,12.24875,781.34235,6275.68525
GalNAc(b1-4)[Fuc(a1-3)]GlcNAc(b1-Sp0,2.601225000000001,4.074225,-0.16757500000000025,-6.500325
GalNAc(b1-4)GlcNAc(b1-Sp0,0.9174500000000004,0.06462500000000038,19.840899999999987,-10.7655
GalNAc(b1-4)GlcNAc(b1-Sp8,9.652649999999998,4.5378,10.91585,9.8925
Gal(a1-2)Gal(b1-Sp8,3.1009000000000007,5.771575,18.1737,13.415550000000005
Gal(a1-3)[Fuc(a1-2)]Gal(b1-3)GlcNAc(b1-Sp0,3.8303250000000006,13.353425000000005,10.52945,12.095125000000005
Gal(a1-3)[Fuc(a1-2)]Gal(b1-3)GlcNAc(b1-Sp8,16.764899999999994,15.82645,11.433249999999996,27.11775
Gal(a1-3)[Fuc(a1-2)]Gal(b1-4)[Fuc(a1-3)]GlcNAc(b1-Sp0,11.614,20.352075,9.19625,12.38355
Gal(a1-3)[Fuc(a1-2)]Gal(b1-4)[Fuc(a1-3)]GlcNAc(b1-Sp8,7.562549999999997,5.96415,6.406624999999997,32.509674999999994
Gal(a1-3)[Fuc(a1-2)]Gal(b1-4)GlcNAc(a1-Sp0,7.1289750000000005,2.7029499999999995,10.735025,16.986375000000002
Gal(a1-3)[Fuc(a1-2)]Gal(b1-4)Glc(b1-Sp0,5.53205,10.7754,1.4375749999999998,26.8007
Gal(a1-3)[Fuc(a1-2)]Gal(b1-Sp8,1.1227500000000008,1.7156000000000002,0.2590999999999992,3.755625
Gal(a1-3)[Fuc(a1-2)]Gal(b1-Sp18,9.719175000000002,10.70155,7.109675000000002,7.995274999999998
Gal(a1-4)[Gal(a1-3)]Gal(b1-4)GlcNAc(b1-Sp8,2.9163749999999986,8.364224999999998,1.9747000000000003,-25.48425000000001
Gal(a1-3)GalNAc(a1-Sp8,1.9506750000000013,1.1936,7.687874999999999,802.5694249999997
Gal(a1-3)GalNAc(a1-Sp16,10.331999999999997,3.5611999999999995,15.991324999999994,21.349425
Gal(a1-3)GalNAc(b1-Sp8,4.317425,7.220299999999997,5.329600000000001,15.863049999999998
Gal(a1-3)Gal(b1-4)[Fuc(a1-3)]GlcNAc(b1-Sp8,6.205725,9.332400000000003,16.015874999999998,6.1359
Gal(a1-3)Gal(b1-3)GlcNAc(b1-Sp0,5.945124999999997,5.0288,5.115999999999998,113.72302499999996
Gal(a1-3)Gal(b1-4)GlcNAc(b1-Sp8,-2.86175,-2.039475000000001,12.592575000000005,-2.1785499999999995
Gal(a1-3)Gal(b1-4)Glc(b1-Sp0,-1.335,-2.05335,0.7104499999999989,9.721225
Gal(a1-3)Gal(b1-4)Glc(a1-Sp10,7.9742000000000015,4.7245500000000025,4.2414999999999985,-9.354175
Gal(a1-3)Gal(b1-Sp8,5.398650000000001,-2.1233499999999994,4.875,6.882949999999999
Gal(a1-4)[Fuc(a1-2)]Gal(b1-4)GlcNAc(b1-Sp8,27.76860000000001,7.041375,-2.8199000000000005,79.94604999999999
Gal(a1-4)Gal(b1-4)GlcNAc(b1-Sp0,13.212625,7.059175,8.380450000000002,-0.3091749999999962
Gal(a1-4)Gal(b1-4)GlcNAc(b1-Sp8,6.85885,5.1423,6.899650000000001,3.244749999999998
Gal(a1-4)Gal(b1-4)Glc(b1-Sp0,9.15345,4.55105,7.952224999999998,6.844199999999997
Gal(a1-4)GlcNAc(b1-Sp8,2.211850000000001,1.2148499999999989,0.01639999999999997,12.35475000000001
Gal(a1-6)Glc(b1-Sp8,4.54595,15.14375,3.5736,10.773525000000005
Gal(b1-2)Gal(b1-Sp8,3.0973750000000004,2.954675,9.870450000000002,12.990325
Gal(b1-3)[Fuc(a1-4)]GlcNAc(b1-3)Gal(b1-4)[Fuc(a1-3)]GlcNAc(b1-Sp0,9.372749999999998,26.87147499999999,4.053425,2.421675
Gal(b1-3)[Fuc(a1-4)]GlcNAc(b1-3)Gal(b1-4)GlcNAc(b1-Sp0,18.415675,20.597175,11.104675,5.295425000000002
Gal(b1-3)[Fuc(a1-4)]GlcNAc(a1-Sp0,3.207825000000001,4.534025,5.8131999999999975,-4.849475000000001
Gal(b1-3)[Fuc(a1-4)]GlcNAc(a1-Sp8 ,1.6643,-0.6801500000000011,-0.2257499999999997,5.888300000000001
Fuc(a1-4)[Gal(b1-3)]GlcNAc(b1-Sp8,-3.0954999999999995,1.0549,11.755875000000005,-2.3870250000000004
Gal(b1-4)GlcNAc(b1-6)GalNAc(a1-Sp8,5.3022,-0.632950000000001,6.650324999999998,-5.404400000000001
Gal(b1-4)GlcNAc(b1-6)GalNAc(a1-Sp14,11.764449999999995,8.554299999999998,5.45135,50.989775000000016
GlcNAc(b1-6)[Gal(b1-3)]GalNAc(a1-Sp8,6.6222249999999985,6.880224999999999,5.602475,-1.888600000000002
GlcNAc(b1-6)[Gal(b1-3)]GalNAc(a1-Sp14,4.613500000000001,3.2094500000000004,-1.580750000000001,5.423725000000001
Neu5Ac(a2-6)[Gal(b1-3)]GalNAc(a1-Sp8,0.3833749999999996,-0.7983249999999997,0.2826749999999993,6.4910000000000005
Neu5Ac(a2-6)[Gal(b1-3)]GalNAc(a1-Sp14,7.159674999999997,5.436875,14.343925000000011,23.137699999999995
Neu5Ac(b2-6)[Gal(b1-3)]GalNAc(a1-Sp8,3.3339,0.763325,2.5490249999999985,9.116399999999997
Neu5Ac(a2-6)[Gal(b1-3)]GlcNAc(b1-4)Gal(b1-4)Glc(b1-Sp10,0.3365500000000008,8.058324999999998,1.4775250000000004,1.8916500000000005
Gal(b1-3)GalNAc(a1-Sp8,14.725825000000004,37.14625,831.8819,1477.3723749999995
Gal(b1-3)GalNAc(a1-Sp14,5.837924999999999,9.646750000000004,1.7924000000000015,354.5308
Gal(b1-3)GalNAc(a1-Sp16,0.41,4.946700000000001,104.541175,1459.6127500000007
Gal(b1-3)GalNAc(b1-Sp8,-4.081624999999999,5.9852750000000015,5.5427,4.535474999999996
Gal(b1-3)GalNAc(b1-3)Gal(a1-4)Gal(b1-4)Glc(b1-Sp0,8.088175000000001,2.962225000000004,20.989825000000003,30.04
Gal(b1-3)GalNAc(b1-4)[Neu5Ac(a2-3)]Gal(b1-4)Glc(b1-Sp0,12.283374999999996,2.004225000000001,1.431375,3.106950000000001
Gal(b1-3)GalNAc(b1-4)Gal(b1-4)Glc(b1-Sp8,3.705400000000002,3.584675,9.04125,-6.71295
Gal(b1-3)Gal(b1-Sp8,10.503175,5.771049999999998,9.080599999999997,3.8565250000000013
Gal(b1-3)GlcNAc(b1-3)Gal(b1-4)GlcNAc(b1-Sp0,8.92275,11.8595,0.6732499999999995,23.183775
Gal(b1-3)GlcNAc(b1-3)Gal(b1-4)Glc(b1-Sp10,-0.17147500000000004,4.23895,1.1159499999999998,-2.3144250000000017
Gal(b1-3)GlcNAc(b1-Sp0,4.10125,-1.8288250000000008,4.125775000000003,-2.1220750000000006
Gal(b1-3)GlcNAc(b1-Sp8,0.9011999999999992,2.2697249999999984,5.9665250000000025,13.270850000000005
Gal(b1-4)[Fuc(a1-3)]GlcNAc(b1-Sp0,8.43965,2.768225,10.587125,6.393324999999999
Gal(b1-4)[Fuc(a1-3)]GlcNAc(b1-Sp8,24.807925,2.3527500000000003,-0.24247500000000025,24.668549999999986
Gal(b1-4)[Fuc(a1-3)]GlcNAc(b1-4)Gal(b1-4)[Fuc(a1-3)]GlcNAc(b1-Sp0,11.937825,3.56455,6.798299999999998,34.62179999999999
Gal(b1-4)[Fuc(a1-3)]GlcNAc(b1-4)Gal(b1-4)[Fuc(a1-3)]GlcNAc(b1-4)Gal(b1-4)[Fuc(a1-3)]GlcNAc(b1-Sp0,1.8398500000000009,8.128700000000002,7.043274999999999,-5.955974999999998
Gal(b1-4)(6S)Glc(b1-Sp0,1.9703000000000008,2.710874999999999,2.1622749999999984,2.167825000000001
Gal(b1-4)(6S)Glc(b1-Sp8,9.894975,0.3668000000000005,2.421849999999999,-5.924200000000006
Gal(b1-4)GalNAc(a1-3)[Fuc(a1-2)]Gal(b1-4)GlcNAc(b1-Sp8,5.389825,5.089250000000002,2.5888500000000008,3.3286
Gal(b1-4)GalNAc(b1-3)[Fuc(a1-2)]Gal(b1-4)GlcNAc(b1-Sp8,3.670525,11.60465,8.491699999999998,2.369699999999999
Gal(b1-4)GlcNAc(b1-3)GalNAc(a1-Sp8,3.1733,6.5391,6.0878000000000005,13.941474999999993
Gal(b1-4)GlcNAc(b1-3)GalNAc(a1-Sp14,13.4939,3.3034250000000007,13.3349,3.8335
Gal(b1-4)GlcNAc(b1-3)Gal(b1-4)[Fuc(a1-3)]GlcNAc(b1-3)Gal(b1-4)[Fuc(a1-3)]GlcNAc(b1-Sp0,31.1468,8.668650000000001,3.06115,71.63002499999997
Gal(b1-4)GlcNAc(b1-3)Gal(b1-4)GlcNAc(b1-3)Gal(b1-4)GlcNAc(b1-Sp0,-0.4695499999999999,7.250099999999999,39.281275,5.19225
Gal(b1-4)GlcNAc(b1-3)Gal(b1-4)GlcNAc(b1-Sp0,8.112100000000002,2.1620750000000006,0.3936250000000001,-11.371475000000006
Gal(b1-4)GlcNAc(b1-3)Gal(b1-4)Glc(b1-Sp0,2.42775,0.4012500000000023,6.0115000000000025,-1.2228250000000018
Gal(b1-4)GlcNAc(b1-3)Gal(b1-4)Glc(b1-Sp8,24.070975000000004,5.8786999999999985,2.5451749999999977,45.35072500000001
Gal(b1-4)GlcNAc(b1-6)[Gal(b1-3)]GalNAc(a1-Sp8,5.823424999999999,5.67625,8.847575000000003,4.217825
Gal(b1-4)GlcNAc(b1-6)[Gal(b1-3)]GalNAc(a1-Sp14,4.908100000000001,6.630174999999999,2.935324999999999,14.832425
Gal(b1-4)GlcNAc(b1-Sp0,3.3732500000000005,5.635774999999998,8.61175,-3.33625
Gal(b1-4)GlcNAc(b1-Sp8,82.1,5.1548500000000015,3.0131999999999994,356.05512500000015
Gal(b1-4)GlcNAc(b1-Sp23,8.7329,1.0731000000000002,4.924900000000001,14.776224999999995
Gal(b1-4)Glc(b1-Sp0,27.96725,5.591574999999999,4.769525,8.614199999999983
Gal(b1-4)Glc(b1-Sp8,10.300975,11.37615,7.3783499999999975,5.8675250000000005
GlcNAc(a1-3)Gal(b1-4)GlcNAc(b1-Sp8,14.86815,17.5821,6768.391725,28709.055175
GlcNAc(a1-6)Gal(b1-4)GlcNAc(b1-Sp8,3.5847749999999983,-0.216875,-1.3546499999999997,2627.5106000000005
GlcNAc(b1-2)Gal(b1-3)GalNAc(a1-Sp8,9.623975,0.9512499999999988,1.878400000000001,2.9236499999999523
GlcNAc(b1-6)[GlcNAc(b1-3)]GalNAc(a1-Sp8,0.8494749999999982,10.73425,7.8729999999999976,4.992925
GlcNAc(b1-6)[GlcNAc(b1-3)]GalNAc(a1-Sp14,3.516675000000001,15.03795,6.921624999999999,-6.183275000000003
GlcNAc(b1-6)[GlcNAc(b1-3)]Gal(b1-4)GlcNAc(b1-Sp8,0.07074999999999987,1.2738749999999994,2.527725000000002,38.99965
GlcNAc(b1-3)GalNAc(a1-Sp8,4.518875,6.495849999999999,4.057024999999999,1.1371999999999982
GlcNAc(b1-3)GalNAc(a1-Sp14,6.19355,3.952625,5.759500000000001,12.241825000000002
GlcNAc(b1-3)Gal(b1-Sp8,5.752849999999999,6.748025,8.799399999999997,11.5138
GlcNAc(b1-3)Gal(b1-4)GlcNAc(b1-Sp0,3.5027000000000013,4.80055,7.746875,3.2975
GlcNAc(b1-3)Gal(b1-4)GlcNAc(b1-Sp8,2.36395,5.877699999999999,-0.0032999999999998586,3.901424999999999
GlcNAc(b1-3)Gal(b1-4)GlcNAc(b1-3)Gal(b1-4)GlcNAc(b1-Sp0,4.700949999999999,5.479325000000001,0.5033499999999993,22.73210000000001
GlcNAc(b1-3)Gal(b1-4)Glc(b1-Sp0,11.240900000000002,1.2683249999999997,-0.5478999999999998,13.104724999999998
GlcNAc(b1-4)(a1-MDPLys,15.498075000000007,1.0213249999999996,6.2101250000000014,12.221599999999967
GlcNAc(b1-6)[GlcNAc(b1-4)]GalNAc(a1-Sp8,8.470625,8.27795,2.782875,1.3254499999999982
GlcNAc(b1-4)Gal(b1-4)GlcNAc(b1-Sp8,-0.08284999999999876,2.1637999999999984,-2.0218000000000003,462.929975
GlcNAc(b1-4)GlcNAc(b1-4)GlcNAc(b1-4)GlcNAc(b1-4)GlcNAc(b1-4)GlcNAc(b1-Sp8,6.039074999999998,14.19685,18.60725,2.2074250000000006
GlcNAc(b1-4)GlcNAc(b1-4)GlcNAc(b1-4)GlcNAc(b1-4)GlcNAc(b1-Sp8,7.632624999999999,9.565650000000002,-1.2021250000000006,29.660875
GlcNAc(b1-4)GlcNAc(b1-4)GlcNAc(b1-Sp8,13.55915,1.128725000000001,4.879000000000001,-3.678625
GlcNAc(b1-6)GalNAc(a1-Sp8,2.1390000000000002,2.755,1.1690000000000005,9.032800000000003
GlcNAc(b1-6)GalNAc(a1-Sp14,29.25404999999999,7.764924999999995,-1.9085249999999967,278.36322500000006
GlcNAc(b1-6)Gal(b1-4)GlcNAc(b1-Sp8,3.8890249999999895,0.9983499999999994,3.3852,33.93209999999999
Glc(a1-4)Glc(b1-Sp8,2.507150000000001,4.872649999999998,5.927575000000001,1.3492750000000004
Glc(a1-4)Glc(a1-Sp8,11.185575000000002,6.305925000000001,9.9433,8.724725000000005
Glc(a1-6)Glc(a1-6)Glc(b1-Sp8,4.179525000000001,8.681175000000001,12.470199999999998,25.99239999999999
Glc(b1-4)Glc(b1-Sp8,1.7291999999999987,5.4398750000000025,7.858274999999999,41.075100000000006
Glc(b1-6)Glc(b1-Sp8,6.155500000000001,13.242474999999995,19.1742,13.937199999999995
G-ol(a1-Sp8,7.33925,11.09905,11.163325,1.276225000000002
GlcA(a1-Sp8,0.09687499999999982,-1.2619499999999997,4.330675000000001,-5.642450000000002
GlcA(b1-Sp8,49.03715,48.30877499999999,42.489875,111.420925
GlcA(b1-3)Gal(b1-Sp8,6.953800000000002,2.57885,1.149424999999999,-8.259949999999998
GlcA(b1-6)Gal(b1-Sp8,7.149775000000001,-0.2237000000000009,4.646324999999996,-8.944125
KDN(a2-3)Gal(b1-3)GlcNAc(b1-Sp0,0.5736249999999994,0.4568500000000011,3.248174999999999,-7.897400000000001
KDN(a2-3)Gal(b1-4)GlcNAc(b1-Sp0,2.313925,7.0028,7.0496750000000015,-0.9774249999999992
Man(a1-2)Man(a1-2)Man(a1-3)Man(a1-Sp9,0.5738249999999994,0.4178000000000006,5.897100000000001,3.8892500000000014
Man(a1-2)Man(a1-6)[Man(a1-2)Man(a1-3)]Man(a1-Sp9,0.057749999999999524,0.5073999999999996,3.0548,63.356825
Man(a1-2)Man(a1-3)Man(a1-Sp9,10.996499999999996,3.942025,6.782424999999999,10.316875
Man(a1-6)[Man(a1-2)Man(a1-3)]Man(a1-6)[Man(a1-2)Man(a1-3)]Man(b1-4)GlcNAc(b1-4)GlcNAc(b1-Sp12,5.978475,6.219249999999999,7.299624999999999,10.986375
Man(a1-2)Man(a1-6)[Man(a1-3)]Man(a1-6)[Man(a1-2)Man(a1-2)Man(a1-3)]Man(b1-4)GlcNAc(b1-4)GlcNAc(b1-Sp12,3.9775750000000047,-0.3740499999999996,-1.277075,26.47867500000001
Man(a1-2)Man(a1-6)[Man(a1-2)Man(a1-3)]Man(a1-6)[Man(a1-2)Man(a1-2)Man(a1-3)]Man(b1-4)GlcNAc(b1-4)GlcNAc(b1-Sp12,15.219375,16.778475,13.961625000000002,28.500650000000004
Man(a1-6)[Man(a1-3)]Man(a1-Sp9,1.2652499999999989,26.245725,0.15309999999999935,13.040374999999996
Man(a1-2)Man(a1-2)Man(a1-6)[Man(a1-3)]Man(a1-Sp9,2.8361499999999986,11.383675000000002,3.1042750000000003,21.332325
Man(a1-6)[Man(a1-3)]Man(a1-6)[Man(a1-2)Man(a1-3)]Man(b1-4)GlcNAc(b1-4)GlcNAc(b1-Sp12,58.60149999999999,52.62365000000002,51.78527499999999,133.536025
Man(a1-6)[Man(a1-3)]Man(a1-6)[Man(a1-3)]Man(b1-4)GlcNAc(b1-4)GlcNAc(b1-Sp12,13.410799999999998,4.423425,4.881274999999999,-1.7754500000000002
Man(b1-4)GlcNAc(b1-Sp0,1.3271500000000005,3.3017249999999985,2.10555,4.600475000000003
Neu5Ac(a2-3)Gal(b1-4)GlcNAc(b1-3)Gal(b1-4)[Fuc(a1-3)]GlcNAc(b1-Sp0,-3.47345,6.677025,-0.8650749999999996,-10.26265
(3S)Gal(b1-4)[Fuc(a1-3)](6S)GlcNAc(b1-Sp8,4.133775000000001,5.995674999999999,17.321149999999996,29.9839
Fuc(a1-2)(6S)Gal(b1-4)GlcNAc(b1-Sp0,10.69115,3.1038500000000004,13.461675,0.7591249999999992
Fuc(a1-2)Gal(b1-4)(6S)GlcNAc(b1-Sp8,6.5666249999999975,13.6134,4.633300000000002,1.5029749999999966
Fuc(a1-2)(6S)Gal(b1-4)(6S)Glc(b1-Sp0,15.82535,15.2194,10.06025,45.87862499999999
Neu5Ac(a2-3)Gal(b1-3)GalNAc(a1-Sp8,33.0831,67.7373,6960.04415,24622.986825
Neu5Ac(a2-3)Gal(b1-3)GalNAc(a1-Sp14,-3.1641000000000004,13.7404,570.3401250000003,8335.30485
GalNAc(b1-4)[Neu5Ac(a2-8)Neu5Ac(a2-8)Neu5Ac(a2-8)Neu5Ac(a2-3)]Gal(b1-4)Glc(b1-Sp0,4.423125,4.81125,3.0403499999999988,15.2125
GalNAc(b1-4)[Neu5Ac(a2-8)Neu5Ac(a2-8)Neu5Ac(a2-3)]Gal(b1-4)Glc(b1-Sp0,4.42395,15.114875,3.7186499999999993,205.907125
Neu5Ac(a2-8)Neu5Ac(a2-8)Neu5Ac(a2-3)Gal(b1-4)Glc(b1-Sp0,0.17820000000000125,10.107200000000002,2.9068500000000004,-17.578375
GalNAc(b1-4)[Neu5Ac(a2-8)Neu5Ac(a2-3)]Gal(b1-4)Glc(b1-Sp0,0.6699749999999991,-2.35265,1.5040750000000012,977.417925
Neu5Ac(a2-8)Neu5Ac(a2-8)Neu5Ac(a1-Sp8,3.515625,8.156575,8.20065,-7.793675
Neu5Ac(a2-3)(6S)Gal(b1-4)[Fuc(a1-3)]GlcNAc(b1-Sp8,2.1842750000000004,1.0762750000000008,1.6756000000000002,-0.06952500000000006
GalNAc(b1-4)[Neu5Ac(a2-3)]Gal(b1-4)GlcNAc(b1-Sp0,-2.5612999999999992,3.4637249999999984,-2.0193000000000008,27.30475000000001
GalNAc(b1-4)[Neu5Ac(a2-3)]Gal(b1-4)GlcNAc(b1-Sp8,3.067,6.623524999999997,6.859225,12.836875
GalNAc(b1-4)[Neu5Ac(a2-3)]Gal(b1-4)Glc(b1-Sp0,3.4586250000000005,7.97875,-1.207,650.6062999999998
Neu5Ac(a2-3)Gal(b1-3)GalNAc(b1-4)[Neu5Ac(a2-3)]Gal(b1-4)Glc(b1-Sp0,3.867049999999999,13.580224999999995,-4.838350000000001,-21.351050000000004
Neu5Ac(a2-6)[Neu5Ac(a2-3)]GalNAc(a1-Sp8,9.331225,5.438599999999997,5.7169500000000015,2.607800000000001
Neu5Ac(a2-3)GalNAc(a1-Sp8,-6.8294000000000015,7.685499999999997,3.355224999999999,-7.915449999999999
Neu5Ac(a2-3)GalNAc(b1-4)GlcNAc(b1-Sp0,3.37955,3.760649999999999,5.325749999999998,-4.012600000000001
Neu5Ac(a2-3)Gal(b1-3)(6S)GlcNAc(a1-Sp8,12.657075,14.901649999999995,20.259825,12.71515
Neu5Ac(a2-3)Gal(b1-3)[ Fuc(a1-4)]GlcNAc(b1-Sp8,3.09605,5.79935,6.8083750000000025,-6.545499999999999
Neu5Ac(a2-3)Gal(b1-3)[Fuc(a1-4)]GlcNAc(b1-3)Gal(b1-4)[Fuc(a1-3)]GlcNAc(b1-Sp0,17.207800000000002,14.506725,1.306825,-7.409650000000004
Neu5Ac(a2-3)Gal(b1-4)[Neu5Ac(a2-3)Gal(b1-3)]GlcNAc(b1-Sp8,4.607875,3.2317999999999985,1.497675,1.3822500000000026
Neu5Ac(a2-3)Gal(b1-3)(6S)GalNAc(a1-Sp8,0.4099999999999993,1.0640750000000003,7.812475000000001,9.611925
Neu5Ac(a2-6)[Neu5Ac(a2-3)Gal(b1-3)]GalNAc(a1-Sp8,7.80425,11.662375,4.294275000000002,1.3839749999999982
Neu5Ac(a2-6)[Neu5Ac(a2-3)Gal(b1-3)]GalNAc(a1-Sp14,11.020049999999998,7.256550000000002,6.6563750000000015,48.8381
Neu5Ac(a2-3)Gal(b1-Sp8,6.86775,58.48587499999999,3.91415,6.751575
Neu5Ac(a2-3)Gal(b1-3)GalNAc(b1-3)Gal(a1-4)Gal(b1-4)Glc(b1-Sp0,8.823175,2.5958250000000005,1.953924999999999,16.290599999999998
Neu5Ac(a2-3)Gal(b1-3)GlcNAc(b1-3)Gal(b1-4)GlcNAc(b1-Sp0,3.3592999999999984,7.112674999999999,2.4457500000000003,-6.61625
Fuc(a1-2)(6S)Gal(b1-4)Glc(b1-Sp0,9.440075000000002,12.439375,6.909875,-15.411800000000005
Neu5Ac(a2-3)Gal(b1-3)GlcNAc(b1-Sp0,-0.9062999999999986,5.674775000000001,1.9165249999999991,-12.840074999999993
Neu5Ac(a2-3)Gal(b1-3)GlcNAc(b1-Sp8,-0.7217000000000002,4.725349999999999,9.003425,-0.6673499999999999
Neu5Ac(a2-3)Gal(b1-4)(6S)GlcNAc(b1-Sp8,5.02815,13.003175,-0.2855749999999997,-17.39215
Neu5Ac(a2-3)Gal(b1-4)[Fuc(a1-3)](6S)GlcNAc(b1-Sp8,7.6382249999999985,-2.17785,-0.2463499999999996,2.4596000000000022
Neu5Ac(a2-3)Gal(b1-4)[Fuc(a1-3)]GlcNAc(b1-3)Gal(b1-4)[Fuc(a1-3)]GlcNAc(b1-3)Gal(b1-4)[Fuc(a1-3)]GlcNAc(b1-Sp0,12.101375000000004,5.976625000000002,8.352575,23.96555
Neu5Ac(a2-3)Gal(b1-4)[Fuc(a1-3)]GlcNAc(b1-Sp0,5.602124999999999,5.966224999999999,1.7848999999999997,14.5375
Neu5Ac(a2-3)Gal(b1-4)[Fuc(a1-3)]GlcNAc(b1-Sp8,3.4937000000000005,3.395699999999999,8.335499999999998,4.1949250000000005
Neu5Ac(a2-3)Gal(b1-4)[Fuc(a1-3)]GlcNAc(b1-3)Gal(b1-Sp8,-0.7121500000000003,6.025774999999999,9.068700000000002,22.50395
Neu5Ac(a2-3)Gal(b1-4)[Fuc(a1-3)]GlcNAc(b1-3)Gal(b1-4)GlcNAc(b1-Sp8,2.955425,5.258499999999999,5.806274999999998,14.671274999999998
Neu5Ac(a2-3)Gal(b1-4)GlcNAc(b1-3)Gal(b1-4)GlcNAc(b1-3)Gal(b1-4)GlcNAc(b1-Sp0,4.101324999999999,1.519475,1.7006999999999994,8.527324999999994
Neu5Ac(a2-3)Gal(b1-4)GlcNAc(b1-Sp0,7.982875,11.132150000000005,1.344175,-7.4902250000000015
Neu5Ac(a2-3)Gal(b1-4)GlcNAc(b1-Sp8,10.440949999999997,8.384175,5.2887,3.1040000000000028
Neu5Ac(a2-3)Gal(b1-4)GlcNAc(b1-3)Gal(b1-4)GlcNAc(b1-Sp0,4.786225,2.821400000000001,11.003475000000002,-0.2820249999999937
Fuc(a1-2)Gal(b1-4)(6S)Glc(b1-Sp0,8.3764,18.28775,14.542099999999998,14.137524999999995
Neu5Ac(a2-3)Gal(b1-4)Glc(b1-Sp0,3.439475,5.752625,5.184425000000001,-5.073299999999988
Neu5Ac(a2-3)Gal(b1-4)Glc(b1-Sp8,15.814125,6.935475,8.905325000000003,13.9663
Neu5Ac(a2-6)GalNAc(a1-Sp8,1.31375,7.6431999999999976,4.236799999999999,0.7794750000000015
Neu5Ac(a2-6)GalNAc(b1-4)GlcNAc(b1-Sp0,10.94545,1.8343250000000009,2.76025,5.878025000000008
Neu5Ac(a2-6)Gal(b1-4)(6S)GlcNAc(b1-Sp8,6.5862250000000016,2.09715,5.427025,9.875474999999998
Neu5Ac(a2-6)Gal(b1-4)GlcNAc(b1-Sp0,0.4606500000000011,16.2014,2.7166750000000004,17.9309
Neu5Ac(a2-6)Gal(b1-4)GlcNAc(b1-Sp8,-1.5727249999999997,-1.3090000000000002,3.524049999999999,-5.914725
Neu5Ac(a2-6)Gal(b1-4)GlcNAc(b1-3)Gal(b1-4)[Fuc(a1-3)]GlcNAc(b1-3)Gal(b1-4)[Fuc(a1-3)]GlcNAc(b1-Sp0,7.377874999999998,8.873825,2.333425,15.89525
Neu5Ac(a2-6)Gal(b1-4)GlcNAc(b1-3)Gal(b1-4)GlcNAc(b1-Sp0,5.919949999999999,6.354275000000001,8.723025,0.7387499999999978
Neu5Ac(a2-6)Gal(b1-4)Glc(b1-Sp0,2.849325000000001,3.306075,14.215574999999998,-9.099300000000003
Neu5Ac(a2-6)Gal(b1-4)Glc(b1-Sp8,3.8169,5.85065,7.637325,0.5179749999999999
Neu5Ac(a2-6)Gal(b1-Sp8,11.9451,6.989749999999997,2.236025,-8.772599999999997
Neu5Ac(a2-8)Neu5Ac(a1-Sp8,8.7349,5.993199999999999,2.875425,-2.031349999999998
Neu5Ac(a2-8)Neu5Ac(a2-3)Gal(b1-4)Glc(b1-Sp0,0.41872499999999935,0.8807,3.6510750000000014,4.51675
Gal(b1-3)[Fuc(a1-4)]GlcNAc(b1-3)Gal(b1-3)[Fuc(a1-4)]GlcNAc(b1-Sp0,8.462524999999998,0.5609499999999987,3.5588500000000014,4.1193
Neu5Ac(b2-6)GalNAc(a1-Sp8,2.087850000000003,2.3316750000000006,4.799850000000003,19.454699999999995
Neu5Ac(b2-6)Gal(b1-4)GlcNAc(b1-Sp8,7.2228749999999975,-0.12517500000000048,2.8551750000000014,8.194675000000002
Neu5Gc(a2-3)Gal(b1-3)[Fuc(a1-4)]GlcNAc(b1-Sp0,4.152775000000001,1.1333249999999988,1.5965500000000017,-0.3622500000000049
Neu5Gc(a2-3)Gal(b1-3)GlcNAc(b1-Sp0,7.28115,17.206549999999996,2.2192500000000006,5.192799999999998
Neu5Gc(a2-3)Gal(b1-4)[Fuc(a1-3)]GlcNAc(b1-Sp0,15.35945,5.1239750000000015,2.2408999999999986,38.475675
Neu5Gc(a2-3)Gal(b1-4)GlcNAc(b1-Sp0,2.6294250000000003,16.7705,3.403625000000001,7.228625000000003
Neu5Gc(a2-3)Gal(b1-4)Glc(b1-Sp0,6.3225,0.7164999999999989,4.377900000000003,20.963225
Neu5Gc(a2-6)GalNAc(a1-Sp0,6.353275,4.576225000000002,1.09685,6.198299999999999
Neu5Gc(a2-6)Gal(b1-4)GlcNAc(b1-Sp0,6.151499999999999,6.626275,4.026849999999999,10.350124999999997
Neu5Gc(a1-Sp8,13.579549999999998,11.761275,7.169375,10.725800000000003
Neu5Ac(a2-3)Gal(b1-4)GlcNAc(b1-6)[Gal(b1-3)]GalNAc(a1-Sp14,3.2423749999999987,3.8421749999999975,2.4194750000000007,-2.240625
Gal(b1-3)GlcNAc(b1-3)Gal(b1-3)GlcNAc(b1-Sp0,4.440400000000001,3.6835000000000013,4.696475,24.038975
Gal(b1-4)[Fuc(a1-3)](6S)GlcNAc(b1-Sp0 ,25.448425,14.487824999999996,11.595725,64.80145000000002
Gal(b1-4)[Fuc(a1-3)](6S)Glc(b1-Sp0,19.499050000000004,3.4077249999999992,16.942274999999995,12.930200000000005
Gal(b1-4)[Fuc(a1-3)]GlcNAc(b1-3)Gal(b1-3)[Fuc(a1-4)]GlcNAc(b1-Sp0,8.500174999999997,11.977974999999995,6.4995999999999965,6.446625
Gal(b1-4)GlcNAc(b1-3)Gal(b1-3)GlcNAc(b1-Sp0,1.6658250000000008,7.116275,4.484050000000001,16.187400000000004
Neu5Ac(a2-3)Gal(b1-3)GlcNAc(b1-3)Gal(b1-3)GlcNAc(b1-Sp0,2.1468000000000007,7.88875,2.277525,10.785175000000002
Neu5Ac(a2-3)Gal(b1-4)GlcNAc(b1-3)Gal(b1-3)GlcNAc(b1-Sp0,-0.889875,2.512900000000001,-3.3698500000000005,-1.241475000000002
4S(3S)Gal(b1-4)GlcNAc(b1-Sp0,3.0088500000000007,1.4730999999999987,3.11255,22.243674999999985
(6S)Gal(b1-4)(6S)GlcNAc(b1-Sp0,2.801950000000001,3.6671999999999993,2.6479000000000017,-4.737124999999992
(6P)Glc(b1-Sp10,1.2764500000000003,14.358700000000002,8.488525,2.12980000000001
Neu5Ac(a2-3)Gal(b1-4)[Fuc(a1-3)]GlcNAc(b1-6)[Gal(b1-3)]GalNAc(a1-Sp14,20.997075,4.896625,4.657450000000001,3.9512
Gal(b1-3)Gal(b1-4)GlcNAc(b1-Sp8,-0.07759999999999945,4.410050000000001,2.502475,7.375275
Neu5Ac(a2-6)Gal(b1-4)GlcNAc(b1-2)Man(a1-6)[Gal(b1-4)GlcNAc(b1-2)Man(a1-3)]Man(b1-4)GlcNAc(b1-4)GlcNAc(b1-Sp12,-3.427224999999998,17.255750000000006,6.1460250000000025,5.231824999999997
Gal(b1-4)GlcNAc(b1-6)[Gal(b1-4)GlcNAc(b1-3)]Gal(b1-4)GlcNAc(a1-Sp0,14.933949999999996,4.812424999999998,8.066724999999998,1.9779500000000023
GlcNAc(b1-6)[Gal(b1-4)GlcNAc(b1-3)]Gal(b1-4)GlcNAc(a1-Sp0,-1.7223000000000006,2.0289,-1.7765750000000002,28.59044999999999
Gal(b1-4)GlcNAc(a1-6)Gal(b1-4)GlcNAc(b1-Sp0,7.524874999999996,2.4905749999999998,1.32255,17.374675000000003
Gal(b1-4)GlcNAc(b1-6)Gal(b1-4)GlcNAc(b1-Sp0,8.073125,1.287650000000002,7.952900000000001,-7.798325000000005
GalNAc(b1-3)Gal(b1-Sp8,7.091925,20.035775,10.877400000000002,41.247325
GlcA(b1-3)GlcNAc(b1-Sp8,9.477899999999998,8.325124999999996,7.19095,15.843974999999993
Neu5Ac(a2-6)Gal(b1-4)GlcNAc(b1-2)Man(a1-6)[GlcNAc(b1-2)Man(a1-3)]Man(b1-4)GlcNAc(b1-4)GlcNAc(b1-Sp12,8.040125,24.1944,4.107675,101.622875
GlcNAc(b1-3)Ma(n1-Sp10,9.969924999999996,8.4875,4.009349999999999,3.7746749999999984
GlcNAc(b1-4)GlcNAc(b1-Sp10,-0.8333500000000003,6.417075000000002,10.207125,-8.0872
GlcNAc(b1-4)GlcNAc(b1-Sp12,9.515,13.13605,3.8364249999999993,3.1756500000000027
MurNAc(b1-4)GlcNAc(b1-Sp10,6.7083,-1.8754500000000007,8.1389,1.2177750000000014
Man(a1-6)Man(b1-Sp10,8.8183,9.56015,23.408674999999995,28.04417500000001
Man(a1-6)[Man(a1-3)]Man(a1-6)[Man(a1-3)]Man(b1-Sp10,8.660625,11.874025,0.8629749999999996,6.90935
Man(a1-2)Man(a1-6)[Man(a1-3)]Man(a1-6)[Man(a1-2)Man(a1-2)Man(a1-3)]Man(a1-Sp9,8.7748,10.313324999999997,2.648075000000002,8.918425
Man(a1-2)Man(a1-6)[Man(a1-2)Man(a1-3)]Man(a1-6)[Man(a1-2)Man(a1-2)Man(a1-3)]Man(a1-Sp9,-0.4808250000000007,-0.4129249999999995,8.777675000000002,7.803199999999999
Neu5Ac(a2-3)Gal(b1-4)GlcNAc(b1-6)[Neu5Ac(a2-3)Gal(b1-3)]GalNAc(a1-Sp14,1.6276249999999992,12.091124999999998,-3.946600000000002,5.871999999999997
Neu5Ac(a2-6)Gal(b1-4)GlcNAc(b1-2)Man(a1-6)[Neu5Ac(a2-3)Gal(b1-4)GlcNAc(b1-2)Man(a1-3)]Man(b1-4)GlcNAc(b1-4)GlcNAc(b1-Sp12,-7.108950000000001,2.3245499999999995,-2.388,-0.3016249999999987
Gal(b1-4)GlcNAc(b1-2)Man(a1-6)[Neu5Ac(a2-6)Gal(b1-4)GlcNAc(b1-2)Man(a1-3)]Man(b1-4)GlcNAc(b1-4)GlcNAc(b1-Sp12,7.7209749999999975,5.060975000000002,8.77815,27.753125
GlcNAc(b1-2)Man(a1-6)[Neu5Ac(a2-6)Gal(b1-4)GlcNAc(b1-2)Man(a1-3)]Man(b1-4)GlcNAc(b1-4)GlcNAc(b1-Sp12,7.88555,12.4784,2.3287000000000004,6.523125
Neu5Ac(a2-8)Neu5Ac(b1-Sp17,2.74325,1.95885,9.901074999999997,-10.26625
Neu5Ac(a2-8)Neu5Ac(a2-8)Neu5Ac(b1-Sp8,5.687650000000001,4.537699999999999,9.472375,-23.2019
Neu5Gc(b2-6)Gal(b1-4)GlcNAc(a1-Sp8,11.5807,3.989200000000001,12.199149999999996,2.9746250000000014
Gal(b1-3)GlcNAc(b1-2)Man(a1-6)[Gal(b1-3)GlcNAc(b1-2)Man(a1-3)]Man(b1-4)GlcNAc(b1-4)GlcNAc(b1-Sp19,1.949675000000001,39.377375,40.68979999999999,104.315275
Neu5Ac(a2-3)Gal(b1-4)GlcNAc(b1-2)Man(a1-6)[Neu5Ac(a2-3)Gal(b1-4)GlcNAc(b1-2)Man(a1-3)]Man(b1-4)GlcNAc(b1-4)GlcNAc(b1-Sp12,12.60705,3.22475,9.3546,-3.851350000000004
Neu5Ac(a2-3)Gal(b1-4)GlcNAc(b1-2)Man(a1-6)[Neu5Ac(a2-6)Gal(b1-4)GlcNAc(b1-2)Man(a1-3)]Man(b1-4)GlcNAc(b1-4)GlcNAc(b1-Sp12,8.008075,6.146375000000006,5.486224999999999,17.428050000000013
Gal(b1-4)[Fuc(a1-3)]GlcNAc(b1-2)Man(a1-6)[Gal(b1-4)[Fuc(a1-3)]GlcNAc(b1-2)Man(a1-3)]Man(b1-4)GlcNAc(b1-4)GlcNAc(b1-Sp20,8.2837,9.48375,8.614925,40.08695
"Neu5,9Ac2(a2-3)Gal(b1-4)GlcNAc(b1-Sp0",16.262575,22.2543,16.341075,31.486225
"Neu5,9Ac2(a2-3)Gal(b1-4)GlcNAc(b1-Sp0",-0.06827499999999898,0.7432500000000006,-2.0219,3.1777999999999995
Neu5Ac(a2-6)Gal(b1-4)GlcNAc(b1-3)Gal(b1-3)GlcNAc(b1-Sp0,2.249675,10.427575,2.1462250000000007,-20.1799
Neu5Ac(a2-3)Gal(b1-3)[Fuc(a1-4)]GlcNAc(b1-3)Gal(b1-3)[Fuc(a1-4)]GlcNAc(b1-Sp0,3.130825000000001,8.406899999999998,12.50245,20.515475
Neu5Ac(a2-6)Gal(b1-4)GlcNAc(b1-3)Gal(b1-4)GlcNAc(b1-3)Gal(b1-4)GlcNAc(b1-Sp0,4.940224999999997,3.684025,-5.242274999999999,4.321925000000002
Gal(a1-4)Gal(b1-4)GlcNAc(b1-3)Gal(b1-4)Glc(b1-Sp0,9.471474999999998,9.415825000000003,4.0264500000000005,22.62700000000001
GalNAc(b1-3)Gal(a1-4)Gal(b1-4)GlcNAc(b1-3)Gal(b1-4)Glc(b1-Sp0,20.118550000000006,13.685225,623.88825,6876.89725
GalNAc(a1-3)[Fuc(a1-2)]Gal(b1-4)GlcNAc(b1-3)Gal(b1-4)GlcNAc(b1-Sp0,161.44397499999997,682.0422749999999,17521.006675,28966.491750000016
GalNAc(a1-3)[Fuc(a1-2)]Gal(b1-4)GlcNAc(b1-3)Gal(b1-4)GlcNAc(b1-3)Gal(b1-4)GlcNAc(b1-Sp0,157.01630000000003,583.364525,14258.751799999998,29854.204525
Neu5Ac(a2-3)Gal(b1-4)[Fuc(a1-3)]GlcNAc(b1-6)[Neu5Ac(a2-3)Gal(b1-3)]GalNAc(a1-Sp14,6.981200000000001,6.235475000000001,3.217275,1.9816999999999965
GlcNAc(a1-4)Gal(b1-4)GlcNAc(b1-3)Gal(b1-4)GlcNAc(b1-3)Gal(b1-4)GlcNAc(b1-Sp0,27.15535,2.336499999999999,1956.852675,13557.393125000002
GlcNAc(a1-4)Gal(b1-4)GlcNAc(b1-Sp0,2.149774999999999,5.443349999999999,255.74435000000003,1420.863125
GlcNAc(a1-4)Gal(b1-3)GlcNAc(b1-Sp0,1.1814999999999998,-4.611424999999999,246.394125,18216.97325
GlcNAc(a1-4)Gal(b1-4)GlcNAc(b1-3)Gal(b1-4)Glc(b1-Sp0,9.991475,10.570574999999998,663.21315,3197.8841999999995
GlcNAc(a1-4)Gal(b1-4)GlcNAc(b1-3)Gal(b1-4)[Fuc(a1-3)]GlcNAc(b1-3)Gal(b1-4)[Fuc(a1-3)]GlcNAc(b1-Sp0,26.06140000000001,23.9755,402.7277250000001,16507.864725
GlcNAc(a1-4)Gal(b1-4)GlcNAc(b1-3)Gal(b1-4)GlcNAc(b1-Sp0,8.320749999999999,13.763499999999995,1066.6436,10600.552500000002
GlcNAc(a1-4)Gal(b1-3)GalNAc(a1-Sp14,5.614700000000003,18.52935,17.29475,13873.8953
Neu5Ac(a2-6)Gal(b1-4)GlcNAc(b1-2)Man(a1-6)[Man(a1-3)]Man(b1-4)GlcNAc(b1-4)GlcNAc(a1-Sp12,0.0023250000000007987,3.415149999999999,1.88495,-13.407849999999994
Man(a1-6)[Neu5Ac(a2-6)Gal(b1-4)GlcNAc(b1-2)Man(a1-3)]Man(b1-4)GlcNAc(b1-4)GlcNAc(a1-Sp12,3.348399999999999,5.440875,6.419599999999999,0.585325000000001
Neu5Ac(a2-6)Gal(b1-4)GlcNAc(b1-2)Man(a1-6)Man(b1-4)GlcNAc(b1-4)GlcNAc(a1-Sp12,0.5132499999999975,8.265400000000003,2.7874250000000007,-7.5350249999999965
Neu5Ac(a2-6)Gal(b1-4)GlcNAc(b1-2)Man(a1-3)Man(b1-4)GlcNAc(b1-4)GlcNAc(a1-Sp12,0.2445750000000002,6.4102250000000005,5.26585,-11.3395
Gal(b1-4)GlcNAc(b1-2)Man(a1-3)Man(b1-4)GlcNAc(b1-4)GlcNAc(a1-Sp12,3.077325,7.791274999999995,-0.3775250000000003,0.9944499999999988
Gal(b1-4)GlcNAc(b1-2)Man(a1-6)Man(b1-4)GlcNAc(b1-4)GlcNAc(a1-Sp12,15.618724999999998,6.239200000000002,8.411824999999997,81.21629999999998
Man(a1-6)[Gal(b1-4)GlcNAc(b1-2)Man(a1-3)]Man(b1-4)GlcNAc(b1-4)GlcNAc(b1-Sp12,4.523125,8.310724999999998,19.109325,34.096174999999995
GlcNAc(b1-2)Man(a1-6)[GlcNAc(b1-2)Man(a1-3)]Man(b1-4)GlcNAc(b1-4)[Fuc(a1-6)]GlcNAc(b1-Sp22,10.362025000000003,13.021475,4.114025000000002,110.27715
Gal(b1-4)GlcNAc(b1-2)Man(a1-6)[Gal(b1-4)GlcNAc(b1-2)Man(a1-3)]Man(b1-4)GlcNAc(b1-4)[Fuc(a1-6)]GlcNAc(b1-Sp22,5.202799999999998,10.235724999999997,2.472199999999999,33.037800000000004
Gal(b1-3)GlcNAc(b1-2)Man(a1-6)[Gal(b1-3)GlcNAc(b1-2)Man(a1-3)]Man(b1-4)GlcNAc(b1-4)[Fuc(a1-6)]GlcNAc(b1-Sp22,2.6485749999999992,22.77205,22.217175000000005,135.15614999999997
(6S)GlcNAc(b1-3)Gal(b1-4)GlcNAc(b1-Sp0,43.800775,5.606049999999999,5.308199999999999,155.875675
KDN(a2-3)Gal(b1-4)[Fuc(a1-3)]GlcNAc(a1-Sp0,14.564375,12.333699999999995,9.68335,6.614224999999999
KDN(a2-6)Gal(b1-4)GlcNAc(a1-Sp0,9.6824,17.183950000000006,6.721,6.8770250000000015
KDN(a2-3)Gal(b1-4)Glc(a1-Sp0,0.481725,6.0588250000000015,2.77255,13.403475
KDN(a2-3)Gal(b1-3)GalNAc(a1-Sp14,19.516025,30.415775,88.25089999999996,8303.438425
Fuc(a1-2)Gal(b1-3)GlcNAc(b1-2)Man(a1-6)[Fuc(a1-2)Gal(b1-3)GlcNAc(b1-2)Man(a1-3)]Man(b1-4)GlcNAc(b1-4)GlcNAc(b1-Sp20,11.309675,44.32755,20.126600000000007,40.203975
Fuc(a1-2)Gal(b1-4)GlcNAc(b1-2)Man(a1-6)[Fuc(a1-2)Gal(b1-4)GlcNAc(b1-2)Man(a1-3)]Man(b1-4)GlcNAc(b1-4)GlcNAc(b1-Sp20,12.432200000000002,18.363075,19.5978,102.988525
Fuc(a1-2)Gal(b1-4)[Fuc(a1-3)]GlcNAc(b1-2)Man(a1-6)[Fuc(a1-2)Gal(b1-4)[Fuc(a1-3)]GlcNAc(b1-2)Man(a1-3)]Man(b1-4)GlcNAc(b1-4)GlcNA(b1-Sp20,22.89995,22.126675,47.341175,32.17045000000001
Gal(a1-3)Gal(b1-4)GlcNAc(b1-2)Man(a1-6)[Gal(a1-3)Gal(b1-4)GlcNAc(b1-2)Man(a1-3)]Man(b1-4)GlcNAc(b1-4)GlcNAc(b1-Sp20,16.597075000000007,24.646550000000005,11.447250000000004,63.46357500000001
Gal(b1-4)GlcNAc(b1-2)Man(a1-6)[Man(a1-3)]Man(b1-4)GlcNAc(b1-4)GlcNAc(b1-Sp12,3.705849999999999,1.4160250000000003,8.08815,17.769824999999994
Fuc(a1-4)[Gal(b1-3)]GlcNAc(b1-2)Man(a1-6)[Fuc(a1-4)[Gal(b1-3)]GlcNAc(b1-2)Man(a1-3)]Man(b1-4)GlcNAc(b1-4)[Fuc(a1-6)]GlcNAc(b1-Sp22,20.748825000000004,26.428575,8.645675,121.2836
Neu5Ac(a2-6)GlcNAc(b1-4)GlcNAc(a1-Sp21,4.335175,0.8321249999999987,-2.963475,-8.478575
Neu5Ac(a2-6)GlcNAc(b1-4)GlcNAc(b1-4)GlcNAc(a1-Sp21,4.990075,3.536925000000001,5.018125,-11.932399999999998
Gal(b1-4)[Fuc(a1-3)]GlcNAc(b1-6)[Fuc(a1-2)Gal(b1-4)GlcNAc(b1-3)]Gal(b1-4)Glc(a1-Sp21,8.297974999999997,2.1037250000000007,5.014349999999999,-38.057075
Gal(b1-4)GlcNAc(b1-2)Man(a1-6)[Gal(b1-4)GlcNAc(b1-4)[Gal(b1-4)GlcNAc(b1-2)]Man(a1-3)]Man(b1-4)GlcNAc(b1-4)GlcNAc(a1-Sp21,-1.1789250000000004,21.53645,9.950975,40.17365000000001
GalNAc(a1-3)[Fuc(a1-2)]Gal(b1-4)GlcNAc(b1-2)Man(a1-6)[GalNAc(a1-3)[Fuc(a1-2)]Gal(b1-4)GlcNAc(b1-2)Man(a1-3)]Man(b1-4)GlcNAc(b1-4)GlcNAc(b1-Sp20,59.88475,404.09075000000007,6276.256749999999,23843.164925
Gal(a1-3)[Fuc(a1-2)]Gal(b1-4)GlcNAc(b1-2)Man(a1-6)[Gal(a1-3)[Fuc(a1-2)]Gal(b1-4)GlcNAc(b1-2)Man(a1-3)]Man(b1-4)GlcNAc(b1-4)GlcNAc(b1-Sp20,6.103825,13.9878,6.568424999999998,16.15337499999999
Gal(a1-3)Gal(b1-4)[Fuc(a1-3)]GlcNAc(b1-2)Man(a1-6)[Gal(a1-3)Gal(b1-4)[Fuc(a1-3)]GlcNAc(b1-2)Man(a1-3)]Man(b1-4)GlcNAc(b1-4)GlcNAc(b1-Sp20,8.4523,32.43287499999999,15.790474999999995,53.47640000000001
GalNAc(a1-3)[Fuc(a1-2)]Gal(b1-3)GlcNAc(b1-2)Man(a1-6)[GalNAc(a1-3)[Fuc(a1-2)]Gal(b1-3)GlcNAc(b1-2)Man(a1-3)]Man(b1-4)GlcNAc(b1-4)GlcNAc(b1-Sp20,68.60475000000001,294.785325,9314.75485,25477.736275
Gal(a1-3)[Fuc(a1-2)]Gal(b1-3)GlcNAc(b1-2)Man(a1-6)[Gal(a1-3)[Fuc(a1-2)]Gal(b1-3)GlcNAc(b1-2)Man(a1-3)]Man(b1-4)GlcNAc(b1-4)GlcNAc(b1-Sp20,4.120875,22.003225,9.413,42.84665
Fuc(a1-4)[Fuc(a1-2)Gal(b1-3)]GlcNAc(b1-2)Man(a1-3)[Fuc(a1-4)[Fuc(a1-2)Gal(b1-3)]GlcNAc(b1-2)Man(a1-3)]Man(b1-4)GlcNAc(b1-4)GlcNAc(b1-Sp19,14.938150000000007,13.582225,4.872025000000002,41.214925
Neu5Ac(a2-3)Gal(b1-4)GlcNAc(b1-3)GalNAc(a1-Sp14,0.257625,1.909725,0.7414499999999995,-6.354625
Neu5Ac(a2-6)Gal(b1-4)GlcNAc(b1-3)GalNAc(a1-Sp14,5.297049999999999,1.5042499999999992,5.741949999999999,-2.926949999999996
Neu5Ac(a2-3)Gal(b1-4)[Fuc(a1-3)]GlcNAc(b1-3)GalNAc(a1-Sp14,4.943075,8.674700000000001,10.354250000000006,35.772975
GalNAc(b1-4)GlcNAc(b1-2)Man(a1-6)[GalNAc(b1-4)GlcNAc(b1-2)Man(a1-3)]Man(b1-4)GlcNAc(b1-4)GlcNAc(a1-Sp12,73.55037500000002,39.79517499999999,41.21704999999999,162.13232500000004
Gal(b1-3)GalNAc(a1-3)[Fuc(a1-2)]Gal(b1-4)Glc(a1-Sp0,5.893374999999999,-1.3416250000000003,41.0741,14410.5828
Gal(b1-3)GalNAc(a1-3)[Fuc(a1-2)]Gal(b1-4)GlcNAc(a1-Sp0,3.98385,10.849250000000007,386.33705,15945.452625000002
Gal(b1-3)GlcNac(b1-3)Gal(b1-4)GlcNac(b1-6)[Gal(b1-3)GlcNac(b1-3)]Gal(b1-4)Glc(b1-Sp0,1.0480500000000008,4.855725000000001,2.531775000000001,-20.964625
Gal(b1-4)[Fuc(a1-3)]GlcNAc(b1-6)[Gal(b1-3)GlcNAc(b1-3)]Gal(b1-4)Glc(a1-Sp21,7.556599999999999,1.804475,7.6850999999999985,8.361974999999997
Gal(b1-4)GlcNAc(b1-6)[Fuc(a1-4)[Fuc(a1-2)Gal(b1-3)]GlcNAc(b1-3)]Gal(b1-4)Glc(a1-Sp21,3.6185750000000008,6.013524999999999,5.12045,4.050975000000001
Gal(b1-4)[Fuc(a1-3)]GlcNAc(b1-6)[Fuc(a1-4)[Fuc(a1-2)Gal(b1-3)]GlcNAc(b1-3)]Gal(b1-4)Glc(a1-Sp21,4.635999999999999,-1.3827749999999996,-1.241175,4.835625
Gal(b1-3)GlcNAc(b1-3)Gal(b1-4)[Fuc(a1-3)]GlcNAc(b1-6)[Gal(b1-3)GlcNAc(b1-3)]Gal(b1-4)Glc(a1-Sp21,5.001649999999999,0.0728999999999993,2.3577249999999994,0.5566499999999994
Gal(b1-4)GlcNac(b1-6)[Gal(b1-4)GlcNac(b1-2)]Man(a1-6)[Gal(b1-4)GlcNac(b1-4)[Gal(b1-4)GlcNac(b1-2)]Man(a1-3)]Man(b1-4)GlcNac(b1-4)GlcNac(b1-Sp21,20.0223,12.259699999999995,12.143150000000002,35.36199999999999
GlcNac(b1-2)Man(a1-6)[GlcNac(b1-4)[GlcNac(b1-2)]Man(a1-3)]Man(b1-4)GlcNac(b1-4)GlcNac(a1-Sp21,1.1046750000000003,29.350375,21.6625,199.652875
Fuc(a1-2)Gal(b1-3)GalNAc(a1-3)[Fuc(a1-2)]Gal(b1-4)Glc(b1-Sp0,4.341224999999999,-0.9724749999999992,5.832749999999997,7.278549999999999
Fuc(a1-2)Gal(b1-3)GalNAc(a1-3)[Fuc(a1-2)]Gal(b1-4)GlcNAc(b1-Sp0,9.132875,-0.01684999999999981,3.8339250000000007,4426.10595
Gal(b1-3)GlcNAc(b1-3)GalNAc(a1-Sp14,9.641975,4.466375000000001,-1.9172250000000008,-13.158550000000002
GalNAc(b1-4)[Neu5Ac(a2-3)]Gal(b1-4)GlcNAc(b1-3)GalNAc(a1-Sp14,28.150974999999995,27.9025,16.690649999999994,1.1971750000000014
GalNAc(a1-3)[Fuc(a1-2)]Gal(b1-3)GalNAc(a1-3)[Fuc(a1-2)]Gal(b1-4)GlcNAc(b1-Sp0,79.64142500000001,208.246975,5522.334025,19407.14445
Gal(a1-3)Gal(b1-3)GlcNAc(b1-2)Man(a1-6)[Gal(a1-3)Gal(b1-3)GlcNAc(b1-2)Man(a1-3)]Man(b1-4)GlcNAc(b1-4)GlcNAc(a1-Sp19,15.679675,18.013225,47.33300000000001,29.95
Gal(a1-3)Gal(b1-3)[Fuc(a1-4)]GlcNAc(b1-2)Man(a1-6)[Gal(a1-3)Gal(b1-3)[Fuc(a1-4)]GlcNAc(b1-2)Man(a1-3)]Man(b1-4)GlcNAc(b1-4)GlcNAc(a1-Sp19,1.2099249999999984,16.904525,5.8804,-78.41385000000002
Neu5Ac(a2-3)Gal(b1-3)GlcNAc(b1-2)Man(a1-6)[Neu5Ac(a2-3)Gal(b1-3)GlcNAc(b1-2)Man(a1-3)]Man(b1-4)GlcNAc(b1-4)GlcNAc(a1-Sp19,7.786225,13.313374999999995,-0.9739749999999994,27.118925
GlcNAc(b1-2)Man(a1-6)[Gal(b1-4)GlcNAc(b1-2)Man(a1-3)]Man(b1-4)GlcNAc(b1-4)GlcNAc(a1-Sp12,8.800175000000003,12.584799999999998,5.681625000000001,76.26405
Gal(b1-4)GlcNAc(b1-2)Man(a1-6)[GlcNAc(b1-2)Man(a1-3)]Man(b1-4)GlcNAc(b1-4)GlcNAc(a1-Sp12,2.0791249999999977,12.957675000000002,12.2124,48.102225
Neu5Ac(a2-3)Gal(b1-3)GlcNAc(b1-3)GalNAc(a1-Sp14,6.687650000000001,3.215225,1.84975,6.5473
Fuc(a1-2)Gal(b1-4)GlcNac(b1-3)GalNac(a1-Sp14,0.6016750000000002,8.917349999999997,9.082899999999997,5.543175
Gal(b1-4)[Fuc(a1-3)]GlcNac(b1-3)GalNac(a1-Sp14,7.524175000000002,0.36227499999999857,0.5685250000000006,8.587599999999998
GalNac(a1-3)GalNac(b1-3)Gal(a1-4)Gal(b1-4)GlcNac(b1-Sp0,420.776325,2426.97505,15652.0376,14572.242525
Gal(a1-4)Gal(b1-3)GlcNac(b1-2)Man(a1-6)[Gal(a1-4)Gal(b1-3)GlcNac(b1-2)Man(a1-3)]Man(b1-4)GlcNac(b1-4)GlcNac(b1-Sp19,10.007725,15.1926,6.269575,40.79984999999999
Gal(a1-4)Gal(b1-4)GlcNac(b1-2)Man(a1-6)[Gal(a1-4)Gal(b1-4)GlcNac(b1-2)Man(a1-3)]Man(b1-4)GlcNac(b1-4)GlcNac(b1-Sp24,9.9547,6.911125000000002,15.061624999999996,19.398
Gal(a1-3)Gal(b1-4)GlcNac(b1-3)GalNac(a1-Sp14,-2.2624500000000003,0.9528250000000008,9.203899999999997,0.6609249999999989
Gal(b1-3)GlcNAc(b1-6)Gal(b1-4)GlcNAc(b1-Sp0,0.43362500000000015,0.033225000000000726,3.3817250000000003,-9.8524
Gal(b1-3)GlcNAc(a1-6)Gal(b1-4)GlcNAc(b1-Sp0,0.6737999999999991,6.883925000000002,11.686025,3.03675
GalNAc(b1-3)Gal(a1-6)Gal(b1-4)Glc(b1-Sp8,8.401525,13.4738,498.24390000000005,3558.309500000001
Gal(a1-3)[Fuc(a1-2)]Gal(b1-4)[Fuc(a1-3)]Glc(b1-Sp21,5.775,9.9218,7.483625000000001,1.245874999999998
Gal(b1-4)GlcNAc(b1-6)[Neu5Ac(a2-6)Gal(b1-3)GlcNAc(b1-3)]Gal(b1-4)Glc(a1-Sp21,1.985675,0.02124999999999977,7.050275000000003,14.60785
Gal(b1-3)GalNAc(b1-4)[Neu5Ac(a2-8)Neu5Ac(a2-3)]Gal(b1-4)Glc(b1-Sp0,0.8477499999999996,7.503125,0.1424250000000007,6.403125
Neu5Ac(a2-3)Gal(b1-3)GalNAc(b1-4)[Neu5Ac(a2-8)Neu5Ac(a2-3)]Gal(b1-4)Glc(b1-Sp0,11.216974999999998,7.238775,-2.9945000000000013,8.552175000000005
Gal(a1-3)[Fuc(a1-2)]Gal(b1-4)GlcNAc(b1-3)GalNAc(a1-Sp14,-5.156650000000001,1.7289750000000002,1.2644000000000002,14.034549999999998
GalNAc(a1-3)[Fuc(a1-2)]Gal(b1-4)GlcNAc(b1-3)GalNAc(a1-Sp14,5.2813,2.375400000000001,828.2165999999997,17257.488299999994
GalNAc(a1-3)GalNAc(b1-3)Gal(a1-4)Gal(b1-4)Glc(b1-Sp0,430.9533,1912.179275,15880.540225,10561.337625
Fuc(a1-2)Gal(b1-4)[Fuc(a1-3)]GlcNAc(b1-3)GalNAc(a1-Sp14,1.7956500000000009,9.84015,8.830799999999998,-5.168474999999999
Gal(a1-3)[Fuc(a1-2)]Gal(b1-4)[Fuc(a1-3)]GlcNAc(b1-3)GalNAc(a1-Sp14,1.813774999999998,-0.14797499999999708,-2.8984749999999995,-29.718125
GalNAc(a1-3)[Fuc(a1-2)]Gal(b1-4)[Fuc(a1-3)]GlcNAc(b1-3)GalNAc(a1-Sp14,36.2969,8.396550000000001,7.749250000000001,9.642200000000004
Gal(b1-4)[Fuc(a1-3)]GlcNAc(b1-2)Man(a1-6)[Gal(b1-4)[Fuc(a1-3)]GlcNAc(b1-2)Man(a1-3)]Man(b1-4)GlcNAc(b1-4)[Fuc(a1-6)]GlcNAc(b1-Sp22,11.006974999999995,7.422849999999999,8.081099999999998,-62.87715
Fuc(a1-2)Gal(b1-4)GlcNAc(b1-2)Man(a1-6)[Fuc(a1-2)Gal(b1-4)GlcNAc(b1-2)Man(a1-3)]Man(b1-4)GlcNAc(b1-4)[Fuc(a1-6)]GlcNAc(b1-Sp22,3.081875,8.283774999999999,-0.2234999999999996,21.347875000000013
GlcNAc(b1-2)[GlcNAc(b1-6)]Man(a1-6)[GlcNAc(b1-2)Man(a1-3)]Man(b1-4)GlcNAc(b1-4)GlcNAc(b1-Sp19,14.382124999999998,4.8629000000000016,2.4415000000000013,15.194474999999995
Fuc(a1-2)Gal(b1-3)GlcNAc(b1-3)GalNAc(a1-Sp14,-8.37335,6.009925,-4.008025000000001,-16.0701
Gal(a1-3)[Fuc(a1-2)]Gal(b1-3)GlcNAc(b1-3)GalNAc(a1-Sp14,9.494974999999997,-2.902725,-2.2811500000000007,-1.6152250000000024
GalNAc(a1-3)[Fuc(a1-2)]Gal(b1-3)GlcNAc(b1-3)GalNAc(a1-Sp14,3.763574999999989,7.686524999999998,460.286,14252.514
Gal(a1-3)Gal(b1-3)GlcNAc(b1-3)GalNAc(a1-Sp14,1.59225,-0.028799999999996825,-0.31010000000000026,-6.257550000000002
Fuc(a1-2)Gal(b1-3)GlcNAc(b1-2)Man(a1-6)[Fuc(a1-2)Gal(b1-3)GlcNAc(b1-2)Man(a1-3)]Man(b1-4)GlcNAc(b1-4)[Fuc(a1-6)]GlcNAc(b1-Sp22,33.61760000000001,3.618175000000001,-2.031674999999999,80.867175
Gal(a1-3)[Fuc(a1-2)]Gal(b1-4)GlcNAc(b1-2)Man(a1-6)[Gal(a1-3)[Fuc(a1-2)]Gal(b1-4)GlcNAc(b1-2)Man(a1-3)]Man(b1-4)GlcNAc(b1-4)[Fuc(a1-6)]GlcNAc(b1-Sp22,2.8647000000000014,-2.5248750000000006,4.40235,-8.553699999999997
Gal(b1-3)GlcNAc(b1-6)[Gal(b1-3)GlcNAc(b1-2)]Man(a1-6)[Gal(b1-3)GlcNAc(b1-2)Man(a1-3)]Man(b1-4)GlcNAc(b1-4)GlcNAc(b1-Sp19,10.25392500000001,1.207675,5.6827000000000005,30.940025
Gal(b1-4)GlcNAc(b1-6)[Fuc(a1-2)Gal(b1-3)GlcNAc(b1-3)]Gal(b1-4)Glc(a1-Sp21,-0.6187749999999994,-2.202825,1.8661000000000003,-5.74295
Fuc(a1-3)GlcNAc(b1-6)[Gal(b1-4)GlcNAc(b1-3)]Gal(b1-4)Glc(a1-Sp21,6.2624,-2.325850000000001,-1.0479000000000005,-22.478600000000032
GlcNAc(b1-2)Man(a1-6)[GlcNAc(b1-4)][GlcNAc(b1-2)Man(a1-3)]Man(b1-4)GlcNac(b1-4)GlcNAc(a1-Sp21,2.751275,1.474499999999999,-1.1933499999999992,-0.8142999999999887
GlcNAc(b1-2)Man(a1-6)[GlcNAc(b1-4)][GlcNAc(b1-4)[GlcNAc(b1-2)]Man(a1-3)]Man(b1-4)GlcNAc(b1-4)GlcNAc(a1-Sp21,1.8259,8.992874999999998,0.7671499999999991,14.107150000000004
GlcNAc(b1-6)[GlcNAc(b1-2)]Man(a1-6)[GlcNAc(b1-4)][GlcNAc(b1-2)Man(a1-3)]Man(b1-4)GlcNAc(b1-4)GlcNAc(a1-Sp21,-1.2559250000000008,9.955825,6.399574999999998,10.302825
GlcNAc(b1-6)[GlcNAc(b1-2)]Man(a1-6)[GlcNAc(b1-4)][GlcNAc(b1-4)[GlcNAc(b1-2)]Man(a1-3)]Man(b1-4)GlcNAc(b1-4)GlcNAc(a1-Sp21,-2.0486750000000007,9.2121,7.521575,20.02125
Gal(b1-4)GlcNAc(b1-2)Man(a1-6)[GlcNAc(b1-4)][Gal(b1-4)GlcNAc(b1-2)Man(a1-3)]Man(b1-4)GlcNAc(b1-4)GlcNAc(a1-Sp21,3.2269500000000013,-4.002650000000002,-0.7516249999999989,6.042375
Gal(b1-4)GlcNAc(b1-2)Man(a1-6)[GlcNAc(b1-4)][Gal(b1-4)GlcNAc(b1-4)[Gal(b1-4)GlcNAc(b1-2)]Man(a1-3)]Man(b1-4)GlcNAc(b1-4)GlcNAc(a1-Sp21,5.302975,6.265625,-0.4164249999999994,0.4017750000000007
Gal(b1-4)GlcNAc(b1-6)[Gal(b1-4)GlcNAc(b1-2)]Man(a1-6)[GlcNAc(b1-4)][Gal(b1-4)GlcNAc(b1-2)Man(a1-3)]Man(b1-4)GlcNAc(b1-4)GlcNAc(a1-Sp21,-0.1746249999999998,-0.9397249999999993,2.408125,12.410625
Gal(b1-4)GlcNAc(b1-6)[Gal(b1-4)GlcNAc(b1-2)]Man(a1-6)[GlcNAc(b1-4)][Gal(b1-4)GlcNAc(b1-4)[Gal(b1-4)GlcNAc(b1-2)]Man(a1-3)]Man(b1-4)GlcNAc(b1-4)GlcNAc(a1-Sp21,5.647174999999998,0.4079749999999995,4.829549999999999,-8.354124999999998
Gal(b1-4)Gal(b1-Sp10,-2.1261,7.702375,-0.5111500000000007,-14.134150000000002
Gal(b1-6)Gal(b1-Sp10,6.37195,6.515724999999999,-2.0553999999999983,-21.471999999999998
Neu5Ac(a2-3)Gal(b1-4)GlcNAc(b1-3)Gal(b1-Sp8,-3.568224999999998,-5.438125,-8.24225,-16.852975
GalNAc(b1-6)GalNAc(b1-Sp8,-2.4638500000000008,-1.93155,1.62625,-22.542
(6S)Gal(b1-3)GlcNAc(b1-Sp0,5.5373500000000035,-3.335,-9.499050000000002,-28.187550000000016
(6S)Gal(b1-3)(6S)GlcNAc(a1-Sp0,-2.5082000000000013,-0.003224999999999589,-2.489549999999999,-13.34735
Fuc(a1-2)Gal(b1-4) GlcNAc(b1-2)Man(a1-6)[Fuc(a1-2)Gal(b1-4)GlcNAc(b1-2)[Fuc(a1-2)Gal(b1-4)GlcNAc(b1-4)]Man(a1-3)]Man(b1-4)GlcNAc(b1-4)GlcNAc(b1-N,6.995675,8.425875000000001,8.4618,7.357824999999997
Fuc(a1-2)Gal(b1-4)[Fuc(a1-3)]GlcNAc(b1-2)Man(a1-6)[Fuc(a1-2)Gal(b1-4)[Fuc(a1-3)]GlcNAc(b1-4)[Fuc(a1-2)Gal(b1-4)[Fuc(a1-3)]GlcNAc(b1-2)]Man(a1-3)]Man(b1-4)GlcNAc(b1-4)GlcNAc(b1-N,1.5139999999999991,30.4465,6.639524999999999,26.620850000000008
Gal(b1-4)[Fuc(a1-3)]GlcNAc(b1-6)GalNAc(a1-Sp14,8.040650000000003,4.9869,0.7582749999999994,34.104174999999984
Gal(b1-4)GlcNAc(b1-2)Man(a1-Sp0,0.09380000000004428,-5.7369749999999975,-5.840775,-0.07524999999998272
Fuc(a1-2)Gal(b1-4)GlcNAc(b1-6)[Fuc(a1-2)Gal(b1-4)GlcNAc(b1-3)]GalNAc(a1-Sp14,10.595799999999997,0.3547500000000001,-1.5800999999999998,2.4271499999999904
Gal(a1-3)Fuc(a1-2)Gal(b1-4)GlcNAc(b1-6)[Gal(a1-3)Fuc(a1-2)Gal(b1-4)GlcNAc(b1-3)]GalNAc(a1-Sp14,-3.7019500000000014,-4.410825000000001,-5.8990750000000025,-26.312874999999995
GalNAc(a1-3)[Fuc(a1-2)]Gal(b1-4)GlcNAc(b1-6)[GalNAc(a1-3)[Fuc(a1-2)]Gal(b1-4)GlcNAc(b1-3)]GalNAc(a1-Sp14,31.06032499999999,29.0382,6762.41985,26529.22395
Neu5Ac(a2-8)Neu5Ac(a2-3)Gal(b1-3)GalNAc(b1-4)[Neu5Ac(a2-8)Neu5Ac(a2-3)]Gal(b1-4)Glc(b1-Sp0,-1.6105750000000008,-4.181075,0.7160999999999991,-27.896325000000004
GalNAc(b1-4)Gal(b1-4)Glc(b1-Sp0,12.544225000000012,2.2235750000000003,7.006649999999998,-8.35575
GalNAc(a1-3)[Fuc(a1-2)]Gal(b1-4)GlcNAc(b1-2)Man(a1-6)[GalNAc(a1-3)[Fuc(a1-2)]Gal(b1-4)GlcNAc(b1-2)Man(a1-3)]Man(b1-4)GlcNAc(b1-4)[Fuc(a1-6)]GlcNAc(b1-Sp22,30.782525,20.57705,1965.323025,14669.328699999998
Gal(a1-3)[Fuc(a1-2)]Gal(b1-3)GlcNAc(b1-2)Man(a1-6)[Gal(a1-3)[Fuc(a1-2)]Gal(b1-3)GlcNAc(b1-2)Man(a1-3)]Man(b1-4)GlcNAc(b1-4)[Fuc(a1-6)]GlcNAc(b1-Sp22,4.224375,6.072450000000003,2.8619000000000003,-17.67625
Neu5Ac(a2-6)Gal(b1-4)GlcNAc(b1-6)[Fuc(a1-2)Gal(b1-3)GlcNAc(b1-3)]Gal(b1-4)Glc(a1-Sp21,7.0067499999999985,3.51255,-2.594425,15.2502
GalNAc(a1-3)[Fuc(a1-2)]Gal(b1-3)GlcNAc(b1-2)Man(a1-6)[GalNAc(a1-3)[Fuc(a1-2)]Gal(b1-3)GlcNAc(b1-2)Man(a1-3)]Man(b1-4)GlcNAc(b1-4)[Fuc(a1-6)]GlcNAc(b1-Sp22,9.355575000000002,8.709650000000002,304.7774750000001,4018.020600000001
Gal(b1-4)GlcNAc(b1-6)[Gal(b1-4)GlcNAc(b1-2)]Man(a1-6)[Gal(b1-4)GlcNAc(b1-2)Man(a1-3)]Man(b1-4)GlcNAc(b1-4)GlcNAc(b1-Sp19,1.5273499999999984,2.4941499999999994,26.07015000000001,4.21645
Neu5Ac(a2-3)Gal(b1-4)GlcNAc(b1-2)Man(a1-6)[GlcNAc(b1-4)][Neu5Ac(a2-3)Gal(b1-4)GlcNAc(b1-2)Man(a1-3)]Man(b1-4)GlcNAc(b1-4)GlcNAc(b1-Sp21,7.160774999999999,8.871399999999998,-3.64975,2.4083500000000004
Neu5Ac(a2-3)Gal(b1-4)GlcNAc(b1-4)Man(a1-6)[GlcNAc(b1-4)][Neu5Ac(a2-3)Gal(b1-4)GlcNAc(b1-4)[Neu5Ac(a2-3)Gal(b1-4)GlcNAc(b1-2)]Man(a1-3)]Man(b1-4)GlcNAc(b1-4)GlcNAc(b1-Sp21,0.8712999999999997,-0.18340000000000026,-4.113075,-9.210349999999998
Neu5Ac(a2-3)Gal(b1-4)GlcNAc(b1-6)[Neu5Ac(a2-3)Gal(b1-4)GlcNAc(b1-2)]Man(a1-6)[GlcNAc(b1-4)][Neu5Ac(a2-3)Gal(b1-4)GlcNAc(b1-2)Man(a1-3)]Man(b1-4)GlcNAc(b1-4)GlcNAc(b1-Sp21,0.7908749999999998,-4.142475,-5.484649999999999,5.992700000000001
Neu5Ac(a2-3)Gal(b1-4)GlcNAc(b1-6)[Neu5Ac(a2-3)Gal(b1-4)GlcNAc(b1-2)]Man(a1-6)[GlcNAc(b1-4)][Neu5Ac(a2-3)Gal(b1-4)GlcNAc(b1-4)[Neu5Ac(a2-3)Gal(b1-4)GlcNAc(b1-2)]Man(a1-3)]Man(b1-4)GlcNAc(b1-4)GlcNAc(b1-Sp21,1.3184,4.370475000000001,3.451699999999999,-11.958975
Neu5Ac(a2-6)Gal(b1-4)GlcNAc(b1-2)Man(a1-6)[GlcNAc(b1-4)][Neu5Ac(a2-6)Gal(b1-4)GlcNAc(b1-2)Man(a1-3)]Man(b1-4)GlcNAc(b1-4)GlcNAc(b1-Sp21,-2.2458750000000007,-0.7575500000000002,-3.73505,-7.365825000000003
Neu5Ac(a2-6)Gal(b1-4)GlcNAc(b1-4)Man(a1-6)[GlcNAc(b1-4)][Neu5Ac(a2-6)Gal(b1-4)GlcNAc(b1-4)[Neu5Ac(a2-6)Gal(b1-4)GlcNAc(b1-2)]Man(a1-3)]Man(b1-4)GlcNAc(b1-4)GlcNAc(b1-Sp21,1.702425,-0.4884750000000002,7.80635,-12.68395
Neu5Ac(a2-6)Gal(b1-4)GlcNAc(b1-6)[Neu5Ac(a2-6)Gal(b1-4)GlcNAc(b1-2)]Man(a1-6)[GlcNAc(b1-4)][Neu5Ac(a2-6)Gal(b1-4)GlcNAc(b1-2)Man(a1-3)]Man(b1-4)GlcNAc(b1-4)GlcNAc(b1-Sp21,0.9172499999999985,-1.3754,-2.6665999999999994,-15.353725000000004
Neu5Ac(a2-6)Gal(b1-4)GlcNAc(b1-6)[Neu5Ac(a2-6)Gal(b1-4)GlcNAc(b1-2)]Man(a1-6)[GlcNAc(b1-4)][Neu5Ac(a2-6)Gal(b1-4)GlcNAc(b1-4)[Neu5Ac(a2-6)Gal(b1-4)GlcNAc(b1-2)]Man(a1-3)]Man(b1-4)GlcNAc(b1-4)GlcNAc(b1-Sp21,0.6036999999999999,1.7387250000000003,0.4219999999999997,-14.951899999999995
Gal(a1-3)[Fuc(a1-2)]Gal(b1-3)GalNAc(a1-Sp8,-6.45875,-2.7721750000000007,-12.531499999999998,-40.2378
Gal(a1-3)[Fuc(a1-2)]Gal(b1-3)GalNAc(b1-Sp8,15.6279,2.863624999999999,-4.273525,0.23157499999999945
Glc(a1-6)Glc(a1-6)Glc(a1-6)Glc(b1-Sp10,-2.6762749999999995,-3.724075000000002,-2.6251,-2.940674999999999
Glc(a1-4)Glc(a1-4)Glc(a1-4)Glc(b1-Sp10,3.3428499999999994,0.8661500000000011,2.59645,3.0589250000000017
Neu5Ac(a2-3)Gal(b1-4)GlcNAc(b1-6)[Neu5Ac(a2-3)Gal(b1-4)GlcNAc(b1-3)]GalNAc(a1-Sp14,1.6415499999999996,7.1126749999999985,1.429524999999999,-11.675125000000005
Fuc(a1-2)Gal(b1-4)[Fuc(a1-3)]GlcNAc(b1-2)Man(a1-6)[Fuc(a1-2)Gal(b1-4)[Fuc(a1-3)]GlcNAc(b1-2)Man(a1-3)]Man(b1-4)GlcNAc(b1-4)[Fuc(a1-6)]GlcNAc(b1-Sp24,5.070225,6.6417,8.085725,24.995524999999994
Fuc(a1-2)Gal(b1-3)[Fuc(a1-4)]GlcNAc(b1-2)Man(a1-6)[Fuc(a1-2)Gal(b1-3)[Fuc(a1-4)]GlcNAc(b1-2)Man(a1-3)]Man(b1-4)GlcNAc(b1-4)[Fuc(a1-6)]GlcNA(cb-S)p(1-4)[Fuc(a1-6)]GlcNAc(b1-Sp19,-3.2823999999999995,4.775449999999998,6.141725000000001,78.40100000000002
Neu5Ac(a2-3)Gal(b1-3)GlcNAc(b1-6)[Neu5Ac(a2-3)Gal(b1-4)GlcNAc(b1-2)]Man(a1-6)[Neu5Ac(a2-3)Gal(b1-3)GlcNAc(b1-2)Man(a1-3)]Man(b1-4)GlcNAc(b1-4)GlcNAc(b1-Sp19,36.31354999999999,0.3358499999999989,2.8317749999999995,33.483724999999936
GlcNAc(b1-6)[GlcNAc(b1-2)]Man(a1-6)[GlcNAc(b1-2)Man(a1-3)]Man(b1-4)GlcNAc(b1-4)[Fuc(a1-6)]GlcNAc(b1-Sp24,2.6746500000000006,1.5885750000000003,-0.29300000000000104,9.505100000000002
Gal(b1-3)GlcNAc(b1-2)Man(a1-6)[GlcNAc(b1-4)][Gal(b1-3)GlcNAc(b1-2)Man(a1-3)]Man(b1-4)GlcNAc(b1-4)GlcNAc(b1-Sp21,-1.1968000000000003,17.791525000000007,-2.1660249999999994,17.818175000000004
Neu5Ac(a2-6)Gal(b1-4)GlcNAc(b1-6)[Gal(b1-3)GlcNAc(b1-3)]Gal(b1-4)Glc(b1-Sp21,9.59715,0.6622999999999992,-3.660400000000001,67.030675
Neu5Ac(a2-3)Gal(b1-4)GlcNAc(b1-2)Man(a1-Sp0,10.01545,-3.300399999999998,2.7946500000000007,-7.708400000000003
Neu5Ac(a2-3)Gal(b1-4)GlcNAc(b1-6)GalNAc(a1-Sp14,4.515925,0.0702499999999997,-5.2285,-14.649799999999995
Neu5Ac(a2-6)Gal(b1-4)GlcNAc(b1-6)GalNAc(a1-Sp14,-0.6627000000000005,7.664249999999997,0.4568499999999993,-7.800125000000001
Neu5Ac(a2-6)Gal(b1-4)GlcNAc(b1-6)[Neu5Ac(a2-6)Gal(b1-4)GlcNAc(b1-3)]GalNAc(a1-Sp14,5.007624999999997,9.935900000000006,-2.5808500000000003,-34.760225
Neu5Ac(a2-6)Gal(b1-4)GlcNAc(b1-2)Man(a1-6)[Neu5Ac(a2-6)Gal(b1-4)GlcNAc(b1-2)Man(a1-3)]Man(b1-4)GlcNAc(b1-4)[Fuc(a1-6)]GlcNAc(b1-Sp24,1.3097249999999994,11.409,7.112275,-16.680949999999996
Neu5Ac(a2-3)Gal(b1-4)GlcNAc(b1-2)Man(a1-6)[Neu5Ac(a2-3)Gal(b1-4)GlcNAc(b1-2)Man(a1-3)]Man(b1-4)GlcNAc(b1-4)[Fuc(a1-6)]GlcNAc(b1-Sp24,9.955225000000006,-3.4393999999999987,47.4264,7.016475
Man(a1-6)[Man(a1-3)]Man(b1-4)GlcNAc(b1-4)[Fuc(a1-6)]GlcNAc(b1-Sp19,-5.509299999999998,10.191475000000002,2.152225,58.995325
Gal(b1-4)GlcNAc(b1-6)[Gal(b1-4)GlcNAc(b1-2)]Man(a1-6)[Gal(b1-4)GlcNAc(b1-2)Man(a1-3)]Man(b1-4)GlcNAc(b1-4)[Fuc(a1-6)]GlcNAc(b1-Sp24,15.859775,3.5509500000000003,6.957925,6.159174999999999
Neu5Ac(a2-3)Gal(b1-3)GlcNAc(b1-2)Man(a1-6)[GlcNAc(b1-4)][Neu5Ac(a2-3)Gal(b1-3)GlcNAc(b1-2)Man(a1-3)]Man(b1-4)GlcNAc(b1-4)GlcNAc(a1-Sp21,-0.5434250000000005,-0.8837249999999992,-8.451975000000001,9.963525
Neu5Ac(a2-6)Gal(b1-4)GlcNAc(b1-6)[Fuc(a1-2)Gal(b1-4)[Fuc(a1-3)]GlcNAc(b1-3)]Gal(b1-4)Glc(a1-Sp21,0.17232500000000073,-0.046649999999999636,1.9222750000000008,-5.399675000000002
Gal(b1-3)GlcNAc(b1-6)GalNAc(a1-Sp14,-4.694375,0.6662249999999998,-5.36185,2.0147250000000008
Gal(a1-3)Gal(b1-3)GlcNAc(b1-6)GalNAc(a1-Sp14,-3.7348750000000006,0.2514499999999984,-5.102225000000002,-6.818100000000001
Gal(b1-3)[Fuc(a1-4)]GlcNAc(b1-6)GalNAc(a1-Sp14,-2.755024999999999,6.7951,-8.010125,-7.82875
Neu5Ac(a2-3)Gal(b1-3)GlcNAc(b1-6)GalNAc(a1-Sp14,5.755875000000002,1.0802999999999994,-0.9173750000000012,-0.18614999999999784
(3S)Gal(b1-3)[Fuc(a1-4)]GlcNAc(b1-Sp0,2.4088499999999984,2.534625,8.506350000000001,-15.116350000000004
Gal(b1-4)[Fuc(a1-3)]GlcNAc(b1-6)[Neu5Ac(a2-6)[Neu5Ac(a2-3)Gal(b1-3)]GlcNAc(b1-3)]Gal(b1-4)Glc(a1-Sp21,5.379375,5.838649999999998,0.07430000000000092,-2.611150000000002
Fuc(a1-2)Gal(b1-4)GlcNAc(b1-6)GalNAc(a1-Sp14,4.637924999999999,2.5392,15.467874999999998,22.909099999999995
Gal(a1-3)Gal(b1-4)GlcNAc(b1-6)GalNAc(a1-Sp14,-0.6564999999999999,-1.3844250000000002,-1.3870999999999991,-1.8879499999999887
Gal(b1-4)[Fuc(a1-3)]GlcNAc(b1-2)Man(a1-Sp0,0.9578249999999996,5.377325,5.408100000000001,11.301024999999996
Fuc(a1-2)(6S)Gal(b1-3)GlcNAc(b1-Sp0,0.16290000000000004,-5.777300000000001,-2.649375,-5.792049999999998
Gal(a1-3)[Fuc(a1-2)]Gal(b1-4)GlcNAc(b1-6)GalNAc(a1-Sp14,-0.1221249999999996,5.6516,-0.9329499999999982,-6.632399999999999
Fuc(a1-2)Gal(b1-4)GlcNAc(b1-2)Man(a1-Sp0,-0.6869249999999996,43.194025,-8.76025,-22.056024999999995
Fuc(a1-2)Gal(b1-3)(6S)GlcNAc(b1-Sp0,4.8755500000000005,22.507175000000004,3.684949999999999,8.560025000000003
Fuc(a1-2)(6S)Gal(b1-3)(6S)GlcNAc(b1-Sp0,-0.6898749999999993,-0.24802500000000016,-3.4087749999999986,-17.468625
Neu5Ac(a2-6)GalNAc(b1-4)(6S)GlcNAc(b1-Sp8,-0.544375,3.0233999999999988,-6.5855500000000005,-7.451875
GalNAc(b1-4)[Fuc(a1-3)](6S)GlcNAc(b1-Sp8,9.42925,4.866974999999998,5.825025000000003,-5.512950000000003
(3S)GalNAc(b1-4)[Fuc(a1-3)]GlcNAc(b1-Sp8,5.238225,2.8462750000000003,-0.9391249999999998,-54.88850000000002
Fuc(a1-2)Gal(b1-3)GlcNAc(b1-6)[Fuc(a1-2)Gal(b1-3)GlcNAc(b1-3)]GalNAc(a1-Sp14,21.65097500000001,2.8056750000000013,4.701775000000001,-1.9611250000000033
GalNAc(a1-3)[Fuc(a1-2)]Gal(b1-3)GlcNAc(b1-6)GalNAc(a1-Sp14,0.52,2.7437000000000005,878.4900749999997,786.4120999999999
GlcNAc(b1-6)[GlcNAc(b1-2)]Man(a1-6)[GlcNAc(b1-4)][GlcNAc(b1-4)[GlcNAc(b1-2)]Man(a1-3)]Man(b1-4)GlcNAc(b1-4)[Fuc(a1-6)]GlcNAc(a1-Sp21,1.52625,12.681225000000005,-3.2894500000000004,3.2442500000000045
Gal(b1-4)GlcNAc(b1-6)[Gal(b1-4)GlcNAc(b1-2)]Man(a1-6)[GlcNAc(b1-4)]Gal(b1-4)GlcNAc(b1-4)[Gal (b1-4)GlcNAc(b1-2)]Man(a1-3)]Man(b1-4)GlcNAc(b1-4)[Fuc(a1-6)]GlcNAc(a1-Sp21,2.2525500000000003,2.416875,-8.4177,1.6008750000000005
Gal(b1-3)GlcNAc(a1-3)Gal(b1-4)GlcNAc(b1-Sp8 ,8.509500000000001,0.4697999999999984,-9.995875000000002,1807.746225
Gal(b1-3)(6S)GlcNAc(b1-Sp8 ,-3.62385,2.170399999999999,-3.36275,-2.5592499999999987
(6S)(4S)GalNAc(b1-4)GlcNAc(a1-Sp8,-10.256825000000003,1.019375,-5.091675000000003,-3.0026999999999986
(6S)GalNAc(b1-4)GlcNAc(a1-Sp8 ,-2.0049499999999982,-3.59375,-3.5926,-4.791600000000002
(3S)GalNAc(b1-4)(3S)GlcNAc(a1-Sp8,-4.199775,-5.77845,-15.15755,-7.460425000000001
GalNAc(b1-4)(6S)GlcNAc(a1-Sp8 ,-4.727975000000002,-5.972999999999999,-9.869849999999998,-27.401025
(3S)GalNAc(b1-4)GlcNAc(a1-Sp8 ,0.2924749999999996,3.2094999999999985,4.436799999999999,-28.655324999999994
(4S)GalNac(b1-Sp10,3.455449999999999,4.167874999999999,-10.286925,-10.261275
Gal(b1-4)(6P)GlcNAc(b1-Sp0 ,1.8247500000000008,-3.0790499999999987,-2.1034750000000004,-18.130375000000004
(6P)Gal(b1-4)GlcNAc(b1-SP0 ,-6.4191,-1.5865750000000003,-5.434424999999999,-13.152700000000095
GalNAc(a1-3)[Fuc(a1-2)]Gal(b1-4)GlcNAc(b1-6)GalNAc(a1-Sp14,59.67765000000002,203.4496,6397.759175000001,24145.91025
Neu5Ac(a2-6)Gal(b1-4)GlcNAc(b1-2)Ma(n1-Sp0,4.61075,1.2153249999999989,0.8205249999999991,9.0581
Gal(a1-3)Gal(b1-4)GlcNAc(b1-2)Man(a1-Sp0,5.263774999999999,-2.0618500000000006,-0.4671000000000003,-8.179399999999994
Gal(a1-3)[Fuc(a1-2)]Gal(b1-4)GlcNAc(b1-2)Man(a1-Sp0,-0.32542500000000096,0.3729249999999995,-4.381175000000002,-14.103225000000005
GalNAc(a1-3)[Fuc(a1-2)]Gal(b1-4) GlcNAc(b1-2)Man(a1-Sp0,107.45552500000002,394.4915249999999,12179.945650000005,30684.13585
 Gal(b1-3)GlcNAc(b1-2)Man(a1-Sp0,-4.878474999999998,5.766875,2.76725,-4.508125
Gal(a1-3)[Fuc(a1-2)]Gal(b1-3)GlcNAc(b1-6)GalNAc(a1-Sp14,-0.5432000000000006,8.604975000000003,0.63455,-16.211724999999998
Neu5Ac(a2-3)Gal(b1-3)GlcNAc(b1-2)Man(a1-Sp0,3.099549999999999,3.611325000000001,7.927674999999998,-35.064425
Gal(a1-3)Gal(b1-3)GlcNAc(b1-2)Man(a1-Sp0,4.814699999999998,6.658174999999997,-5.804324999999999,79.20935000000001
GalNAc(b1-4)GlcNAc(b1-2)Man(a1-Sp0,-2.66,-0.5543999999999989,-0.24849999999999994,-25.845475
Neu5Ac(a2-3)Gal(b1-3)GlcNAc(b1-4)Gal(b1-4)Glc(b1-Sp0,0.8485249999999995,1.50625,1.9478250000000008,3.4727249999999987
GlcNAc(b1-2) Man(a1-6)[GlcNAc(b1-4)][GlcNAc(b1-2)Man(a1-3)]Man(b1-4)GlcNAc(b1-4)[Fuc(a1-6)]GlcNAc(a1-Sp21,1.5290249999999992,4.250449999999999,1.271875,-3.033100000000001
Gal(b1-4)GlcNAc(b1-2)Man(a1-6)[GlcNAc(b1-4)][Gal(b1-4)GlcNAc(b1-2)Man(a1-3)]Man(b1-4)GlcNAc(b1-4)[Fuc(a1-6)]GlcNAc(a1-Sp21,0.4596749999999972,0.9960749999999994,10.105725,4.330525
Gal(b1-4)GlcNAc(b1-2)Man(a1-6)[Gal(b1-4)GlcNAc(b1-4)][Gal(b1-4)GlcNAc(b1-2)Man(a1-3)]Man(b1-4)GlcNAc(b1-4)[Fuc(a1-6)]GlcNAc(a1-Sp21,-1.778125,0.07704999999999984,-2.0181500000000003,7.526825000000008
Fuc(a1-4)[Gal(b1-3)]GlcNAc(b1-2)Man(a1-Sp0,0.1625,6.6427000000000005,7.664800000000001,36.40117500000001
Neu5Ac(a2-3)Gal(b1-4)[Fuc(a1-3)]GlcNAc(b1-2)Man(a1-Sp0,23.8783,3.883375,0.15347500000000025,-22.623125
GlcNAc(b1-3)Gal(b1-4)GlcNAc(b1-6)[GlcNAc(b1-3)]Gal(b1-4)GlcNAc(a1-Sp0,-2.8070249999999994,0.2385249999999992,1.1750749999999996,-28.559674999999995
GalNAc(a1-3)[Fuc(a1-2)]Gal(b1-3)GalNAc(b1-3)Gal(a1-4)Gal(b1-4)Glc(a1-Sp21,220.181975,870.3852999999997,12415.581599999998,30094.69195
Gal(a1-3)[Fuc(a1-2)]Gal(b1-3)GalNAc(b1-3)Gal(a1-4)Gal(b1-4)Glc(a1-Sp21,8.734499999999999,-1.1848,-1.9328000000000003,-17.805175
Gal(b1-3)GalNAc(b1-3)Ga(l1-Sp21,1.087299999999999,1.923,-2.4974,-19.3641
GlcNAc(b1-3)Gal(b1-4)GlcNAc(b1-2)Man(a1-6)[GlcNAc(b1-3)Gal(b1-4)GlcNAc(b1-2)Man(a1-3)]Man(b1-4)GlcNAc(b1-4)GlcNAc(b1-Sp12,-1.761900000000001,-3.4037000000000006,-2.550749999999999,-9.301275000000004
GlcNAc(b1-3)Gal(b1-4)GlcNAc(b1-2)Man(a1-6)[GlcNAc(b1-3)Gal(b1-4)GlcNAc(b1-2)Man(a1-3)]Man(b1-4)GlcNAc(b1-4)GlcNAc(b1-Sp25,0.6838249999999988,0.10822500000000004,-1.3072000000000008,3.8329999999999913
Gal(b1-4)GlcNAc(b1-3)Gal(b1-4)GlcNAc(b1-2)Man(a1-6)[Gal(b1-4)GlcNAc(b1-3)Gal(b1-4)GlcNAc(b1-2)Man(a1-3)]Man(b1-4)GlcNAc(b1-4)GlcNAc(b1-Sp12,111.87525,97.02457500000004,144.452725,371.75140000000016
Gal(b1-4)GlcNAc(b1-3)Gal(b1-4)GlcNAc(b1-2)Man(a1-6)[Gal(b1-4)GlcNAc(b1-3)Gal(b1-4)GlcNAc(b1-2)Man(a1-3)]Man(b1-4)GlcNAc(b1-4)GlcNAc(b1-Sp24,11.525175,4.4621,4.179975,17.772800000000004
Neu5Gc(a2-3)Gal(b1-4)GlcNAc(b1-3)Gal(b1-4)GlcNAc(b1-2)Man(a1-6)[Neu5Gc(a2-3)Gal(b1-4)GlcNAc(b1-3)Gal(b1-4)GlcNAc(b1-2)Man(a1-3)]Man(b1-4)GlcNAc(b1-4)GlcNAc(b1-Sp24,19.358375,1.283075000000001,5.507749999999998,-0.22169999999999668
Fuc(a1-2)Gal(b1-4)GlcNAc(b1-3)Gal(b1-4)GlcNAc(b1-2)Man(a1-6)[Fuc(a1-2)Gal(b1-4)GlcNAc(b1-3)Gal(b1-4)GlcNAc(b1-2)Man(a1-3)]Man(b1-4)GlcNAc(b1-4)GlcNAc(b1-Sp24,6.96875,21.60607499999999,8.25265,19.33355
GlcNAc(b1-3)Gal(b1-4)GlcNAc(b1-3)Gal(b1-4)GlcNAc(b1-2)Man(a1-6)[GlcNAc(b1-3)Gal(b1-4)GlcNAc(b1-3)Gal(b1-4)GlcNAc(b1-2)Man(a1-3)]Man(b1-4)GlcNAc(b1-4)GlcNAc(b1-Sp12,88.071925,84.84105000000002,59.364875,102.5463
GlcNAc(b1-3)Gal(b1-4)GlcNAc(b1-3)Gal(b1-4)GlcNAc(b1-2)Man(a1-6)[GlcNAc(b1-3)Gal(b1-4)GlcNAc(b1-3)Gal(b1-4)GlcNAc(b1-2)Man(a1-3)]Man(b1-4)GlcNAc(b1-4)GlcNAc(b1-Sp25,0.5267999999999979,1.804375,7.321875,57.30985000000001
Gal(b1-4)GlcNAc(b1-3)Gal(b1-4)GlcNAc(b1-3)Gal(b1-4)GlcNAc(b1-2)Man(a1-6)[Gal(b1-4)GlcNAc(b1-3)Gal(b1-4)GlcNAc(b1-3)Gal(b1-4)GlcNAc(b1-2)Man(a1-3)]Man(b1-4)GlcNAc(b1-4)GlcNAc(b1-Sp12,95.55552500000002,70.71584999999997,80.66262499999998,233.939275
Gal(b1-4)GlcNAc(b1-3)Gal(b1-4)GlcNAc(b1-3)Gal(b1-4)GlcNAc(b1-2)Man(a1-6)[Gal(b1-4)GlcNAc(b1-3)Gal(b1-4)GlcNAc(b1-3)Gal(b1-4)GlcNAc(b1-2)Man(a1-3)]Man(b1-4)GlcNAc(b1-4)GlcNAc(b1-Sp24,22.176175,3.00925,6.212975,3.497625000000003
GlcNAc(b1-3)Gal(b1-4)GlcNAc(b1-3)Gal(b1-4)GlcNAc(b1-3)Gal(b1-4)GlcNAc(b1-2)Man(a1-6)[GlcNAc(b1-3)Gal(b1-4)GlcNAc(b1-3)Gal(b1-4)GlcNAc(b1-3)Gal(b1-4)GlcNAc(b1-2)Man(a1-3)]Man(b1-4)GlcNAc(b1-4)GlcNAc(b1-Sp25,-1.2943000000000011,-2.674524999999999,-7.594824999999997,-57.58345
Gal(b1-4)GlcNAc(b1-3)Gal(b1-4)GlcNAc(b1-3)Gal(b1-4)GlcNAc(b1-3)Gal(b1-4)GlcNAc(b1-2)Man(a1-6)[Gal(b1-4)GlcNAc(b1-3)Gal(b1-4)GlcNAc(b1-3)Gal(b1-4)GlcNAc(b1-3)Gal(b1-4)GlcNAc(b1-2)Man(a1-3)]Man(b1-4)GlcNAc(b1-4)GlcNAc(b1-Sp25,0.1835249999999995,3.896175,8.540625,-23.818200000000004
Gal(b1-3)GlcNAc(b1-3)Gal(b1-4)GlcNAc(b1-2)Man(a1-6)[Gal(b1-3)GlcNAc(b1-3)Gal(b1-4)GlcNAc(b1-2)Man(a1-3)]Man(b1-4)GlcNAc(b1-4)GlcNAc(a1-Sp25,5.953349999999998,5.919299999999999,6.709400000000002,24.87305
Neu5Gc(a2-8)Neu5Gc(a2-3)Gal(b1-4)GlcNAc(a1-Sp0,1.0940499999999993,6.31565,0.0001249999999988205,4.677175
Neu5Ac(a2-8)Neu5Gc(a2-3)Gal(b1-4)GlcNAc(a1-Sp0,9.647899999999991,9.90095,4.72875,-1.3988249999999995
Neu5Gc(a2-8)Neu5Ac(a2-3)Gal(b1-4)GlcNAc(a1-Sp0,2.450124999999999,2.6983250000000005,-3.045900000000002,-0.2588750000000002
Neu5Gc(a2-8)Neu5Gc(a2-3)Gal(b1-4)GlcNAc(b1-3)Gal(b1-4)GlcNAc(a1-Sp0,2.3503,-0.2869250000000005,-1.53005,-2.1327250000000006
Neu5Gc(a2-8)Neu5Gc(a2-6)Gal(b1-4)GlcNAc(a1-Sp0,-5.554525,3.290700000000001,1.2889750000000006,2.628775
Neu5Ac(a2-8)Neu5Ac(a2-3)Gal(b1-4)GlcNAc(a1-Sp0,-1.2863000000000009,0.7847249999999999,3.1627000000000045,-26.385900000000003
GlcNAc(b1-3)Gal(b1-4)GlcNAc(b1-6)[GlcNAc(b1-3)Gal(b1-4)GlcNAc(b1-2)]Man(a1-6)[GlcNAc(b1-3)Gal(b1-4)GlcNAc(b1-2)]Man(a1-3)]Man(b1-4)GlcNAc(b1-4)GlcNAc(a1-Sp24,12.582775000000002,13.609750000000005,6.963375000000001,99.182525
Gal(b1-4)GlcNAc(b1-3)Gal(b1-4)GlcNAc(b1-6)[Gal(b1-4)GlcNAc(b1-3)Gal(b1-4)GlcNAc(b1-2)]Man(a1-6)[Gal(b1-4)GlcNAc(b1-3)Gal(b1-4)GlcNAc(b1-2)Man(a1-3)]Man(a1-4)GlcNAc(b1-4)GlcNAc(a1-Sp24,7.563725,6.592749999999998,1.2371000000000034,28.45787500000001
Gal(a1-3)Gal(b1-4)GlcNAc(b1-2)Man(a1-6)[Gal(a1-3)Gal(b1-4)GlcNAc(b1-2)Man(a1-3)]Man(b1-4)GlcNAc(b1-4)GlcNAc(a1-Sp24,14.703724999999995,13.323399999999996,6.827025000000001,-9.973174999999998
GlcNAc(b1-3)Gal(b1-4)GlcNAc(b1-6)[GlcNAc(b1-3)Gal(b1-3)]GalNAc(a1-Sp14,-0.4731749999999998,13.414075,-7.554275,-14.434074999999995
GalNAc(b1-3)GlcNAc(b1-Sp0 ,2.612824999999999,5.445275000000002,-0.6683000000000003,-13.293874999999995
GalNAc(b1-4)GlcNAc(b1-3)GalNAc(b1-4)GlcNAc(b1-Sp0 ,21.256300000000003,7.365599999999999,2.9582250000000023,61.92152500000003
GlcNAc(b1-3)Gal(b1-4)GlcNAc(b1-3)Gal(b1-4)GlcNAc(b1-3)Gal(b1-4)GlcNAc(b1-3)Gal(b1-4)GlcNAc(b1-2)Man(a1-6)[GlcNAc(b1-3)Gal(b1-4)GlcNAc(b1-3)Gal(b1-4)GlcNAc(b1-3)Gal(b1-4)GlcNAc(b1-3)Gal(b1-4)GlcNAc(b1-2)Man(a1-3)]Man(b1-4)GlcNAc(b1-4)GlcNAc(b1-Sp25,25.74439999999999,9.9607,15.818949999999996,56.124575
Gal(b1-4)GlcNAc(b1-3)Gal(b1-4)GlcNAc(b1-3)Gal(b1-4)GlcNAc(b1-3)Gal(b1-4)GlcNAc(b1-3)Gal(b1-4)GlcNAc(b1-2)Man(a1-6)[Gal(b1-4)GlcNAc(b1-3)Gal(b1-4)GlcNAc(b1-3)Gal(b1-4)GlcNAc(b1-3)Gal(b1-4)GlcNAc(b1-3)Gal(b1-4)GlcNAc(b1-2)Man(a1-3)]Man(b1-4)GlcNAc(b1-4)GlcNAc(b1-Sp25,11.64905,9.748575000000002,5.847074999999999,43.01430000000001
GlcNA(b1-3)Gal(b1-3)GalNAc(a1-Sp14,2.3957250000000005,4.010674999999999,-1.503849999999999,-1.5196000000000045
Gal(b1-3)GlcNAc(b1-6)[Gal(b1-3)]GalNAc(a1-Sp14,-1.28055,4.902374999999998,-0.851499999999997,-17.294299999999996
Gal(b1-4)GlcNAc(b1-3)Gal(b1-4)GlcNAc(b1-3)Gal(b1-4)GlcNAc(b1-3)Gal(b1-4)GlcNAc(b1-3)Gal(b1-4)GlcNAc(b1-3)Gal(b1-4)GlcNAc(b1-2)Man(a1-6)[Gal(b1-4)GlcNAc(b1-3)Gal(b1-4)GlcNAc(b1-3)Gal(b1-4)GlcNAc(b1-3)Gal(b1-4)GlcNAc(b1-3)Gal(b1-4)GlcNAc(b1-3)Gal(b1-4)GlcNAc(b1-2)Man(a1-3)]Man(b1-4)GlcNAc(b1-4)GlcNAc(b1-Sp25,-7.212650000000003,5.6672249999999975,-14.585525,-28.59235
(3S)GlcA(b1-3)Gal(b1-4)GlcNAc(b1-3)Gal(b1-4)Glc(a1-Sp0,-3.5886249999999995,0.6915,0.0944749999999992,-10.954675000000002
(3S)GlcA(b1-3)Gal(b1-4)GlcNAc(b1-2)Man(a1-Sp0,2.203875000000001,5.570900000000003,-5.8671500000000005,-33.097199999999994
Gal(b1-3)GlcNAc(b1-3)Gal(b1-4)GlcNAc(b1-3)Gal(b1-4)GlcNAc(b1-6)[Gal(b1-3)GlcNAc(b1-3)Gal(b1-4)GlcNAc(b1-3)Gal(b1-4)GlcNA(b1-2)]Man(a1-6)[Gal(b1-3)GlcNAc(b1-3)Gal(b1-4)GlcNAc(b1-3)Gal(b1-4)GlcNAc(b1-2)Man(a1-3)]Man(b1-4)GlcNAc(b1-4)[Fuc(a1-6)]GlcNAc(b1-Sp24,21.25275,4.324675000000001,14.372175,-37.46025
Gal(b1-3)GlcNAc(b1-3)Gal(b1-4)GlcNAc(b1-6)[Gal(b1-3)GlcNAc(b1-3)Gal(b1-4)GlcNA(b1-2)]Man(a1-6)[Gal(b1-3)GlcNAc(b1-3)Gal(b1-4)GlcNAc(b1-2)Man(a1-3)]Man(b1-4)GlcNAc(b1-4)[Fuc(a1-6)]GlcNAc(b1-Sp24,13.9001,1.8186500000000008,3.007824999999998,-53.6149
Neu5Ac(a2-8)Neu5Ac(a2-3)Gal(b1-3)GalNAc(b1-4)[Neu5Ac(a2-3)]Gal(b1-4)Glc(a1-Sp21,2.066299999999999,0.6442499999999995,-4.392600000000002,-26.9119
GlcNAc(b1-3)Gal(b1-4)GlcNAc(b1-2)Man(a1-6)[GlcNAc(b1-3)Gal(b1-4)GlcNAc(b1-2)Man(a1-3)]Man(b1-4)GlcNAc(b1-4)[Fuc(a1-6)]GlcNAc(b1-Sp24,5.416174999999997,-1.468024999999998,2.2733499999999998,-5.48407499999999
Gal(b1-4)GlcNAc(b1-3)Gal(b1-4)GlcNAc(b1-2)Man(a1-6)[Gal(b1-4)GlcNAc(b1-3)Gal(b1-4)GlcNAc(b1-2)Man(a1-3)]Man(b1-4)GlcNAc(b1-4)[Fuc(a1-6)]GlcNAc(b1-Sp24,9.413125,6.8027,7.388050000000002,6.412125
GlcNAc(b1-3)Gal(b1-4)GlcNAc(b1-3)Gal(b1-4)GlcNAc(b1-2)Man(a1-6)[GlcNAc(b1-3)Gal(b1-4)GlcNAc(b1-3)Gal(b1-4)GlcNAc(b1-2)Man(a1-3)]Man(b1-4)GlcNAc(b1-4)[Fuc(a1-6)]GlcNAc(b1-Sp24,5.8989249999999975,25.56505,7.77655,58.23802499999999
Gal(b1-4)GlcNAc(b1-3)Gal(b1-4)GlcNAc(b1-3)Gal(b1-4)GlcNAc(b1-2)Man(a1-6)[Gal(b1-4)GlcNAc(b1-3)Gal(b1-4)GlcNAc(b1-3)Gal(b1-4)GlcNAc(b1-2)Man(a1-3)]Man(b1-4)GlcNAc(b1-4)[Fuc(a1-6)]GlcNAc(b1-Sp24,2.864850000000001,0.04135000000000133,-5.062925,-28.460575
GlcNAc(b1-3)Gal(b1-4)GlcNAc(b1-3)Gal(b1-4)GlcNAc(b1-3)Gal(b1-4)GlcNAc(b1-2)Man(a1-6)[GlcNAc(b1-3)Gal(b1-4)GlcNAc(b1-3)Gal(b1-4)GlcNAc(b1-3)Gal(b1-4)GlcNAc(b1-2)Man(a1-3)]Man(b1-4)GlcNAc(b1-4)[Fuc(a1-6)]GlcNAc(b1-Sp24,18.446075,5.264525000000001,15.236875,73.02975000000002
Gal(b1-4)GlcNAc(b1-3)Gal(b1-4)GlcNAc(b1-3)Gal(b1-4)GlcNAc(b1-3)Gal(b1-4)GlcNAc(b1-2)Man(a1-6)[Gal(b1-4)GlcNAc(b1-3)Gal(b1-4)GlcNAc(b1-3)Gal(b1-4)GlcNAc(b1-3)Gal(b1-4)GlcNAc(b1-2)Man(a1-3)]Man(b1-4)GlcNAc(b1-4)[Fuc(a1-6)]GlcNAc(b1-Sp24,35.830825,5.744699999999997,30.76625,-13.335799999999995
GlcNAc(b1-3)Gal(b1-4)GlcNAc(b1-3)Gal(b1-4)GlcNAc(b1-3)Gal(b1-4)GlcNAc(b1-3)Gal(b1-4)GlcNAc(b1-2)Man(a1-6)[GlcNAc(b1-3)Gal(b1-4)GlcNAc(b1-3)Gal(b1-4)GlcNAc(b1-3)Gal(b1-4)GlcNAc(b1-3)Gal(b1-4)GlcNAc(b1-2)Man(a1-3)]Man(b1-4)GlcNAc(b1-4)[Fuc(a1-6)]GlcNAc(b1-Sp19,11.472274999999994,-0.020850000000000257,-0.9076499999999994,77.5164
Gal(b1-4)GlcNAc(b1-3)Gal(b1-4)GlcNAc(b1-3)Gal(b1-4)GlcNAc(b1-3)Gal(b1-4)GlcNAc(b1-3)Gal(b1-4)GlcNAc(b1-2)Man(a1-6)[Gal(b1-4)GlcNAc(b1-3)Gal(b1-4)GlcNAc(b1-3)Gal(b1-4)GlcNAc(b1-3)Gal(b1-4)GlcNAc(b1-3)Gal(b1-4)GlcNAc(b1-2)Man(a1-3)]Man(b1-4)GlcNAc(b1-4)[Fuc(a1-6)]GlcNAc(b1-Sp19,4.899050000000003,6.009774999999998,0.5244749999999998,-8.638724999999994
Gal(b1-4)GlcNAc(b1-3)Gal(b1-4)GlcNAc(b1-6)[Gal(b1-4)GlcNAc(b1-3)Gal(b1-4)GlcNA(b1-2)]Man(a1-6)[Gal(b1-4)GlcNAc(b1-3)Gal(b1-4)GlcNAc(b1-2)Man(a1-3)]Man(b1-4)GlcNAc(b1-4)[Fuc(a1-6)]GlcNAc(b1-Sp24,12.169125,24.42557499999998,24.979575000000004,-25.282699999999995
GlcNAc(b1-3)Gal(b1-4)GlcNAc(b1-3)Gal(b1-4)GlcNAc(b1-6)[GlcNAc(b1-3)Gal(b1-4)GlcNAc(b1-3)Gal(b1-4)GlcNA(b1-2)]Man(a1-6)[GlcNAc(b1-3)Gal(b1-4)GlcNAc(b1-3)Gal(b1-4)GlcNAc(b1-2)Man(a1-3)]Man(b1-4)GlcNAc(b1-4)[Fuc(a1-6)]GlcNAc(b1-Sp24,10.855325000000004,15.298449999999995,-15.391775,0.9745500000000042
Gal(b1-4)GlcNAc(b1-3)Gal(b1-4)GlcNAc(b1-3)Gal(b1-4)GlcNAc(b1-6)[Gal(b1-4)GlcNAc(b1-3)Gal(b1-4)GlcNAc(b1-3)Gal(b1-4)GlcNA(b1-2)]Man(a1-6)[Gal(b1-4)GlcNAc(b1-3)Gal(b1-4)GlcNAc(b1-3)Gal(b1-4)GlcNAc(b1-2)Man(a1-3)]Man(b1-4)GlcNAc(b1-4)[Fuc(a1-6)]GlcNAc(b1-Sp24,15.274150000000002,10.888075,1.217625,-45.181075
GlcNAc(b1-3)Gal(b1-4)GlcNAc(b1-3)Gal(b1-4)GlcNAc(b1-3)Gal(b1-4)GlcNAc(b1-6)[GlcNAc(b1-3)Gal(b1-4)GlcNAc(b1-3)Gal(b1-4)GlcNAc(b1-3)Gal(b1-4)GlcNA(b1-2)]Man(a1-6)[GlcNAc(b1-3)Gal(b1-4)GlcNAc(b1-3)Gal(b1-4)GlcNAc(b1-3)Gal(b1-4)GlcNAc(b1-2)Man(a1-3)]Man(b1-4)GlcNAc(b1-4)[Fuc(a1-6)]GlcNAc(b1-Sp24,-1.3207750000000011,8.850424999999998,-9.135875,-3.5558250000000067
Gal(b1-4)GlcNAc(b1-3)Gal(b1-4)GlcNAc(b1-3)Gal(b1-4)GlcNAc(b1-3)Gal(b1-4)GlcNAc(b1-6)[Gal(b1-4)GlcNAc(b1-3)Gal(b1-4)GlcNAc(b1-3)Gal(b1-4)GlcNAc(b1-3)Gal(b1-4)GlcNA(b1-2)]Man(a1-6)[Gal(b1-4)GlcNAc(b1-3)Gal(b1-4)GlcNAc(b1-3)Gal(b1-4)GlcNAc(b1-3)Gal(b1-4)GlcNAc(b1-2)Man(a1-3)]Man(b1-4)GlcNAc(b1-4)[Fuc(a1-6)]GlcNAc(b1-Sp24,2.7200500000000005,10.315550000000002,25.146475,-64.29620000000001
GlcNAc(b1-3)Gal(b1-4)GlcNAc(b1-3)Gal(b1-4)GlcNAc(b1-3)Gal(b1-4)GlcNAc(b1-3)Gal(b1-4)GlcNAc(b1-6)[GlcNAc(b1-3)Gal(b1-4)GlcNAc(b1-3)Gal(b1-4)GlcNAc(b1-3)Gal(b1-4)GlcNAc(b1-3)Gal(b1-4)GlcNA(b1-2)]Man(a1-6)[GlcNAc(b1-3)Gal(b1-4)GlcNAc(b1-3)Gal(b1-4)GlcNAc(b1-3)Gal(b1-4)GlcNAc(b1-3)Gal(b1-4)GlcNAc(b1-2)Man(a1-3)]Man(b1-4)GlcNAc(b1-4)[Fuc(a1-6)]GlcNAc(b1-Sp24,2.560575,-0.6647250000000007,-1.410075,-33.453775
Gal(b1-4)GlcNAc(b1-3)Gal(b1-4)GlcNAc(b1-3)Gal(b1-4)GlcNAc(b1-3)Gal(b1-4)GlcNAc(b1-3)Gal(b1-4)GlcNAc(b1-6)[Gal(b1-4)GlcNAc(b1-3)Gal(b1-4)GlcNAc(b1-3)Gal(b1-4)GlcNAc(b1-3)Gal(b1-4)GlcNAc(b1-3)Gal(b1-4)GlcNA(b1-2)]Man(a1-6)[Gal(b1-4)GlcNAc(b1-3)Gal(b1-4)GlcNAc(b1-3)Gal(b1-4)GlcNAc(b1-3)Gal(b1-4)GlcNAc(b1-3)Gal(b1-4)GlcNAc(b1-2)Man(a1-3)]Man(b1-4)GlcNAc(b1-4)[Fuc(a1-6)]GlcNAc(b1-Sp24,2.4518500000000003,2.08335,11.727799999999998,-74.222275
Gal(b1-4)GlcNAc(b1-3)Gal(b1-4)GlcNAc(b1-3)GalNAc(a1-Sp14,15.35725,14.203225,49.12017499999998,46.72525
Gal(b1-4)GlcNAc(b1-3)Gal(b1-4)GlcNAc(b1-6)[Gal(b1-3)]GalNAc(a1-Sp14,26.426,27.767325000000003,5.281225000000001,23.6989
Gal(b1-4)GlcNAc(b1-3)Gal(b1-4)GlcNAc(b1-6)[Gal(b1-4)GlcNAc(b1-3)Gal(b1-4)GlcNAc(b1-3)]GalNAc(a1-Sp14,56.927925,58.265,56.31909999999999,58.41630000000001
Neu5Ac(a2-3)Gal(b1-4)GlcNAc(b1-3)Gal(b1-4)GlcNAc(b1-3)GalNAc(a1-Sp14,2.4886500000000007,20.010300000000008,-2.4840500000000003,-4.81175
GlcNAc(b1-3)Gal(b1-4)GlcNAc(b1-3)GalNAc(a1-Sp14,3.063724999999998,5.3508749999999985,-7.1229999999999976,-26.46805
GlcNAc(b1-3)Gal(b1-4)GlcNAc(b1-6)[Gal(b1-3)]GalNAc(a1-Sp14,7.328775,0.34875,2.231875,-10.792624999999996
GlcNAc(b1-3)Gal(b1-4)GlcNAc(b1-6)[GlcNAc(b1-3)Gal(b1-4)GlcNAc(b1-3)]GalNAc(a1-Sp14,10.4105,-7.015575,-2.864749999999999,-16.37537499999999
Neu5Ac(a2-3)Gal(b1-4)GlcNAc(b1-3)Gal(b1-4)GlcNAc(b1-6)[Neu5Ac(a2-3)Gal(b1-4)GlcNAc(b1-3)Gal(b1-4)GlcNAc(b1-3)]GalNAc(a1-Sp14,10.875275,7.072849999999999,43.95924999999999,39.30527500000001
Neu5Ac(a2-6)Gal(b1-4)GlcNAc(b1-3)Gal(b1-4)GlcNAc(b1-3)GalNAc(a1-Sp14,-2.8251000000000017,1.9103749999999995,-1.72625,-29.8322
GlcNAc(b1-3)Gal(b1-4)GlcNAc(b1-3)Gal(b1-4)GlcNAc(b1-3)GalNAc(a1-Sp14,-8.168674999999999,-2.121225000000001,3.520274999999998,-54.455825
Gal(b1-4)GlcNAc(b1-3)Gal(b1-3)GalNAc(a1-Sp14,5.221475,0.15974999999999928,2.6460250000000007,-6.639374999999994
Neu5Ac(a2-3)Gal(b1-4)GlcNAc(b1-3)Gal(b1-4)GlcNAc(b1-6)[Gal(b1-3)]GalNAc(a1-Sp14,2.874625,10.799225,5.997324999999997,-45.65132499999999
Neu5Ac(a2-6)Gal(b1-4)GlcNAc(b1-3)Gal(b1-4)GlcNAc(b1-6)[Gal(b1-3)]GalNAc(a1-Sp14,3.1386000000000016,1.024300000000001,6.843125,-65.943825
Neu5Ac(a2-6)Gal(b1-4)GlcNAc(b1-6)[Gal(b1-3)]GalNAc(a1-Sp14,-7.459199999999997,4.9743499999999985,-4.010149999999999,-15.846500000000017
Neu5Ac(a2-3)Gal(b1-4)GlcNAc(b1-3)Gal(b1-4)GlcNAc(b1-2)Man(a1-6)[Neu5Ac(a2-3)Gal(b1-4)GlcNAc(b1-3)Gal(b1-4)GlcNAc(b1-2)Man(a1-3)]Man(b1-4)GlcNAc(b1-4)GlcNAc(b1-Sp12,33.29925,43.17490000000001,58.547175,77.27765
GlcNAc(b1-6)[Neu5Ac(a2-3)Gal(b1-3)]GalNAc(a1-Sp14,-2.326624999999999,4.598275000000001,-1.9576250000000008,-2.656725
Neu5Ac(a2-6)Gal(b1-4)GlcNAc(b1-3)Gal(b1-4)GlcNAc(b1-6)[Neu5Ac(a2-6)Gal(b1-4)GlcNAc(b1-3)Gal(b1-4)GlcNAc(b1-3)]GalNAc(a1-Sp14,45.15925,35.755725,45.88122499999999,59.15944999999999
Neu5Ac(a2-6)Gal(b1-4)GlcNAc(b1-3)Gal(b1-4)GlcNAc(b1-3)Gal(b1-4)GlcNAc(b1-2)Man(a1-6)[Neu5Ac(a2-6)Gal(b1-4)GlcNAc(b1-3)Gal(b1-4)GlcNAc(b1-3)Gal(b1-4)GlcNAc(b1-2)Man(a1-3)]Man(b1-4)GlcNAc(b1-4)GlcNAc(b1-Sp12,40.91154999999999,42.11329999999999,41.763975,95.31515
Neu5Ac(a2-3)Gal(b1-4)GlcNAc(b1-3)Gal(b1-4)GlcNAc(b1-3)Gal(b1-4)GlcNAc(b1-2)Man(a1-6)[Neu5Ac(a2-3)Gal(b1-4)GlcNAc(b1-3)Gal(b1-4)GlcNAc(b1-3)Gal(b1-4)GlcNAc(b1-2)Man(a1-3)]Man(b1-4)GlcNAc(b1-4)GlcNAc(b1-Sp12,96.87675,95.527225,106.572275,230.048925
Neu5Ac(a2-6)Gal(b1-4)GlcNAc(b1-3)Gal(b1-4)GlcNAc(b1-2)Man(a1-6)[Neu5Ac(a2-6)Gal(b1-4)GlcNAc(b1-3)Gal(b1-4)GlcNAc(b1-2)Man(a1-3)]Man(b1-4)GlcNAc(b1-4)GlcNAc(b1-Sp12,20.2954,12.8634,22.758675,33.3281
GlcNAc(b1-3)Fuc(a1-Sp21,0.591825,-0.3291999999999993,0.6704749999999979,-5.941974999999957
Gal(b1-3)GalNAc(b1-4)[Neu5Ac(a2-8)Neu5Ac(a2-8)Neu5Ac(a2-3)]Gal(b1-4)Glc(b1-Sp21,4.345900000000002,1.0748999999999995,0.4971249999999996,25.384325
