IUPAC,HHL (0.1ug/ml),HHL (1ug/ml),HHL (10ug/ml),HHL (100ug/ml)
Gal(a1-Sp8,25.366825,283.74955,8.874025,38.385775
Glc(a1-Sp8,18.33275,22.325325,14.429375,6.711649999999999
Man(a1-Sp8,28.15472500000001,19.479975,24.127675000000004,50.12089999999999
GalNAc(a1-Sp8,34.73245,93.610975,298.496775,476.529375
GalNAc(a1-Sp15,22.0317,128.26985000000002,54.34199999999999,20.482599999999987
Fuc(a1-Sp8,11.527875000000002,22.277025,12.001649999999998,12.826075
Fuc(a1-Sp9,0.7270750000000019,20.0884,14.569574999999995,0.22429999999999686
Rha(a1-Sp8,2.2392000000000003,6.309674999999999,18.410825,6.911325
Neu5Ac(a1-Sp8,18.48715,29.853600000000004,8.592549999999997,13.915824999999998
Neu5Ac(a1-Sp11,32.78102499999999,20.417749999999987,0.8520999999999983,4.592650000000003
Neu5Ac(b1-Sp8,-1.1762999999999997,7.971649999999999,19.212349999999994,14.607425
Gal(b1-Sp8,28.516074999999994,8.031875,20.904500000000006,10.677549999999997
Glc(b1-Sp8,9.538175,13.690224999999998,18.01395,18.623175000000003
Man(b1-Sp8,9.087975,15.36985,11.3991,12.229149999999995
GalNAc(b1-Sp8,9.604074999999998,18.358325,11.441724999999998,16.906174999999998
GlcNAc(b1-Sp0,27.044425,36.75367499999999,25.115225,23.2714
GlcNAc(b1-Sp8,11.239824999999998,15.681325,12.075300000000004,18.529
GlcN[Gc](b1-Sp8,17.87135,5.819625000000002,5.7863500000000005,9.520399999999997
Gal(b1-4)GlcNAc(b1-6)[Gal(b1-4)GlcNAc(b1-3)]GalNAc(a1-Sp8,7.105400000000002,3.239075,9.66495,8.55045
Gal(b1-4)GlcNAc(b1-6)[Gal(b1-4)GlcNAc(b1-3)]GalNAc(a1-Sp14,5.259725000000001,6.835824999999998,6.971625,8.490925
GlcNAc(b1-6)[GlcNAc(b1-4)][GlcNAc(b1-3)]GlcNAc(a1-Sp8,7.031825000000001,18.648675000000004,8.157625000000001,4.688525
6S(3S)Gal(b1-4)(6S)GlcNAc(b1-Sp0,-4.944675000000005,1.0884999999999998,8.925,0.12377500000000108
6S(3S)Gal(b1-4)GlcNAc(b1-Sp0,-1.367899999999997,15.4101,8.094875,-6.598299999999997
(3S)Gal(b1-4)[Fuc(a1-3)](6S)Glc(a1-Sp0,20.175349999999995,25.405025,13.534199999999998,47.8627
(3S)Gal(b1-4)Glc(b1-Sp8,16.365300000000005,5.0155499999999975,17.830875,10.6488
(3S)Gal(b1-4)(6S)Glc(b1-Sp0,0.5704750000000005,19.348125,7.782975,3.1513000000000013
(3S)Gal(b1-4)(6S)Glc(b1-Sp8,17.836100000000005,13.20135,21.7356,18.708925000000026
(3S)Gal(b1-3)[Fuc(a1-4)]GlcNAc(b1-Sp8,1.87575,9.798600000000002,5.79515,-0.9518999999999992
(3S)Gal(b1-3)GalNAc(a1-Sp8,44.222825,941.0695,379.2448999999999,225.985675
(3S)Gal(b1-3)GlcNAc(b1-Sp0,-0.21122500000000066,4.026125,3.0741249999999987,3.8641749999999977
(3S)Gal(b1-3)GlcNAc(b1-Sp8,3.5992,2.0813999999999986,5.850975000000003,-1.957725
(3S)Gal(b1-4)[Fuc(a1-3)]GlcNAc(a1-Sp0 ,12.529750000000005,10.346324999999997,11.750600000000002,16.833999999999996
(3S)Gal(b1-4)[Fuc(a1-3)]GlcNAc(a1-Sp8,5.237174999999999,6.7246500000000005,4.611599999999996,7.959850000000001
(3S)Gal(b1-4)(6S)GlcNAc(b1-Sp0,9.655925000000002,8.128049999999998,4.835125,10.594399999999998
(3S)Gal(b1-4)(6S)GlcNAc(b1-Sp8,3.1623749999999986,24.2309,13.261074999999995,6.8373500000000025
(3S)Gal(b1-4)GlcNAc(b1-Sp0,-1.5856499999999976,7.9098000000000015,12.031199999999995,6.7346749999999975
(3S)Gal(b1-4)GlcNAc(b1-Sp8,4.453850000000001,5.387424999999999,7.347250000000002,9.940374999999998
(3S)Gal(b1-Sp8,5.600824999999999,3.806775,5.574650000000003,5.144050000000002
(6S)(4S)Gal(b1-4)GlcNAc(b1-Sp0,6.6277750000000015,8.794025000000001,12.583,-4.981024999999999
(4S)Gal(b1-4)GlcNAc(b1-Sp8,4.239875000000001,9.955225,17.496024999999996,-1.2086500000000004
(6P)Man(a1-Sp8,1.903125,5.744875,12.810175,16.0905
(6S)Gal(b1-4)Glc(b1-Sp0,13.577999999999996,1.446975,5.508525000000002,-2.140275000000001
(6S)Gal(b1-4)Glc(b1-Sp8,2.585499999999998,10.792125000000002,8.730200000000002,4.842300000000002
(6S)Gal(b1-4)GlcNAc(b1-Sp8,1.4766750000000002,7.9065499999999975,1.1217999999999997,5.7963000000000005
(6S)Gal(b1-4)(6S)Glc(b1-Sp8,11.002274999999996,13.866875,0.974574999999998,9.193825000000004
Neu5Ac(a2-3)(6S)Gal(b1-4)GlcNAc(b1-Sp8,3.12505,-1.7296750000000003,2.110525000000002,2.7744250000000044
(6S)GlcNAc(b1-Sp8,9.143675,15.879024999999995,2.9139000000000017,2.801174999999999
"Neu5,9Ac2(a1-Sp8",6.288000000000002,6.989725,21.396400000000003,-8.7082
"Neu5,9Ac2(a2-6)Gal(b1-4)GlcNAc(b1-Sp8",3.3839500000000005,6.081599999999999,5.611524999999998,-0.6563499999999998
Man(a1-6)[Man(a1-3)]Man(b1-4)GlcNAc(b1-4)GlcNAc(b1-Sp12,1106.718625,2750.02665,3829.025725,6123.2693
Man(a1-6)[Man(a1-3)]Man(b1-4)GlcNAc(b1-4)GlcNAc(b1-Sp13,2624.773375,6155.0771,7922.175425000001,11292.163025
GlcNAc(b1-2)Man(a1-6)[GlcNAc(b1-2)Man(a1-3)]Man(b1-4)GlcNAc(b1-4)GlcNAc(b1-Sp12,5.5321250000000015,8.905974999999998,9.426000000000002,228.551225
GlcNAc(b1-2)Man(a1-6)[GlcNAc(b1-2)Man(a1-3)]Man(b1-4)GlcNAc(b1-4)GlcNAc(b1-Sp13,4.3736500000000005,16.306799999999996,89.15549999999998,1790.7973499999994
Gal(b1-4)GlcNAc(b1-2)Man(a1-6)[Gal(b1-4)GlcNAc(b1-2)Man(a1-3)]Man(b1-4)GlcNAc(b1-4)GlcNAc(b1-Sp12,11.142925000000002,4.5783000000000005,1.8955249999999992,199.624825
Neu5Ac(a2-6)Gal(b1-4)GlcNAc(b1-2)Man(a1-6)[Neu5Ac(a2-6)Gal(b1-4)GlcNAc(b1-2)Man(a1-3)]Man(b1-4)GlcNAc(b1-4)GlcNAc(b1-Sp12,6.595125000000002,6.110550000000003,7.426650000000002,2.5697250000000023
Neu5Ac(a2-6)Gal(b1-4)GlcNAc(b1-2)Man(a1-6)[Neu5Ac(a2-6)Gal(b1-4)GlcNAc(b1-2)Man(a1-3)]Man(b1-4)GlcNAc(b1-4)GlcNAc(b1-Sp13,13.3118,14.521049999999995,4.96135,3.1869250000000005
Neu5Ac(a2-6)Gal(b1-4)GlcNAc(b1-2)Man(a1-6)[Neu5Ac(a2-6)Gal(b1-4)GlcNAc(b1-2)M(an-a)(a1-3)]Man(b1-4)GlcNAc(b1-4)GlcNAc(b1-Sp21,5.079299999999998,4.2258,-0.5892000000000008,10.507950000000003
Neu5Ac(a2-6)Gal(b1-4)GlcNAc(b1-2)Man(a1-6)[Neu5Ac(a2-6)Gal(b1-4)GlcNAc(b1-2)Man(a1-3)]Man(b1-4)GlcNAc(b1-4)GlcNAc(b1-Sp24,3.2783499999999988,4.245374999999999,2.422324999999999,12.490425000000002
Fuc(a1-2)Gal(b1-3)GalNAc(b1-3)Gal(a1-Sp9,9.50045,67.203575,91.527575,161.987825
Fuc(a1-2)Gal(b1-3)GalNAc(b1-3)Gal(a1-4)Gal(b1-4)Glc(b1-Sp9,22.892050000000005,4.9581750000000016,14.382649999999998,19.5062
Fuc(a1-2)Gal(b1-3)[Fuc(a1-4)]GlcNAc(b1-Sp8,8.25125,4.595199999999997,11.611675,4.591449999999998
Fuc(a1-2)Gal(b1-3)GalNAc(a1-Sp8,161.49637500000003,113.8651,32.291275,191.487775
Fuc(a1-2)Gal(b1-3)GalNAc(a1-Sp14,3.9793,12.760075,1.8129,12.034150000000002
Fuc(a1-2)Gal(b1-3)GalNAc(b1-4)[Neu5Ac(a2-3)]Gal(b1-4)Glc(b1-Sp0,-0.2555249999999987,11.82385,10.038800000000002,11.72585
Fuc(a1-2)Gal(b1-3)GalNAc(b1-4)[Neu5Ac(a2-3)]Gal(b1-4)Glc(b1-Sp9,4.764949999999999,12.598125,-1.3604000000000012,8.510349999999999
Fuc(a1-2)Gal(b1-3)GlcNAc(b1-3)Gal(b1-4)Glc(b1-Sp8,3.4810250000000007,3.022375,-0.09354999999999868,6.894674999999999
Fuc(a1-2)Gal(b1-3)GlcNAc(b1-3)Gal(b1-4)Glc(b1-Sp10,8.775974999999997,-3.0428750000000004,4.353874999999999,2.669575
Fuc(a1-2)Gal(b1-3)GlcNAc(b1-Sp0,1.205899999999998,11.18625,0.8912250000000022,5.991224999999997
Fuc(a1-2)Gal(b1-3)GlcNAc(b1-Sp8,8.065575,0.14005000000000045,2.837699999999998,3.4584499999999974
Fuc(a1-2)Gal(b1-4)[Fuc(a1-3)]GlcNAc(b1-3)Gal(b1-4)[Fuc(a1-3)]GlcNAc(b1-Sp0,-3.070675,11.920550000000002,3.6895250000000015,6.6548500000000015
Fuc(a1-2)Gal(b1-4)[Fuc(a1-3)]GlcNAc(b1-3)Gal(b1-4)[Fuc(a1-3)]GlcNAc(b1-3)Gal(b1-4)[Fuc(a1-3)]GlcNAc(b1-Sp0,16.861175000000006,12.144324999999998,15.324550000000002,15.090599999999998
Fuc(a1-2)Gal(b1-4)[Fuc(a1-3)]GlcNAc(b1-Sp0,5.684225000000001,3.948700000000001,1.2931749999999995,2.042100000000003
Fuc(a1-2)Gal(b1-4)[Fuc(a1-3)]GlcNAc(b1-Sp8,9.378724999999998,9.707899999999997,9.383225,6.0778000000000025
Fuc(a1-2)Gal(b1-4)GlcNAc(b1-3)Gal(b1-4)GlcNAc(b1-Sp0,8.785125,4.590425,4.704375,-0.3145000000000007
Fuc(a1-2)Gal(b1-4)GlcNAc(b1-3)Gal(b1-4)GlcNAc(b1-3)Gal(b1-4)GlcNAc(b1-Sp0,14.1859,21.382175,21.017025000000004,3.5384
Fuc(a1-2)Gal(b1-4)GlcNAc(b1-Sp0,-1.0285249999999992,4.534525,5.0519500000000015,1.2299250000000015
Fuc(a1-2)Gal(b1-4)GlcNAc(b1-Sp8,1.04155,11.262300000000005,5.600275000000003,4.9113000000000016
Fuc(a1-2)Gal(b1-4)Glc(b1-Sp0,-1.27595,1.5309499999999991,-1.9804999999999984,1.734325
Fuc(a1-2)Gal(b1-Sp8,7.462674999999999,5.470174999999999,4.440950000000001,3.0215249999999987
Fuc(a1-3)GlcNAc(b1-Sp8,2.77375,2.1895750000000014,3.6504499999999993,0.4121499999999987
Fuc(a1-4)GlcNAc(b1-Sp8,11.687475000000004,7.859224999999999,8.907150000000003,2.249175
Fuc(b1-3)GlcNAc(b1-Sp8,9.2139,6.328475000000003,1.7329250000000016,7.1441
GalNAc(a1-3)[Fuc(a1-2)]Gal(b1-3)GlcNAc(b1-Sp0,1.8977750000000029,2.4528750000000006,13.131799999999995,8.89045
GalNAc(a1-3)[Fuc(a1-2)]Gal(b1-4)[Fuc(a1-3)]GlcNAc(b1-Sp0,12.48535,18.61055,14.072324999999998,18.871525
(3S)Gal(b1-4)[Fuc(a1-3)]Glc(b1-Sp0,4.004175000000001,6.9248499999999975,10.798775000000004,7.653624999999997
GalNAc(a1-3)[Fuc(a1-2)]Gal(b1-4)GlcNAc(b1-Sp0,8.550625,4.745275,0.2793750000000008,-6.083174999999999
GalNAc(a1-3)[Fuc(a1-2)]Gal(b1-4)GlcNAc(b1-Sp8,0.8534999999999986,5.113850000000001,3.4796249999999995,1.6139999999999992
GalNAc(a1-3)[Fuc(a1-2)]Gal(b1-4)Glc(b1-Sp0,2.64645,4.277424999999998,1.812775,6.941649999999997
GlcNAc(b1-3)Gal(b1-3)GalNAc(a1-Sp8,1098.06425,1029.615925,439.37095,1717.750975
GalNAc(a1-3)[Fuc(a1-2)]Gal(b1-Sp8,2.7473000000000014,2.383125,14.769350000000005,-2.202400000000001
GalNAc(a1-3)[Fuc(a1-2)]Gal(b1-Sp18,0.3181999999999974,11.860850000000005,21.872975,14.680425000000005
GalNAc(a1-3)GalNAc(b1-Sp8,6.195450000000003,8.1895,0.21274999999999972,-0.471074999999999
GalNAc(a1-3)Gal(b1-Sp8,2.38195,9.3608,11.372349999999996,11.4754
GalNAc(a1-4)[Fuc(a1-2)]Gal(b1-4)GlcNAc(b1-Sp8,7.612550000000002,8.545274999999998,9.198949999999996,1.3379749999999984
GalNAc(b1-3)GalNAc(a1-Sp8,967.19105,1291.966,899.084775,1645.9978
GalNAc(b1-3)[Fuc(a1-2)]Gal(b1-Sp8,2.4529999999999994,5.439725000000001,1.9477499999999992,11.477075000000005
GalNAc(b1-3)Gal(a1-4)Gal(b1-4)GlcNAc(b1-Sp0,18.215824999999995,13.893874999999998,5.898925,3.154425
GalNAc(b1-4)[Fuc(a1-3)]GlcNAc(b1-Sp0,2.4247499999999995,13.920375,15.419475,7.515500000000002
GalNAc(b1-4)GlcNAc(b1-Sp0,10.231824999999997,20.525925,6.255875000000001,22.3908
GalNAc(b1-4)GlcNAc(b1-Sp8,7.899675000000002,16.144699999999997,7.2903249999999975,-4.492450000000003
Gal(a1-2)Gal(b1-Sp8,12.946325000000002,5.013425,-2.9700500000000014,18.891675000000006
Gal(a1-3)[Fuc(a1-2)]Gal(b1-3)GlcNAc(b1-Sp0,15.277750000000005,4.640550000000001,12.469924999999998,5.4611
Gal(a1-3)[Fuc(a1-2)]Gal(b1-3)GlcNAc(b1-Sp8,3.8806499999999935,17.929100000000005,13.798725,10.079525000000002
Gal(a1-3)[Fuc(a1-2)]Gal(b1-4)[Fuc(a1-3)]GlcNAc(b1-Sp0,14.7048,16.638225000000002,21.91645,15.273300000000004
Gal(a1-3)[Fuc(a1-2)]Gal(b1-4)[Fuc(a1-3)]GlcNAc(b1-Sp8,4.215274999999999,6.9349250000000024,3.043524999999998,9.680625
Gal(a1-3)[Fuc(a1-2)]Gal(b1-4)GlcNAc(a1-Sp0,10.498700000000003,2.980325000000001,2.0809250000000006,3.2642500000000023
Gal(a1-3)[Fuc(a1-2)]Gal(b1-4)Glc(b1-Sp0,4.51465,9.10005,1.4908750000000008,10.129049999999998
Gal(a1-3)[Fuc(a1-2)]Gal(b1-Sp8,6.3718499999999985,9.83375,1.2225,5.0391
Gal(a1-3)[Fuc(a1-2)]Gal(b1-Sp18,8.959125,16.882775000000002,9.753025,17.91285
Gal(a1-4)[Gal(a1-3)]Gal(b1-4)GlcNAc(b1-Sp8,3.1409499999999984,11.89135,12.003374999999995,17.187450000000002
Gal(a1-3)GalNAc(a1-Sp8,891.0628749999997,725.6144249999999,826.0586999999997,1346.288375
Gal(a1-3)GalNAc(a1-Sp16,2.209925,14.79855,3.6187000000000014,5.328075
Gal(a1-3)GalNAc(b1-Sp8,11.349325,8.999275,9.2171,4.429499999999999
Gal(a1-3)Gal(b1-4)[Fuc(a1-3)]GlcNAc(b1-Sp8,2.455925,15.099600000000002,6.6958249999999975,4.090975
Gal(a1-3)Gal(b1-3)GlcNAc(b1-Sp0,20.5116,7.24,3.393050000000001,16.215474999999998
Gal(a1-3)Gal(b1-4)GlcNAc(b1-Sp8,7.5860249999999985,7.562275,4.232975,5.021574999999999
Gal(a1-3)Gal(b1-4)Glc(b1-Sp0,6.887450000000001,14.705874999999995,4.8332250000000005,-1.0871500000000012
Gal(a1-3)Gal(b1-4)Glc(a1-Sp10,32.663850000000004,6.824250000000001,5.503599999999998,10.2275
Gal(a1-3)Gal(b1-Sp8,9.293224999999998,12.21205,12.93265,14.553100000000008
Gal(a1-4)[Fuc(a1-2)]Gal(b1-4)GlcNAc(b1-Sp8,13.508849999999995,11.118275,12.454775,2.998225000000001
Gal(a1-4)Gal(b1-4)GlcNAc(b1-Sp0,11.205625,12.6627,12.990575,17.16125
Gal(a1-4)Gal(b1-4)GlcNAc(b1-Sp8,3.990449999999997,10.802325000000002,9.340099999999996,13.03875
Gal(a1-4)Gal(b1-4)Glc(b1-Sp0,20.421,7.230525,3.612375,10.811899999999998
Gal(a1-4)GlcNAc(b1-Sp8,8.832574999999997,87.87662500000002,58.1101,102.8977
Gal(a1-6)Glc(b1-Sp8,4.497049999999998,16.225775,3.538199999999999,-3.1183499999999995
Gal(b1-2)Gal(b1-Sp8,-1.0789,14.954249999999998,5.859575,14.011825000000005
Gal(b1-3)[Fuc(a1-4)]GlcNAc(b1-3)Gal(b1-4)[Fuc(a1-3)]GlcNAc(b1-Sp0,8.90945,16.781150000000004,6.994449999999999,5.796825
Gal(b1-3)[Fuc(a1-4)]GlcNAc(b1-3)Gal(b1-4)GlcNAc(b1-Sp0,13.238174999999995,4.474000000000002,24.006475,-0.926475
Gal(b1-3)[Fuc(a1-4)]GlcNAc(a1-Sp0,0.793825,4.555049999999999,4.836374999999997,6.405124999999997
Gal(b1-3)[Fuc(a1-4)]GlcNAc(a1-Sp8 ,3.6363249999999967,9.189675,2.01005,0.962975
Fuc(a1-4)[Gal(b1-3)]GlcNAc(b1-Sp8,3.5638749999999977,9.600699999999996,14.218324999999995,1.161925000000001
Gal(b1-4)GlcNAc(b1-6)GalNAc(a1-Sp8,4.681999999999995,3.6709,2.1957499999999985,9.603775
Gal(b1-4)GlcNAc(b1-6)GalNAc(a1-Sp14,21.83675,22.91185,8.847600000000002,4.234149999999996
GlcNAc(b1-6)[Gal(b1-3)]GalNAc(a1-Sp8,1.1395000000000015,19.319875,3.8830250000000017,11.291024999999998
GlcNAc(b1-6)[Gal(b1-3)]GalNAc(a1-Sp14,3.5174499999999984,4.2593250000000005,-0.10359999999999923,-2.282975000000002
Neu5Ac(a2-6)[Gal(b1-3)]GalNAc(a1-Sp8,1.5623749999999994,9.675250000000002,2.7794000000000008,13.150325
Neu5Ac(a2-6)[Gal(b1-3)]GalNAc(a1-Sp14,13.8313,15.762649999999995,1.6690500000000004,9.489774999999998
Neu5Ac(b2-6)[Gal(b1-3)]GalNAc(a1-Sp8,5.779325,4.05335,-1.1399500000000011,-1.255874999999996
Neu5Ac(a2-6)[Gal(b1-3)]GlcNAc(b1-4)Gal(b1-4)Glc(b1-Sp10,4.906224999999999,7.733925,5.193400000000001,2.0999750000000006
Gal(b1-3)GalNAc(a1-Sp8,1561.966625,942.978875,373.2772749999999,2075.1913
Gal(b1-3)GalNAc(a1-Sp14,678.8558999999998,792.8548499999997,487.24890000000005,999.79025
Gal(b1-3)GalNAc(a1-Sp16,206.93542500000004,168.43077499999995,39.75345,336.05297499999995
Gal(b1-3)GalNAc(b1-Sp8,2.617300000000001,6.627225,27.04545,12.515550000000005
Gal(b1-3)GalNAc(b1-3)Gal(a1-4)Gal(b1-4)Glc(b1-Sp0,0.576175000000001,7.810049999999999,31.523850000000003,19.6441
Gal(b1-3)GalNAc(b1-4)[Neu5Ac(a2-3)]Gal(b1-4)Glc(b1-Sp0,9.425975,10.667325000000002,1.9469499999999995,2.499224999999999
Gal(b1-3)GalNAc(b1-4)Gal(b1-4)Glc(b1-Sp8,5.195625,5.143674999999997,5.79055,1.5634500000000011
Gal(b1-3)Gal(b1-Sp8,3.1286750000000003,12.471100000000005,3.205650000000001,2.7066750000000006
Gal(b1-3)GlcNAc(b1-3)Gal(b1-4)GlcNAc(b1-Sp0,6.193875,11.740700000000002,3.497625,9.499875
Gal(b1-3)GlcNAc(b1-3)Gal(b1-4)Glc(b1-Sp10,2.631425000000001,9.400875000000003,7.929425000000002,4.782874999999999
Gal(b1-3)GlcNAc(b1-Sp0,3.71825,12.303899999999995,1.0972999999999995,1.8201500000000008
Gal(b1-3)GlcNAc(b1-Sp8,7.513375000000003,4.5532,-1.5958749999999986,3.2129249999999985
Gal(b1-4)[Fuc(a1-3)]GlcNAc(b1-Sp0,0.16432500000000072,4.673324999999998,3.271275,10.073275
Gal(b1-4)[Fuc(a1-3)]GlcNAc(b1-Sp8,0.2002249999999988,7.677999999999999,9.8954,7.19955
Gal(b1-4)[Fuc(a1-3)]GlcNAc(b1-4)Gal(b1-4)[Fuc(a1-3)]GlcNAc(b1-Sp0,11.849625000000005,16.273575,11.158125,6.535650000000002
Gal(b1-4)[Fuc(a1-3)]GlcNAc(b1-4)Gal(b1-4)[Fuc(a1-3)]GlcNAc(b1-4)Gal(b1-4)[Fuc(a1-3)]GlcNAc(b1-Sp0,15.441625,6.146799999999998,2.9236250000000013,11.390849999999995
Gal(b1-4)(6S)Glc(b1-Sp0,21.337475,5.2379999999999995,2.256050000000001,5.374525
Gal(b1-4)(6S)Glc(b1-Sp8,4.697524999999999,13.435499999999998,8.36105,-0.4644249999999985
Gal(b1-4)GalNAc(a1-3)[Fuc(a1-2)]Gal(b1-4)GlcNAc(b1-Sp8,0.38784999999999936,5.179175,3.6966,4.700249999999999
Gal(b1-4)GalNAc(b1-3)[Fuc(a1-2)]Gal(b1-4)GlcNAc(b1-Sp8,4.370599999999998,3.4507000000000017,11.111025,-4.323125
Gal(b1-4)GlcNAc(b1-3)GalNAc(a1-Sp8,386.9811,977.1539500000003,448.722725,1470.4759
Gal(b1-4)GlcNAc(b1-3)GalNAc(a1-Sp14,1254.0816249999998,1068.2180999999996,563.9326749999999,1605.4728
Gal(b1-4)GlcNAc(b1-3)Gal(b1-4)[Fuc(a1-3)]GlcNAc(b1-3)Gal(b1-4)[Fuc(a1-3)]GlcNAc(b1-Sp0,6.421124999999994,7.376875,10.363725,8.749350000000002
Gal(b1-4)GlcNAc(b1-3)Gal(b1-4)GlcNAc(b1-3)Gal(b1-4)GlcNAc(b1-Sp0,2.264424999999997,13.3882,5.9208250000000024,-6.172050000000002
Gal(b1-4)GlcNAc(b1-3)Gal(b1-4)GlcNAc(b1-Sp0,8.294474999999998,6.216400000000003,-0.42252500000000026,-2.8703999999999983
Gal(b1-4)GlcNAc(b1-3)Gal(b1-4)Glc(b1-Sp0,8.882850000000003,2.7376499999999995,6.587875,8.0762
Gal(b1-4)GlcNAc(b1-3)Gal(b1-4)Glc(b1-Sp8,5.5383,4.6698,15.879275000000007,6.207049999999998
Gal(b1-4)GlcNAc(b1-6)[Gal(b1-3)]GalNAc(a1-Sp8,7.5083,3.5893999999999995,13.625650000000006,5.756174999999998
Gal(b1-4)GlcNAc(b1-6)[Gal(b1-3)]GalNAc(a1-Sp14,3.921475000000002,9.57625,3.696900000000001,5.5388249999999974
Gal(b1-4)GlcNAc(b1-Sp0,16.30605,6.522975000000002,8.215025,5.612400000000003
Gal(b1-4)GlcNAc(b1-Sp8,1.5599000000000007,8.934574999999997,4.203975,7.1803500000000025
Gal(b1-4)GlcNAc(b1-Sp23,0.224475,11.77345,5.518374999999999,2.0986749999999983
Gal(b1-4)Glc(b1-Sp0,-1.158974999999999,6.3864,8.193275,10.866300000000004
Gal(b1-4)Glc(b1-Sp8,1.6909,18.770425000000003,7.428525,6.217824999999998
GlcNAc(a1-3)Gal(b1-4)GlcNAc(b1-Sp8,-1.5847999999999995,1.3336249999999996,9.758125000000009,1.7972249999999992
GlcNAc(a1-6)Gal(b1-4)GlcNAc(b1-Sp8,15.993425000000002,14.911625000000004,3.3717249999999988,6.9426999999999985
GlcNAc(b1-2)Gal(b1-3)GalNAc(a1-Sp8,74.8929,576.8423249999997,380.6743749999998,327.915525
GlcNAc(b1-6)[GlcNAc(b1-3)]GalNAc(a1-Sp8,9.254925,3.365875,9.294475,5.7487999999999975
GlcNAc(b1-6)[GlcNAc(b1-3)]GalNAc(a1-Sp14,2.037275000000001,16.428225000000005,4.017900000000001,-3.3710000000000018
GlcNAc(b1-6)[GlcNAc(b1-3)]Gal(b1-4)GlcNAc(b1-Sp8,2.6768500000000017,3.0711499999999985,-0.2071750000000012,0.7422249999999959
GlcNAc(b1-3)GalNAc(a1-Sp8,1290.1414249999998,1414.2408749999993,1148.431825,2195.708475000001
GlcNAc(b1-3)GalNAc(a1-Sp14,278.60555,724.8924500000003,322.369,1144.91275
GlcNAc(b1-3)Gal(b1-Sp8,14.16715,20.5674,6.449724999999999,11.642324999999996
GlcNAc(b1-3)Gal(b1-4)GlcNAc(b1-Sp0,3.184425000000004,12.8174,3.23905,1.2152750000000019
GlcNAc(b1-3)Gal(b1-4)GlcNAc(b1-Sp8,-1.628049999999999,7.595775,-4.44875,2.2122250000000028
GlcNAc(b1-3)Gal(b1-4)GlcNAc(b1-3)Gal(b1-4)GlcNAc(b1-Sp0,10.800574999999998,7.548325000000001,6.2076249999999975,3.95875
GlcNAc(b1-3)Gal(b1-4)Glc(b1-Sp0,15.462325,4.568724999999999,10.021525,3.379325
GlcNAc(b1-4)(a1-MDPLys,6.844100000000001,4.4147750000000014,6.554474999999997,-2.8813499999999985
GlcNAc(b1-6)[GlcNAc(b1-4)]GalNAc(a1-Sp8,9.240675,4.771324999999999,-1.5346500000000018,-3.989575
GlcNAc(b1-4)Gal(b1-4)GlcNAc(b1-Sp8,3.0889500000000023,3.7085750000000006,2.1305999999999994,2.5491249999999983
GlcNAc(b1-4)GlcNAc(b1-4)GlcNAc(b1-4)GlcNAc(b1-4)GlcNAc(b1-4)GlcNAc(b1-Sp8,4.314724999999998,7.4522499999999985,5.354099999999997,-1.54645
GlcNAc(b1-4)GlcNAc(b1-4)GlcNAc(b1-4)GlcNAc(b1-4)GlcNAc(b1-Sp8,-1.5948500000000028,5.6208750000000025,7.777074999999997,3.8348000000000013
GlcNAc(b1-4)GlcNAc(b1-4)GlcNAc(b1-Sp8,6.838625000000001,3.60795,15.220574999999998,-0.5146249999999988
GlcNAc(b1-6)GalNAc(a1-Sp8,-0.2858250000000009,8.096425,1.0554999999999994,10.192275
GlcNAc(b1-6)GalNAc(a1-Sp14,2.4275,9.045849999999998,6.216675,8.041474999999998
GlcNAc(b1-6)Gal(b1-4)GlcNAc(b1-Sp8,0.5451000000000006,7.831149999999997,0.20809999999999995,2.6611499999999992
Glc(a1-4)Glc(b1-Sp8,8.083775000000003,7.983899999999997,12.164000000000001,10.581725
Glc(a1-4)Glc(a1-Sp8,3.9008249999999975,0.3855499999999985,0.9304499999999996,1.8540999999999992
Glc(a1-6)Glc(a1-6)Glc(b1-Sp8,12.8123,7.545075,9.572900000000002,10.26615
Glc(b1-4)Glc(b1-Sp8,4.927674999999998,9.517149999999996,5.022899999999998,17.156400000000005
Glc(b1-6)Glc(b1-Sp8,-0.6253250000000001,7.1313749999999985,15.765450000000005,15.538649999999995
G-ol(a1-Sp8,22.31150000000001,6.640849999999999,11.319899999999995,8.155325000000001
GlcA(a1-Sp8,10.65415,11.1224,0.19895,14.571925
GlcA(b1-Sp8,43.735725,14.373425,31.338075,13.4012
GlcA(b1-3)Gal(b1-Sp8,15.862999999999992,8.549600000000002,5.883475000000006,31.841825
GlcA(b1-6)Gal(b1-Sp8,14.299650000000002,5.71655,3.637825,11.009449999999998
KDN(a2-3)Gal(b1-3)GlcNAc(b1-Sp0,5.1638,1.9920250000000008,7.675,-0.7679250000000035
KDN(a2-3)Gal(b1-4)GlcNAc(b1-Sp0,9.248825000000002,7.93655,8.872050000000002,5.748174999999998
Man(a1-2)Man(a1-2)Man(a1-3)Man(a1-Sp9,5.472974999999999,18.220825,38.069875,529.857125
Man(a1-2)Man(a1-6)[Man(a1-2)Man(a1-3)]Man(a1-Sp9,14.933174999999995,141.501625,906.52505,3014.24865
Man(a1-2)Man(a1-3)Man(a1-Sp9,15.662899999999995,7.166499999999999,17.782924999999988,241.56755000000007
Man(a1-6)[Man(a1-2)Man(a1-3)]Man(a1-6)[Man(a1-2)Man(a1-3)]Man(b1-4)GlcNAc(b1-4)GlcNAc(b1-Sp12,421.88794999999993,523.2675,1081.8219999999997,2719.2080000000005
Man(a1-2)Man(a1-6)[Man(a1-3)]Man(a1-6)[Man(a1-2)Man(a1-2)Man(a1-3)]Man(b1-4)GlcNAc(b1-4)GlcNAc(b1-Sp12,19.14925,271.85125,582.9504749999999,1912.8149
Man(a1-2)Man(a1-6)[Man(a1-2)Man(a1-3)]Man(a1-6)[Man(a1-2)Man(a1-2)Man(a1-3)]Man(b1-4)GlcNAc(b1-4)GlcNAc(b1-Sp12,17.638849999999994,13.82205,33.4078,66.23377499999998
Man(a1-6)[Man(a1-3)]Man(a1-Sp9,329.3495000000001,1336.8216500000005,2049.63585,5245.576999999998
Man(a1-2)Man(a1-2)Man(a1-6)[Man(a1-3)]Man(a1-Sp9,14.1374,10.988924999999995,77.43172499999999,1232.06545
Man(a1-6)[Man(a1-3)]Man(a1-6)[Man(a1-2)Man(a1-3)]Man(b1-4)GlcNAc(b1-4)GlcNAc(b1-Sp12,98.83422499999998,1149.038125,1296.100425,3849.836425
Man(a1-6)[Man(a1-3)]Man(a1-6)[Man(a1-3)]Man(b1-4)GlcNAc(b1-4)GlcNAc(b1-Sp12,644.048675,1124.882525,1836.843175,3551.97905
Man(b1-4)GlcNAc(b1-Sp0,16.4001,7.992949999999999,6.355724999999998,6.7615
Neu5Ac(a2-3)Gal(b1-4)GlcNAc(b1-3)Gal(b1-4)[Fuc(a1-3)]GlcNAc(b1-Sp0,-4.5225,19.23445,5.247374999999998,4.586450000000003
(3S)Gal(b1-4)[Fuc(a1-3)](6S)GlcNAc(b1-Sp8,5.636650000000002,-0.5477749999999988,11.870474999999995,10.4309
Fuc(a1-2)(6S)Gal(b1-4)GlcNAc(b1-Sp0,3.4298499999999987,3.929675,8.883574999999992,-2.54
Fuc(a1-2)Gal(b1-4)(6S)GlcNAc(b1-Sp8,2.2834250000000007,21.415825,6.039525000000001,9.116550000000002
Fuc(a1-2)(6S)Gal(b1-4)(6S)Glc(b1-Sp0,2.841600000000001,5.14255,10.389175000000003,6.86125
Neu5Ac(a2-3)Gal(b1-3)GalNAc(a1-Sp8,861.11635,1402.7338000000007,636.434725,1385.0282749999994
Neu5Ac(a2-3)Gal(b1-3)GalNAc(a1-Sp14,489.221225,658.8471000000002,200.972925,497.394575
GalNAc(b1-4)[Neu5Ac(a2-8)Neu5Ac(a2-8)Neu5Ac(a2-8)Neu5Ac(a2-3)]Gal(b1-4)Glc(b1-Sp0,8.628400000000001,20.850575,14.256549999999995,4.122100000000001
GalNAc(b1-4)[Neu5Ac(a2-8)Neu5Ac(a2-8)Neu5Ac(a2-3)]Gal(b1-4)Glc(b1-Sp0,8.974450000000003,8.870350000000144,-4.680825000000001,11.791200000000005
Neu5Ac(a2-8)Neu5Ac(a2-8)Neu5Ac(a2-3)Gal(b1-4)Glc(b1-Sp0,-3.4137249999999995,5.5779,7.5934500000000025,-3.1133499999999987
GalNAc(b1-4)[Neu5Ac(a2-8)Neu5Ac(a2-3)]Gal(b1-4)Glc(b1-Sp0,4.441774999999998,4.12,-2.4199499999999965,-0.9767499999999992
Neu5Ac(a2-8)Neu5Ac(a2-8)Neu5Ac(a1-Sp8,-5.910199999999998,2.481275000000001,4.3287999999999975,-3.478275
Neu5Ac(a2-3)(6S)Gal(b1-4)[Fuc(a1-3)]GlcNAc(b1-Sp8,4.779975,3.268075,6.420424999999998,1.139949999999999
GalNAc(b1-4)[Neu5Ac(a2-3)]Gal(b1-4)GlcNAc(b1-Sp0,2.5368500000000003,3.724725,5.366650000000002,6.984150000000001
GalNAc(b1-4)[Neu5Ac(a2-3)]Gal(b1-4)GlcNAc(b1-Sp8,2.986800000000001,22.62037500000001,0.484874999999998,0.9953000000000004
GalNAc(b1-4)[Neu5Ac(a2-3)]Gal(b1-4)Glc(b1-Sp0,-0.5471749999999993,4.996574999999999,2.045900000000004,3.3084750000000014
Neu5Ac(a2-3)Gal(b1-3)GalNAc(b1-4)[Neu5Ac(a2-3)]Gal(b1-4)Glc(b1-Sp0,7.052299999999999,11.560149999999995,-0.33254999999999946,7.014649999999998
Neu5Ac(a2-6)[Neu5Ac(a2-3)]GalNAc(a1-Sp8,4.192849999999999,9.626725,1.493549999999999,-0.6526249999999987
Neu5Ac(a2-3)GalNAc(a1-Sp8,6.5689499999999965,194.489525,105.90042499999998,27.1143
Neu5Ac(a2-3)GalNAc(b1-4)GlcNAc(b1-Sp0,-1.3298500000000022,10.324600000000002,5.168500000000002,5.807100000000004
Neu5Ac(a2-3)Gal(b1-3)(6S)GlcNAc(a1-Sp8,20.427724999999995,11.3552,5.594325000000002,16.73245
Neu5Ac(a2-3)Gal(b1-3)[ Fuc(a1-4)]GlcNAc(b1-Sp8,-1.5399250000000002,10.019725,15.105475,2.1026750000000014
Neu5Ac(a2-3)Gal(b1-3)[Fuc(a1-4)]GlcNAc(b1-3)Gal(b1-4)[Fuc(a1-3)]GlcNAc(b1-Sp0,23.520824999999995,30.498075,21.675875000000005,38.6571
Neu5Ac(a2-3)Gal(b1-4)[Neu5Ac(a2-3)Gal(b1-3)]GlcNAc(b1-Sp8,25.581450000000004,5.110974999999998,5.7406000000000015,13.1764
Neu5Ac(a2-3)Gal(b1-3)(6S)GalNAc(a1-Sp8,3.9360500000000016,1.3162000000000005,4.441575000000002,0.6682750000000013
Neu5Ac(a2-6)[Neu5Ac(a2-3)Gal(b1-3)]GalNAc(a1-Sp8,12.297775,0.3429499999999992,6.320349999999998,1.4171000000000022
Neu5Ac(a2-6)[Neu5Ac(a2-3)Gal(b1-3)]GalNAc(a1-Sp14,4.292049999999997,5.677099999999998,28.5315,4.529599999999997
Neu5Ac(a2-3)Gal(b1-Sp8,3.580350000000001,3.1776250000000013,8.093374999999998,1.3933999999999995
Neu5Ac(a2-3)Gal(b1-3)GalNAc(b1-3)Gal(a1-4)Gal(b1-4)Glc(b1-Sp0,4.006349999999999,15.812599999999998,5.1836,18.960975
Neu5Ac(a2-3)Gal(b1-3)GlcNAc(b1-3)Gal(b1-4)GlcNAc(b1-Sp0,7.112099999999997,12.196125000000002,0.019224999999999604,4.053674999999998
Fuc(a1-2)(6S)Gal(b1-4)Glc(b1-Sp0,9.124075,4.933875000000001,10.061125,-2.7783
Neu5Ac(a2-3)Gal(b1-3)GlcNAc(b1-Sp0,6.347225,3.656575,-3.791850000000002,3.489749999999999
Neu5Ac(a2-3)Gal(b1-3)GlcNAc(b1-Sp8,-4.136000000000001,10.966599999999994,1.9733250000000009,1.9767749999999984
Neu5Ac(a2-3)Gal(b1-4)(6S)GlcNAc(b1-Sp8,5.126474999999999,13.535349999999998,3.7760749999999987,0.5038250000000009
Neu5Ac(a2-3)Gal(b1-4)[Fuc(a1-3)](6S)GlcNAc(b1-Sp8,-3.5686750000000007,5.879800000000001,1.6904750000000008,3.5864999999999987
Neu5Ac(a2-3)Gal(b1-4)[Fuc(a1-3)]GlcNAc(b1-3)Gal(b1-4)[Fuc(a1-3)]GlcNAc(b1-3)Gal(b1-4)[Fuc(a1-3)]GlcNAc(b1-Sp0,18.4289,20.512725,26.203625,23.599025
Neu5Ac(a2-3)Gal(b1-4)[Fuc(a1-3)]GlcNAc(b1-Sp0,7.156300000000001,7.254574999999997,5.386400000000001,13.171875
Neu5Ac(a2-3)Gal(b1-4)[Fuc(a1-3)]GlcNAc(b1-Sp8,2.18025,8.372175000000002,11.473675,2.4621500000000007
Neu5Ac(a2-3)Gal(b1-4)[Fuc(a1-3)]GlcNAc(b1-3)Gal(b1-Sp8,1.0062999999999986,5.742824999999997,-1.5700500000000008,-0.178125
Neu5Ac(a2-3)Gal(b1-4)[Fuc(a1-3)]GlcNAc(b1-3)Gal(b1-4)GlcNAc(b1-Sp8,3.951900000000001,9.649649999999998,5.8423250000000015,3.3782750000000004
Neu5Ac(a2-3)Gal(b1-4)GlcNAc(b1-3)Gal(b1-4)GlcNAc(b1-3)Gal(b1-4)GlcNAc(b1-Sp0,4.463575000000001,14.949274999999998,2.57705,7.5329000000000015
Neu5Ac(a2-3)Gal(b1-4)GlcNAc(b1-Sp0,8.869825000000002,9.377899999999997,2.19755,-1.6929999999999996
Neu5Ac(a2-3)Gal(b1-4)GlcNAc(b1-Sp8,4.442275,-1.052975,-0.8511000000000002,5.240224999999982
Neu5Ac(a2-3)Gal(b1-4)GlcNAc(b1-3)Gal(b1-4)GlcNAc(b1-Sp0,-0.26420000000000243,7.585,-0.8555499999999991,3.1564250000000005
Fuc(a1-2)Gal(b1-4)(6S)Glc(b1-Sp0,4.437850000000001,16.883575,14.807725000000005,11.929425000000002
Neu5Ac(a2-3)Gal(b1-4)Glc(b1-Sp0,5.6953,12.686775,21.99002500000001,9.09315
Neu5Ac(a2-3)Gal(b1-4)Glc(b1-Sp8,5.804700000000002,9.617849999999997,1.6829,18.245425
Neu5Ac(a2-6)GalNAc(a1-Sp8,5.8540249999999965,5.380700000000001,5.305275,-4.550924999999999
Neu5Ac(a2-6)GalNAc(b1-4)GlcNAc(b1-Sp0,0.664625,0.4357499999999997,7.7029,7.27375
Neu5Ac(a2-6)Gal(b1-4)(6S)GlcNAc(b1-Sp8,-3.9398750000000007,3.7576,1.7935999999999992,-1.1625499999999995
Neu5Ac(a2-6)Gal(b1-4)GlcNAc(b1-Sp0,1.4211249999999982,14.5219,10.026875,8.973225000000003
Neu5Ac(a2-6)Gal(b1-4)GlcNAc(b1-Sp8,3.8739999999999983,12.2602,11.64805,3.833174999999997
Neu5Ac(a2-6)Gal(b1-4)GlcNAc(b1-3)Gal(b1-4)[Fuc(a1-3)]GlcNAc(b1-3)Gal(b1-4)[Fuc(a1-3)]GlcNAc(b1-Sp0,11.373424999999996,11.9572,23.89515,22.066925000000005
Neu5Ac(a2-6)Gal(b1-4)GlcNAc(b1-3)Gal(b1-4)GlcNAc(b1-Sp0,1.6183499999999995,2.4811749999999986,6.280150000000003,4.615475
Neu5Ac(a2-6)Gal(b1-4)Glc(b1-Sp0,6.9323,11.937200000000004,1.3491,11.072674999999995
Neu5Ac(a2-6)Gal(b1-4)Glc(b1-Sp8,9.907674999999996,2.5631749999999984,6.8250249999999975,13.384175
Neu5Ac(a2-6)Gal(b1-Sp8,9.95995,-2.95465,-2.0706000000000007,6.62335
Neu5Ac(a2-8)Neu5Ac(a1-Sp8,-1.7402249999999988,9.867949999999997,0.9203249999999984,3.6645499999999984
Neu5Ac(a2-8)Neu5Ac(a2-3)Gal(b1-4)Glc(b1-Sp0,-0.07684999999999942,2.1297,-3.148550000000001,11.9176
Gal(b1-3)[Fuc(a1-4)]GlcNAc(b1-3)Gal(b1-3)[Fuc(a1-4)]GlcNAc(b1-Sp0,7.0197249999999976,4.573624999999995,3.853525,15.435049999999995
Neu5Ac(b2-6)GalNAc(a1-Sp8,3.541825,10.30755,3.5329750000000004,5.796875
Neu5Ac(b2-6)Gal(b1-4)GlcNAc(b1-Sp8,1.7715749999999997,10.326950000000004,5.5442,2.6276500000000027
Neu5Gc(a2-3)Gal(b1-3)[Fuc(a1-4)]GlcNAc(b1-Sp0,4.694200000000002,2.3671,5.7725500000000025,12.070599999999995
Neu5Gc(a2-3)Gal(b1-3)GlcNAc(b1-Sp0,2.2299500000000005,7.83,5.788574999999998,0.17727499999999807
Neu5Gc(a2-3)Gal(b1-4)[Fuc(a1-3)]GlcNAc(b1-Sp0,6.298849999999996,17.225350000000002,10.41815,10.262099999999998
Neu5Gc(a2-3)Gal(b1-4)GlcNAc(b1-Sp0,2.1384,4.840649999999998,1.1017749999999973,1.1846999999999994
Neu5Gc(a2-3)Gal(b1-4)Glc(b1-Sp0,3.6914000000000007,12.138475,10.571175,3.997724999999999
Neu5Gc(a2-6)GalNAc(a1-Sp0,9.435475,6.47145,15.263500000000004,7.9249249999999964
Neu5Gc(a2-6)Gal(b1-4)GlcNAc(b1-Sp0,15.224475000000002,9.781075,5.585675000000002,-4.808825000000004
Neu5Gc(a1-Sp8,9.686475,4.050324999999998,6.3933500000000025,18.210950000000004
Neu5Ac(a2-3)Gal(b1-4)GlcNAc(b1-6)[Gal(b1-3)]GalNAc(a1-Sp14,8.501525,5.521099999999998,10.393699999999997,3.0800249999999973
Gal(b1-3)GlcNAc(b1-3)Gal(b1-3)GlcNAc(b1-Sp0,9.387125,3.846775000000002,10.462400000000002,0.9407750000000021
Gal(b1-4)[Fuc(a1-3)](6S)GlcNAc(b1-Sp0 ,8.55715,6.469050000000001,12.278075,17.5244
Gal(b1-4)[Fuc(a1-3)](6S)Glc(b1-Sp0,3.756149999999999,13.376625000000002,4.8309750000000005,5.020575000000001
Gal(b1-4)[Fuc(a1-3)]GlcNAc(b1-3)Gal(b1-3)[Fuc(a1-4)]GlcNAc(b1-Sp0,5.135250000000001,11.699525,6.9227750000000015,5.082999999999998
Gal(b1-4)GlcNAc(b1-3)Gal(b1-3)GlcNAc(b1-Sp0,2.184899999999999,9.023575,3.371825000000003,13.470449999999998
Neu5Ac(a2-3)Gal(b1-3)GlcNAc(b1-3)Gal(b1-3)GlcNAc(b1-Sp0,4.339675,16.638925,-0.13957499999999978,2.5535999999999976
Neu5Ac(a2-3)Gal(b1-4)GlcNAc(b1-3)Gal(b1-3)GlcNAc(b1-Sp0,3.771975000000001,11.1209,2.1838000000000006,4.718549999999997
4S(3S)Gal(b1-4)GlcNAc(b1-Sp0,2.9759249999999966,3.6401499999999976,4.081224999999998,8.185350000000001
(6S)Gal(b1-4)(6S)GlcNAc(b1-Sp0,-2.7861249999999984,5.8229999999999995,2.978950000000001,4.129499999999998
(6P)Glc(b1-Sp10,18.586675000000007,1.814500000000001,10.220499999999998,12.612449999999995
Neu5Ac(a2-3)Gal(b1-4)[Fuc(a1-3)]GlcNAc(b1-6)[Gal(b1-3)]GalNAc(a1-Sp14,23.3928,9.1199,17.982975,46.75365000000001
Gal(b1-3)Gal(b1-4)GlcNAc(b1-Sp8,17.6929,7.819149999999999,6.630949999999999,6.78495
Neu5Ac(a2-6)Gal(b1-4)GlcNAc(b1-2)Man(a1-6)[Gal(b1-4)GlcNAc(b1-2)Man(a1-3)]Man(b1-4)GlcNAc(b1-4)GlcNAc(b1-Sp12,3.155400000000004,7.124224999999999,18.11215,576.1369749999999
Gal(b1-4)GlcNAc(b1-6)[Gal(b1-4)GlcNAc(b1-3)]Gal(b1-4)GlcNAc(a1-Sp0,3.707149999999997,5.742824999999997,0.279375,66.0752
GlcNAc(b1-6)[Gal(b1-4)GlcNAc(b1-3)]Gal(b1-4)GlcNAc(a1-Sp0,14.348125,11.8985,-0.912124999999998,3.316725
Gal(b1-4)GlcNAc(a1-6)Gal(b1-4)GlcNAc(b1-Sp0,10.0013,8.569799999999997,3.5351500000000007,3.460775
Gal(b1-4)GlcNAc(b1-6)Gal(b1-4)GlcNAc(b1-Sp0,-0.9682250000000021,8.416325000000002,0.29350000000000165,3.431875
GalNAc(b1-3)Gal(b1-Sp8,3.619425,5.875275000000001,8.440925,9.396175
GlcA(b1-3)GlcNAc(b1-Sp8,6.6597250000000034,5.338125,5.468074999999999,14.405924999999998
Neu5Ac(a2-6)Gal(b1-4)GlcNAc(b1-2)Man(a1-6)[GlcNAc(b1-2)Man(a1-3)]Man(b1-4)GlcNAc(b1-4)GlcNAc(b1-Sp12,0.8165250000000022,3.4518000000000013,2.314725,-2.2964
GlcNAc(b1-3)Ma(n1-Sp10,7.696950000000001,14.041999999999998,6.721574999999998,10.571425
GlcNAc(b1-4)GlcNAc(b1-Sp10,5.544300000000002,3.200124999999999,5.323874999999999,4.8504000000000005
GlcNAc(b1-4)GlcNAc(b1-Sp12,6.474725000000001,6.64865,12.715925000000004,5.308250000000003
MurNAc(b1-4)GlcNAc(b1-Sp10,-0.16852499999999804,1.7470250000000007,2.358699999999999,-0.2946249999999999
Man(a1-6)Man(b1-Sp10,10.565224999999996,15.556875,11.744349999999995,11.393300000000005
Man(a1-6)[Man(a1-3)]Man(a1-6)[Man(a1-3)]Man(b1-Sp10,948.842425,1704.9279999999999,2017.229325,4309.037125
Man(a1-2)Man(a1-6)[Man(a1-3)]Man(a1-6)[Man(a1-2)Man(a1-2)Man(a1-3)]Man(a1-Sp9,96.788675,322.83975,1040.9261,2256.03175
Man(a1-2)Man(a1-6)[Man(a1-2)Man(a1-3)]Man(a1-6)[Man(a1-2)Man(a1-2)Man(a1-3)]Man(a1-Sp9,6.230925000000001,11.630625,30.295575000000003,1042.2085499999996
Neu5Ac(a2-3)Gal(b1-4)GlcNAc(b1-6)[Neu5Ac(a2-3)Gal(b1-3)]GalNAc(a1-Sp14,2.1703499999999982,5.429800000000001,8.764225,6.1595999999999975
Neu5Ac(a2-6)Gal(b1-4)GlcNAc(b1-2)Man(a1-6)[Neu5Ac(a2-3)Gal(b1-4)GlcNAc(b1-2)Man(a1-3)]Man(b1-4)GlcNAc(b1-4)GlcNAc(b1-Sp12,-1.6152000000000015,6.170999999999998,-2.4238250000000017,7.09
Gal(b1-4)GlcNAc(b1-2)Man(a1-6)[Neu5Ac(a2-6)Gal(b1-4)GlcNAc(b1-2)Man(a1-3)]Man(b1-4)GlcNAc(b1-4)GlcNAc(b1-Sp12,11.618799999999998,4.959025000000001,2.676950000000001,7.051474999999997
GlcNAc(b1-2)Man(a1-6)[Neu5Ac(a2-6)Gal(b1-4)GlcNAc(b1-2)Man(a1-3)]Man(b1-4)GlcNAc(b1-4)GlcNAc(b1-Sp12,-2.187524999999999,3.981674999999999,0.27812500000000284,2.563699999999999
Neu5Ac(a2-8)Neu5Ac(b1-Sp17,19.373575,10.927699999999998,8.654749999999998,8.099225000000002
Neu5Ac(a2-8)Neu5Ac(a2-8)Neu5Ac(b1-Sp8,18.22055,3.369525000000001,1.1394000000000002,-6.796999999999999
Neu5Gc(b2-6)Gal(b1-4)GlcNAc(a1-Sp8,13.56465,6.987449999999999,-4.755325,-0.3134749999999995
Gal(b1-3)GlcNAc(b1-2)Man(a1-6)[Gal(b1-3)GlcNAc(b1-2)Man(a1-3)]Man(b1-4)GlcNAc(b1-4)GlcNAc(b1-Sp19,86.60489999999999,75.595925,177.82845,847.7271250000001
Neu5Ac(a2-3)Gal(b1-4)GlcNAc(b1-2)Man(a1-6)[Neu5Ac(a2-3)Gal(b1-4)GlcNAc(b1-2)Man(a1-3)]Man(b1-4)GlcNAc(b1-4)GlcNAc(b1-Sp12,4.169624999999998,5.735774999999999,4.755099999999999,-2.1647250000000016
Neu5Ac(a2-3)Gal(b1-4)GlcNAc(b1-2)Man(a1-6)[Neu5Ac(a2-6)Gal(b1-4)GlcNAc(b1-2)Man(a1-3)]Man(b1-4)GlcNAc(b1-4)GlcNAc(b1-Sp12,5.311575,10.92125,7.94965,0.7677999999999976
Gal(b1-4)[Fuc(a1-3)]GlcNAc(b1-2)Man(a1-6)[Gal(b1-4)[Fuc(a1-3)]GlcNAc(b1-2)Man(a1-3)]Man(b1-4)GlcNAc(b1-4)GlcNAc(b1-Sp20,9.159074999999998,9.069725000000002,6.2764250000000015,6.3067249999999975
"Neu5,9Ac2(a2-3)Gal(b1-4)GlcNAc(b1-Sp0",2.6651000000000007,8.923874999999997,24.415475,3.6323750000000032
"Neu5,9Ac2(a2-3)Gal(b1-4)GlcNAc(b1-Sp0",-2.22875,4.132125000000001,8.4596,0.6440249999999992
Neu5Ac(a2-6)Gal(b1-4)GlcNAc(b1-3)Gal(b1-3)GlcNAc(b1-Sp0,6.117575000000002,10.0758,10.44555,1.6335750000000004
Neu5Ac(a2-3)Gal(b1-3)[Fuc(a1-4)]GlcNAc(b1-3)Gal(b1-3)[Fuc(a1-4)]GlcNAc(b1-Sp0,7.494024999999999,11.832399999999998,31.047850000000004,19.43925
Neu5Ac(a2-6)Gal(b1-4)GlcNAc(b1-3)Gal(b1-4)GlcNAc(b1-3)Gal(b1-4)GlcNAc(b1-Sp0,1.1658000000000015,9.290875,15.272700000000004,5.9000499999999985
Gal(a1-4)Gal(b1-4)GlcNAc(b1-3)Gal(b1-4)Glc(b1-Sp0,0.2011499999999975,8.869725000000003,8.836625,6.4126499999999975
GalNAc(b1-3)Gal(a1-4)Gal(b1-4)GlcNAc(b1-3)Gal(b1-4)Glc(b1-Sp0,11.263325,9.8296,8.374474999999999,0.9249000000000008
GalNAc(a1-3)[Fuc(a1-2)]Gal(b1-4)GlcNAc(b1-3)Gal(b1-4)GlcNAc(b1-Sp0,8.61275,10.049950000000004,11.958699999999995,5.52195
GalNAc(a1-3)[Fuc(a1-2)]Gal(b1-4)GlcNAc(b1-3)Gal(b1-4)GlcNAc(b1-3)Gal(b1-4)GlcNAc(b1-Sp0,29.96935000000001,26.34520000000001,21.878775,37.66825000000001
Neu5Ac(a2-3)Gal(b1-4)[Fuc(a1-3)]GlcNAc(b1-6)[Neu5Ac(a2-3)Gal(b1-3)]GalNAc(a1-Sp14,25.3658,10.807099999999998,14.315,34.327425
GlcNAc(a1-4)Gal(b1-4)GlcNAc(b1-3)Gal(b1-4)GlcNAc(b1-3)Gal(b1-4)GlcNAc(b1-Sp0,2.8911750000000005,17.54685,1.7775250000000025,12.712575
GlcNAc(a1-4)Gal(b1-4)GlcNAc(b1-Sp0,0.27737500000000104,6.194925000000001,5.9496,0.9725750000000026
GlcNAc(a1-4)Gal(b1-3)GlcNAc(b1-Sp0,2.0159499999999984,11.243200000000002,0.7815249999999985,6.092549999999999
GlcNAc(a1-4)Gal(b1-4)GlcNAc(b1-3)Gal(b1-4)Glc(b1-Sp0,-0.6416249999999994,7.463174999999998,9.028599999999997,3.067974999999999
GlcNAc(a1-4)Gal(b1-4)GlcNAc(b1-3)Gal(b1-4)[Fuc(a1-3)]GlcNAc(b1-3)Gal(b1-4)[Fuc(a1-3)]GlcNAc(b1-Sp0,16.590849999999996,38.73625,12.96595,29.998675
GlcNAc(a1-4)Gal(b1-4)GlcNAc(b1-3)Gal(b1-4)GlcNAc(b1-Sp0,10.186,2.3877500000000014,7.1885499999999976,2.6922999999999995
GlcNAc(a1-4)Gal(b1-3)GalNAc(a1-Sp14,60.1896,128.562025,58.71995,150.667025
Neu5Ac(a2-6)Gal(b1-4)GlcNAc(b1-2)Man(a1-6)[Man(a1-3)]Man(b1-4)GlcNAc(b1-4)GlcNAc(a1-Sp12,95.28044999999996,613.5505500000003,1737.101675,3679.60595
Man(a1-6)[Neu5Ac(a2-6)Gal(b1-4)GlcNAc(b1-2)Man(a1-3)]Man(b1-4)GlcNAc(b1-4)GlcNAc(a1-Sp12,2.9353499999999983,7.8097499999999975,12.45625,61.152525
Neu5Ac(a2-6)Gal(b1-4)GlcNAc(b1-2)Man(a1-6)Man(b1-4)GlcNAc(b1-4)GlcNAc(a1-Sp12,4.286549999999999,0.907725000000001,-1.1632750000000005,12.520725
Neu5Ac(a2-6)Gal(b1-4)GlcNAc(b1-2)Man(a1-3)Man(b1-4)GlcNAc(b1-4)GlcNAc(a1-Sp12,6.7078500000000005,7.6407,3.8154749999999993,17.063824999999994
Gal(b1-4)GlcNAc(b1-2)Man(a1-3)Man(b1-4)GlcNAc(b1-4)GlcNAc(a1-Sp12,4.781624999999999,6.613775,9.315825000000002,530.1091749999998
Gal(b1-4)GlcNAc(b1-2)Man(a1-6)Man(b1-4)GlcNAc(b1-4)GlcNAc(a1-Sp12,4.437200000000002,5.535049999999997,8.5925,259.322175
Man(a1-6)[Gal(b1-4)GlcNAc(b1-2)Man(a1-3)]Man(b1-4)GlcNAc(b1-4)GlcNAc(b1-Sp12,11.276325000000002,121.889525,365.06060000000014,2054.3965500000004
GlcNAc(b1-2)Man(a1-6)[GlcNAc(b1-2)Man(a1-3)]Man(b1-4)GlcNAc(b1-4)[Fuc(a1-6)]GlcNAc(b1-Sp22,2.3955499999999983,14.241725,6.3259750000000015,23.2882
Gal(b1-4)GlcNAc(b1-2)Man(a1-6)[Gal(b1-4)GlcNAc(b1-2)Man(a1-3)]Man(b1-4)GlcNAc(b1-4)[Fuc(a1-6)]GlcNAc(b1-Sp22,27.7743,11.457075,4.431075,33.977075
Gal(b1-3)GlcNAc(b1-2)Man(a1-6)[Gal(b1-3)GlcNAc(b1-2)Man(a1-3)]Man(b1-4)GlcNAc(b1-4)[Fuc(a1-6)]GlcNAc(b1-Sp22,7.307799999999998,8.844925,14.914149999999998,31.55785
(6S)GlcNAc(b1-3)Gal(b1-4)GlcNAc(b1-Sp0,7.090799999999998,5.0142250000000015,3.8317499999999978,8.493399999999998
KDN(a2-3)Gal(b1-4)[Fuc(a1-3)]GlcNAc(a1-Sp0,9.617175,4.40255,18.260100000000005,29.7837
KDN(a2-6)Gal(b1-4)GlcNAc(a1-Sp0,8.4628,7.072424999999999,19.126749999999994,14.164900000000005
KDN(a2-3)Gal(b1-4)Glc(a1-Sp0,16.432074999999998,14.131374999999998,4.457799999999999,17.778325000000006
KDN(a2-3)Gal(b1-3)GalNAc(a1-Sp14,33.126675,237.607175,250.144725,153.234825
Fuc(a1-2)Gal(b1-3)GlcNAc(b1-2)Man(a1-6)[Fuc(a1-2)Gal(b1-3)GlcNAc(b1-2)Man(a1-3)]Man(b1-4)GlcNAc(b1-4)GlcNAc(b1-Sp20,60.7828,96.99524999999998,95.1917,215.916375
Fuc(a1-2)Gal(b1-4)GlcNAc(b1-2)Man(a1-6)[Fuc(a1-2)Gal(b1-4)GlcNAc(b1-2)Man(a1-3)]Man(b1-4)GlcNAc(b1-4)GlcNAc(b1-Sp20,34.738225,23.278325,61.194750000000006,79.78605000000002
Fuc(a1-2)Gal(b1-4)[Fuc(a1-3)]GlcNAc(b1-2)Man(a1-6)[Fuc(a1-2)Gal(b1-4)[Fuc(a1-3)]GlcNAc(b1-2)Man(a1-3)]Man(b1-4)GlcNAc(b1-4)GlcNA(b1-Sp20,14.677700000000002,15.348775000000002,19.1459,28.12735
Gal(a1-3)Gal(b1-4)GlcNAc(b1-2)Man(a1-6)[Gal(a1-3)Gal(b1-4)GlcNAc(b1-2)Man(a1-3)]Man(b1-4)GlcNAc(b1-4)GlcNAc(b1-Sp20,5.559100000000001,23.6485,165.779475,1232.7919499999996
Gal(b1-4)GlcNAc(b1-2)Man(a1-6)[Man(a1-3)]Man(b1-4)GlcNAc(b1-4)GlcNAc(b1-Sp12,561.6200999999999,615.200925,1223.5162750000004,3729.6218000000013
Fuc(a1-4)[Gal(b1-3)]GlcNAc(b1-2)Man(a1-6)[Fuc(a1-4)[Gal(b1-3)]GlcNAc(b1-2)Man(a1-3)]Man(b1-4)GlcNAc(b1-4)[Fuc(a1-6)]GlcNAc(b1-Sp22,207.80407500000004,219.129,421.073825,677.0461750000002
Neu5Ac(a2-6)GlcNAc(b1-4)GlcNAc(a1-Sp21,2.65865,0.9837750000000014,-1.8210249999999988,-3.18125
Neu5Ac(a2-6)GlcNAc(b1-4)GlcNAc(b1-4)GlcNAc(a1-Sp21,3.3546,-1.5079500000000008,-0.8434750000000015,4.392874999999998
Gal(b1-4)[Fuc(a1-3)]GlcNAc(b1-6)[Fuc(a1-2)Gal(b1-4)GlcNAc(b1-3)]Gal(b1-4)Glc(a1-Sp21,13.89465,4.944300000000005,-1.0929749999999991,-1.0710499999999996
Gal(b1-4)GlcNAc(b1-2)Man(a1-6)[Gal(b1-4)GlcNAc(b1-4)[Gal(b1-4)GlcNAc(b1-2)]Man(a1-3)]Man(b1-4)GlcNAc(b1-4)GlcNAc(a1-Sp21,9.473475,4.045249999999999,13.121024999999996,76.117325
GalNAc(a1-3)[Fuc(a1-2)]Gal(b1-4)GlcNAc(b1-2)Man(a1-6)[GalNAc(a1-3)[Fuc(a1-2)]Gal(b1-4)GlcNAc(b1-2)Man(a1-3)]Man(b1-4)GlcNAc(b1-4)GlcNAc(b1-Sp20,6.79635,15.462650000000005,27.295400000000008,27.396825
Gal(a1-3)[Fuc(a1-2)]Gal(b1-4)GlcNAc(b1-2)Man(a1-6)[Gal(a1-3)[Fuc(a1-2)]Gal(b1-4)GlcNAc(b1-2)Man(a1-3)]Man(b1-4)GlcNAc(b1-4)GlcNAc(b1-Sp20,22.986000000000004,20.435,37.31555,72.87169999999998
Gal(a1-3)Gal(b1-4)[Fuc(a1-3)]GlcNAc(b1-2)Man(a1-6)[Gal(a1-3)Gal(b1-4)[Fuc(a1-3)]GlcNAc(b1-2)Man(a1-3)]Man(b1-4)GlcNAc(b1-4)GlcNAc(b1-Sp20,4.136125000000002,11.580774999999996,13.851174999999998,2.6328499999999995
GalNAc(a1-3)[Fuc(a1-2)]Gal(b1-3)GlcNAc(b1-2)Man(a1-6)[GalNAc(a1-3)[Fuc(a1-2)]Gal(b1-3)GlcNAc(b1-2)Man(a1-3)]Man(b1-4)GlcNAc(b1-4)GlcNAc(b1-Sp20,8.798374999999998,15.77375,23.78240000000001,54.85647500000001
Gal(a1-3)[Fuc(a1-2)]Gal(b1-3)GlcNAc(b1-2)Man(a1-6)[Gal(a1-3)[Fuc(a1-2)]Gal(b1-3)GlcNAc(b1-2)Man(a1-3)]Man(b1-4)GlcNAc(b1-4)GlcNAc(b1-Sp20,15.230974999999995,30.774525000000004,50.26034999999999,101.11117500000002
Fuc(a1-4)[Fuc(a1-2)Gal(b1-3)]GlcNAc(b1-2)Man(a1-3)[Fuc(a1-4)[Fuc(a1-2)Gal(b1-3)]GlcNAc(b1-2)Man(a1-3)]Man(b1-4)GlcNAc(b1-4)GlcNAc(b1-Sp19,13.746775000000005,17.135225,14.244325,30.7059
Neu5Ac(a2-3)Gal(b1-4)GlcNAc(b1-3)GalNAc(a1-Sp14,12.485049999999998,133.252275,18.1109,-0.3204750000000001
Neu5Ac(a2-6)Gal(b1-4)GlcNAc(b1-3)GalNAc(a1-Sp14,31.337724999999992,26.19875,77.2526,125.65564999999998
Neu5Ac(a2-3)Gal(b1-4)[Fuc(a1-3)]GlcNAc(b1-3)GalNAc(a1-Sp14,13.844325,14.41125,8.1449,9.461125
GalNAc(b1-4)GlcNAc(b1-2)Man(a1-6)[GalNAc(b1-4)GlcNAc(b1-2)Man(a1-3)]Man(b1-4)GlcNAc(b1-4)GlcNAc(a1-Sp12,31.51720000000001,26.87380000000001,60.30020000000001,70.24122500000001
Gal(b1-3)GalNAc(a1-3)[Fuc(a1-2)]Gal(b1-4)Glc(a1-Sp0,7.113550000000003,20.093625,-0.00670000000000215,6.180049999999998
Gal(b1-3)GalNAc(a1-3)[Fuc(a1-2)]Gal(b1-4)GlcNAc(a1-Sp0,-1.5390499999999978,7.0904250000000015,4.456349999999997,17.301125000000006
Gal(b1-3)GlcNac(b1-3)Gal(b1-4)GlcNac(b1-6)[Gal(b1-3)GlcNac(b1-3)]Gal(b1-4)Glc(b1-Sp0,4.995125000000002,5.921300000000004,5.155499999999998,10.565749999999996
Gal(b1-4)[Fuc(a1-3)]GlcNAc(b1-6)[Gal(b1-3)GlcNAc(b1-3)]Gal(b1-4)Glc(a1-Sp21,9.092475,6.60275,14.634449999999996,19.7485
Gal(b1-4)GlcNAc(b1-6)[Fuc(a1-4)[Fuc(a1-2)Gal(b1-3)]GlcNAc(b1-3)]Gal(b1-4)Glc(a1-Sp21,13.540175,7.173800000000003,15.620799999999996,13.68195
Gal(b1-4)[Fuc(a1-3)]GlcNAc(b1-6)[Fuc(a1-4)[Fuc(a1-2)Gal(b1-3)]GlcNAc(b1-3)]Gal(b1-4)Glc(a1-Sp21,11.440350000000002,10.429775,12.695175,-3.3563750000000017
Gal(b1-3)GlcNAc(b1-3)Gal(b1-4)[Fuc(a1-3)]GlcNAc(b1-6)[Gal(b1-3)GlcNAc(b1-3)]Gal(b1-4)Glc(a1-Sp21,10.0976,6.504074999999999,7.238224999999997,6.956649999999998
Gal(b1-4)GlcNac(b1-6)[Gal(b1-4)GlcNac(b1-2)]Man(a1-6)[Gal(b1-4)GlcNac(b1-4)[Gal(b1-4)GlcNac(b1-2)]Man(a1-3)]Man(b1-4)GlcNac(b1-4)GlcNac(b1-Sp21,4.112575000000003,14.691875,18.281600000000005,286.8453
GlcNac(b1-2)Man(a1-6)[GlcNac(b1-4)[GlcNac(b1-2)]Man(a1-3)]Man(b1-4)GlcNac(b1-4)GlcNac(a1-Sp21,9.828075000000002,7.4900249999999975,6.456374999999998,23.98245
Fuc(a1-2)Gal(b1-3)GalNAc(a1-3)[Fuc(a1-2)]Gal(b1-4)Glc(b1-Sp0,6.302474999999999,4.416774999999999,17.6319,10.841124999999998
Fuc(a1-2)Gal(b1-3)GalNAc(a1-3)[Fuc(a1-2)]Gal(b1-4)GlcNAc(b1-Sp0,11.904925,4.793325000000002,13.507549999999995,2.1733749999999983
Gal(b1-3)GlcNAc(b1-3)GalNAc(a1-Sp14,731.4041,645.3123,371.42195000000015,1143.86735
GalNAc(b1-4)[Neu5Ac(a2-3)]Gal(b1-4)GlcNAc(b1-3)GalNAc(a1-Sp14,85.6822,151.94310000000004,88.19595,171.2518
GalNAc(a1-3)[Fuc(a1-2)]Gal(b1-3)GalNAc(a1-3)[Fuc(a1-2)]Gal(b1-4)GlcNAc(b1-Sp0,4.2611750000000015,11.714150000000005,8.154125,15.246299999999998
Gal(a1-3)Gal(b1-3)GlcNAc(b1-2)Man(a1-6)[Gal(a1-3)Gal(b1-3)GlcNAc(b1-2)Man(a1-3)]Man(b1-4)GlcNAc(b1-4)GlcNAc(a1-Sp19,22.6769,13.315175,12.834350000000002,57.15357500000001
Gal(a1-3)Gal(b1-3)[Fuc(a1-4)]GlcNAc(b1-2)Man(a1-6)[Gal(a1-3)Gal(b1-3)[Fuc(a1-4)]GlcNAc(b1-2)Man(a1-3)]Man(b1-4)GlcNAc(b1-4)GlcNAc(a1-Sp19,81.31512500000002,94.968475,155.103475,408.6678999999999
Neu5Ac(a2-3)Gal(b1-3)GlcNAc(b1-2)Man(a1-6)[Neu5Ac(a2-3)Gal(b1-3)GlcNAc(b1-2)Man(a1-3)]Man(b1-4)GlcNAc(b1-4)GlcNAc(a1-Sp19,5.4124250000000025,17.2772,6.727400000000001,29.279675000000008
GlcNAc(b1-2)Man(a1-6)[Gal(b1-4)GlcNAc(b1-2)Man(a1-3)]Man(b1-4)GlcNAc(b1-4)GlcNAc(a1-Sp12,5.747225,4.477249999999998,16.9847,582.8014999999998
Gal(b1-4)GlcNAc(b1-2)Man(a1-6)[GlcNAc(b1-2)Man(a1-3)]Man(b1-4)GlcNAc(b1-4)GlcNAc(a1-Sp12,7.825,4.870725,14.6529,79.15265
Neu5Ac(a2-3)Gal(b1-3)GlcNAc(b1-3)GalNAc(a1-Sp14,27.23605000000001,46.835,168.65489999999997,230.569675
Fuc(a1-2)Gal(b1-4)GlcNac(b1-3)GalNac(a1-Sp14,15.967950000000002,313.851625,133.238125,74.86817500000002
Gal(b1-4)[Fuc(a1-3)]GlcNac(b1-3)GalNac(a1-Sp14,14.2288,12.003800000000002,39.337050000000026,79.53555
GalNac(a1-3)GalNac(b1-3)Gal(a1-4)Gal(b1-4)GlcNac(b1-Sp0,6.097975000000003,2.2501750000000014,17.175400000000007,6.617825
Gal(a1-4)Gal(b1-3)GlcNac(b1-2)Man(a1-6)[Gal(a1-4)Gal(b1-3)GlcNac(b1-2)Man(a1-3)]Man(b1-4)GlcNac(b1-4)GlcNac(b1-Sp19,16.941724999999995,27.72345,54.389950000000006,230.655625
Gal(a1-4)Gal(b1-4)GlcNac(b1-2)Man(a1-6)[Gal(a1-4)Gal(b1-4)GlcNac(b1-2)Man(a1-3)]Man(b1-4)GlcNac(b1-4)GlcNac(b1-Sp24,21.811525000000003,7.087400000000002,11.223249999999998,50.870875
Gal(a1-3)Gal(b1-4)GlcNac(b1-3)GalNac(a1-Sp14,6.356949999999998,40.587875,82.70945,153.218425
Gal(b1-3)GlcNAc(b1-6)Gal(b1-4)GlcNAc(b1-Sp0,6.171275,2.9065249999999985,0.5189749999999993,7.684450000000003
Gal(b1-3)GlcNAc(a1-6)Gal(b1-4)GlcNAc(b1-Sp0,3.0975750000000013,10.496025,6.22425,-0.6010500000000025
GalNAc(b1-3)Gal(a1-6)Gal(b1-4)Glc(b1-Sp8,3.143799999999999,9.965274999999998,3.697825000000001,5.838375000000001
Gal(a1-3)[Fuc(a1-2)]Gal(b1-4)[Fuc(a1-3)]Glc(b1-Sp21,4.58245,4.90565,12.806625,16.307049999999997
Gal(b1-4)GlcNAc(b1-6)[Neu5Ac(a2-6)Gal(b1-3)GlcNAc(b1-3)]Gal(b1-4)Glc(a1-Sp21,8.203174999999998,5.444075000000002,8.455325000000002,27.119800000000005
Gal(b1-3)GalNAc(b1-4)[Neu5Ac(a2-8)Neu5Ac(a2-3)]Gal(b1-4)Glc(b1-Sp0,6.119950000000001,4.593525000000003,5.78365,13.190800000000005
Neu5Ac(a2-3)Gal(b1-3)GalNAc(b1-4)[Neu5Ac(a2-8)Neu5Ac(a2-3)]Gal(b1-4)Glc(b1-Sp0,11.852525000000002,7.284325,8.960400000000002,8.722524999999997
Gal(a1-3)[Fuc(a1-2)]Gal(b1-4)GlcNAc(b1-3)GalNAc(a1-Sp14,414.6851499999999,268.123225,12.898075,517.4119999999998
GalNAc(a1-3)[Fuc(a1-2)]Gal(b1-4)GlcNAc(b1-3)GalNAc(a1-Sp14,22.2936,39.04517499999999,27.21435,73.46155
GalNAc(a1-3)GalNAc(b1-3)Gal(a1-4)Gal(b1-4)Glc(b1-Sp0,10.429675,4.2211,19.87415,17.405400000000004
Fuc(a1-2)Gal(b1-4)[Fuc(a1-3)]GlcNAc(b1-3)GalNAc(a1-Sp14,56.745175,27.063,56.71377500000001,70.667325
Gal(a1-3)[Fuc(a1-2)]Gal(b1-4)[Fuc(a1-3)]GlcNAc(b1-3)GalNAc(a1-Sp14,81.066675,72.50232499999998,58.264025,254.789425
GalNAc(a1-3)[Fuc(a1-2)]Gal(b1-4)[Fuc(a1-3)]GlcNAc(b1-3)GalNAc(a1-Sp14,66.180475,20.9875,29.032225,64.732725
Gal(b1-4)[Fuc(a1-3)]GlcNAc(b1-2)Man(a1-6)[Gal(b1-4)[Fuc(a1-3)]GlcNAc(b1-2)Man(a1-3)]Man(b1-4)GlcNAc(b1-4)[Fuc(a1-6)]GlcNAc(b1-Sp22,9.168750000000006,13.388625,7.890374999999999,47.16442500000001
Fuc(a1-2)Gal(b1-4)GlcNAc(b1-2)Man(a1-6)[Fuc(a1-2)Gal(b1-4)GlcNAc(b1-2)Man(a1-3)]Man(b1-4)GlcNAc(b1-4)[Fuc(a1-6)]GlcNAc(b1-Sp22,52.290725,91.519425,34.068575,305.28505
GlcNAc(b1-2)[GlcNAc(b1-6)]Man(a1-6)[GlcNAc(b1-2)Man(a1-3)]Man(b1-4)GlcNAc(b1-4)GlcNAc(b1-Sp19,4.44475,6.861625000000001,-0.6551000000000009,6.326050000000002
Fuc(a1-2)Gal(b1-3)GlcNAc(b1-3)GalNAc(a1-Sp14,4.18885,134.611825,49.5872,19.567100000000003
Gal(a1-3)[Fuc(a1-2)]Gal(b1-3)GlcNAc(b1-3)GalNAc(a1-Sp14,13.21145,8.60425,12.143550000000005,50.315425
GalNAc(a1-3)[Fuc(a1-2)]Gal(b1-3)GlcNAc(b1-3)GalNAc(a1-Sp14,16.41895,14.369400000000002,14.729225000000005,20.630075
Gal(a1-3)Gal(b1-3)GlcNAc(b1-3)GalNAc(a1-Sp14,17.139200000000002,16.501575000000006,133.50885,332.920375
Fuc(a1-2)Gal(b1-3)GlcNAc(b1-2)Man(a1-6)[Fuc(a1-2)Gal(b1-3)GlcNAc(b1-2)Man(a1-3)]Man(b1-4)GlcNAc(b1-4)[Fuc(a1-6)]GlcNAc(b1-Sp22,47.67397500000001,80.787875,125.66885,264.862125
Gal(a1-3)[Fuc(a1-2)]Gal(b1-4)GlcNAc(b1-2)Man(a1-6)[Gal(a1-3)[Fuc(a1-2)]Gal(b1-4)GlcNAc(b1-2)Man(a1-3)]Man(b1-4)GlcNAc(b1-4)[Fuc(a1-6)]GlcNAc(b1-Sp22,25.945125000000008,51.2822,92.352425,181.868275
Gal(b1-3)GlcNAc(b1-6)[Gal(b1-3)GlcNAc(b1-2)]Man(a1-6)[Gal(b1-3)GlcNAc(b1-2)Man(a1-3)]Man(b1-4)GlcNAc(b1-4)GlcNAc(b1-Sp19,33.97425,61.540275,76.33009999999999,149.43372499999995
Gal(b1-4)GlcNAc(b1-6)[Fuc(a1-2)Gal(b1-3)GlcNAc(b1-3)]Gal(b1-4)Glc(a1-Sp21,12.028875,1.5758,5.103675000000001,-2.0684250000000013
Fuc(a1-3)GlcNAc(b1-6)[Gal(b1-4)GlcNAc(b1-3)]Gal(b1-4)Glc(a1-Sp21,9.835724999999998,11.202974999999995,-0.3207499999999985,4.801400000000001
GlcNAc(b1-2)Man(a1-6)[GlcNAc(b1-4)][GlcNAc(b1-2)Man(a1-3)]Man(b1-4)GlcNac(b1-4)GlcNAc(a1-Sp21,11.603400000000002,3.5318500000000017,17.291099999999997,3.2422500000000003
GlcNAc(b1-2)Man(a1-6)[GlcNAc(b1-4)][GlcNAc(b1-4)[GlcNAc(b1-2)]Man(a1-3)]Man(b1-4)GlcNAc(b1-4)GlcNAc(a1-Sp21,7.262349999999998,4.3653,6.802850000000001,6.8104
GlcNAc(b1-6)[GlcNAc(b1-2)]Man(a1-6)[GlcNAc(b1-4)][GlcNAc(b1-2)Man(a1-3)]Man(b1-4)GlcNAc(b1-4)GlcNAc(a1-Sp21,0.7710499999999989,3.735675,6.3465250000000015,12.247749999999995
GlcNAc(b1-6)[GlcNAc(b1-2)]Man(a1-6)[GlcNAc(b1-4)][GlcNAc(b1-4)[GlcNAc(b1-2)]Man(a1-3)]Man(b1-4)GlcNAc(b1-4)GlcNAc(a1-Sp21,6.37975,12.49935,-0.20734999999999992,-0.8788
Gal(b1-4)GlcNAc(b1-2)Man(a1-6)[GlcNAc(b1-4)][Gal(b1-4)GlcNAc(b1-2)Man(a1-3)]Man(b1-4)GlcNAc(b1-4)GlcNAc(a1-Sp21,9.628050000000002,1.907875,4.277650000000001,6.543624999999999
Gal(b1-4)GlcNAc(b1-2)Man(a1-6)[GlcNAc(b1-4)][Gal(b1-4)GlcNAc(b1-4)[Gal(b1-4)GlcNAc(b1-2)]Man(a1-3)]Man(b1-4)GlcNAc(b1-4)GlcNAc(a1-Sp21,11.057225,-1.25125,4.8110750000000015,4.210074999999998
Gal(b1-4)GlcNAc(b1-6)[Gal(b1-4)GlcNAc(b1-2)]Man(a1-6)[GlcNAc(b1-4)][Gal(b1-4)GlcNAc(b1-2)Man(a1-3)]Man(b1-4)GlcNAc(b1-4)GlcNAc(a1-Sp21,7.5555999999999965,15.888874999999995,10.471925,4.012350000000003
Gal(b1-4)GlcNAc(b1-6)[Gal(b1-4)GlcNAc(b1-2)]Man(a1-6)[GlcNAc(b1-4)][Gal(b1-4)GlcNAc(b1-4)[Gal(b1-4)GlcNAc(b1-2)]Man(a1-3)]Man(b1-4)GlcNAc(b1-4)GlcNAc(a1-Sp21,14.212450000000002,4.804200000000002,11.965500000000004,1.0097749999999994
Gal(b1-4)Gal(b1-Sp10,10.295049999999996,4.7575249999999984,13.797175,-4.419474999999997
Gal(b1-6)Gal(b1-Sp10,10.451374999999997,6.3116499999999975,10.421350000000002,17.868700000000008
Neu5Ac(a2-3)Gal(b1-4)GlcNAc(b1-3)Gal(b1-Sp8,-3.714249999999999,5.4856000000000025,-0.9213000000000005,-0.5272000000000023
GalNAc(b1-6)GalNAc(b1-Sp8,-1.3649250000000013,11.721375000000002,-0.6940500000000007,-4.290824999999998
(6S)Gal(b1-3)GlcNAc(b1-Sp0,-10.915,0.9925500000000014,-8.135150000000001,-7.860300000000002
(6S)Gal(b1-3)(6S)GlcNAc(a1-Sp0,2.247275,8.737649999999999,0.8639250000000009,4.141624999999999
Fuc(a1-2)Gal(b1-4) GlcNAc(b1-2)Man(a1-6)[Fuc(a1-2)Gal(b1-4)GlcNAc(b1-2)[Fuc(a1-2)Gal(b1-4)GlcNAc(b1-4)]Man(a1-3)]Man(b1-4)GlcNAc(b1-4)GlcNAc(b1-N,43.62995,52.614275000000006,50.73427499999998,112.74565
Fuc(a1-2)Gal(b1-4)[Fuc(a1-3)]GlcNAc(b1-2)Man(a1-6)[Fuc(a1-2)Gal(b1-4)[Fuc(a1-3)]GlcNAc(b1-4)[Fuc(a1-2)Gal(b1-4)[Fuc(a1-3)]GlcNAc(b1-2)]Man(a1-3)]Man(b1-4)GlcNAc(b1-4)GlcNAc(b1-N,23.42035,19.672725,13.229074999999998,32.543475
Gal(b1-4)[Fuc(a1-3)]GlcNAc(b1-6)GalNAc(a1-Sp14,6.229075000000003,0.9334999999999988,15.943075,8.564200000000001
Gal(b1-4)GlcNAc(b1-2)Man(a1-Sp0,6.160475,7.248675000000001,28.655574999999995,8.974224999999997
Fuc(a1-2)Gal(b1-4)GlcNAc(b1-6)[Fuc(a1-2)Gal(b1-4)GlcNAc(b1-3)]GalNAc(a1-Sp14,5.585750000000003,8.30415,7.883325000000001,13.479224999999996
Gal(a1-3)Fuc(a1-2)Gal(b1-4)GlcNAc(b1-6)[Gal(a1-3)Fuc(a1-2)Gal(b1-4)GlcNAc(b1-3)]GalNAc(a1-Sp14,2.8803500000000013,7.255599999999987,1.7914250000000005,1.7670999999999977
GalNAc(a1-3)[Fuc(a1-2)]Gal(b1-4)GlcNAc(b1-6)[GalNAc(a1-3)[Fuc(a1-2)]Gal(b1-4)GlcNAc(b1-3)]GalNAc(a1-Sp14,-3.5619000000000005,2.0988999999999995,6.987049999999997,0.8510999999999989
Neu5Ac(a2-8)Neu5Ac(a2-3)Gal(b1-3)GalNAc(b1-4)[Neu5Ac(a2-8)Neu5Ac(a2-3)]Gal(b1-4)Glc(b1-Sp0,11.269949999999994,14.083549999999995,11.507774999999995,8.04025
GalNAc(b1-4)Gal(b1-4)Glc(b1-Sp0,8.549000000000001,7.7291750000000015,4.098925,-0.26107499999999995
GalNAc(a1-3)[Fuc(a1-2)]Gal(b1-4)GlcNAc(b1-2)Man(a1-6)[GalNAc(a1-3)[Fuc(a1-2)]Gal(b1-4)GlcNAc(b1-2)Man(a1-3)]Man(b1-4)GlcNAc(b1-4)[Fuc(a1-6)]GlcNAc(b1-Sp22,51.52669999999999,104.8836,142.47662499999996,311.04237499999994
Gal(a1-3)[Fuc(a1-2)]Gal(b1-3)GlcNAc(b1-2)Man(a1-6)[Gal(a1-3)[Fuc(a1-2)]Gal(b1-3)GlcNAc(b1-2)Man(a1-3)]Man(b1-4)GlcNAc(b1-4)[Fuc(a1-6)]GlcNAc(b1-Sp22,74.86885000000002,123.36885,158.298475,358.8982
Neu5Ac(a2-6)Gal(b1-4)GlcNAc(b1-6)[Fuc(a1-2)Gal(b1-3)GlcNAc(b1-3)]Gal(b1-4)Glc(a1-Sp21,-2.1404749999999986,9.4396,6.9364500000000024,9.637425000000004
GalNAc(a1-3)[Fuc(a1-2)]Gal(b1-3)GlcNAc(b1-2)Man(a1-6)[GalNAc(a1-3)[Fuc(a1-2)]Gal(b1-3)GlcNAc(b1-2)Man(a1-3)]Man(b1-4)GlcNAc(b1-4)[Fuc(a1-6)]GlcNAc(b1-Sp22,113.976375,174.07865,172.332325,530.691875
Gal(b1-4)GlcNAc(b1-6)[Gal(b1-4)GlcNAc(b1-2)]Man(a1-6)[Gal(b1-4)GlcNAc(b1-2)Man(a1-3)]Man(b1-4)GlcNAc(b1-4)GlcNAc(b1-Sp19,2.0410000000000004,21.79765,8.970050000000002,10.504675
Neu5Ac(a2-3)Gal(b1-4)GlcNAc(b1-2)Man(a1-6)[GlcNAc(b1-4)][Neu5Ac(a2-3)Gal(b1-4)GlcNAc(b1-2)Man(a1-3)]Man(b1-4)GlcNAc(b1-4)GlcNAc(b1-Sp21,-2.82895,0.2493749999999988,2.3218,3.081275000000001
Neu5Ac(a2-3)Gal(b1-4)GlcNAc(b1-4)Man(a1-6)[GlcNAc(b1-4)][Neu5Ac(a2-3)Gal(b1-4)GlcNAc(b1-4)[Neu5Ac(a2-3)Gal(b1-4)GlcNAc(b1-2)]Man(a1-3)]Man(b1-4)GlcNAc(b1-4)GlcNAc(b1-Sp21,-1.3118250000000011,5.072675,2.698724999999996,6.153824999999999
Neu5Ac(a2-3)Gal(b1-4)GlcNAc(b1-6)[Neu5Ac(a2-3)Gal(b1-4)GlcNAc(b1-2)]Man(a1-6)[GlcNAc(b1-4)][Neu5Ac(a2-3)Gal(b1-4)GlcNAc(b1-2)Man(a1-3)]Man(b1-4)GlcNAc(b1-4)GlcNAc(b1-Sp21,0.4632749999999994,1.2743250000000002,-2.4754000000000005,-3.780124999999997
Neu5Ac(a2-3)Gal(b1-4)GlcNAc(b1-6)[Neu5Ac(a2-3)Gal(b1-4)GlcNAc(b1-2)]Man(a1-6)[GlcNAc(b1-4)][Neu5Ac(a2-3)Gal(b1-4)GlcNAc(b1-4)[Neu5Ac(a2-3)Gal(b1-4)GlcNAc(b1-2)]Man(a1-3)]Man(b1-4)GlcNAc(b1-4)GlcNAc(b1-Sp21,6.921900000000003,0.3968499999999997,-0.2639499999999977,-3.8927249999999987
Neu5Ac(a2-6)Gal(b1-4)GlcNAc(b1-2)Man(a1-6)[GlcNAc(b1-4)][Neu5Ac(a2-6)Gal(b1-4)GlcNAc(b1-2)Man(a1-3)]Man(b1-4)GlcNAc(b1-4)GlcNAc(b1-Sp21,-7.07855,4.217999999999999,4.181974999999996,-1.6557749999999951
Neu5Ac(a2-6)Gal(b1-4)GlcNAc(b1-4)Man(a1-6)[GlcNAc(b1-4)][Neu5Ac(a2-6)Gal(b1-4)GlcNAc(b1-4)[Neu5Ac(a2-6)Gal(b1-4)GlcNAc(b1-2)]Man(a1-3)]Man(b1-4)GlcNAc(b1-4)GlcNAc(b1-Sp21,20.45195,-5.996875,0.9036500000000008,3.2286
Neu5Ac(a2-6)Gal(b1-4)GlcNAc(b1-6)[Neu5Ac(a2-6)Gal(b1-4)GlcNAc(b1-2)]Man(a1-6)[GlcNAc(b1-4)][Neu5Ac(a2-6)Gal(b1-4)GlcNAc(b1-2)Man(a1-3)]Man(b1-4)GlcNAc(b1-4)GlcNAc(b1-Sp21,2.3880250000000025,10.123550000000003,-2.8268250000000013,-7.640249999999997
Neu5Ac(a2-6)Gal(b1-4)GlcNAc(b1-6)[Neu5Ac(a2-6)Gal(b1-4)GlcNAc(b1-2)]Man(a1-6)[GlcNAc(b1-4)][Neu5Ac(a2-6)Gal(b1-4)GlcNAc(b1-4)[Neu5Ac(a2-6)Gal(b1-4)GlcNAc(b1-2)]Man(a1-3)]Man(b1-4)GlcNAc(b1-4)GlcNAc(b1-Sp21,4.784799999999999,4.856525,7.0691500000000005,8.4083
Gal(a1-3)[Fuc(a1-2)]Gal(b1-3)GalNAc(a1-Sp8,2.8157,3.2753750000000004,-6.977925000000001,7.6525
Gal(a1-3)[Fuc(a1-2)]Gal(b1-3)GalNAc(b1-Sp8,4.552199999999999,8.246749999999999,2.2990499999999976,4.209250000000001
Glc(a1-6)Glc(a1-6)Glc(a1-6)Glc(b1-Sp10,14.423025,25.48745000000001,2.6213749999999987,11.2725
Glc(a1-4)Glc(a1-4)Glc(a1-4)Glc(b1-Sp10,6.4519249999999975,9.85225,9.763675,14.7549
Neu5Ac(a2-3)Gal(b1-4)GlcNAc(b1-6)[Neu5Ac(a2-3)Gal(b1-4)GlcNAc(b1-3)]GalNAc(a1-Sp14,3.949824999999999,7.024975000000002,8.583250000000001,14.708675
Fuc(a1-2)Gal(b1-4)[Fuc(a1-3)]GlcNAc(b1-2)Man(a1-6)[Fuc(a1-2)Gal(b1-4)[Fuc(a1-3)]GlcNAc(b1-2)Man(a1-3)]Man(b1-4)GlcNAc(b1-4)[Fuc(a1-6)]GlcNAc(b1-Sp24,14.389574999999995,9.404525,9.126125000000002,27.3921
Fuc(a1-2)Gal(b1-3)[Fuc(a1-4)]GlcNAc(b1-2)Man(a1-6)[Fuc(a1-2)Gal(b1-3)[Fuc(a1-4)]GlcNAc(b1-2)Man(a1-3)]Man(b1-4)GlcNAc(b1-4)[Fuc(a1-6)]GlcNA(cb-S)p(1-4)[Fuc(a1-6)]GlcNAc(b1-Sp19,19.7633,33.757400000000004,33.970375000000004,66.61452500000001
Neu5Ac(a2-3)Gal(b1-3)GlcNAc(b1-6)[Neu5Ac(a2-3)Gal(b1-4)GlcNAc(b1-2)]Man(a1-6)[Neu5Ac(a2-3)Gal(b1-3)GlcNAc(b1-2)Man(a1-3)]Man(b1-4)GlcNAc(b1-4)GlcNAc(b1-Sp19,12.405825000000002,45.16535,23.760025,39.79774999999999
GlcNAc(b1-6)[GlcNAc(b1-2)]Man(a1-6)[GlcNAc(b1-2)Man(a1-3)]Man(b1-4)GlcNAc(b1-4)[Fuc(a1-6)]GlcNAc(b1-Sp24,6.239675,5.186374999999998,19.285225,15.827799999999995
Gal(b1-3)GlcNAc(b1-2)Man(a1-6)[GlcNAc(b1-4)][Gal(b1-3)GlcNAc(b1-2)Man(a1-3)]Man(b1-4)GlcNAc(b1-4)GlcNAc(b1-Sp21,52.50802499999999,73.1458,119.07782499999996,277.401875
Neu5Ac(a2-6)Gal(b1-4)GlcNAc(b1-6)[Gal(b1-3)GlcNAc(b1-3)]Gal(b1-4)Glc(b1-Sp21,15.392824999999998,3.3614750000000013,-1.0734750000000022,2.439599999999997
Neu5Ac(a2-3)Gal(b1-4)GlcNAc(b1-2)Man(a1-Sp0,14.162425000000002,11.443625,17.900774999999996,18.377225
Neu5Ac(a2-3)Gal(b1-4)GlcNAc(b1-6)GalNAc(a1-Sp14,3.8883249999999983,5.652674999999999,-2.7692750000000004,-0.9868500000000004
Neu5Ac(a2-6)Gal(b1-4)GlcNAc(b1-6)GalNAc(a1-Sp14,17.9222,12.977625000000005,9.659874999999998,5.326925000000001
Neu5Ac(a2-6)Gal(b1-4)GlcNAc(b1-6)[Neu5Ac(a2-6)Gal(b1-4)GlcNAc(b1-3)]GalNAc(a1-Sp14,1.5791249999999994,1.7204750000000022,5.612525,2.3721500000000013
Neu5Ac(a2-6)Gal(b1-4)GlcNAc(b1-2)Man(a1-6)[Neu5Ac(a2-6)Gal(b1-4)GlcNAc(b1-2)Man(a1-3)]Man(b1-4)GlcNAc(b1-4)[Fuc(a1-6)]GlcNAc(b1-Sp24,-0.3939249999999985,2.376225,1.1324000000000023,-2.7097
Neu5Ac(a2-3)Gal(b1-4)GlcNAc(b1-2)Man(a1-6)[Neu5Ac(a2-3)Gal(b1-4)GlcNAc(b1-2)Man(a1-3)]Man(b1-4)GlcNAc(b1-4)[Fuc(a1-6)]GlcNAc(b1-Sp24,8.072474999999997,2.5652500000000016,-1.7166250000000003,7.63935
Man(a1-6)[Man(a1-3)]Man(b1-4)GlcNAc(b1-4)[Fuc(a1-6)]GlcNAc(b1-Sp19,1439.128725,2423.69045,2880.905400000001,5177.053150000002
Gal(b1-4)GlcNAc(b1-6)[Gal(b1-4)GlcNAc(b1-2)]Man(a1-6)[Gal(b1-4)GlcNAc(b1-2)Man(a1-3)]Man(b1-4)GlcNAc(b1-4)[Fuc(a1-6)]GlcNAc(b1-Sp24,8.123399999999998,18.76145,7.3375,11.938024999999998
Neu5Ac(a2-3)Gal(b1-3)GlcNAc(b1-2)Man(a1-6)[GlcNAc(b1-4)][Neu5Ac(a2-3)Gal(b1-3)GlcNAc(b1-2)Man(a1-3)]Man(b1-4)GlcNAc(b1-4)GlcNAc(a1-Sp21,20.649625,15.128625000000005,9.60425,60.45184999999999
Neu5Ac(a2-6)Gal(b1-4)GlcNAc(b1-6)[Fuc(a1-2)Gal(b1-4)[Fuc(a1-3)]GlcNAc(b1-3)]Gal(b1-4)Glc(a1-Sp21,3.5840499999999995,4.739200000000002,7.904250000000001,5.074574999999999
Gal(b1-3)GlcNAc(b1-6)GalNAc(a1-Sp14,8.746175000000001,3.272425,4.559249999999999,3.0444249999999986
Gal(a1-3)Gal(b1-3)GlcNAc(b1-6)GalNAc(a1-Sp14,8.085550000000003,3.656799999999997,2.4303999999999992,13.3107
Gal(b1-3)[Fuc(a1-4)]GlcNAc(b1-6)GalNAc(a1-Sp14,24.7562,13.598824999999998,25.037274999999994,24.4993
Neu5Ac(a2-3)Gal(b1-3)GlcNAc(b1-6)GalNAc(a1-Sp14,2.6106000000000016,12.08315,2.51555,-2.524699999999997
(3S)Gal(b1-3)[Fuc(a1-4)]GlcNAc(b1-Sp0,5.360525000000001,3.114799999999999,11.391225,8.877175000000003
Gal(b1-4)[Fuc(a1-3)]GlcNAc(b1-6)[Neu5Ac(a2-6)[Neu5Ac(a2-3)Gal(b1-3)]GlcNAc(b1-3)]Gal(b1-4)Glc(a1-Sp21,2.657150000000001,11.153649999999995,9.707649999999996,9.01325
Fuc(a1-2)Gal(b1-4)GlcNAc(b1-6)GalNAc(a1-Sp14,8.977749999999997,9.848675000000002,1.4515499999999977,23.866325000000003
Gal(a1-3)Gal(b1-4)GlcNAc(b1-6)GalNAc(a1-Sp14,2.53815,15.7213,2.4155750000000005,4.95355
Gal(b1-4)[Fuc(a1-3)]GlcNAc(b1-2)Man(a1-Sp0,7.851575,20.661375000000007,5.755774999999999,3.42
Fuc(a1-2)(6S)Gal(b1-3)GlcNAc(b1-Sp0,-0.3289,8.14285,1.1361500000000009,5.312725000000002
Gal(a1-3)[Fuc(a1-2)]Gal(b1-4)GlcNAc(b1-6)GalNAc(a1-Sp14,4.01815,1.6968499999999986,2.436475000000001,18.96105
Fuc(a1-2)Gal(b1-4)GlcNAc(b1-2)Man(a1-Sp0,1.5531500000000014,12.01865,1.8145,6.6552000000000024
Fuc(a1-2)Gal(b1-3)(6S)GlcNAc(b1-Sp0,7.902649999999999,13.290975,3.805,24.642725
Fuc(a1-2)(6S)Gal(b1-3)(6S)GlcNAc(b1-Sp0,14.328225,7.721525,13.261,-2.1206750000000003
Neu5Ac(a2-6)GalNAc(b1-4)(6S)GlcNAc(b1-Sp8,5.618024999999999,0.3597500000000009,29.062999999999995,28.861875
GalNAc(b1-4)[Fuc(a1-3)](6S)GlcNAc(b1-Sp8,-3.3520999999999983,4.348525000000001,2.776775000000001,5.341599999999998
(3S)GalNAc(b1-4)[Fuc(a1-3)]GlcNAc(b1-Sp8,-1.5636249999999985,4.625450000000002,-3.968874999999999,-0.7885750000000016
Fuc(a1-2)Gal(b1-3)GlcNAc(b1-6)[Fuc(a1-2)Gal(b1-3)GlcNAc(b1-3)]GalNAc(a1-Sp14,10.228975,14.602399999999998,4.944025,12.570774999999996
GalNAc(a1-3)[Fuc(a1-2)]Gal(b1-3)GlcNAc(b1-6)GalNAc(a1-Sp14,-4.377849999999999,13.23005,4.27605,-4.438049999999999
GlcNAc(b1-6)[GlcNAc(b1-2)]Man(a1-6)[GlcNAc(b1-4)][GlcNAc(b1-4)[GlcNAc(b1-2)]Man(a1-3)]Man(b1-4)GlcNAc(b1-4)[Fuc(a1-6)]GlcNAc(a1-Sp21,4.414974999999998,7.744175,0.2107499999999991,-5.9544
Gal(b1-4)GlcNAc(b1-6)[Gal(b1-4)GlcNAc(b1-2)]Man(a1-6)[GlcNAc(b1-4)]Gal(b1-4)GlcNAc(b1-4)[Gal (b1-4)GlcNAc(b1-2)]Man(a1-3)]Man(b1-4)GlcNAc(b1-4)[Fuc(a1-6)]GlcNAc(a1-Sp21,3.8808000000000025,1.0578250000000002,5.090475000000001,12.264624999999995
Gal(b1-3)GlcNAc(a1-3)Gal(b1-4)GlcNAc(b1-Sp8 ,0.38242500000000135,11.84405,7.249974999999999,-2.1781499999999987
Gal(b1-3)(6S)GlcNAc(b1-Sp8 ,7.210425000000001,3.701799999999997,-4.3892250000000015,-3.1471500000000034
(6S)(4S)GalNAc(b1-4)GlcNAc(a1-Sp8,-0.4811499999999978,9.2625,0.4783249999999999,-4.523125
(6S)GalNAc(b1-4)GlcNAc(a1-Sp8 ,4.997475000000001,8.363000000000001,-1.9369749999999983,-6.265450000000001
(3S)GalNAc(b1-4)(3S)GlcNAc(a1-Sp8,-3.9839499999999983,1.9356749999999976,-4.372674999999999,-8.907850000000002
GalNAc(b1-4)(6S)GlcNAc(a1-Sp8 ,2.1471749999999967,3.966475000000001,-2.817225,-0.18397499999999667
(3S)GalNAc(b1-4)GlcNAc(a1-Sp8 ,13.653825,5.063824999999999,-1.2605000000000004,3.4468499999999995
(4S)GalNac(b1-Sp10,1.0117000000000012,24.84169999999999,7.270825,8.662825
Gal(b1-4)(6P)GlcNAc(b1-Sp0 ,-0.6687749999999966,7.672699999999997,8.081700000000001,-7.751425000000001
(6P)Gal(b1-4)GlcNAc(b1-SP0 ,5.38345,4.451975000000002,7.7526249999999965,-2.0418499999999984
GalNAc(a1-3)[Fuc(a1-2)]Gal(b1-4)GlcNAc(b1-6)GalNAc(a1-Sp14,6.015575,2.7356500000000006,3.8480999999999987,15.936499999999995
Neu5Ac(a2-6)Gal(b1-4)GlcNAc(b1-2)Ma(n1-Sp0,2.703625000000001,7.448675,3.793425,-2.2409749999999997
Gal(a1-3)Gal(b1-4)GlcNAc(b1-2)Man(a1-Sp0,12.439225,9.469375,7.595675000000003,-0.6327750000000005
Gal(a1-3)[Fuc(a1-2)]Gal(b1-4)GlcNAc(b1-2)Man(a1-Sp0,9.407800000000002,7.076549999999999,-0.013125000000000496,4.460075
GalNAc(a1-3)[Fuc(a1-2)]Gal(b1-4) GlcNAc(b1-2)Man(a1-Sp0,12.368849999999998,1.3027749999999996,2.49355,9.5303
 Gal(b1-3)GlcNAc(b1-2)Man(a1-Sp0,2.3241500000000004,2.4434250000000013,5.238950000000003,1.6196249999999992
Gal(a1-3)[Fuc(a1-2)]Gal(b1-3)GlcNAc(b1-6)GalNAc(a1-Sp14,2.673125,17.275125000000006,6.878350000000002,-4.815525000000001
Neu5Ac(a2-3)Gal(b1-3)GlcNAc(b1-2)Man(a1-Sp0,-0.022624999999997897,10.643575,3.956199999999999,8.845775
Gal(a1-3)Gal(b1-3)GlcNAc(b1-2)Man(a1-Sp0,4.189974999999999,6.709075000000001,2.3123249999999977,7.279549999999999
GalNAc(b1-4)GlcNAc(b1-2)Man(a1-Sp0,2.8691750000000003,6.574674999999999,7.1197750000000015,-4.7670249999999985
Neu5Ac(a2-3)Gal(b1-3)GlcNAc(b1-4)Gal(b1-4)Glc(b1-Sp0,27.01635,6.9924500000000025,10.499899999999997,4.702674999999998
GlcNAc(b1-2) Man(a1-6)[GlcNAc(b1-4)][GlcNAc(b1-2)Man(a1-3)]Man(b1-4)GlcNAc(b1-4)[Fuc(a1-6)]GlcNAc(a1-Sp21,12.074475,-0.217625,6.0611,7.191575
Gal(b1-4)GlcNAc(b1-2)Man(a1-6)[GlcNAc(b1-4)][Gal(b1-4)GlcNAc(b1-2)Man(a1-3)]Man(b1-4)GlcNAc(b1-4)[Fuc(a1-6)]GlcNAc(a1-Sp21,0.10957500000000307,3.180175,-1.983800000000001,7.741975000000003
Gal(b1-4)GlcNAc(b1-2)Man(a1-6)[Gal(b1-4)GlcNAc(b1-4)][Gal(b1-4)GlcNAc(b1-2)Man(a1-3)]Man(b1-4)GlcNAc(b1-4)[Fuc(a1-6)]GlcNAc(a1-Sp21,18.766449999999992,10.452425000000002,9.507425,-0.03860000000000064
Fuc(a1-4)[Gal(b1-3)]GlcNAc(b1-2)Man(a1-Sp0,3.7143000000000015,5.2464749999999984,10.62895,13.017174999999998
Neu5Ac(a2-3)Gal(b1-4)[Fuc(a1-3)]GlcNAc(b1-2)Man(a1-Sp0,9.530750000000003,9.0701,15.6376,14.75105
GlcNAc(b1-3)Gal(b1-4)GlcNAc(b1-6)[GlcNAc(b1-3)]Gal(b1-4)GlcNAc(a1-Sp0,12.02715,9.899525,13.2396,30.782000000000004
GalNAc(a1-3)[Fuc(a1-2)]Gal(b1-3)GalNAc(b1-3)Gal(a1-4)Gal(b1-4)Glc(a1-Sp21,7.222199999999997,4.773125,5.294075000000001,0.17227500000000084
Gal(a1-3)[Fuc(a1-2)]Gal(b1-3)GalNAc(b1-3)Gal(a1-4)Gal(b1-4)Glc(a1-Sp21,6.979025,5.939450000000003,16.940800000000007,7.8866999999999985
Gal(b1-3)GalNAc(b1-3)Ga(l1-Sp21,15.4512,7.3016,10.374299999999998,-9.160325
GlcNAc(b1-3)Gal(b1-4)GlcNAc(b1-2)Man(a1-6)[GlcNAc(b1-3)Gal(b1-4)GlcNAc(b1-2)Man(a1-3)]Man(b1-4)GlcNAc(b1-4)GlcNAc(b1-Sp12,0.5281250000000028,-4.619900000000001,6.960825,2.8678250000000034
GlcNAc(b1-3)Gal(b1-4)GlcNAc(b1-2)Man(a1-6)[GlcNAc(b1-3)Gal(b1-4)GlcNAc(b1-2)Man(a1-3)]Man(b1-4)GlcNAc(b1-4)GlcNAc(b1-Sp25,7.749249999999996,10.010550000000002,24.836875,3.3952250000000035
Gal(b1-4)GlcNAc(b1-3)Gal(b1-4)GlcNAc(b1-2)Man(a1-6)[Gal(b1-4)GlcNAc(b1-3)Gal(b1-4)GlcNAc(b1-2)Man(a1-3)]Man(b1-4)GlcNAc(b1-4)GlcNAc(b1-Sp12,38.505675,57.176775000000006,46.10202500000001,64.97934999999998
Gal(b1-4)GlcNAc(b1-3)Gal(b1-4)GlcNAc(b1-2)Man(a1-6)[Gal(b1-4)GlcNAc(b1-3)Gal(b1-4)GlcNAc(b1-2)Man(a1-3)]Man(b1-4)GlcNAc(b1-4)GlcNAc(b1-Sp24,19.703199999999995,1.6639,14.677149999999996,28.04770000000001
Neu5Gc(a2-3)Gal(b1-4)GlcNAc(b1-3)Gal(b1-4)GlcNAc(b1-2)Man(a1-6)[Neu5Gc(a2-3)Gal(b1-4)GlcNAc(b1-3)Gal(b1-4)GlcNAc(b1-2)Man(a1-3)]Man(b1-4)GlcNAc(b1-4)GlcNAc(b1-Sp24,4.817100000000001,5.918100000000003,11.090849999999996,6.049825
Fuc(a1-2)Gal(b1-4)GlcNAc(b1-3)Gal(b1-4)GlcNAc(b1-2)Man(a1-6)[Fuc(a1-2)Gal(b1-4)GlcNAc(b1-3)Gal(b1-4)GlcNAc(b1-2)Man(a1-3)]Man(b1-4)GlcNAc(b1-4)GlcNAc(b1-Sp24,8.85495,6.470274999999997,17.773874999999997,25.463675
GlcNAc(b1-3)Gal(b1-4)GlcNAc(b1-3)Gal(b1-4)GlcNAc(b1-2)Man(a1-6)[GlcNAc(b1-3)Gal(b1-4)GlcNAc(b1-3)Gal(b1-4)GlcNAc(b1-2)Man(a1-3)]Man(b1-4)GlcNAc(b1-4)GlcNAc(b1-Sp12,31.090850000000003,35.616775,47.1118,61.2975
GlcNAc(b1-3)Gal(b1-4)GlcNAc(b1-3)Gal(b1-4)GlcNAc(b1-2)Man(a1-6)[GlcNAc(b1-3)Gal(b1-4)GlcNAc(b1-3)Gal(b1-4)GlcNAc(b1-2)Man(a1-3)]Man(b1-4)GlcNAc(b1-4)GlcNAc(b1-Sp25,20.66875,5.801750000000002,18.45145,17.8628
Gal(b1-4)GlcNAc(b1-3)Gal(b1-4)GlcNAc(b1-3)Gal(b1-4)GlcNAc(b1-2)Man(a1-6)[Gal(b1-4)GlcNAc(b1-3)Gal(b1-4)GlcNAc(b1-3)Gal(b1-4)GlcNAc(b1-2)Man(a1-3)]Man(b1-4)GlcNAc(b1-4)GlcNAc(b1-Sp12,95.91639999999998,52.92585,83.94739999999999,124.07949999999997
Gal(b1-4)GlcNAc(b1-3)Gal(b1-4)GlcNAc(b1-3)Gal(b1-4)GlcNAc(b1-2)Man(a1-6)[Gal(b1-4)GlcNAc(b1-3)Gal(b1-4)GlcNAc(b1-3)Gal(b1-4)GlcNAc(b1-2)Man(a1-3)]Man(b1-4)GlcNAc(b1-4)GlcNAc(b1-Sp24,13.464200000000005,8.591474999999999,14.95515,21.770824999999995
GlcNAc(b1-3)Gal(b1-4)GlcNAc(b1-3)Gal(b1-4)GlcNAc(b1-3)Gal(b1-4)GlcNAc(b1-2)Man(a1-6)[GlcNAc(b1-3)Gal(b1-4)GlcNAc(b1-3)Gal(b1-4)GlcNAc(b1-3)Gal(b1-4)GlcNAc(b1-2)Man(a1-3)]Man(b1-4)GlcNAc(b1-4)GlcNAc(b1-Sp25,-2.876075,18.8854,11.938050000000002,18.237275
Gal(b1-4)GlcNAc(b1-3)Gal(b1-4)GlcNAc(b1-3)Gal(b1-4)GlcNAc(b1-3)Gal(b1-4)GlcNAc(b1-2)Man(a1-6)[Gal(b1-4)GlcNAc(b1-3)Gal(b1-4)GlcNAc(b1-3)Gal(b1-4)GlcNAc(b1-3)Gal(b1-4)GlcNAc(b1-2)Man(a1-3)]Man(b1-4)GlcNAc(b1-4)GlcNAc(b1-Sp25,12.242875000000002,12.586875,9.616950000000003,10.02525
Gal(b1-3)GlcNAc(b1-3)Gal(b1-4)GlcNAc(b1-2)Man(a1-6)[Gal(b1-3)GlcNAc(b1-3)Gal(b1-4)GlcNAc(b1-2)Man(a1-3)]Man(b1-4)GlcNAc(b1-4)GlcNAc(a1-Sp25,30.509925,49.11045000000001,88.64417500000002,68.66097500000001
Neu5Gc(a2-8)Neu5Gc(a2-3)Gal(b1-4)GlcNAc(a1-Sp0,9.49895,2.9216500000000005,-0.9987249999999984,6.816700000000001
Neu5Ac(a2-8)Neu5Gc(a2-3)Gal(b1-4)GlcNAc(a1-Sp0,2.4085000000000023,6.656224999999999,9.813575,1.1358250000000003
Neu5Gc(a2-8)Neu5Ac(a2-3)Gal(b1-4)GlcNAc(a1-Sp0,1.3048249999999992,-2.978025000000001,7.410275000000002,0.7056749999999994
Neu5Gc(a2-8)Neu5Gc(a2-3)Gal(b1-4)GlcNAc(b1-3)Gal(b1-4)GlcNAc(a1-Sp0,-3.0116750000000003,6.22485,11.504475000000005,-1.9754500000000004
Neu5Gc(a2-8)Neu5Gc(a2-6)Gal(b1-4)GlcNAc(a1-Sp0,-0.33055000000000234,0.753125,4.89235,0.1903250000000014
Neu5Ac(a2-8)Neu5Ac(a2-3)Gal(b1-4)GlcNAc(a1-Sp0,3.950449999999999,3.159224999999997,-1.8753499999999967,-2.4123500000000018
GlcNAc(b1-3)Gal(b1-4)GlcNAc(b1-6)[GlcNAc(b1-3)Gal(b1-4)GlcNAc(b1-2)]Man(a1-6)[GlcNAc(b1-3)Gal(b1-4)GlcNAc(b1-2)]Man(a1-3)]Man(b1-4)GlcNAc(b1-4)GlcNAc(a1-Sp24,29.863225,24.54407500000001,38.425175,53.18927500000001
Gal(b1-4)GlcNAc(b1-3)Gal(b1-4)GlcNAc(b1-6)[Gal(b1-4)GlcNAc(b1-3)Gal(b1-4)GlcNAc(b1-2)]Man(a1-6)[Gal(b1-4)GlcNAc(b1-3)Gal(b1-4)GlcNAc(b1-2)Man(a1-3)]Man(a1-4)GlcNAc(b1-4)GlcNAc(a1-Sp24,29.64135,9.012100000000002,16.6965,25.04132500000001
Gal(a1-3)Gal(b1-4)GlcNAc(b1-2)Man(a1-6)[Gal(a1-3)Gal(b1-4)GlcNAc(b1-2)Man(a1-3)]Man(b1-4)GlcNAc(b1-4)GlcNAc(a1-Sp24,31.63890000000001,53.4388,443.28690000000006,3498.5056
GlcNAc(b1-3)Gal(b1-4)GlcNAc(b1-6)[GlcNAc(b1-3)Gal(b1-3)]GalNAc(a1-Sp14,7.6511,18.593675,6.749974999999997,30.856
GalNAc(b1-3)GlcNAc(b1-Sp0 ,4.685475,7.390050000000002,4.026750000000002,0.4083249999999978
GalNAc(b1-4)GlcNAc(b1-3)GalNAc(b1-4)GlcNAc(b1-Sp0 ,0.8876500000000007,5.7960499999999975,0.6348749999999992,9.305825000000002
GlcNAc(b1-3)Gal(b1-4)GlcNAc(b1-3)Gal(b1-4)GlcNAc(b1-3)Gal(b1-4)GlcNAc(b1-3)Gal(b1-4)GlcNAc(b1-2)Man(a1-6)[GlcNAc(b1-3)Gal(b1-4)GlcNAc(b1-3)Gal(b1-4)GlcNAc(b1-3)Gal(b1-4)GlcNAc(b1-3)Gal(b1-4)GlcNAc(b1-2)Man(a1-3)]Man(b1-4)GlcNAc(b1-4)GlcNAc(b1-Sp25,12.827625,8.101924999999998,12.164375,36.0549
Gal(b1-4)GlcNAc(b1-3)Gal(b1-4)GlcNAc(b1-3)Gal(b1-4)GlcNAc(b1-3)Gal(b1-4)GlcNAc(b1-3)Gal(b1-4)GlcNAc(b1-2)Man(a1-6)[Gal(b1-4)GlcNAc(b1-3)Gal(b1-4)GlcNAc(b1-3)Gal(b1-4)GlcNAc(b1-3)Gal(b1-4)GlcNAc(b1-3)Gal(b1-4)GlcNAc(b1-2)Man(a1-3)]Man(b1-4)GlcNAc(b1-4)GlcNAc(b1-Sp25,8.40765,17.787425,13.091824999999998,15.841825000000005
GlcNA(b1-3)Gal(b1-3)GalNAc(a1-Sp14,311.212475,236.13447500000004,459.06117499999993,501.3490749999999
Gal(b1-3)GlcNAc(b1-6)[Gal(b1-3)]GalNAc(a1-Sp14,20.820775000000005,16.321075000000004,25.14657500000001,30.025925
Gal(b1-4)GlcNAc(b1-3)Gal(b1-4)GlcNAc(b1-3)Gal(b1-4)GlcNAc(b1-3)Gal(b1-4)GlcNAc(b1-3)Gal(b1-4)GlcNAc(b1-3)Gal(b1-4)GlcNAc(b1-2)Man(a1-6)[Gal(b1-4)GlcNAc(b1-3)Gal(b1-4)GlcNAc(b1-3)Gal(b1-4)GlcNAc(b1-3)Gal(b1-4)GlcNAc(b1-3)Gal(b1-4)GlcNAc(b1-3)Gal(b1-4)GlcNAc(b1-2)Man(a1-3)]Man(b1-4)GlcNAc(b1-4)GlcNAc(b1-Sp25,-3.6950499999999984,14.848325000000004,17.219075,43.18850000000001
(3S)GlcA(b1-3)Gal(b1-4)GlcNAc(b1-3)Gal(b1-4)Glc(a1-Sp0,5.9548000000000005,4.148525,4.4000499999999985,7.126325000000001
(3S)GlcA(b1-3)Gal(b1-4)GlcNAc(b1-2)Man(a1-Sp0,2.493825000000001,3.1375249999999983,-0.3848250000000011,15.640425000000008
Gal(b1-3)GlcNAc(b1-3)Gal(b1-4)GlcNAc(b1-3)Gal(b1-4)GlcNAc(b1-6)[Gal(b1-3)GlcNAc(b1-3)Gal(b1-4)GlcNAc(b1-3)Gal(b1-4)GlcNA(b1-2)]Man(a1-6)[Gal(b1-3)GlcNAc(b1-3)Gal(b1-4)GlcNAc(b1-3)Gal(b1-4)GlcNAc(b1-2)Man(a1-3)]Man(b1-4)GlcNAc(b1-4)[Fuc(a1-6)]GlcNAc(b1-Sp24,366.414075,275.5801,544.0297999999998,826.665325
Gal(b1-3)GlcNAc(b1-3)Gal(b1-4)GlcNAc(b1-6)[Gal(b1-3)GlcNAc(b1-3)Gal(b1-4)GlcNA(b1-2)]Man(a1-6)[Gal(b1-3)GlcNAc(b1-3)Gal(b1-4)GlcNAc(b1-2)Man(a1-3)]Man(b1-4)GlcNAc(b1-4)[Fuc(a1-6)]GlcNAc(b1-Sp24,352.258975,364.65297500000014,523.0470750000002,1033.8440750000002
Neu5Ac(a2-8)Neu5Ac(a2-3)Gal(b1-3)GalNAc(b1-4)[Neu5Ac(a2-3)]Gal(b1-4)Glc(a1-Sp21,-5.052025000000001,12.42395,-2.5624,-2.1936500000000017
GlcNAc(b1-3)Gal(b1-4)GlcNAc(b1-2)Man(a1-6)[GlcNAc(b1-3)Gal(b1-4)GlcNAc(b1-2)Man(a1-3)]Man(b1-4)GlcNAc(b1-4)[Fuc(a1-6)]GlcNAc(b1-Sp24,17.6207,14.253549999999995,41.2462,29.114674999999995
Gal(b1-4)GlcNAc(b1-3)Gal(b1-4)GlcNAc(b1-2)Man(a1-6)[Gal(b1-4)GlcNAc(b1-3)Gal(b1-4)GlcNAc(b1-2)Man(a1-3)]Man(b1-4)GlcNAc(b1-4)[Fuc(a1-6)]GlcNAc(b1-Sp24,22.776425,20.032925,29.711675,65.40445
GlcNAc(b1-3)Gal(b1-4)GlcNAc(b1-3)Gal(b1-4)GlcNAc(b1-2)Man(a1-6)[GlcNAc(b1-3)Gal(b1-4)GlcNAc(b1-3)Gal(b1-4)GlcNAc(b1-2)Man(a1-3)]Man(b1-4)GlcNAc(b1-4)[Fuc(a1-6)]GlcNAc(b1-Sp24,18.835825,12.971475000000005,13.632800000000007,22.59845
Gal(b1-4)GlcNAc(b1-3)Gal(b1-4)GlcNAc(b1-3)Gal(b1-4)GlcNAc(b1-2)Man(a1-6)[Gal(b1-4)GlcNAc(b1-3)Gal(b1-4)GlcNAc(b1-3)Gal(b1-4)GlcNAc(b1-2)Man(a1-3)]Man(b1-4)GlcNAc(b1-4)[Fuc(a1-6)]GlcNAc(b1-Sp24,14.928875,18.75555,13.747075000000004,30.188525
GlcNAc(b1-3)Gal(b1-4)GlcNAc(b1-3)Gal(b1-4)GlcNAc(b1-3)Gal(b1-4)GlcNAc(b1-2)Man(a1-6)[GlcNAc(b1-3)Gal(b1-4)GlcNAc(b1-3)Gal(b1-4)GlcNAc(b1-3)Gal(b1-4)GlcNAc(b1-2)Man(a1-3)]Man(b1-4)GlcNAc(b1-4)[Fuc(a1-6)]GlcNAc(b1-Sp24,6.518625,25.183675000000008,19.539975000000005,40.96610000000001
Gal(b1-4)GlcNAc(b1-3)Gal(b1-4)GlcNAc(b1-3)Gal(b1-4)GlcNAc(b1-3)Gal(b1-4)GlcNAc(b1-2)Man(a1-6)[Gal(b1-4)GlcNAc(b1-3)Gal(b1-4)GlcNAc(b1-3)Gal(b1-4)GlcNAc(b1-3)Gal(b1-4)GlcNAc(b1-2)Man(a1-3)]Man(b1-4)GlcNAc(b1-4)[Fuc(a1-6)]GlcNAc(b1-Sp24,23.202400000000004,16.967825000000005,24.6443,7.8463749999999965
GlcNAc(b1-3)Gal(b1-4)GlcNAc(b1-3)Gal(b1-4)GlcNAc(b1-3)Gal(b1-4)GlcNAc(b1-3)Gal(b1-4)GlcNAc(b1-2)Man(a1-6)[GlcNAc(b1-3)Gal(b1-4)GlcNAc(b1-3)Gal(b1-4)GlcNAc(b1-3)Gal(b1-4)GlcNAc(b1-3)Gal(b1-4)GlcNAc(b1-2)Man(a1-3)]Man(b1-4)GlcNAc(b1-4)[Fuc(a1-6)]GlcNAc(b1-Sp19,8.586374999999997,17.602225000000004,10.434300000000004,31.073775
Gal(b1-4)GlcNAc(b1-3)Gal(b1-4)GlcNAc(b1-3)Gal(b1-4)GlcNAc(b1-3)Gal(b1-4)GlcNAc(b1-3)Gal(b1-4)GlcNAc(b1-2)Man(a1-6)[Gal(b1-4)GlcNAc(b1-3)Gal(b1-4)GlcNAc(b1-3)Gal(b1-4)GlcNAc(b1-3)Gal(b1-4)GlcNAc(b1-3)Gal(b1-4)GlcNAc(b1-2)Man(a1-3)]Man(b1-4)GlcNAc(b1-4)[Fuc(a1-6)]GlcNAc(b1-Sp19,8.267999999999999,13.592150000000002,11.231524999999998,15.969824999999995
Gal(b1-4)GlcNAc(b1-3)Gal(b1-4)GlcNAc(b1-6)[Gal(b1-4)GlcNAc(b1-3)Gal(b1-4)GlcNA(b1-2)]Man(a1-6)[Gal(b1-4)GlcNAc(b1-3)Gal(b1-4)GlcNAc(b1-2)Man(a1-3)]Man(b1-4)GlcNAc(b1-4)[Fuc(a1-6)]GlcNAc(b1-Sp24,21.94785,34.401450000000004,41.220650000000006,35.31495
GlcNAc(b1-3)Gal(b1-4)GlcNAc(b1-3)Gal(b1-4)GlcNAc(b1-6)[GlcNAc(b1-3)Gal(b1-4)GlcNAc(b1-3)Gal(b1-4)GlcNA(b1-2)]Man(a1-6)[GlcNAc(b1-3)Gal(b1-4)GlcNAc(b1-3)Gal(b1-4)GlcNAc(b1-2)Man(a1-3)]Man(b1-4)GlcNAc(b1-4)[Fuc(a1-6)]GlcNAc(b1-Sp24,7.667075,21.74942500000001,13.271175,23.201825
Gal(b1-4)GlcNAc(b1-3)Gal(b1-4)GlcNAc(b1-3)Gal(b1-4)GlcNAc(b1-6)[Gal(b1-4)GlcNAc(b1-3)Gal(b1-4)GlcNAc(b1-3)Gal(b1-4)GlcNA(b1-2)]Man(a1-6)[Gal(b1-4)GlcNAc(b1-3)Gal(b1-4)GlcNAc(b1-3)Gal(b1-4)GlcNAc(b1-2)Man(a1-3)]Man(b1-4)GlcNAc(b1-4)[Fuc(a1-6)]GlcNAc(b1-Sp24,30.325325,26.630025,27.861774999999994,34.771275
GlcNAc(b1-3)Gal(b1-4)GlcNAc(b1-3)Gal(b1-4)GlcNAc(b1-3)Gal(b1-4)GlcNAc(b1-6)[GlcNAc(b1-3)Gal(b1-4)GlcNAc(b1-3)Gal(b1-4)GlcNAc(b1-3)Gal(b1-4)GlcNA(b1-2)]Man(a1-6)[GlcNAc(b1-3)Gal(b1-4)GlcNAc(b1-3)Gal(b1-4)GlcNAc(b1-3)Gal(b1-4)GlcNAc(b1-2)Man(a1-3)]Man(b1-4)GlcNAc(b1-4)[Fuc(a1-6)]GlcNAc(b1-Sp24,10.028624999999996,20.750225,14.399600000000005,24.85995
Gal(b1-4)GlcNAc(b1-3)Gal(b1-4)GlcNAc(b1-3)Gal(b1-4)GlcNAc(b1-3)Gal(b1-4)GlcNAc(b1-6)[Gal(b1-4)GlcNAc(b1-3)Gal(b1-4)GlcNAc(b1-3)Gal(b1-4)GlcNAc(b1-3)Gal(b1-4)GlcNA(b1-2)]Man(a1-6)[Gal(b1-4)GlcNAc(b1-3)Gal(b1-4)GlcNAc(b1-3)Gal(b1-4)GlcNAc(b1-3)Gal(b1-4)GlcNAc(b1-2)Man(a1-3)]Man(b1-4)GlcNAc(b1-4)[Fuc(a1-6)]GlcNAc(b1-Sp24,9.150525000000004,5.680625,8.478674999999999,11.072249999999995
GlcNAc(b1-3)Gal(b1-4)GlcNAc(b1-3)Gal(b1-4)GlcNAc(b1-3)Gal(b1-4)GlcNAc(b1-3)Gal(b1-4)GlcNAc(b1-6)[GlcNAc(b1-3)Gal(b1-4)GlcNAc(b1-3)Gal(b1-4)GlcNAc(b1-3)Gal(b1-4)GlcNAc(b1-3)Gal(b1-4)GlcNA(b1-2)]Man(a1-6)[GlcNAc(b1-3)Gal(b1-4)GlcNAc(b1-3)Gal(b1-4)GlcNAc(b1-3)Gal(b1-4)GlcNAc(b1-3)Gal(b1-4)GlcNAc(b1-2)Man(a1-3)]Man(b1-4)GlcNAc(b1-4)[Fuc(a1-6)]GlcNAc(b1-Sp24,9.166574999999998,28.03165,29.1907,51.5894
Gal(b1-4)GlcNAc(b1-3)Gal(b1-4)GlcNAc(b1-3)Gal(b1-4)GlcNAc(b1-3)Gal(b1-4)GlcNAc(b1-3)Gal(b1-4)GlcNAc(b1-6)[Gal(b1-4)GlcNAc(b1-3)Gal(b1-4)GlcNAc(b1-3)Gal(b1-4)GlcNAc(b1-3)Gal(b1-4)GlcNAc(b1-3)Gal(b1-4)GlcNA(b1-2)]Man(a1-6)[Gal(b1-4)GlcNAc(b1-3)Gal(b1-4)GlcNAc(b1-3)Gal(b1-4)GlcNAc(b1-3)Gal(b1-4)GlcNAc(b1-3)Gal(b1-4)GlcNAc(b1-2)Man(a1-3)]Man(b1-4)GlcNAc(b1-4)[Fuc(a1-6)]GlcNAc(b1-Sp24,35.033625,24.00735,13.569400000000002,36.9125
Gal(b1-4)GlcNAc(b1-3)Gal(b1-4)GlcNAc(b1-3)GalNAc(a1-Sp14,53.186575,204.45975,181.113,99.857825
Gal(b1-4)GlcNAc(b1-3)Gal(b1-4)GlcNAc(b1-6)[Gal(b1-3)]GalNAc(a1-Sp14,23.397975,30.58652499999999,33.73547500000001,42.466
Gal(b1-4)GlcNAc(b1-3)Gal(b1-4)GlcNAc(b1-6)[Gal(b1-4)GlcNAc(b1-3)Gal(b1-4)GlcNAc(b1-3)]GalNAc(a1-Sp14,39.981125,23.839500000000008,35.436675,44.93537499999999
Neu5Ac(a2-3)Gal(b1-4)GlcNAc(b1-3)Gal(b1-4)GlcNAc(b1-3)GalNAc(a1-Sp14,8.372999999999998,16.184875000000005,40.27004999999999,62.97632500000002
GlcNAc(b1-3)Gal(b1-4)GlcNAc(b1-3)GalNAc(a1-Sp14,46.645975,265.7201,269.65930000000003,83.55647499999998
GlcNAc(b1-3)Gal(b1-4)GlcNAc(b1-6)[Gal(b1-3)]GalNAc(a1-Sp14,13.496625000000005,5.870049999999999,4.437449999999998,8.757125
GlcNAc(b1-3)Gal(b1-4)GlcNAc(b1-6)[GlcNAc(b1-3)Gal(b1-4)GlcNAc(b1-3)]GalNAc(a1-Sp14,9.461875,14.1446,5.8592,-2.7912000000000017
Neu5Ac(a2-3)Gal(b1-4)GlcNAc(b1-3)Gal(b1-4)GlcNAc(b1-6)[Neu5Ac(a2-3)Gal(b1-4)GlcNAc(b1-3)Gal(b1-4)GlcNAc(b1-3)]GalNAc(a1-Sp14,1.2579250000000002,12.839725,5.290424999999999,20.179000000000002
Neu5Ac(a2-6)Gal(b1-4)GlcNAc(b1-3)Gal(b1-4)GlcNAc(b1-3)GalNAc(a1-Sp14,113.1781,181.18660000000003,131.61405000000002,174.324375
GlcNAc(b1-3)Gal(b1-4)GlcNAc(b1-3)Gal(b1-4)GlcNAc(b1-3)GalNAc(a1-Sp14,360.80300000000005,369.0633,182.36907500000007,627.8822
Gal(b1-4)GlcNAc(b1-3)Gal(b1-3)GalNAc(a1-Sp14,479.281875,424.896125,244.18935,697.9392000000001
Neu5Ac(a2-3)Gal(b1-4)GlcNAc(b1-3)Gal(b1-4)GlcNAc(b1-6)[Gal(b1-3)]GalNAc(a1-Sp14,24.884125,14.5113,11.70495,9.809425
Neu5Ac(a2-6)Gal(b1-4)GlcNAc(b1-3)Gal(b1-4)GlcNAc(b1-6)[Gal(b1-3)]GalNAc(a1-Sp14,7.706374999999999,14.356225,13.876699999999996,11.065024999999995
Neu5Ac(a2-6)Gal(b1-4)GlcNAc(b1-6)[Gal(b1-3)]GalNAc(a1-Sp14,4.731574999999996,1.848125,12.66405,9.1842
Neu5Ac(a2-3)Gal(b1-4)GlcNAc(b1-3)Gal(b1-4)GlcNAc(b1-2)Man(a1-6)[Neu5Ac(a2-3)Gal(b1-4)GlcNAc(b1-3)Gal(b1-4)GlcNAc(b1-2)Man(a1-3)]Man(b1-4)GlcNAc(b1-4)GlcNAc(b1-Sp12,47.00744999999999,52.366625,70.00102500000001,80.85539999999997
GlcNAc(b1-6)[Neu5Ac(a2-3)Gal(b1-3)]GalNAc(a1-Sp14,10.660874999999997,7.18245,-2.1434,0.4222250000000027
Neu5Ac(a2-6)Gal(b1-4)GlcNAc(b1-3)Gal(b1-4)GlcNAc(b1-6)[Neu5Ac(a2-6)Gal(b1-4)GlcNAc(b1-3)Gal(b1-4)GlcNAc(b1-3)]GalNAc(a1-Sp14,31.181425,53.8277,58.86165,62.2357
Neu5Ac(a2-6)Gal(b1-4)GlcNAc(b1-3)Gal(b1-4)GlcNAc(b1-3)Gal(b1-4)GlcNAc(b1-2)Man(a1-6)[Neu5Ac(a2-6)Gal(b1-4)GlcNAc(b1-3)Gal(b1-4)GlcNAc(b1-3)Gal(b1-4)GlcNAc(b1-2)Man(a1-3)]Man(b1-4)GlcNAc(b1-4)GlcNAc(b1-Sp12,32.781175,25.35397500000001,27.375550000000004,35.511925
Neu5Ac(a2-3)Gal(b1-4)GlcNAc(b1-3)Gal(b1-4)GlcNAc(b1-3)Gal(b1-4)GlcNAc(b1-2)Man(a1-6)[Neu5Ac(a2-3)Gal(b1-4)GlcNAc(b1-3)Gal(b1-4)GlcNAc(b1-3)Gal(b1-4)GlcNAc(b1-2)Man(a1-3)]Man(b1-4)GlcNAc(b1-4)GlcNAc(b1-Sp12,44.250125,64.27072500000003,56.28872500000002,78.25957500000001
Neu5Ac(a2-6)Gal(b1-4)GlcNAc(b1-3)Gal(b1-4)GlcNAc(b1-2)Man(a1-6)[Neu5Ac(a2-6)Gal(b1-4)GlcNAc(b1-3)Gal(b1-4)GlcNAc(b1-2)Man(a1-3)]Man(b1-4)GlcNAc(b1-4)GlcNAc(b1-Sp12,22.317325000000004,15.116275,24.527475,31.048050000000003
GlcNAc(b1-3)Fuc(a1-Sp21,5.3545250000000015,16.742174999999996,5.5944,6.011199999999999
Gal(b1-3)GalNAc(b1-4)[Neu5Ac(a2-8)Neu5Ac(a2-8)Neu5Ac(a2-3)]Gal(b1-4)Glc(b1-Sp21,33.603675,12.084725,6.561800000000005,28.73955
