IUPAC,LEL (0.1ug/ml),LEL (1ug/ml),LEL (10ug/ml),LEL (100 ug/ml)
Gal(a1-Sp8,8.434975,6.2665000000000015,31.1505,33.749325000000006
Glc(a1-Sp8,2.8512249999999995,21.532125000000004,25.28215,17.376325
Man(a1-Sp8,21.833424999999995,18.18255,43.1785,36.61535000000001
GalNAc(a1-Sp8,13.079500000000005,0.4852749999999979,8.586075000000001,13.71745
GalNAc(a1-Sp15,34.00235,19.183950000000006,17.307625,44.41945000000001
Fuc(a1-Sp8,5.065225,13.242375,14.875350000000005,15.230124999999996
Fuc(a1-Sp9,0.22452499999999986,4.005799999999999,6.6079500000000015,24.69015
Rha(a1-Sp8,14.664275,1.2223500000000005,13.376325000000005,18.619025
Neu5Ac(a1-Sp8,15.66875,10.31615,25.465225,24.2254
Neu5Ac(a1-Sp11,9.246174999999994,4.9205000000000005,-0.3423999999999996,9.141775
Neu5Ac(b1-Sp8,0.8417750000000002,4.384475,25.443,19.11695
Gal(b1-Sp8,15.120875,20.122825,10.766074999999995,25.305374999999994
Glc(b1-Sp8,11.553975,9.105200000000002,8.085274999999998,28.25447500000001
Man(b1-Sp8,11.488899999999996,36.68525,10.622274999999998,19.204800000000006
GalNAc(b1-Sp8,8.592850000000002,14.19945,17.2136,11.052675
GlcNAc(b1-Sp0,34.547175,11.783975,15.7479,38.140375
GlcNAc(b1-Sp8,2.329350000000004,3.539925000000004,16.072650000000007,15.062825000000005
GlcN[Gc](b1-Sp8,12.3148,14.105025,11.042224999999995,8.683099999999998
Gal(b1-4)GlcNAc(b1-6)[Gal(b1-4)GlcNAc(b1-3)]GalNAc(a1-Sp8,6.257250000000001,5.043849999999999,113.49525,2750.4118749999993
Gal(b1-4)GlcNAc(b1-6)[Gal(b1-4)GlcNAc(b1-3)]GalNAc(a1-Sp14,13.079775,5.214724999999998,17.9462,64.661325
GlcNAc(b1-6)[GlcNAc(b1-4)][GlcNAc(b1-3)]GlcNAc(a1-Sp8,18.52095,4.005700000000001,3.6373750000000014,14.280825000000005
6S(3S)Gal(b1-4)(6S)GlcNAc(b1-Sp0,2.2593,0.3463249999999993,20.495200000000004,312.568225
6S(3S)Gal(b1-4)GlcNAc(b1-Sp0,12.319375,12.366925000000005,-0.8228499999999981,11.725299999999995
(3S)Gal(b1-4)[Fuc(a1-3)](6S)Glc(a1-Sp0,27.817125000000004,48.846825,29.636775,31.50509999999999
(3S)Gal(b1-4)Glc(b1-Sp8,9.030024999999998,9.436975,18.307224999999995,8.813475
(3S)Gal(b1-4)(6S)Glc(b1-Sp0,7.333299999999999,6.14465,8.459575000000003,6.637675
(3S)Gal(b1-4)(6S)Glc(b1-Sp8,7.235125,7.968449999999999,21.413,33.75552500000001
(3S)Gal(b1-3)[Fuc(a1-4)]GlcNAc(b1-Sp8,4.541550000000001,7.181149999999999,3.601675000000001,4.226325000000001
(3S)Gal(b1-3)GalNAc(a1-Sp8,18.379225,3.2818500000000013,0.248475,17.550850000000004
(3S)Gal(b1-3)GlcNAc(b1-Sp0,15.391025,7.555125000000004,2.434975,0.13997499999999266
(3S)Gal(b1-3)GlcNAc(b1-Sp8,6.017000000000002,8.729249999999997,-0.14282499999999845,10.84245
(3S)Gal(b1-4)[Fuc(a1-3)]GlcNAc(a1-Sp0 ,29.654299999999992,8.39015,25.506899999999995,15.498675
(3S)Gal(b1-4)[Fuc(a1-3)]GlcNAc(a1-Sp8,28.624375,7.411875,10.3195,5.7879999999999985
(3S)Gal(b1-4)(6S)GlcNAc(b1-Sp0,15.491400000000002,3225.19705,23388.85865,27716.624775
(3S)Gal(b1-4)(6S)GlcNAc(b1-Sp8,58.809325,7468.974049999999,27391.49605,28575.054474999994
(3S)Gal(b1-4)GlcNAc(b1-Sp0,9.877525,2847.605525,22863.37925,30775.74465
(3S)Gal(b1-4)GlcNAc(b1-Sp8,39.84577499999999,1624.11575,19550.86295,21454.824075000004
(3S)Gal(b1-Sp8,12.828425000000005,9.3081,17.462075,5.60995
(6S)(4S)Gal(b1-4)GlcNAc(b1-Sp0,2.53505,12.457125,9.268099999999997,-0.12320000000000066
(4S)Gal(b1-4)GlcNAc(b1-Sp8,36.74945,2487.44455,20966.1242,24476.031800000004
(6P)Man(a1-Sp8,10.51025,14.212525,10.376175,29.17722499999999
(6S)Gal(b1-4)Glc(b1-Sp0,4.204050000000001,11.116899999999996,15.371625000000007,31.186575000000005
(6S)Gal(b1-4)Glc(b1-Sp8,7.470999999999997,16.313250000000004,6.503949999999996,11.040824999999998
(6S)Gal(b1-4)GlcNAc(b1-Sp8,4.666450000000001,-1.0119749999999996,13.846075,84.41067500000003
(6S)Gal(b1-4)(6S)Glc(b1-Sp8,11.857024999999995,3.9089750000000016,4.659699999999999,13.270274999999998
Neu5Ac(a2-3)(6S)Gal(b1-4)GlcNAc(b1-Sp8,6.530075,4.008600000000001,-0.4994999999999976,10.304775
(6S)GlcNAc(b1-Sp8,0.05252499999999838,5.170675000000001,10.986849999999995,5.253125
"Neu5,9Ac2(a1-Sp8",13.748850000000004,2.2044750000000004,9.506750000000006,20.93945
"Neu5,9Ac2(a2-6)Gal(b1-4)GlcNAc(b1-Sp8",0.6017000000000019,7.427575000000001,4.501725000000001,3.0991750000000025
Man(a1-6)[Man(a1-3)]Man(b1-4)GlcNAc(b1-4)GlcNAc(b1-Sp12,18.904425,330.47617500000007,6766.022474999999,14781.147425
Man(a1-6)[Man(a1-3)]Man(b1-4)GlcNAc(b1-4)GlcNAc(b1-Sp13,17.164,2223.881725,17865.69435,26065.61277500001
GlcNAc(b1-2)Man(a1-6)[GlcNAc(b1-2)Man(a1-3)]Man(b1-4)GlcNAc(b1-4)GlcNAc(b1-Sp12,8.539725000000004,2.5698250000000007,12.552949999999996,15.436699999999998
GlcNAc(b1-2)Man(a1-6)[GlcNAc(b1-2)Man(a1-3)]Man(b1-4)GlcNAc(b1-4)GlcNAc(b1-Sp13,3.8638749999999984,-1.3742500000000015,13.319500000000005,96.47335
Gal(b1-4)GlcNAc(b1-2)Man(a1-6)[Gal(b1-4)GlcNAc(b1-2)Man(a1-3)]Man(b1-4)GlcNAc(b1-4)GlcNAc(b1-Sp12,13.850224999999995,8.814850000000009,14.801575000000005,43.7633
Neu5Ac(a2-6)Gal(b1-4)GlcNAc(b1-2)Man(a1-6)[Neu5Ac(a2-6)Gal(b1-4)GlcNAc(b1-2)Man(a1-3)]Man(b1-4)GlcNAc(b1-4)GlcNAc(b1-Sp12,21.80755000000001,10.6744,10.453449999999998,12.820275000000004
Neu5Ac(a2-6)Gal(b1-4)GlcNAc(b1-2)Man(a1-6)[Neu5Ac(a2-6)Gal(b1-4)GlcNAc(b1-2)Man(a1-3)]Man(b1-4)GlcNAc(b1-4)GlcNAc(b1-Sp13,13.539875000000006,8.246525,2.938349999999998,21.741525
Neu5Ac(a2-6)Gal(b1-4)GlcNAc(b1-2)Man(a1-6)[Neu5Ac(a2-6)Gal(b1-4)GlcNAc(b1-2)M(an-a)(a1-3)]Man(b1-4)GlcNAc(b1-4)GlcNAc(b1-Sp21,2.831174999999998,8.674875,25.005175,329.6649000000001
Neu5Ac(a2-6)Gal(b1-4)GlcNAc(b1-2)Man(a1-6)[Neu5Ac(a2-6)Gal(b1-4)GlcNAc(b1-2)Man(a1-3)]Man(b1-4)GlcNAc(b1-4)GlcNAc(b1-Sp24,16.10105,17.1425,31.428825,86.67115000000004
Fuc(a1-2)Gal(b1-3)GalNAc(b1-3)Gal(a1-Sp9,3.9277500000000014,13.991850000000005,43.860125,104.9908
Fuc(a1-2)Gal(b1-3)GalNAc(b1-3)Gal(a1-4)Gal(b1-4)Glc(b1-Sp9,2.9633250000000046,8.127700000000003,20.915325000000006,18.586575
Fuc(a1-2)Gal(b1-3)[Fuc(a1-4)]GlcNAc(b1-Sp8,1.9779000000000029,4.90265,-1.2698500000000008,14.866724999999995
Fuc(a1-2)Gal(b1-3)GalNAc(a1-Sp8,3.3965250000000022,3.946950000000002,6.16295,7.996825000000001
Fuc(a1-2)Gal(b1-3)GalNAc(a1-Sp14,-1.0001500000000003,12.415275,14.986600000000005,46.820675
Fuc(a1-2)Gal(b1-3)GalNAc(b1-4)[Neu5Ac(a2-3)]Gal(b1-4)Glc(b1-Sp0,9.364050000000002,11.555700000000005,6.772724999999999,27.9281
Fuc(a1-2)Gal(b1-3)GalNAc(b1-4)[Neu5Ac(a2-3)]Gal(b1-4)Glc(b1-Sp9,3.8034250000000043,4.232424999999999,5.157424999999998,29.1764
Fuc(a1-2)Gal(b1-3)GlcNAc(b1-3)Gal(b1-4)Glc(b1-Sp8,-0.8026250000000008,1.1759749999999989,-2.180175000000001,-0.8935750000000011
Fuc(a1-2)Gal(b1-3)GlcNAc(b1-3)Gal(b1-4)Glc(b1-Sp10,1.2879999999999994,5.234625000000005,-4.84595,-3.529850000000004
Fuc(a1-2)Gal(b1-3)GlcNAc(b1-Sp0,-0.4180500000000018,2.3967249999999978,12.703950000000004,9.982874999999996
Fuc(a1-2)Gal(b1-3)GlcNAc(b1-Sp8,4.6773500000000015,5.578700000000001,0.7959000000000014,8.740700000000002
Fuc(a1-2)Gal(b1-4)[Fuc(a1-3)]GlcNAc(b1-3)Gal(b1-4)[Fuc(a1-3)]GlcNAc(b1-Sp0,3.3462249999999987,10.506099999999998,7.302324999999994,11.960924999999998
Fuc(a1-2)Gal(b1-4)[Fuc(a1-3)]GlcNAc(b1-3)Gal(b1-4)[Fuc(a1-3)]GlcNAc(b1-3)Gal(b1-4)[Fuc(a1-3)]GlcNAc(b1-Sp0,7.427349999999995,3.894775000000001,5.9532500000000015,28.991725
Fuc(a1-2)Gal(b1-4)[Fuc(a1-3)]GlcNAc(b1-Sp0,8.909175,11.499950000000002,13.239875,16.750925000000002
Fuc(a1-2)Gal(b1-4)[Fuc(a1-3)]GlcNAc(b1-Sp8,5.773925000000002,19.578425,5.677275,3.2607500000000016
Fuc(a1-2)Gal(b1-4)GlcNAc(b1-3)Gal(b1-4)GlcNAc(b1-Sp0,20.365125,2545.0420750000008,25490.212975,31298.057975
Fuc(a1-2)Gal(b1-4)GlcNAc(b1-3)Gal(b1-4)GlcNAc(b1-3)Gal(b1-4)GlcNAc(b1-Sp0,26.15785,4004.018425,33759.477474999985,34153.957200000004
Fuc(a1-2)Gal(b1-4)GlcNAc(b1-Sp0,11.677874999999995,5.429125000000001,136.17890000000006,1743.5811999999994
Fuc(a1-2)Gal(b1-4)GlcNAc(b1-Sp8,6.509599999999999,956.360725,11533.1405,24556.27475
Fuc(a1-2)Gal(b1-4)Glc(b1-Sp0,1.1358750000000004,0.03472499999999812,1.9446749999999984,23.02765
Fuc(a1-2)Gal(b1-Sp8,3.1790000000000003,1.106275000000002,15.762725,14.055649999999995
Fuc(a1-3)GlcNAc(b1-Sp8,4.65285,-1.3085999999999989,-3.61345,16.955149999999996
Fuc(a1-4)GlcNAc(b1-Sp8,1.3817750000000009,1.0186499999999992,-1.0295250000000014,6.007474999999998
Fuc(b1-3)GlcNAc(b1-Sp8,3.945525,2.4539500000000007,7.2332500000000035,20.88705
GalNAc(a1-3)[Fuc(a1-2)]Gal(b1-3)GlcNAc(b1-Sp0,9.790799999999997,1.4872749999999968,18.86035,10.030199999999994
GalNAc(a1-3)[Fuc(a1-2)]Gal(b1-4)[Fuc(a1-3)]GlcNAc(b1-Sp0,17.1575,25.78215,17.507174999999997,20.93395
(3S)Gal(b1-4)[Fuc(a1-3)]Glc(b1-Sp0,1.591875,3.593100000000001,19.471375,21.248400000000004
GalNAc(a1-3)[Fuc(a1-2)]Gal(b1-4)GlcNAc(b1-Sp0,12.632875,506.48615,8001.141974999999,24946.161375000003
GalNAc(a1-3)[Fuc(a1-2)]Gal(b1-4)GlcNAc(b1-Sp8,13.0158,853.060375,14938.226250000005,26320.8467
GalNAc(a1-3)[Fuc(a1-2)]Gal(b1-4)Glc(b1-Sp0,3.173950000000003,7.650874999999999,14.237925000000002,28.27322500000001
GlcNAc(b1-3)Gal(b1-3)GalNAc(a1-Sp8,0.24722500000000205,9.442574999999994,12.472425000000005,52.46122499999999
GalNAc(a1-3)[Fuc(a1-2)]Gal(b1-Sp8,8.067225,21.97502500000001,1.5452250000000003,12.141150000000005
GalNAc(a1-3)[Fuc(a1-2)]Gal(b1-Sp18,0.4532499999999988,3.8455250000000087,8.064925000000002,9.093424999999996
GalNAc(a1-3)GalNAc(b1-Sp8,11.363550000000002,5.6841250000000025,8.210725000000002,14.840849999999998
GalNAc(a1-3)Gal(b1-Sp8,17.966825,18.5051,20.570799999999988,10.326575000000004
GalNAc(a1-4)[Fuc(a1-2)]Gal(b1-4)GlcNAc(b1-Sp8,22.372800000000005,2402.250875,23395.48755,29772.512325
GalNAc(b1-3)GalNAc(a1-Sp8,10.210599999999998,3.3851,3.6788000000000007,8.639475
GalNAc(b1-3)[Fuc(a1-2)]Gal(b1-Sp8,1.4965499999999974,0.21597500000000025,10.2453,10.001675000000002
GalNAc(b1-3)Gal(a1-4)Gal(b1-4)GlcNAc(b1-Sp0,27.74397500000001,1240.1557750000004,13320.02695,28490.087050000016
GalNAc(b1-4)[Fuc(a1-3)]GlcNAc(b1-Sp0,4.0683500000000015,6.0972500000000025,17.686175,10.347524999999994
GalNAc(b1-4)GlcNAc(b1-Sp0,12.255899999999995,2833.768475,19702.16935,27898.86165000001
GalNAc(b1-4)GlcNAc(b1-Sp8,10.7127,3564.843225,27396.299124999994,28086.536
Gal(a1-2)Gal(b1-Sp8,5.208549999999999,5.989,10.610474999999996,8.228625000000001
Gal(a1-3)[Fuc(a1-2)]Gal(b1-3)GlcNAc(b1-Sp0,8.898300000000003,5.227474999999998,11.527074999999998,19.251400000000004
Gal(a1-3)[Fuc(a1-2)]Gal(b1-3)GlcNAc(b1-Sp8,15.48375,21.549275,33.5474,40.475575000000006
Gal(a1-3)[Fuc(a1-2)]Gal(b1-4)[Fuc(a1-3)]GlcNAc(b1-Sp0,16.24015,11.969275,13.204775000000005,24.524474999999995
Gal(a1-3)[Fuc(a1-2)]Gal(b1-4)[Fuc(a1-3)]GlcNAc(b1-Sp8,7.6435749999999985,2.9994250000000005,8.679875,9.7926
Gal(a1-3)[Fuc(a1-2)]Gal(b1-4)GlcNAc(a1-Sp0,3.86225,1340.09615,14057.9821,22559.9897
Gal(a1-3)[Fuc(a1-2)]Gal(b1-4)Glc(b1-Sp0,12.6103,5.948175000000001,8.899849999999997,3.963125
Gal(a1-3)[Fuc(a1-2)]Gal(b1-Sp8,19.894549999999995,9.091275,13.444499999999994,12.698200000000005
Gal(a1-3)[Fuc(a1-2)]Gal(b1-Sp18,10.543375,6.661099999999998,17.790525000000006,17.0111
Gal(a1-4)[Gal(a1-3)]Gal(b1-4)GlcNAc(b1-Sp8,82.85480000000003,5614.174724999999,32457.986525000015,33918.3959
Gal(a1-3)GalNAc(a1-Sp8,44.694425,31.687200000000004,38.1338,42.401300000000006
Gal(a1-3)GalNAc(a1-Sp16,19.141675,6.491325,5.41475,16.855400000000003
Gal(a1-3)GalNAc(b1-Sp8,18.036775,13.866825,7.188775,61.43305000000001
Gal(a1-3)Gal(b1-4)[Fuc(a1-3)]GlcNAc(b1-Sp8,11.470250000000005,4.93315,10.575724999999998,8.710150000000004
Gal(a1-3)Gal(b1-3)GlcNAc(b1-Sp0,7.258775000000003,21.259175,12.588549999999998,34.622424999999986
Gal(a1-3)Gal(b1-4)GlcNAc(b1-Sp8,38.11915,4433.155325,33788.081849999995,39403.20372499999
Gal(a1-3)Gal(b1-4)Glc(b1-Sp0,7.681849999999999,4.932474999999998,2.1670000000000025,27.615275
Gal(a1-3)Gal(b1-4)Glc(a1-Sp10,3.415,11.6785,6.20295,52.9975
Gal(a1-3)Gal(b1-Sp8,4.6363,12.7025,2.661975,29.024049999999995
Gal(a1-4)[Fuc(a1-2)]Gal(b1-4)GlcNAc(b1-Sp8,1.5288749999999975,197.32005,6293.76075,22424.749325
Gal(a1-4)Gal(b1-4)GlcNAc(b1-Sp0,25.002075,1122.3553000000004,8460.041075000001,20669.32695
Gal(a1-4)Gal(b1-4)GlcNAc(b1-Sp8,30.6643,4488.892524999998,25668.597125,35209.5245
Gal(a1-4)Gal(b1-4)Glc(b1-Sp0,15.058225000000006,10.968975,12.935875,21.418724999999995
Gal(a1-4)GlcNAc(b1-Sp8,8.44965,6.600625,5.74995,29.383700000000005
Gal(a1-6)Glc(b1-Sp8,21.718650000000004,11.133975,18.548550000000006,19.62450000000001
Gal(b1-2)Gal(b1-Sp8,6.3958999999999975,18.938275,13.7716,18.656200000000005
Gal(b1-3)[Fuc(a1-4)]GlcNAc(b1-3)Gal(b1-4)[Fuc(a1-3)]GlcNAc(b1-Sp0,21.38845,12.923575000000005,13.776824999999995,8.407575000000001
Gal(b1-3)[Fuc(a1-4)]GlcNAc(b1-3)Gal(b1-4)GlcNAc(b1-Sp0,2.317574999999996,11.115625,-1.1991249999999989,14.8829
Gal(b1-3)[Fuc(a1-4)]GlcNAc(a1-Sp0,17.180149999999998,9.842775,9.019674999999998,23.89167500000001
Gal(b1-3)[Fuc(a1-4)]GlcNAc(a1-Sp8 ,6.804125000000003,1.0358499999999982,44.52527499999999,7.187725
Fuc(a1-4)[Gal(b1-3)]GlcNAc(b1-Sp8,7.093724999999999,9.002300000000002,3.9955,0.2460249999999995
Gal(b1-4)GlcNAc(b1-6)GalNAc(a1-Sp8,9.095825,21.484600000000004,3851.1827,22747.599
Gal(b1-4)GlcNAc(b1-6)GalNAc(a1-Sp14,6.820125000000001,23.35667500000001,30.031099999999995,40.356599999999965
GlcNAc(b1-6)[Gal(b1-3)]GalNAc(a1-Sp8,6.256299999999998,22.9202,36.77895,22.040675
GlcNAc(b1-6)[Gal(b1-3)]GalNAc(a1-Sp14,1.0295999999999983,9.645825,0.17237499999999972,26.166375
Neu5Ac(a2-6)[Gal(b1-3)]GalNAc(a1-Sp8,3.7951249999999987,1.5512000000000017,5.148774999999999,50.73757499999999
Neu5Ac(a2-6)[Gal(b1-3)]GalNAc(a1-Sp14,8.523650000000002,5.507599999999997,9.596475,35.41100000000001
Neu5Ac(b2-6)[Gal(b1-3)]GalNAc(a1-Sp8,2.566675000000001,3.74905,7.240099999999997,32.556775
Neu5Ac(a2-6)[Gal(b1-3)]GlcNAc(b1-4)Gal(b1-4)Glc(b1-Sp10,7.602475000000004,6.607024999999991,14.387700000000004,12.863525000000005
Gal(b1-3)GalNAc(a1-Sp8,3.5410000000000013,5.578800000000001,-0.09135000000000026,22.313675
Gal(b1-3)GalNAc(a1-Sp14,4.73125,7.722974999999996,12.677275,2.753200000000001
Gal(b1-3)GalNAc(a1-Sp16,11.569599999999998,15.445199999999994,10.342275,13.638000000000005
Gal(b1-3)GalNAc(b1-Sp8,6.980025000000001,18.444325,6.927249999999997,13.69015
Gal(b1-3)GalNAc(b1-3)Gal(a1-4)Gal(b1-4)Glc(b1-Sp0,17.178975,10.091449999999998,12.454349999999998,-0.9925500000000014
Gal(b1-3)GalNAc(b1-4)[Neu5Ac(a2-3)]Gal(b1-4)Glc(b1-Sp0,1.80175,0.6361249999999998,7.17455,17.418374999999994
Gal(b1-3)GalNAc(b1-4)Gal(b1-4)Glc(b1-Sp8,11.530675000000002,6.5612,18.683975,84.4046
Gal(b1-3)Gal(b1-Sp8,7.78335,4.896575,4.164050000000001,2.9243500000000004
Gal(b1-3)GlcNAc(b1-3)Gal(b1-4)GlcNAc(b1-Sp0,-2.676875,1342.9622,11961.048475000005,19838.77125
Gal(b1-3)GlcNAc(b1-3)Gal(b1-4)Glc(b1-Sp10,2.162699999999999,2.0630499999999987,3.2368999999999986,20.567375
Gal(b1-3)GlcNAc(b1-Sp0,5.612424999999997,14.521124999999998,3.641175,5.209000000000001
Gal(b1-3)GlcNAc(b1-Sp8,6.187775,7.0385500000000025,0.8527750000000003,6.689025000000001
Gal(b1-4)[Fuc(a1-3)]GlcNAc(b1-Sp0,5.3248750000000005,-2.4799500000000005,5.3658,12.601175
Gal(b1-4)[Fuc(a1-3)]GlcNAc(b1-Sp8,11.02135,5.509550000000001,6.57615,13.224724999999996
Gal(b1-4)[Fuc(a1-3)]GlcNAc(b1-4)Gal(b1-4)[Fuc(a1-3)]GlcNAc(b1-Sp0,13.242925,16.1726,20.01765,16.524575000000006
Gal(b1-4)[Fuc(a1-3)]GlcNAc(b1-4)Gal(b1-4)[Fuc(a1-3)]GlcNAc(b1-4)Gal(b1-4)[Fuc(a1-3)]GlcNAc(b1-Sp0,3.1671000000000005,14.393675,7.0905000000000005,22.759275
Gal(b1-4)(6S)Glc(b1-Sp0,16.584150000000008,3.82185,1.1328749999999983,56.56385
Gal(b1-4)(6S)Glc(b1-Sp8,6.443224999999997,12.39625,13.498699999999996,26.11325
Gal(b1-4)GalNAc(a1-3)[Fuc(a1-2)]Gal(b1-4)GlcNAc(b1-Sp8,7.414524999999998,522.421425,13300.582825,23393.08462500001
Gal(b1-4)GalNAc(b1-3)[Fuc(a1-2)]Gal(b1-4)GlcNAc(b1-Sp8,2.8529249999999986,856.58215,12319.274775000002,23262.76115
Gal(b1-4)GlcNAc(b1-3)GalNAc(a1-Sp8,4.777999999999999,2.99325,4.461574999999995,14.694675000000005
Gal(b1-4)GlcNAc(b1-3)GalNAc(a1-Sp14,6.251200000000001,-1.827275,7.844925,30.3213
Gal(b1-4)GlcNAc(b1-3)Gal(b1-4)[Fuc(a1-3)]GlcNAc(b1-3)Gal(b1-4)[Fuc(a1-3)]GlcNAc(b1-Sp0,19.094449999999995,24.923874999999995,18.983625000000004,24.03987500000001
Gal(b1-4)GlcNAc(b1-3)Gal(b1-4)GlcNAc(b1-3)Gal(b1-4)GlcNAc(b1-Sp0,21.299175000000005,3038.568075,27367.615625,32375.888750000016
Gal(b1-4)GlcNAc(b1-3)Gal(b1-4)GlcNAc(b1-Sp0,29.071274999999986,4999.239099999999,35120.867875,31540.618975000005
Gal(b1-4)GlcNAc(b1-3)Gal(b1-4)Glc(b1-Sp0,6.488225000000003,6.034849999999999,113.228025,3355.333225000001
Gal(b1-4)GlcNAc(b1-3)Gal(b1-4)Glc(b1-Sp8,13.818225000000005,13.864975,63.12897500000001,2193.7926250000005
Gal(b1-4)GlcNAc(b1-6)[Gal(b1-3)]GalNAc(a1-Sp8,5.666899999999997,8.192900000000005,300.7712,5683.457725
Gal(b1-4)GlcNAc(b1-6)[Gal(b1-3)]GalNAc(a1-Sp14,8.956324999999998,8.420725000000003,9.082225,63.12725000000001
Gal(b1-4)GlcNAc(b1-Sp0,5.582799999999999,916.7022499999997,6117.215149999997,16466.813175000007
Gal(b1-4)GlcNAc(b1-Sp8,70.97707500000001,5830.3864749999975,24561.88647500001,30778.777375
Gal(b1-4)GlcNAc(b1-Sp23,19.630075,1758.8932,18517.776975,24487.33135
Gal(b1-4)Glc(b1-Sp0,15.432625000000002,1.5328999999999997,2.7057750000000014,7.429275
Gal(b1-4)Glc(b1-Sp8,7.017724999999999,4.41375,8.097649999999998,25.87565
GlcNAc(a1-3)Gal(b1-4)GlcNAc(b1-Sp8,47.60875,5346.354224999999,28035.684225000005,30270.45975
GlcNAc(a1-6)Gal(b1-4)GlcNAc(b1-Sp8,6.970424999999999,9.08655,0.07792500000000048,14.407325
GlcNAc(b1-2)Gal(b1-3)GalNAc(a1-Sp8,12.849549999999995,1.544499999999999,3.5584999999999987,6.2375
GlcNAc(b1-6)[GlcNAc(b1-3)]GalNAc(a1-Sp8,-2.1503749999999995,10.880475000000002,8.954699999999997,13.752049999999995
GlcNAc(b1-6)[GlcNAc(b1-3)]GalNAc(a1-Sp14,15.6987,10.98475,2.8627749999999987,24.61900000000001
GlcNAc(b1-6)[GlcNAc(b1-3)]Gal(b1-4)GlcNAc(b1-Sp8,3.823800000000001,0.3078000000000003,-1.075,51.93397499999999
GlcNAc(b1-3)GalNAc(a1-Sp8,-1.0915749999999995,0.9230500000000008,14.465199999999996,6.398925
GlcNAc(b1-3)GalNAc(a1-Sp14,4.412624999999999,6.741200000000003,4.579675000000003,14.089450000000005
GlcNAc(b1-3)Gal(b1-Sp8,10.784125,6.2201,6.119550000000002,4.300999999999998
GlcNAc(b1-3)Gal(b1-4)GlcNAc(b1-Sp0,6.993625,2919.541725,20749.578975000004,28183.340575
GlcNAc(b1-3)Gal(b1-4)GlcNAc(b1-Sp8,65.00605,3868.476225,25878.213499999994,27595.188275
GlcNAc(b1-3)Gal(b1-4)GlcNAc(b1-3)Gal(b1-4)GlcNAc(b1-Sp0,23.786149999999992,3175.17225,29534.0549,33112.9386
GlcNAc(b1-3)Gal(b1-4)Glc(b1-Sp0,2.131275,0.22314999999999865,21.12905,7.073825000000001
GlcNAc(b1-4)(a1-MDPLys,7.987099999999997,0.2788999999999984,1.7876499999999993,7.0724750000000025
GlcNAc(b1-6)[GlcNAc(b1-4)]GalNAc(a1-Sp8,1.9403249999999987,-0.4548750000000013,7.899899999999998,3.9163249999999987
GlcNAc(b1-4)Gal(b1-4)GlcNAc(b1-Sp8,9.045649999999998,4737.729475,26158.005175,32880.43635
GlcNAc(b1-4)GlcNAc(b1-4)GlcNAc(b1-4)GlcNAc(b1-4)GlcNAc(b1-4)GlcNAc(b1-Sp8,400.61322500000006,8047.805474999997,28435.598474999995,27836.16625
GlcNAc(b1-4)GlcNAc(b1-4)GlcNAc(b1-4)GlcNAc(b1-4)GlcNAc(b1-Sp8,442.71585,10596.538275,26518.09745,27843.035375
GlcNAc(b1-4)GlcNAc(b1-4)GlcNAc(b1-Sp8,364.88765,10705.532475000004,34262.1724,34021.948274999995
GlcNAc(b1-6)GalNAc(a1-Sp8,1.334375,7.4594,8.183525,15.630750000000004
GlcNAc(b1-6)GalNAc(a1-Sp14,2.6563750000000006,6.26295,13.15365,12.445549999999995
GlcNAc(b1-6)Gal(b1-4)GlcNAc(b1-Sp8,13.587775,7.05625,20.93625,21.752475000000004
Glc(a1-4)Glc(b1-Sp8,17.39745,10.0947,17.167025,14.918249999999995
Glc(a1-4)Glc(a1-Sp8,16.546075,8.185150000000002,11.964275,11.800925
Glc(a1-6)Glc(a1-6)Glc(b1-Sp8,3.2189999999999994,9.200650000000003,2.9066000000000014,3.1827500000000017
Glc(b1-4)Glc(b1-Sp8,16.163849999999996,17.453725,5.172599999999999,10.679125
Glc(b1-6)Glc(b1-Sp8,20.3949,2.6484749999999977,10.578874999999996,21.66767500000001
G-ol(a1-Sp8,9.034600000000003,10.741949999999996,14.273700000000002,6.993125
GlcA(a1-Sp8,9.668924999999998,0.7709750000000026,6.299924999999997,7.88625
GlcA(b1-Sp8,29.202275,52.702625,55.27507500000001,186.975325
GlcA(b1-3)Gal(b1-Sp8,6.517674999999999,8.792925000000002,3.235925,23.236374999999995
GlcA(b1-6)Gal(b1-Sp8,-0.5550250000000005,22.861725,2.5498999999999974,28.004375
KDN(a2-3)Gal(b1-3)GlcNAc(b1-Sp0,32.13465,10.736625,106.84962499999996,117.32067500000002
KDN(a2-3)Gal(b1-4)GlcNAc(b1-Sp0,173.506625,13852.362925,31406.882524999994,30333.896899999985
Man(a1-2)Man(a1-2)Man(a1-3)Man(a1-Sp9,10.66245,7.8735,14.956649999999998,19.199175000000004
Man(a1-2)Man(a1-6)[Man(a1-2)Man(a1-3)]Man(a1-Sp9,5.744649999999997,2.04325,17.438100000000002,11.25745
Man(a1-2)Man(a1-3)Man(a1-Sp9,2.363575000000001,5.663125,20.25645,0.9606499999999976
Man(a1-6)[Man(a1-2)Man(a1-3)]Man(a1-6)[Man(a1-2)Man(a1-3)]Man(b1-4)GlcNAc(b1-4)GlcNAc(b1-Sp12,1.8829750000000027,10.30465,18.878875,553.703125
Man(a1-2)Man(a1-6)[Man(a1-3)]Man(a1-6)[Man(a1-2)Man(a1-2)Man(a1-3)]Man(b1-4)GlcNAc(b1-4)GlcNAc(b1-Sp12,9.086399999999998,1.7853250000000005,26.33047500000001,195.036225
Man(a1-2)Man(a1-6)[Man(a1-2)Man(a1-3)]Man(a1-6)[Man(a1-2)Man(a1-2)Man(a1-3)]Man(b1-4)GlcNAc(b1-4)GlcNAc(b1-Sp12,22.027175,9.142575,15.204749999999995,45.632425
Man(a1-6)[Man(a1-3)]Man(a1-Sp9,4.995449999999998,17.114375,17.594299999999997,14.260650000000012
Man(a1-2)Man(a1-2)Man(a1-6)[Man(a1-3)]Man(a1-Sp9,2.6191499999999976,19.645775,15.466625000000004,26.449874999999995
Man(a1-6)[Man(a1-3)]Man(a1-6)[Man(a1-2)Man(a1-3)]Man(b1-4)GlcNAc(b1-4)GlcNAc(b1-Sp12,60.63165,94.691,114.47689999999994,1672.696075
Man(a1-6)[Man(a1-3)]Man(a1-6)[Man(a1-3)]Man(b1-4)GlcNAc(b1-4)GlcNAc(b1-Sp12,22.866025,3.935249999999998,26.410075,671.4048750000002
Man(b1-4)GlcNAc(b1-Sp0,8.38935,12.822875,20.227625000000007,359.84702500000014
Neu5Ac(a2-3)Gal(b1-4)GlcNAc(b1-3)Gal(b1-4)[Fuc(a1-3)]GlcNAc(b1-Sp0,12.521624999999998,-3.7493,5.634950000000003,8.241924999999998
(3S)Gal(b1-4)[Fuc(a1-3)](6S)GlcNAc(b1-Sp8,14.426900000000005,23.472,737.844325,3006.003750000001
Fuc(a1-2)(6S)Gal(b1-4)GlcNAc(b1-Sp0,8.6326,-0.9751499999999992,7.474049999999997,15.1788
Fuc(a1-2)Gal(b1-4)(6S)GlcNAc(b1-Sp8,14.364574999999995,2527.5351999999993,19136.931225,25516.173824999994
Fuc(a1-2)(6S)Gal(b1-4)(6S)Glc(b1-Sp0,8.084375,14.538375000000002,1.0137000000000018,49.41514999999999
Neu5Ac(a2-3)Gal(b1-3)GalNAc(a1-Sp8,4.1533250000000015,5.906699999999999,0.5326249999999986,19.0082
Neu5Ac(a2-3)Gal(b1-3)GalNAc(a1-Sp14,11.145374999999998,-3.738775,-0.34152499999999897,0.786525000000001
GalNAc(b1-4)[Neu5Ac(a2-8)Neu5Ac(a2-8)Neu5Ac(a2-8)Neu5Ac(a2-3)]Gal(b1-4)Glc(b1-Sp0,21.93627500000001,16.775975,13.66355,34.748099999999994
GalNAc(b1-4)[Neu5Ac(a2-8)Neu5Ac(a2-8)Neu5Ac(a2-3)]Gal(b1-4)Glc(b1-Sp0,19.416475,14.67705,30.7614,18.098025000000003
Neu5Ac(a2-8)Neu5Ac(a2-8)Neu5Ac(a2-3)Gal(b1-4)Glc(b1-Sp0,7.817074999999999,50.35645,18.0751,18.45765
GalNAc(b1-4)[Neu5Ac(a2-8)Neu5Ac(a2-3)]Gal(b1-4)Glc(b1-Sp0,4.367925000000001,8.809375,23.21965,13.70925
Neu5Ac(a2-8)Neu5Ac(a2-8)Neu5Ac(a1-Sp8,8.4985,4.604850000000001,12.184325,6.302374999999998
Neu5Ac(a2-3)(6S)Gal(b1-4)[Fuc(a1-3)]GlcNAc(b1-Sp8,-1.0127000000000006,1.7495749999999992,-0.6361249999999979,10.548225
GalNAc(b1-4)[Neu5Ac(a2-3)]Gal(b1-4)GlcNAc(b1-Sp0,132.07762499999998,3726.88325,26561.8838,34017.057225
GalNAc(b1-4)[Neu5Ac(a2-3)]Gal(b1-4)GlcNAc(b1-Sp8,38.626425,3319.46565,29923.068400000015,36612.35685000001
GalNAc(b1-4)[Neu5Ac(a2-3)]Gal(b1-4)Glc(b1-Sp0,4.885300000000003,7.8515,9.328999999999997,44.25015000000001
Neu5Ac(a2-3)Gal(b1-3)GalNAc(b1-4)[Neu5Ac(a2-3)]Gal(b1-4)Glc(b1-Sp0,3.2486749999999915,2.511000000000001,1.2837249999999898,9.967124999999996
Neu5Ac(a2-6)[Neu5Ac(a2-3)]GalNAc(a1-Sp8,6.708125,20.888624999999994,-4.353349999999999,12.374074999999998
Neu5Ac(a2-3)GalNAc(a1-Sp8,8.151474999999998,-4.128900000000002,15.779625,1.6829999999999998
Neu5Ac(a2-3)GalNAc(b1-4)GlcNAc(b1-Sp0,18.764975000000007,5771.836024999999,33013.46155000001,32429.1466
Neu5Ac(a2-3)Gal(b1-3)(6S)GlcNAc(a1-Sp8,29.33485,33.89825,34.10024999999999,42.2785
Neu5Ac(a2-3)Gal(b1-3)[ Fuc(a1-4)]GlcNAc(b1-Sp8,2.4293499999999995,0.8770750000000014,3.247275000000002,13.23645
Neu5Ac(a2-3)Gal(b1-3)[Fuc(a1-4)]GlcNAc(b1-3)Gal(b1-4)[Fuc(a1-3)]GlcNAc(b1-Sp0,9.62715,18.21705,27.97140000000001,59.78444999999999
Neu5Ac(a2-3)Gal(b1-4)[Neu5Ac(a2-3)Gal(b1-3)]GlcNAc(b1-Sp8,10.451475,16.614600000000006,7.748125,36.9471
Neu5Ac(a2-3)Gal(b1-3)(6S)GalNAc(a1-Sp8,3.999725,4.506099999999998,10.86855,14.227824999999996
Neu5Ac(a2-6)[Neu5Ac(a2-3)Gal(b1-3)]GalNAc(a1-Sp8,7.533199999999997,6.712125,11.924025,2.5228500000000027
Neu5Ac(a2-6)[Neu5Ac(a2-3)Gal(b1-3)]GalNAc(a1-Sp14,7.339475000000002,7.69125,19.870975000000005,59.38579999999999
Neu5Ac(a2-3)Gal(b1-Sp8,7.294799999999999,9.914624999999996,7.086924999999999,14.070050000000007
Neu5Ac(a2-3)Gal(b1-3)GalNAc(b1-3)Gal(a1-4)Gal(b1-4)Glc(b1-Sp0,28.211475,8.980950000000002,9.819749999999996,20.756775
Neu5Ac(a2-3)Gal(b1-3)GlcNAc(b1-3)Gal(b1-4)GlcNAc(b1-Sp0,5.5737000000000005,3004.296875,25510.956675,35091.4731
Fuc(a1-2)(6S)Gal(b1-4)Glc(b1-Sp0,14.007650000000002,5.881450000000001,7.864425000000002,57.251375
Neu5Ac(a2-3)Gal(b1-3)GlcNAc(b1-Sp0,4.561574999999999,0.38867499999999655,4.2791250000000005,417.598975
Neu5Ac(a2-3)Gal(b1-3)GlcNAc(b1-Sp8,0.3457750000000006,1.1018000000000008,1.4555499999999968,23.46194999999989
Neu5Ac(a2-3)Gal(b1-4)(6S)GlcNAc(b1-Sp8,570.880525,16343.004225000002,37798.894725,37828.206425
Neu5Ac(a2-3)Gal(b1-4)[Fuc(a1-3)](6S)GlcNAc(b1-Sp8,3.861875,1.2023749999999889,4.057524999999998,9.831099999999996
Neu5Ac(a2-3)Gal(b1-4)[Fuc(a1-3)]GlcNAc(b1-3)Gal(b1-4)[Fuc(a1-3)]GlcNAc(b1-3)Gal(b1-4)[Fuc(a1-3)]GlcNAc(b1-Sp0,19.603224999999988,18.511225,5.50145,13.593375000000005
Neu5Ac(a2-3)Gal(b1-4)[Fuc(a1-3)]GlcNAc(b1-Sp0,0.9403250000000004,739.9177999999997,4382.819375,12410.693575
Neu5Ac(a2-3)Gal(b1-4)[Fuc(a1-3)]GlcNAc(b1-Sp8,0.2433500000000209,10.825525,6.389900000000001,22.786925
Neu5Ac(a2-3)Gal(b1-4)[Fuc(a1-3)]GlcNAc(b1-3)Gal(b1-Sp8,-0.08930000000000149,-0.4945750000000011,5.336825000000003,20.563525
Neu5Ac(a2-3)Gal(b1-4)[Fuc(a1-3)]GlcNAc(b1-3)Gal(b1-4)GlcNAc(b1-Sp8,10.887700000000002,620.53855,9378.9693,20937.700475
Neu5Ac(a2-3)Gal(b1-4)GlcNAc(b1-3)Gal(b1-4)GlcNAc(b1-3)Gal(b1-4)GlcNAc(b1-Sp0,18.231675,4895.760775,35039.3003,35349.606049999995
Neu5Ac(a2-3)Gal(b1-4)GlcNAc(b1-Sp0,164.20625,9604.453425000003,33649.24192500002,35883.203624999995
Neu5Ac(a2-3)Gal(b1-4)GlcNAc(b1-Sp8,93.0897,6380.7559500000025,35350.6105,36589.30807499999
Neu5Ac(a2-3)Gal(b1-4)GlcNAc(b1-3)Gal(b1-4)GlcNAc(b1-Sp0,44.02,7458.101875,32121.348375000005,36190.663325
Fuc(a1-2)Gal(b1-4)(6S)Glc(b1-Sp0,16.601499999999994,6.900599999999997,11.286825000000002,16.526875
Neu5Ac(a2-3)Gal(b1-4)Glc(b1-Sp0,23.9791,11.139575,21.1931,23.014650000000003
Neu5Ac(a2-3)Gal(b1-4)Glc(b1-Sp8,1.9447,21.2786,10.617675,19.114
Neu5Ac(a2-6)GalNAc(a1-Sp8,0.7502000000000022,8.298700000000002,9.004224999999998,1.8713000000000035
Neu5Ac(a2-6)GalNAc(b1-4)GlcNAc(b1-Sp0,8.028525,-0.7696249999999996,12.640675000000002,16.8893
Neu5Ac(a2-6)Gal(b1-4)(6S)GlcNAc(b1-Sp8,6.5890999999999975,4.909499999999999,7.329575,7.360700000000002
Neu5Ac(a2-6)Gal(b1-4)GlcNAc(b1-Sp0,8.951674999999998,7.341875,5.358025,13.808575000000005
Neu5Ac(a2-6)Gal(b1-4)GlcNAc(b1-Sp8,5.124500000000001,1.8989999999999991,3.285099999999998,5.522649999999999
Neu5Ac(a2-6)Gal(b1-4)GlcNAc(b1-3)Gal(b1-4)[Fuc(a1-3)]GlcNAc(b1-3)Gal(b1-4)[Fuc(a1-3)]GlcNAc(b1-Sp0,5.284174999999999,6.684974999999998,9.859299999999998,18.96785
Neu5Ac(a2-6)Gal(b1-4)GlcNAc(b1-3)Gal(b1-4)GlcNAc(b1-Sp0,6.7897250000000025,3343.9716999999987,29100.325950000013,31158.72615
Neu5Ac(a2-6)Gal(b1-4)Glc(b1-Sp0,9.942775,4.1425,3.813274999999997,21.546425
Neu5Ac(a2-6)Gal(b1-4)Glc(b1-Sp8,9.167150000000003,10.843500000000004,7.33455,64.20324999999998
Neu5Ac(a2-6)Gal(b1-Sp8,16.293825,6.687324999999998,6.1412999999999975,26.2042
Neu5Ac(a2-8)Neu5Ac(a1-Sp8,1.1079,6.253525,6.272099999999997,-0.7945499999999992
Neu5Ac(a2-8)Neu5Ac(a2-3)Gal(b1-4)Glc(b1-Sp0,6.140625,-1.9336750000000016,7.078475000000001,-0.8285250000000026
Gal(b1-3)[Fuc(a1-4)]GlcNAc(b1-3)Gal(b1-3)[Fuc(a1-4)]GlcNAc(b1-Sp0,1.9349000000000007,10.6691,5.722150000000001,44.92045000000002
Neu5Ac(b2-6)GalNAc(a1-Sp8,4.298400000000015,0.058775000000001576,3.1987000000000005,8.677525
Neu5Ac(b2-6)Gal(b1-4)GlcNAc(b1-Sp8,6.218400000000003,3.031699999999999,4.343774999999997,16.149900000000006
Neu5Gc(a2-3)Gal(b1-3)[Fuc(a1-4)]GlcNAc(b1-Sp0,3.533574999999999,1.465474999999996,7.32485,13.796325
Neu5Gc(a2-3)Gal(b1-3)GlcNAc(b1-Sp0,6.468350000000001,1.8141250000000009,10.1294,9.077974999999997
Neu5Gc(a2-3)Gal(b1-4)[Fuc(a1-3)]GlcNAc(b1-Sp0,9.23595,1.8389000000000009,65.253825,543.770525
Neu5Gc(a2-3)Gal(b1-4)GlcNAc(b1-Sp0,143.476,8711.875925,33514.9762,35251.185425
Neu5Gc(a2-3)Gal(b1-4)Glc(b1-Sp0,16.89457499999999,15.569175,11.4877,26.612125
Neu5Gc(a2-6)GalNAc(a1-Sp0,12.839725,3.8716749999999984,10.372425000000003,38.862075
Neu5Gc(a2-6)Gal(b1-4)GlcNAc(b1-Sp0,4.042374999999998,2.390625,6.962150000000001,44.406525
Neu5Gc(a1-Sp8,0.6199499999999993,17.167575,8.363825,13.768225
Neu5Ac(a2-3)Gal(b1-4)GlcNAc(b1-6)[Gal(b1-3)]GalNAc(a1-Sp14,9.93465,16.2945,375.880225,3745.0012
Gal(b1-3)GlcNAc(b1-3)Gal(b1-3)GlcNAc(b1-Sp0,13.330649999999995,8.003825,6.725625,18.994000000000003
Gal(b1-4)[Fuc(a1-3)](6S)GlcNAc(b1-Sp0 ,15.9784,13.974625,377.3488749999999,3124.536475
Gal(b1-4)[Fuc(a1-3)](6S)Glc(b1-Sp0,10.5727,16.9826,19.084675,16.13512500000001
Gal(b1-4)[Fuc(a1-3)]GlcNAc(b1-3)Gal(b1-3)[Fuc(a1-4)]GlcNAc(b1-Sp0,4.558475000000003,0.14622499999999938,7.570550000000001,12.58575
Gal(b1-4)GlcNAc(b1-3)Gal(b1-3)GlcNAc(b1-Sp0,7.223600000000001,5.030549999999998,15.72625,14.242450000000005
Neu5Ac(a2-3)Gal(b1-3)GlcNAc(b1-3)Gal(b1-3)GlcNAc(b1-Sp0,7.530100000000001,13.082124999999998,5.097375,10.492125000000003
Neu5Ac(a2-3)Gal(b1-4)GlcNAc(b1-3)Gal(b1-3)GlcNAc(b1-Sp0,1.6853749999999987,28.05729999999999,3562.036675000001,16170.515625
4S(3S)Gal(b1-4)GlcNAc(b1-Sp0,14.100799999999996,3941.42245,23084.644575,26369.535025
(6S)Gal(b1-4)(6S)GlcNAc(b1-Sp0,6.135324999999997,7.16625,8.589299999999998,26.543175000000005
(6P)Glc(b1-Sp10,9.607774999999997,21.68030000000001,11.054175,18.529599999999995
Neu5Ac(a2-3)Gal(b1-4)[Fuc(a1-3)]GlcNAc(b1-6)[Gal(b1-3)]GalNAc(a1-Sp14,24.8097,35.02637500000001,16.933774999999994,53.89952500000001
Gal(b1-3)Gal(b1-4)GlcNAc(b1-Sp8,2.0447500000000023,7.052799999999998,633.175975,8030.792300000003
Neu5Ac(a2-6)Gal(b1-4)GlcNAc(b1-2)Man(a1-6)[Gal(b1-4)GlcNAc(b1-2)Man(a1-3)]Man(b1-4)GlcNAc(b1-4)GlcNAc(b1-Sp12,6.071299999999999,17.280100000000004,6.47625,57.22097500000001
Gal(b1-4)GlcNAc(b1-6)[Gal(b1-4)GlcNAc(b1-3)]Gal(b1-4)GlcNAc(a1-Sp0,124.7377,8663.071725,32377.694525,34048.7329
GlcNAc(b1-6)[Gal(b1-4)GlcNAc(b1-3)]Gal(b1-4)GlcNAc(a1-Sp0,5.318700000000003,9.082875,309.6038,6506.2352999999985
Gal(b1-4)GlcNAc(a1-6)Gal(b1-4)GlcNAc(b1-Sp0,-2.3386499999999986,10.817975,547.0495250000001,4243.035674999999
Gal(b1-4)GlcNAc(b1-6)Gal(b1-4)GlcNAc(b1-Sp0,76.98065,9483.053775,31340.48945,36581.38625
GalNAc(b1-3)Gal(b1-Sp8,8.635749999999998,3.6103249999999982,9.546625,23.375025
GlcA(b1-3)GlcNAc(b1-Sp8,2.5417499999999986,11.083225,7.741274999999997,13.56215000000001
Neu5Ac(a2-6)Gal(b1-4)GlcNAc(b1-2)Man(a1-6)[GlcNAc(b1-2)Man(a1-3)]Man(b1-4)GlcNAc(b1-4)GlcNAc(b1-Sp12,9.041450000000003,9.92405,19.92325,4.740049999999998
GlcNAc(b1-3)Ma(n1-Sp10,8.682325000000002,16.531374999999993,19.903675,9.535175000000002
GlcNAc(b1-4)GlcNAc(b1-Sp10,7.155400000000002,15.202949999999998,1025.3486,7303.259799999999
GlcNAc(b1-4)GlcNAc(b1-Sp12,9.730449999999998,7.1166,8.441875,371.999625
MurNAc(b1-4)GlcNAc(b1-Sp10,6.5867,1.2643999999999993,14.125275,189.665375
Man(a1-6)Man(b1-Sp10,9.478299999999997,8.304975,19.328575,21.651275000000005
Man(a1-6)[Man(a1-3)]Man(a1-6)[Man(a1-3)]Man(b1-Sp10,13.394524999999994,12.98385,3.54725,42.306875
Man(a1-2)Man(a1-6)[Man(a1-3)]Man(a1-6)[Man(a1-2)Man(a1-2)Man(a1-3)]Man(a1-Sp9,-0.22972500000000198,11.030975000000005,7.982799999999999,14.247049999999998
Man(a1-2)Man(a1-6)[Man(a1-2)Man(a1-3)]Man(a1-6)[Man(a1-2)Man(a1-2)Man(a1-3)]Man(a1-Sp9,5.6016249999999985,5.0033249999999985,14.09925,2.2292499999999986
Neu5Ac(a2-3)Gal(b1-4)GlcNAc(b1-6)[Neu5Ac(a2-3)Gal(b1-3)]GalNAc(a1-Sp14,13.602049999999998,5.24755,1756.0708250000007,5792.6801
Neu5Ac(a2-6)Gal(b1-4)GlcNAc(b1-2)Man(a1-6)[Neu5Ac(a2-3)Gal(b1-4)GlcNAc(b1-2)Man(a1-3)]Man(b1-4)GlcNAc(b1-4)GlcNAc(b1-Sp12,3.2525,2.2425999999999995,8.4258,195.265725
Gal(b1-4)GlcNAc(b1-2)Man(a1-6)[Neu5Ac(a2-6)Gal(b1-4)GlcNAc(b1-2)Man(a1-3)]Man(b1-4)GlcNAc(b1-4)GlcNAc(b1-Sp12,0.3015249999999998,5.110524999999999,15.506774999999998,60.51859999999999
GlcNAc(b1-2)Man(a1-6)[Neu5Ac(a2-6)Gal(b1-4)GlcNAc(b1-2)Man(a1-3)]Man(b1-4)GlcNAc(b1-4)GlcNAc(b1-Sp12,2.1907999999999994,-2.8836250000000017,3.1099250000000005,84.271375
Neu5Ac(a2-8)Neu5Ac(b1-Sp17,19.713175,4.722049999999999,10.4143,4.014274999999998
Neu5Ac(a2-8)Neu5Ac(a2-8)Neu5Ac(b1-Sp8,9.368949999999998,7.014624999999998,8.39905,7.362300000000001
Neu5Gc(b2-6)Gal(b1-4)GlcNAc(a1-Sp8,10.76895,6.604824999999997,11.753350000000005,31.1876
Gal(b1-3)GlcNAc(b1-2)Man(a1-6)[Gal(b1-3)GlcNAc(b1-2)Man(a1-3)]Man(b1-4)GlcNAc(b1-4)GlcNAc(b1-Sp19,18.768825,24.357800000000008,38.0198,337.978575
Neu5Ac(a2-3)Gal(b1-4)GlcNAc(b1-2)Man(a1-6)[Neu5Ac(a2-3)Gal(b1-4)GlcNAc(b1-2)Man(a1-3)]Man(b1-4)GlcNAc(b1-4)GlcNAc(b1-Sp12,5.443624999999997,5.94115,17.8702,1406.724325
Neu5Ac(a2-3)Gal(b1-4)GlcNAc(b1-2)Man(a1-6)[Neu5Ac(a2-6)Gal(b1-4)GlcNAc(b1-2)Man(a1-3)]Man(b1-4)GlcNAc(b1-4)GlcNAc(b1-Sp12,0.19770000000000199,1.9089000000000065,5.496950000000003,89.1696
Gal(b1-4)[Fuc(a1-3)]GlcNAc(b1-2)Man(a1-6)[Gal(b1-4)[Fuc(a1-3)]GlcNAc(b1-2)Man(a1-3)]Man(b1-4)GlcNAc(b1-4)GlcNAc(b1-Sp20,2.244625,21.967625,10.783875,15.890675
"Neu5,9Ac2(a2-3)Gal(b1-4)GlcNAc(b1-Sp0",144.929575,9797.1737,34457.83077500002,34836.96175
"Neu5,9Ac2(a2-3)Gal(b1-4)GlcNAc(b1-Sp0",14.109124999999995,1.2845749999999994,6.009175000000003,8.233375000000004
Neu5Ac(a2-6)Gal(b1-4)GlcNAc(b1-3)Gal(b1-3)GlcNAc(b1-Sp0,0.2805,9.403450000000008,1.3968250000000015,13.175900000000002
Neu5Ac(a2-3)Gal(b1-3)[Fuc(a1-4)]GlcNAc(b1-3)Gal(b1-3)[Fuc(a1-4)]GlcNAc(b1-Sp0,10.969425,8.245874999999998,30.3357,23.34817500000001
Neu5Ac(a2-6)Gal(b1-4)GlcNAc(b1-3)Gal(b1-4)GlcNAc(b1-3)Gal(b1-4)GlcNAc(b1-Sp0,7.602675,1799.2943,27459.9083,34208.775125
Gal(a1-4)Gal(b1-4)GlcNAc(b1-3)Gal(b1-4)Glc(b1-Sp0,5.083675,3.9266750000000012,16.8065,649.649375
GalNAc(b1-3)Gal(a1-4)Gal(b1-4)GlcNAc(b1-3)Gal(b1-4)Glc(b1-Sp0,5.562300000000004,6.305075,22.205475,272.82295
GalNAc(a1-3)[Fuc(a1-2)]Gal(b1-4)GlcNAc(b1-3)Gal(b1-4)GlcNAc(b1-Sp0,12.703925000000002,2837.9973749999986,23830.4768,34548.092625
GalNAc(a1-3)[Fuc(a1-2)]Gal(b1-4)GlcNAc(b1-3)Gal(b1-4)GlcNAc(b1-3)Gal(b1-4)GlcNAc(b1-Sp0,32.977075,2620.47365,25062.1484,30553.131
Neu5Ac(a2-3)Gal(b1-4)[Fuc(a1-3)]GlcNAc(b1-6)[Neu5Ac(a2-3)Gal(b1-3)]GalNAc(a1-Sp14,13.034825,35.5382,12.6244,51.66955
GlcNAc(a1-4)Gal(b1-4)GlcNAc(b1-3)Gal(b1-4)GlcNAc(b1-3)Gal(b1-4)GlcNAc(b1-Sp0,13.771575,3187.469925,36935.8495,37049.08375000001
GlcNAc(a1-4)Gal(b1-4)GlcNAc(b1-Sp0,26.706275000000005,3231.71205,18542.946125,25483.440325
GlcNAc(a1-4)Gal(b1-3)GlcNAc(b1-Sp0,-1.722900000000001,6.532650000000002,-1.1538249999999994,8.894574999999998
GlcNAc(a1-4)Gal(b1-4)GlcNAc(b1-3)Gal(b1-4)Glc(b1-Sp0,4.303849999999999,5.3252000000000015,282.39015,6650.881575000001
GlcNAc(a1-4)Gal(b1-4)GlcNAc(b1-3)Gal(b1-4)[Fuc(a1-3)]GlcNAc(b1-3)Gal(b1-4)[Fuc(a1-3)]GlcNAc(b1-Sp0,7.201050000000002,8.792675000000001,42.569175,72.664225
GlcNAc(a1-4)Gal(b1-4)GlcNAc(b1-3)Gal(b1-4)GlcNAc(b1-Sp0,77.97267500000002,6078.468724999999,29467.0387,32648.663225000004
GlcNAc(a1-4)Gal(b1-3)GalNAc(a1-Sp14,12.971125,8.675875,24.055375000000005,28.09075000000001
Neu5Ac(a2-6)Gal(b1-4)GlcNAc(b1-2)Man(a1-6)[Man(a1-3)]Man(b1-4)GlcNAc(b1-4)GlcNAc(a1-Sp12,-1.8040999999999991,5.341299999999999,18.5627,270.463275
Man(a1-6)[Neu5Ac(a2-6)Gal(b1-4)GlcNAc(b1-2)Man(a1-3)]Man(b1-4)GlcNAc(b1-4)GlcNAc(a1-Sp12,4.330349999999998,98.542825,4130.2819,18570.133625
Neu5Ac(a2-6)Gal(b1-4)GlcNAc(b1-2)Man(a1-6)Man(b1-4)GlcNAc(b1-4)GlcNAc(a1-Sp12,2.4408249999999985,5.369624999999992,590.83465,11570.6114
Neu5Ac(a2-6)Gal(b1-4)GlcNAc(b1-2)Man(a1-3)Man(b1-4)GlcNAc(b1-4)GlcNAc(a1-Sp12,367.544125,16117.273950000004,38234.672525,34914.895974999985
Gal(b1-4)GlcNAc(b1-2)Man(a1-3)Man(b1-4)GlcNAc(b1-4)GlcNAc(a1-Sp12,192.25535,12770.949174999998,34241.16070000001,33457.93895
Gal(b1-4)GlcNAc(b1-2)Man(a1-6)Man(b1-4)GlcNAc(b1-4)GlcNAc(a1-Sp12,4.153549999999999,-2.532625000000001,155.34539999999996,4006.5436
Man(a1-6)[Gal(b1-4)GlcNAc(b1-2)Man(a1-3)]Man(b1-4)GlcNAc(b1-4)GlcNAc(b1-Sp12,12.808274999999998,37.95212500000001,2529.2951,12345.8999
GlcNAc(b1-2)Man(a1-6)[GlcNAc(b1-2)Man(a1-3)]Man(b1-4)GlcNAc(b1-4)[Fuc(a1-6)]GlcNAc(b1-Sp22,10.410225,10.61335,12.099749999999998,21.065
Gal(b1-4)GlcNAc(b1-2)Man(a1-6)[Gal(b1-4)GlcNAc(b1-2)Man(a1-3)]Man(b1-4)GlcNAc(b1-4)[Fuc(a1-6)]GlcNAc(b1-Sp22,11.174625,26.095024999999968,10.646225000000003,30.9415
Gal(b1-3)GlcNAc(b1-2)Man(a1-6)[Gal(b1-3)GlcNAc(b1-2)Man(a1-3)]Man(b1-4)GlcNAc(b1-4)[Fuc(a1-6)]GlcNAc(b1-Sp22,24.788650000000004,13.110325,13.31305,11.185575
(6S)GlcNAc(b1-3)Gal(b1-4)GlcNAc(b1-Sp0,15.036124999999998,2730.720325,13370.847724999998,23695.3917
KDN(a2-3)Gal(b1-4)[Fuc(a1-3)]GlcNAc(a1-Sp0,17.4897,18.466625000000004,315.1633500000001,1036.895675
KDN(a2-6)Gal(b1-4)GlcNAc(a1-Sp0,6.884300000000001,20.344075000000004,29.459725,48.88565
KDN(a2-3)Gal(b1-4)Glc(a1-Sp0,13.124325000000002,7.4350749999999985,8.077275000000004,15.915549999999998
KDN(a2-3)Gal(b1-3)GalNAc(a1-Sp14,12.011825,15.691775,9.78055,34.965174999999995
Fuc(a1-2)Gal(b1-3)GlcNAc(b1-2)Man(a1-6)[Fuc(a1-2)Gal(b1-3)GlcNAc(b1-2)Man(a1-3)]Man(b1-4)GlcNAc(b1-4)GlcNAc(b1-Sp20,12.117849999999995,14.758975,24.187625000000004,32.096675000000005
Fuc(a1-2)Gal(b1-4)GlcNAc(b1-2)Man(a1-6)[Fuc(a1-2)Gal(b1-4)GlcNAc(b1-2)Man(a1-3)]Man(b1-4)GlcNAc(b1-4)GlcNAc(b1-Sp20,15.50265,23.88107500000001,25.68967499999999,71.78745
Fuc(a1-2)Gal(b1-4)[Fuc(a1-3)]GlcNAc(b1-2)Man(a1-6)[Fuc(a1-2)Gal(b1-4)[Fuc(a1-3)]GlcNAc(b1-2)Man(a1-3)]Man(b1-4)GlcNAc(b1-4)GlcNA(b1-Sp20,13.973475000000004,31.063000000000002,12.047025,48.34662499999999
Gal(a1-3)Gal(b1-4)GlcNAc(b1-2)Man(a1-6)[Gal(a1-3)Gal(b1-4)GlcNAc(b1-2)Man(a1-3)]Man(b1-4)GlcNAc(b1-4)GlcNAc(b1-Sp20,2.570475,0.3105999999999991,19.26925,66.84577499999999
Gal(b1-4)GlcNAc(b1-2)Man(a1-6)[Man(a1-3)]Man(b1-4)GlcNAc(b1-4)GlcNAc(b1-Sp12,11.9826,13.577375,12.928250000000002,407.749525
Fuc(a1-4)[Gal(b1-3)]GlcNAc(b1-2)Man(a1-6)[Fuc(a1-4)[Gal(b1-3)]GlcNAc(b1-2)Man(a1-3)]Man(b1-4)GlcNAc(b1-4)[Fuc(a1-6)]GlcNAc(b1-Sp22,12.968725,34.742299999999986,80.18560000000002,333.39245000000005
Neu5Ac(a2-6)GlcNAc(b1-4)GlcNAc(a1-Sp21,7.6635,4.738875,6.8104999999999976,780.062625
Neu5Ac(a2-6)GlcNAc(b1-4)GlcNAc(b1-4)GlcNAc(a1-Sp21,23.419525,842.916825,4525.332275,16441.204100000006
Gal(b1-4)[Fuc(a1-3)]GlcNAc(b1-6)[Fuc(a1-2)Gal(b1-4)GlcNAc(b1-3)]Gal(b1-4)Glc(a1-Sp21,3.3369500000000016,8.394725,4.526425,233.73642500000003
Gal(b1-4)GlcNAc(b1-2)Man(a1-6)[Gal(b1-4)GlcNAc(b1-4)[Gal(b1-4)GlcNAc(b1-2)]Man(a1-3)]Man(b1-4)GlcNAc(b1-4)GlcNAc(a1-Sp21,15.774200000000008,26.317575000000005,79.54275000000001,3052.1605750000012
GalNAc(a1-3)[Fuc(a1-2)]Gal(b1-4)GlcNAc(b1-2)Man(a1-6)[GalNAc(a1-3)[Fuc(a1-2)]Gal(b1-4)GlcNAc(b1-2)Man(a1-3)]Man(b1-4)GlcNAc(b1-4)GlcNAc(b1-Sp20,6.9395500000000006,1.9673249999999989,24.933475000000005,37.5184
Gal(a1-3)[Fuc(a1-2)]Gal(b1-4)GlcNAc(b1-2)Man(a1-6)[Gal(a1-3)[Fuc(a1-2)]Gal(b1-4)GlcNAc(b1-2)Man(a1-3)]Man(b1-4)GlcNAc(b1-4)GlcNAc(b1-Sp20,6.1937750000000005,23.69995,26.24,104.63385
Gal(a1-3)Gal(b1-4)[Fuc(a1-3)]GlcNAc(b1-2)Man(a1-6)[Gal(a1-3)Gal(b1-4)[Fuc(a1-3)]GlcNAc(b1-2)Man(a1-3)]Man(b1-4)GlcNAc(b1-4)GlcNAc(b1-Sp20,2.6747749999999986,2.5571500000000023,13.77545,45.73295
GalNAc(a1-3)[Fuc(a1-2)]Gal(b1-3)GlcNAc(b1-2)Man(a1-6)[GalNAc(a1-3)[Fuc(a1-2)]Gal(b1-3)GlcNAc(b1-2)Man(a1-3)]Man(b1-4)GlcNAc(b1-4)GlcNAc(b1-Sp20,10.186724999999996,5.636625,9.451600000000004,56.18492500000001
Gal(a1-3)[Fuc(a1-2)]Gal(b1-3)GlcNAc(b1-2)Man(a1-6)[Gal(a1-3)[Fuc(a1-2)]Gal(b1-3)GlcNAc(b1-2)Man(a1-3)]Man(b1-4)GlcNAc(b1-4)GlcNAc(b1-Sp20,4.665649999999999,11.772049999999998,11.208000000000006,45.018925
Fuc(a1-4)[Fuc(a1-2)Gal(b1-3)]GlcNAc(b1-2)Man(a1-3)[Fuc(a1-4)[Fuc(a1-2)Gal(b1-3)]GlcNAc(b1-2)Man(a1-3)]Man(b1-4)GlcNAc(b1-4)GlcNAc(b1-Sp19,21.169625,15.48375,20.386725,56.52942499999999
Neu5Ac(a2-3)Gal(b1-4)GlcNAc(b1-3)GalNAc(a1-Sp14,-3.837874999999997,2.522399999999997,1.7195000000000018,31.640024999999994
Neu5Ac(a2-6)Gal(b1-4)GlcNAc(b1-3)GalNAc(a1-Sp14,0.050499999999999545,7.51655,5.1409249999999975,18.7758
Neu5Ac(a2-3)Gal(b1-4)[Fuc(a1-3)]GlcNAc(b1-3)GalNAc(a1-Sp14,2.6724,23.931375,19.259875,37.68194999999999
GalNAc(b1-4)GlcNAc(b1-2)Man(a1-6)[GalNAc(b1-4)GlcNAc(b1-2)Man(a1-3)]Man(b1-4)GlcNAc(b1-4)GlcNAc(a1-Sp12,47.04385,59.136625,60.01940000000001,77.24790000000002
Gal(b1-3)GalNAc(a1-3)[Fuc(a1-2)]Gal(b1-4)Glc(a1-Sp0,5.171849999999999,1.6686499999999995,0.07469999999999999,10.614775000000002
Gal(b1-3)GalNAc(a1-3)[Fuc(a1-2)]Gal(b1-4)GlcNAc(a1-Sp0,0.11112500000000036,76.74385000000002,5281.8071,16752.881825
Gal(b1-3)GlcNac(b1-3)Gal(b1-4)GlcNac(b1-6)[Gal(b1-3)GlcNac(b1-3)]Gal(b1-4)Glc(b1-Sp0,6.395149999999999,960.9261500000003,10889.467125,26111.445350000005
Gal(b1-4)[Fuc(a1-3)]GlcNAc(b1-6)[Gal(b1-3)GlcNAc(b1-3)]Gal(b1-4)Glc(a1-Sp21,20.74855,12.0822,14.8,19.441675000000004
Gal(b1-4)GlcNAc(b1-6)[Fuc(a1-4)[Fuc(a1-2)Gal(b1-3)]GlcNAc(b1-3)]Gal(b1-4)Glc(a1-Sp21,8.065374999999998,964.8646,8258.8429,14307.331024999996
Gal(b1-4)[Fuc(a1-3)]GlcNAc(b1-6)[Fuc(a1-4)[Fuc(a1-2)Gal(b1-3)]GlcNAc(b1-3)]Gal(b1-4)Glc(a1-Sp21,-1.1266499999999997,4.429799999999997,516.3930499999999,4048.795325
Gal(b1-3)GlcNAc(b1-3)Gal(b1-4)[Fuc(a1-3)]GlcNAc(b1-6)[Gal(b1-3)GlcNAc(b1-3)]Gal(b1-4)Glc(a1-Sp21,2.7826749999999976,-1.3945000000000007,11.993025,101.2106
Gal(b1-4)GlcNac(b1-6)[Gal(b1-4)GlcNac(b1-2)]Man(a1-6)[Gal(b1-4)GlcNac(b1-4)[Gal(b1-4)GlcNac(b1-2)]Man(a1-3)]Man(b1-4)GlcNac(b1-4)GlcNac(b1-Sp21,5.449074999999999,8.439549999999997,16.91805,1424.93885
GlcNac(b1-2)Man(a1-6)[GlcNac(b1-4)[GlcNac(b1-2)]Man(a1-3)]Man(b1-4)GlcNac(b1-4)GlcNac(a1-Sp21,9.44735,4.873999999999999,11.678625000000002,155.46782500000003
Fuc(a1-2)Gal(b1-3)GalNAc(a1-3)[Fuc(a1-2)]Gal(b1-4)Glc(b1-Sp0,0.8617500000000007,10.536325000000003,-0.8837250000000001,5.553349999999997
Fuc(a1-2)Gal(b1-3)GalNAc(a1-3)[Fuc(a1-2)]Gal(b1-4)GlcNAc(b1-Sp0,9.420575,3.7701249999999984,516.7080500000002,3838.565375
Gal(b1-3)GlcNAc(b1-3)GalNAc(a1-Sp14,4.719724999999999,6.770599999999996,4.285449999999999,7.8512
GalNAc(b1-4)[Neu5Ac(a2-3)]Gal(b1-4)GlcNAc(b1-3)GalNAc(a1-Sp14,46.27485,48.40085000000001,57.478,71.70895000000002
GalNAc(a1-3)[Fuc(a1-2)]Gal(b1-3)GalNAc(a1-3)[Fuc(a1-2)]Gal(b1-4)GlcNAc(b1-Sp0,4.051300000000001,15.861925,3056.493575,14741.541275
Gal(a1-3)Gal(b1-3)GlcNAc(b1-2)Man(a1-6)[Gal(a1-3)Gal(b1-3)GlcNAc(b1-2)Man(a1-3)]Man(b1-4)GlcNAc(b1-4)GlcNAc(a1-Sp19,14.735099999999996,31.83305,13.694025000000002,56.00234999999999
Gal(a1-3)Gal(b1-3)[Fuc(a1-4)]GlcNAc(b1-2)Man(a1-6)[Gal(a1-3)Gal(b1-3)[Fuc(a1-4)]GlcNAc(b1-2)Man(a1-3)]Man(b1-4)GlcNAc(b1-4)GlcNAc(a1-Sp19,6.2848500000000005,25.00285,32.871125,121.36335000000004
Neu5Ac(a2-3)Gal(b1-3)GlcNAc(b1-2)Man(a1-6)[Neu5Ac(a2-3)Gal(b1-3)GlcNAc(b1-2)Man(a1-3)]Man(b1-4)GlcNAc(b1-4)GlcNAc(a1-Sp19,15.4738,7.274225000000005,-3.6270999999999987,23.59605
GlcNAc(b1-2)Man(a1-6)[Gal(b1-4)GlcNAc(b1-2)Man(a1-3)]Man(b1-4)GlcNAc(b1-4)GlcNAc(a1-Sp12,7.430125,5.371725,8.703499999999998,118.801425
Gal(b1-4)GlcNAc(b1-2)Man(a1-6)[GlcNAc(b1-2)Man(a1-3)]Man(b1-4)GlcNAc(b1-4)GlcNAc(a1-Sp12,4.120049999999999,5.91785,9.547924999999998,50.04112500000002
Neu5Ac(a2-3)Gal(b1-3)GlcNAc(b1-3)GalNAc(a1-Sp14,6.365350000000001,16.18515,15.071025000000004,10.633599999999998
Fuc(a1-2)Gal(b1-4)GlcNac(b1-3)GalNac(a1-Sp14,48.35492500000001,5.722875000000003,15.966175,28.1635
Gal(b1-4)[Fuc(a1-3)]GlcNac(b1-3)GalNac(a1-Sp14,14.040375,11.382475,9.527475,16.812150000000006
GalNac(a1-3)GalNac(b1-3)Gal(a1-4)Gal(b1-4)GlcNac(b1-Sp0,6.317674999999998,104.05355,3694.134050000001,14916.673375000002
Gal(a1-4)Gal(b1-3)GlcNac(b1-2)Man(a1-6)[Gal(a1-4)Gal(b1-3)GlcNac(b1-2)Man(a1-3)]Man(b1-4)GlcNac(b1-4)GlcNac(b1-Sp19,2.107275,24.18707500000001,13.819375,26.5046
Gal(a1-4)Gal(b1-4)GlcNac(b1-2)Man(a1-6)[Gal(a1-4)Gal(b1-4)GlcNac(b1-2)Man(a1-3)]Man(b1-4)GlcNac(b1-4)GlcNac(b1-Sp24,9.583875,19.021849999999993,29.95685000000001,201.204925
Gal(a1-3)Gal(b1-4)GlcNac(b1-3)GalNac(a1-Sp14,9.82215,6.2940999999999985,15.28495,13.987249999999998
Gal(b1-3)GlcNAc(b1-6)Gal(b1-4)GlcNAc(b1-Sp0,-1.0341500000000021,2.252675,0.8719999999999999,19.944475000000004
Gal(b1-3)GlcNAc(a1-6)Gal(b1-4)GlcNAc(b1-Sp0,5.8309000000000015,0.2803500000000021,4.009725000000001,14.905699999999998
GalNAc(b1-3)Gal(a1-6)Gal(b1-4)Glc(b1-Sp8,6.553825,2.1911749999999994,7.2399749999999985,15.390425000000002
Gal(a1-3)[Fuc(a1-2)]Gal(b1-4)[Fuc(a1-3)]Glc(b1-Sp21,2.251525000000001,12.211574999999998,11.7619,23.825225
Gal(b1-4)GlcNAc(b1-6)[Neu5Ac(a2-6)Gal(b1-3)GlcNAc(b1-3)]Gal(b1-4)Glc(a1-Sp21,18.54635,706.6989749999997,9209.437175,15087.4001
Gal(b1-3)GalNAc(b1-4)[Neu5Ac(a2-8)Neu5Ac(a2-3)]Gal(b1-4)Glc(b1-Sp0,5.937225,1.0448500000000005,3.284625,5.606549999999999
Neu5Ac(a2-3)Gal(b1-3)GalNAc(b1-4)[Neu5Ac(a2-8)Neu5Ac(a2-3)]Gal(b1-4)Glc(b1-Sp0,16.18065,8.68225,6.5394000000000005,9.562175
Gal(a1-3)[Fuc(a1-2)]Gal(b1-4)GlcNAc(b1-3)GalNAc(a1-Sp14,3.3110000000000004,3.530549999999998,3.9227750000000015,42.296325
GalNAc(a1-3)[Fuc(a1-2)]Gal(b1-4)GlcNAc(b1-3)GalNAc(a1-Sp14,2.39435,19.247675,13.015299999999995,25.687575
GalNAc(a1-3)GalNAc(b1-3)Gal(a1-4)Gal(b1-4)Glc(b1-Sp0,3.7066250000000007,10.730424999999997,7.32295,22.72107500000001
Fuc(a1-2)Gal(b1-4)[Fuc(a1-3)]GlcNAc(b1-3)GalNAc(a1-Sp14,40.853475,55.559475000000006,45.37165,54.82194999999996
Gal(a1-3)[Fuc(a1-2)]Gal(b1-4)[Fuc(a1-3)]GlcNAc(b1-3)GalNAc(a1-Sp14,11.989499999999998,15.680025000000002,21.7402,21.836725
GalNAc(a1-3)[Fuc(a1-2)]Gal(b1-4)[Fuc(a1-3)]GlcNAc(b1-3)GalNAc(a1-Sp14,30.44285000000001,38.8654,36.718275,47.63272499999999
Gal(b1-4)[Fuc(a1-3)]GlcNAc(b1-2)Man(a1-6)[Gal(b1-4)[Fuc(a1-3)]GlcNAc(b1-2)Man(a1-3)]Man(b1-4)GlcNAc(b1-4)[Fuc(a1-6)]GlcNAc(b1-Sp22,12.411375,17.51765000000001,27.664774999999995,13.902675
Fuc(a1-2)Gal(b1-4)GlcNAc(b1-2)Man(a1-6)[Fuc(a1-2)Gal(b1-4)GlcNAc(b1-2)Man(a1-3)]Man(b1-4)GlcNAc(b1-4)[Fuc(a1-6)]GlcNAc(b1-Sp22,6.884650000000002,14.444274999999998,24.537675,86.11925000000002
GlcNAc(b1-2)[GlcNAc(b1-6)]Man(a1-6)[GlcNAc(b1-2)Man(a1-3)]Man(b1-4)GlcNAc(b1-4)GlcNAc(b1-Sp19,3.5425,5.132950000000001,17.994599999999963,43.656925
Fuc(a1-2)Gal(b1-3)GlcNAc(b1-3)GalNAc(a1-Sp14,1.1841999999999988,1.0832250000000023,-1.6680249999999992,0.9105249999999998
Gal(a1-3)[Fuc(a1-2)]Gal(b1-3)GlcNAc(b1-3)GalNAc(a1-Sp14,7.728724999999999,12.500050000000002,0.19637499999999888,17.563799999999997
GalNAc(a1-3)[Fuc(a1-2)]Gal(b1-3)GlcNAc(b1-3)GalNAc(a1-Sp14,15.121875,22.542725,19.291975,31.05285000000001
Gal(a1-3)Gal(b1-3)GlcNAc(b1-3)GalNAc(a1-Sp14,2.270975,-0.6860999999999988,9.588,3.898375
Fuc(a1-2)Gal(b1-3)GlcNAc(b1-2)Man(a1-6)[Fuc(a1-2)Gal(b1-3)GlcNAc(b1-2)Man(a1-3)]Man(b1-4)GlcNAc(b1-4)[Fuc(a1-6)]GlcNAc(b1-Sp22,14.477024999999998,24.82665,59.66942499999999,48.71195
Gal(a1-3)[Fuc(a1-2)]Gal(b1-4)GlcNAc(b1-2)Man(a1-6)[Gal(a1-3)[Fuc(a1-2)]Gal(b1-4)GlcNAc(b1-2)Man(a1-3)]Man(b1-4)GlcNAc(b1-4)[Fuc(a1-6)]GlcNAc(b1-Sp22,8.22,10.021225,13.367425000000004,27.64980000000001
Gal(b1-3)GlcNAc(b1-6)[Gal(b1-3)GlcNAc(b1-2)]Man(a1-6)[Gal(b1-3)GlcNAc(b1-2)Man(a1-3)]Man(b1-4)GlcNAc(b1-4)GlcNAc(b1-Sp19,3.9313999999999982,4.242799999999999,22.584799999999966,14.211475
Gal(b1-4)GlcNAc(b1-6)[Fuc(a1-2)Gal(b1-3)GlcNAc(b1-3)]Gal(b1-4)Glc(a1-Sp21,10.287125000000003,238.1138,6243.3083,16470.434575
Fuc(a1-3)GlcNAc(b1-6)[Gal(b1-4)GlcNAc(b1-3)]Gal(b1-4)Glc(a1-Sp21,9.19015,3.6660250000000048,39.2855,729.6970749999997
GlcNAc(b1-2)Man(a1-6)[GlcNAc(b1-4)][GlcNAc(b1-2)Man(a1-3)]Man(b1-4)GlcNac(b1-4)GlcNAc(a1-Sp21,-0.7806499999999978,0.4883500000000005,5.479950000000002,116.857325
GlcNAc(b1-2)Man(a1-6)[GlcNAc(b1-4)][GlcNAc(b1-4)[GlcNAc(b1-2)]Man(a1-3)]Man(b1-4)GlcNAc(b1-4)GlcNAc(a1-Sp21,-0.6307000000000009,3.7821750000000014,3.921375000000001,16.74955
GlcNAc(b1-6)[GlcNAc(b1-2)]Man(a1-6)[GlcNAc(b1-4)][GlcNAc(b1-2)Man(a1-3)]Man(b1-4)GlcNAc(b1-4)GlcNAc(a1-Sp21,1.6857999999999986,1.34625,9.385675,58.90635
GlcNAc(b1-6)[GlcNAc(b1-2)]Man(a1-6)[GlcNAc(b1-4)][GlcNAc(b1-4)[GlcNAc(b1-2)]Man(a1-3)]Man(b1-4)GlcNAc(b1-4)GlcNAc(a1-Sp21,-1.280524999999999,-2.314024999999999,11.0601,9.906975
Gal(b1-4)GlcNAc(b1-2)Man(a1-6)[GlcNAc(b1-4)][Gal(b1-4)GlcNAc(b1-2)Man(a1-3)]Man(b1-4)GlcNAc(b1-4)GlcNAc(a1-Sp21,1.0345250000000004,-0.4599999999999991,83.38642499999997,757.88195
Gal(b1-4)GlcNAc(b1-2)Man(a1-6)[GlcNAc(b1-4)][Gal(b1-4)GlcNAc(b1-4)[Gal(b1-4)GlcNAc(b1-2)]Man(a1-3)]Man(b1-4)GlcNAc(b1-4)GlcNAc(a1-Sp21,6.159375,11.766000000000005,68.91645,186.1971
Gal(b1-4)GlcNAc(b1-6)[Gal(b1-4)GlcNAc(b1-2)]Man(a1-6)[GlcNAc(b1-4)][Gal(b1-4)GlcNAc(b1-2)Man(a1-3)]Man(b1-4)GlcNAc(b1-4)GlcNAc(a1-Sp21,-0.7659000000000021,12.072450000000002,127.07142500000002,1013.4716249999997
Gal(b1-4)GlcNAc(b1-6)[Gal(b1-4)GlcNAc(b1-2)]Man(a1-6)[GlcNAc(b1-4)][Gal(b1-4)GlcNAc(b1-4)[Gal(b1-4)GlcNAc(b1-2)]Man(a1-3)]Man(b1-4)GlcNAc(b1-4)GlcNAc(a1-Sp21,12.241950000000005,18.872250000000008,120.5774,316.65895
Gal(b1-4)Gal(b1-Sp10,3.1517250000000008,-0.7888999999999999,4.696074999999999,1.751649999999998
Gal(b1-6)Gal(b1-Sp10,4.876850000000003,31.838474999999995,10.00705,10.59205
Neu5Ac(a2-3)Gal(b1-4)GlcNAc(b1-3)Gal(b1-Sp8,-5.999475000000001,297.1607,11661.7754,26137.376075
GalNAc(b1-6)GalNAc(b1-Sp8,2.9640000000000017,-3.7725,60.907025,2685.33975
(6S)Gal(b1-3)GlcNAc(b1-Sp0,0.95275,-0.21202500000000413,-4.9368,10.925100000000016
(6S)Gal(b1-3)(6S)GlcNAc(a1-Sp0,8.637550000000001,-4.9159000000000015,1.323624999999999,15.637825000000007
Fuc(a1-2)Gal(b1-4) GlcNAc(b1-2)Man(a1-6)[Fuc(a1-2)Gal(b1-4)GlcNAc(b1-2)[Fuc(a1-2)Gal(b1-4)GlcNAc(b1-4)]Man(a1-3)]Man(b1-4)GlcNAc(b1-4)GlcNAc(b1-N,21.074324999999995,16.852925,30.14050000000001,51.11789999999999
Fuc(a1-2)Gal(b1-4)[Fuc(a1-3)]GlcNAc(b1-2)Man(a1-6)[Fuc(a1-2)Gal(b1-4)[Fuc(a1-3)]GlcNAc(b1-4)[Fuc(a1-2)Gal(b1-4)[Fuc(a1-3)]GlcNAc(b1-2)]Man(a1-3)]Man(b1-4)GlcNAc(b1-4)GlcNAc(b1-N,23.93875,18.6004,44.41092500000002,53.88842500000001
Gal(b1-4)[Fuc(a1-3)]GlcNAc(b1-6)GalNAc(a1-Sp14,16.156825000000005,8.33115,24.742625000000004,37.436
Gal(b1-4)GlcNAc(b1-2)Man(a1-Sp0,4.975100000000001,12.43875,12.65505,34.1846
Fuc(a1-2)Gal(b1-4)GlcNAc(b1-6)[Fuc(a1-2)Gal(b1-4)GlcNAc(b1-3)]GalNAc(a1-Sp14,9.329725,25.182250000000003,62.479525,111.74152499999997
Gal(a1-3)Fuc(a1-2)Gal(b1-4)GlcNAc(b1-6)[Gal(a1-3)Fuc(a1-2)Gal(b1-4)GlcNAc(b1-3)]GalNAc(a1-Sp14,10.108549999999996,7.913849999999997,22.28847499999999,51.39665
GalNAc(a1-3)[Fuc(a1-2)]Gal(b1-4)GlcNAc(b1-6)[GalNAc(a1-3)[Fuc(a1-2)]Gal(b1-4)GlcNAc(b1-3)]GalNAc(a1-Sp14,3.0092750000000006,2.8134999999999994,4.210375000000003,25.904225
Neu5Ac(a2-8)Neu5Ac(a2-3)Gal(b1-3)GalNAc(b1-4)[Neu5Ac(a2-8)Neu5Ac(a2-3)]Gal(b1-4)Glc(b1-Sp0,19.775675,0.8086000000000011,8.951075,33.910075000000006
GalNAc(b1-4)Gal(b1-4)Glc(b1-Sp0,15.970775000000005,9.75705,14.485550000000005,49.480575
GalNAc(a1-3)[Fuc(a1-2)]Gal(b1-4)GlcNAc(b1-2)Man(a1-6)[GalNAc(a1-3)[Fuc(a1-2)]Gal(b1-4)GlcNAc(b1-2)Man(a1-3)]Man(b1-4)GlcNAc(b1-4)[Fuc(a1-6)]GlcNAc(b1-Sp22,11.986274999999996,22.04955,13.783699999999996,32.249725
Gal(a1-3)[Fuc(a1-2)]Gal(b1-3)GlcNAc(b1-2)Man(a1-6)[Gal(a1-3)[Fuc(a1-2)]Gal(b1-3)GlcNAc(b1-2)Man(a1-3)]Man(b1-4)GlcNAc(b1-4)[Fuc(a1-6)]GlcNAc(b1-Sp22,3.7860249999999986,17.379574999999996,26.1029,18.523774999999983
Neu5Ac(a2-6)Gal(b1-4)GlcNAc(b1-6)[Fuc(a1-2)Gal(b1-3)GlcNAc(b1-3)]Gal(b1-4)Glc(a1-Sp21,4.007475,4.168850000000002,842.9476249999997,6274.679925000001
GalNAc(a1-3)[Fuc(a1-2)]Gal(b1-3)GlcNAc(b1-2)Man(a1-6)[GalNAc(a1-3)[Fuc(a1-2)]Gal(b1-3)GlcNAc(b1-2)Man(a1-3)]Man(b1-4)GlcNAc(b1-4)[Fuc(a1-6)]GlcNAc(b1-Sp22,5.383000000000001,4.382099999999999,19.310925,49.77244999999999
Gal(b1-4)GlcNAc(b1-6)[Gal(b1-4)GlcNAc(b1-2)]Man(a1-6)[Gal(b1-4)GlcNAc(b1-2)Man(a1-3)]Man(b1-4)GlcNAc(b1-4)GlcNAc(b1-Sp19,2.633799999999999,-2.054624999999998,13.167525000000005,428.866525
Neu5Ac(a2-3)Gal(b1-4)GlcNAc(b1-2)Man(a1-6)[GlcNAc(b1-4)][Neu5Ac(a2-3)Gal(b1-4)GlcNAc(b1-2)Man(a1-3)]Man(b1-4)GlcNAc(b1-4)GlcNAc(b1-Sp21,4.671149999999999,213.86445,952.981225,4317.341750000001
Neu5Ac(a2-3)Gal(b1-4)GlcNAc(b1-4)Man(a1-6)[GlcNAc(b1-4)][Neu5Ac(a2-3)Gal(b1-4)GlcNAc(b1-4)[Neu5Ac(a2-3)Gal(b1-4)GlcNAc(b1-2)]Man(a1-3)]Man(b1-4)GlcNAc(b1-4)GlcNAc(b1-Sp21,9.08125,23.715025,313.8164,747.75805
Neu5Ac(a2-3)Gal(b1-4)GlcNAc(b1-6)[Neu5Ac(a2-3)Gal(b1-4)GlcNAc(b1-2)]Man(a1-6)[GlcNAc(b1-4)][Neu5Ac(a2-3)Gal(b1-4)GlcNAc(b1-2)Man(a1-3)]Man(b1-4)GlcNAc(b1-4)GlcNAc(b1-Sp21,8.217325,82.79105000000001,568.1427,3030.1882
Neu5Ac(a2-3)Gal(b1-4)GlcNAc(b1-6)[Neu5Ac(a2-3)Gal(b1-4)GlcNAc(b1-2)]Man(a1-6)[GlcNAc(b1-4)][Neu5Ac(a2-3)Gal(b1-4)GlcNAc(b1-4)[Neu5Ac(a2-3)Gal(b1-4)GlcNAc(b1-2)]Man(a1-3)]Man(b1-4)GlcNAc(b1-4)GlcNAc(b1-Sp21,-1.1789249999999996,8.553824999999998,382.026575,965.8283750000003
Neu5Ac(a2-6)Gal(b1-4)GlcNAc(b1-2)Man(a1-6)[GlcNAc(b1-4)][Neu5Ac(a2-6)Gal(b1-4)GlcNAc(b1-2)Man(a1-3)]Man(b1-4)GlcNAc(b1-4)GlcNAc(b1-Sp21,3.927074999999999,2.1874749999999974,9.667650000000002,152.5005
Neu5Ac(a2-6)Gal(b1-4)GlcNAc(b1-4)Man(a1-6)[GlcNAc(b1-4)][Neu5Ac(a2-6)Gal(b1-4)GlcNAc(b1-4)[Neu5Ac(a2-6)Gal(b1-4)GlcNAc(b1-2)]Man(a1-3)]Man(b1-4)GlcNAc(b1-4)GlcNAc(b1-Sp21,1.0977500000000011,1.801849999999999,6.840225,57.485700000000016
Neu5Ac(a2-6)Gal(b1-4)GlcNAc(b1-6)[Neu5Ac(a2-6)Gal(b1-4)GlcNAc(b1-2)]Man(a1-6)[GlcNAc(b1-4)][Neu5Ac(a2-6)Gal(b1-4)GlcNAc(b1-2)Man(a1-3)]Man(b1-4)GlcNAc(b1-4)GlcNAc(b1-Sp21,-5.349250000000001,-2.245550000000004,0.9776000000000008,29.3186
Neu5Ac(a2-6)Gal(b1-4)GlcNAc(b1-6)[Neu5Ac(a2-6)Gal(b1-4)GlcNAc(b1-2)]Man(a1-6)[GlcNAc(b1-4)][Neu5Ac(a2-6)Gal(b1-4)GlcNAc(b1-4)[Neu5Ac(a2-6)Gal(b1-4)GlcNAc(b1-2)]Man(a1-3)]Man(b1-4)GlcNAc(b1-4)GlcNAc(b1-Sp21,10.778824999999998,4.586449999999999,1.075075,21.728075000000004
Gal(a1-3)[Fuc(a1-2)]Gal(b1-3)GalNAc(a1-Sp8,3.925625,7.293925,2.5768499999999985,42.53172500000001
Gal(a1-3)[Fuc(a1-2)]Gal(b1-3)GalNAc(b1-Sp8,16.809950000000008,5.381025000000001,25.54775000000001,27.8076
Glc(a1-6)Glc(a1-6)Glc(a1-6)Glc(b1-Sp10,4.976775,9.493575,19.051750000000006,20.901625000000006
Glc(a1-4)Glc(a1-4)Glc(a1-4)Glc(b1-Sp10,18.294250000000005,7.145375,7.280775000000002,36.41445
Neu5Ac(a2-3)Gal(b1-4)GlcNAc(b1-6)[Neu5Ac(a2-3)Gal(b1-4)GlcNAc(b1-3)]GalNAc(a1-Sp14,6.088875,12.236800000000002,117.80975,3177.088125
Fuc(a1-2)Gal(b1-4)[Fuc(a1-3)]GlcNAc(b1-2)Man(a1-6)[Fuc(a1-2)Gal(b1-4)[Fuc(a1-3)]GlcNAc(b1-2)Man(a1-3)]Man(b1-4)GlcNAc(b1-4)[Fuc(a1-6)]GlcNAc(b1-Sp24,21.875699999999995,18.040175,40.38350000000001,38.46712500000001
Fuc(a1-2)Gal(b1-3)[Fuc(a1-4)]GlcNAc(b1-2)Man(a1-6)[Fuc(a1-2)Gal(b1-3)[Fuc(a1-4)]GlcNAc(b1-2)Man(a1-3)]Man(b1-4)GlcNAc(b1-4)[Fuc(a1-6)]GlcNA(cb-S)p(1-4)[Fuc(a1-6)]GlcNAc(b1-Sp19,7.233225000000001,20.684025000000005,8.210325000000001,30.49995
Neu5Ac(a2-3)Gal(b1-3)GlcNAc(b1-6)[Neu5Ac(a2-3)Gal(b1-4)GlcNAc(b1-2)]Man(a1-6)[Neu5Ac(a2-3)Gal(b1-3)GlcNAc(b1-2)Man(a1-3)]Man(b1-4)GlcNAc(b1-4)GlcNAc(b1-Sp19,6.825574999999999,8.013949999999996,41.8854,27.556850000000004
GlcNAc(b1-6)[GlcNAc(b1-2)]Man(a1-6)[GlcNAc(b1-2)Man(a1-3)]Man(b1-4)GlcNAc(b1-4)[Fuc(a1-6)]GlcNAc(b1-Sp24,21.049575,15.8946,15.268775000000002,56.74565
Gal(b1-3)GlcNAc(b1-2)Man(a1-6)[GlcNAc(b1-4)][Gal(b1-3)GlcNAc(b1-2)Man(a1-3)]Man(b1-4)GlcNAc(b1-4)GlcNAc(b1-Sp21,9.1062,13.115225000000002,36.292225,70.14627499999999
Neu5Ac(a2-6)Gal(b1-4)GlcNAc(b1-6)[Gal(b1-3)GlcNAc(b1-3)]Gal(b1-4)Glc(b1-Sp21,3.788875000000001,7.365999999999998,8.474475,65.688425
Neu5Ac(a2-3)Gal(b1-4)GlcNAc(b1-2)Man(a1-Sp0,11.544224999999996,1.5582249999999984,22.05787500000001,27.63502499999999
Neu5Ac(a2-3)Gal(b1-4)GlcNAc(b1-6)GalNAc(a1-Sp14,3.341375,176.16585000000003,5758.420325000001,12326.581599999998
Neu5Ac(a2-6)Gal(b1-4)GlcNAc(b1-6)GalNAc(a1-Sp14,13.270275000000002,21.32465,20.34285,10.900999999999994
Neu5Ac(a2-6)Gal(b1-4)GlcNAc(b1-6)[Neu5Ac(a2-6)Gal(b1-4)GlcNAc(b1-3)]GalNAc(a1-Sp14,-0.10437499999999922,4.299350000000002,7.9604750000000015,23.26682499999999
Neu5Ac(a2-6)Gal(b1-4)GlcNAc(b1-2)Man(a1-6)[Neu5Ac(a2-6)Gal(b1-4)GlcNAc(b1-2)Man(a1-3)]Man(b1-4)GlcNAc(b1-4)[Fuc(a1-6)]GlcNAc(b1-Sp24,5.098399999999998,7.612300000000001,26.089324999999995,97.13094999999998
Neu5Ac(a2-3)Gal(b1-4)GlcNAc(b1-2)Man(a1-6)[Neu5Ac(a2-3)Gal(b1-4)GlcNAc(b1-2)Man(a1-3)]Man(b1-4)GlcNAc(b1-4)[Fuc(a1-6)]GlcNAc(b1-Sp24,6.6244250000000005,3.7840750000000014,186.78285,4505.3391
Man(a1-6)[Man(a1-3)]Man(b1-4)GlcNAc(b1-4)[Fuc(a1-6)]GlcNAc(b1-Sp19,9.146875,2872.834575,11996.253999999999,18673.839325
Gal(b1-4)GlcNAc(b1-6)[Gal(b1-4)GlcNAc(b1-2)]Man(a1-6)[Gal(b1-4)GlcNAc(b1-2)Man(a1-3)]Man(b1-4)GlcNAc(b1-4)[Fuc(a1-6)]GlcNAc(b1-Sp24,5.436000000000003,10.609225,16.56845,485.37375
Neu5Ac(a2-3)Gal(b1-3)GlcNAc(b1-2)Man(a1-6)[GlcNAc(b1-4)][Neu5Ac(a2-3)Gal(b1-3)GlcNAc(b1-2)Man(a1-3)]Man(b1-4)GlcNAc(b1-4)GlcNAc(a1-Sp21,4.009525000000002,4.2647,10.621875,43.80780000000002
Neu5Ac(a2-6)Gal(b1-4)GlcNAc(b1-6)[Fuc(a1-2)Gal(b1-4)[Fuc(a1-3)]GlcNAc(b1-3)]Gal(b1-4)Glc(a1-Sp21,4.379650000000002,2.0861250000000027,38.40155,226.682925
Gal(b1-3)GlcNAc(b1-6)GalNAc(a1-Sp14,1.1578999999999997,12.007900000000005,-1.7447500000000016,4.607049999999999
Gal(a1-3)Gal(b1-3)GlcNAc(b1-6)GalNAc(a1-Sp14,10.3911,14.669000000000002,5.2723999999999975,0.6942250000000021
Gal(b1-3)[Fuc(a1-4)]GlcNAc(b1-6)GalNAc(a1-Sp14,14.321275000000005,5.301,6.384974999999999,10.166875
Neu5Ac(a2-3)Gal(b1-3)GlcNAc(b1-6)GalNAc(a1-Sp14,10.935875,15.64215,23.040150000000004,17.827924999999997
(3S)Gal(b1-3)[Fuc(a1-4)]GlcNAc(b1-Sp0,13.804425,7.358375000000024,0.027849999999997262,15.518400000000007
Gal(b1-4)[Fuc(a1-3)]GlcNAc(b1-6)[Neu5Ac(a2-6)[Neu5Ac(a2-3)Gal(b1-3)]GlcNAc(b1-3)]Gal(b1-4)Glc(a1-Sp21,16.104225000000003,6.488225,15.697574999999995,27.35305
Fuc(a1-2)Gal(b1-4)GlcNAc(b1-6)GalNAc(a1-Sp14,6.461425,12.711975,58.3749,208.323975
Gal(a1-3)Gal(b1-4)GlcNAc(b1-6)GalNAc(a1-Sp14,1.3266999999999998,21.854775000000004,233.25337499999995,4011.6415
Gal(b1-4)[Fuc(a1-3)]GlcNAc(b1-2)Man(a1-Sp0,29.28805000000001,3.0028999999999986,3.813125,27.88159999999999
Fuc(a1-2)(6S)Gal(b1-3)GlcNAc(b1-Sp0,7.086875,7.7354249999999976,10.229025,8.775525
Gal(a1-3)[Fuc(a1-2)]Gal(b1-4)GlcNAc(b1-6)GalNAc(a1-Sp14,6.0831750000000016,10.741575,4.140300000000002,4.414100000000001
Fuc(a1-2)Gal(b1-4)GlcNAc(b1-2)Man(a1-Sp0,11.858325000000002,6.63935,22.064925,30.913075
Fuc(a1-2)Gal(b1-3)(6S)GlcNAc(b1-Sp0,9.902275,11.251499999999998,9.5564,20.070924999999995
Fuc(a1-2)(6S)Gal(b1-3)(6S)GlcNAc(b1-Sp0,13.562275,9.77785,34.55777499999999,42.98725
Neu5Ac(a2-6)GalNAc(b1-4)(6S)GlcNAc(b1-Sp8,3.1477500000000016,-0.8876250000000017,21.763024999999992,31.018425
GalNAc(b1-4)[Fuc(a1-3)](6S)GlcNAc(b1-Sp8,4.593375,-2.758000000000002,5.6813249999999975,31.768525000000004
(3S)GalNAc(b1-4)[Fuc(a1-3)]GlcNAc(b1-Sp8,4.937025,4.9449000000000005,9.514350000000002,32.91967500000001
Fuc(a1-2)Gal(b1-3)GlcNAc(b1-6)[Fuc(a1-2)Gal(b1-3)GlcNAc(b1-3)]GalNAc(a1-Sp14,16.2787,9.000049999999996,15.129575,26.880125
GalNAc(a1-3)[Fuc(a1-2)]Gal(b1-3)GlcNAc(b1-6)GalNAc(a1-Sp14,7.657425000000003,5.820075000000003,2.3404000000000007,15.295299999999996
GlcNAc(b1-6)[GlcNAc(b1-2)]Man(a1-6)[GlcNAc(b1-4)][GlcNAc(b1-4)[GlcNAc(b1-2)]Man(a1-3)]Man(b1-4)GlcNAc(b1-4)[Fuc(a1-6)]GlcNAc(a1-Sp21,4.131525000000001,-0.17625,4.873374999999999,44.841175
Gal(b1-4)GlcNAc(b1-6)[Gal(b1-4)GlcNAc(b1-2)]Man(a1-6)[GlcNAc(b1-4)]Gal(b1-4)GlcNAc(b1-4)[Gal (b1-4)GlcNAc(b1-2)]Man(a1-3)]Man(b1-4)GlcNAc(b1-4)[Fuc(a1-6)]GlcNAc(a1-Sp21,4.919699999999999,13.853099999999998,111.42972500000002,763.5480250000003
Gal(b1-3)GlcNAc(a1-3)Gal(b1-4)GlcNAc(b1-Sp8 ,26.31915,3991.3945,23512.60825,28747.53805000001
Gal(b1-3)(6S)GlcNAc(b1-Sp8 ,7.764699999999999,6.8003750000000025,0.5833499999999994,0.4899749999999994
(6S)(4S)GalNAc(b1-4)GlcNAc(a1-Sp8,4.269625,-6.694825,6.2613,1.3150750000000002
(6S)GalNAc(b1-4)GlcNAc(a1-Sp8 ,6.191774999999998,4.744325000000002,0.2394500000000015,45.7679
(3S)GalNAc(b1-4)(3S)GlcNAc(a1-Sp8,2.949825000000001,-7.9579999999999975,-3.160499999999999,8.9665
GalNAc(b1-4)(6S)GlcNAc(a1-Sp8 ,45.644375,5146.839,28763.819475,36479.641925
(3S)GalNAc(b1-4)GlcNAc(a1-Sp8 ,2.452824999999999,3046.344225000001,25654.5525,29632.794875
(4S)GalNac(b1-Sp10,10.871800000000002,3.6092250000000017,9.914449999999997,-3.8141999999999983
Gal(b1-4)(6P)GlcNAc(b1-Sp0 ,-1.0048750000000002,87.0728,3492.343925,10853.2221
(6P)Gal(b1-4)GlcNAc(b1-SP0 ,-4.6656749999999985,-4.847874999999998,-5.511624999999999,3.223274999999997
GalNAc(a1-3)[Fuc(a1-2)]Gal(b1-4)GlcNAc(b1-6)GalNAc(a1-Sp14,-1.0669749999999991,19.54955,51.24399999999999,1011.5449
Neu5Ac(a2-6)Gal(b1-4)GlcNAc(b1-2)Ma(n1-Sp0,6.423825000000001,7.014249999999999,7.869049999999998,9.567749999999997
Gal(a1-3)Gal(b1-4)GlcNAc(b1-2)Man(a1-Sp0,0.10622499999999846,4.929425,1.1846750000000004,24.015825
Gal(a1-3)[Fuc(a1-2)]Gal(b1-4)GlcNAc(b1-2)Man(a1-Sp0,11.320850000000007,20.319025,19.65575,47.28805000000001
GalNAc(a1-3)[Fuc(a1-2)]Gal(b1-4) GlcNAc(b1-2)Man(a1-Sp0,11.461624999999998,4.490425,14.401200000000005,25.527275
 Gal(b1-3)GlcNAc(b1-2)Man(a1-Sp0,6.9164499999999975,20.633425000000006,15.631199999999994,32.9011
Gal(a1-3)[Fuc(a1-2)]Gal(b1-3)GlcNAc(b1-6)GalNAc(a1-Sp14,9.213625,13.5398,15.271350000000002,11.04015
Neu5Ac(a2-3)Gal(b1-3)GlcNAc(b1-2)Man(a1-Sp0,-0.487425,23.58572500000001,51.617975,120.501025
Gal(a1-3)Gal(b1-3)GlcNAc(b1-2)Man(a1-Sp0,8.499424999999999,9.818875000000002,4.872275000000002,50.102625
GalNAc(b1-4)GlcNAc(b1-2)Man(a1-Sp0,11.64615,3.7287,10.34695,30.701100000000004
Neu5Ac(a2-3)Gal(b1-3)GlcNAc(b1-4)Gal(b1-4)Glc(b1-Sp0,3.8896249999999988,16.4079,18.189425,31.494775000000004
GlcNAc(b1-2) Man(a1-6)[GlcNAc(b1-4)][GlcNAc(b1-2)Man(a1-3)]Man(b1-4)GlcNAc(b1-4)[Fuc(a1-6)]GlcNAc(a1-Sp21,11.758099999999995,3.639375,15.976724999999998,256.905725
Gal(b1-4)GlcNAc(b1-2)Man(a1-6)[GlcNAc(b1-4)][Gal(b1-4)GlcNAc(b1-2)Man(a1-3)]Man(b1-4)GlcNAc(b1-4)[Fuc(a1-6)]GlcNAc(a1-Sp21,1.988599999999999,11.49045,37.457275,629.705575
Gal(b1-4)GlcNAc(b1-2)Man(a1-6)[Gal(b1-4)GlcNAc(b1-4)][Gal(b1-4)GlcNAc(b1-2)Man(a1-3)]Man(b1-4)GlcNAc(b1-4)[Fuc(a1-6)]GlcNAc(a1-Sp21,2.9327749999999986,16.546999999999993,40.76899999999999,288.776825
Fuc(a1-4)[Gal(b1-3)]GlcNAc(b1-2)Man(a1-Sp0,4.2292000000000005,12.399375,22.61757500000001,30.3801
Neu5Ac(a2-3)Gal(b1-4)[Fuc(a1-3)]GlcNAc(b1-2)Man(a1-Sp0,0.5431999999999988,2.3883750000000017,16.113599999999998,26.5942
GlcNAc(b1-3)Gal(b1-4)GlcNAc(b1-6)[GlcNAc(b1-3)]Gal(b1-4)GlcNAc(a1-Sp0,61.04274999999999,6078.0164,33756.02222500001,30479.96360000001
GalNAc(a1-3)[Fuc(a1-2)]Gal(b1-3)GalNAc(b1-3)Gal(a1-4)Gal(b1-4)Glc(a1-Sp21,8.76155,26.175475,8.08375,8.128449999999997
Gal(a1-3)[Fuc(a1-2)]Gal(b1-3)GalNAc(b1-3)Gal(a1-4)Gal(b1-4)Glc(a1-Sp21,11.690400000000002,13.259600000000004,16.77735,13.182425000000002
Gal(b1-3)GalNAc(b1-3)Ga(l1-Sp21,-0.4360750000000016,6.476324999999999,0.004475000000001117,4.475300000000002
GlcNAc(b1-3)Gal(b1-4)GlcNAc(b1-2)Man(a1-6)[GlcNAc(b1-3)Gal(b1-4)GlcNAc(b1-2)Man(a1-3)]Man(b1-4)GlcNAc(b1-4)GlcNAc(b1-Sp12,-1.8411999999999988,-13.314925,-12.3932,9.28615
GlcNAc(b1-3)Gal(b1-4)GlcNAc(b1-2)Man(a1-6)[GlcNAc(b1-3)Gal(b1-4)GlcNAc(b1-2)Man(a1-3)]Man(b1-4)GlcNAc(b1-4)GlcNAc(b1-Sp25,11.385100000000005,20.3712,22.365275,165.5201
Gal(b1-4)GlcNAc(b1-3)Gal(b1-4)GlcNAc(b1-2)Man(a1-6)[Gal(b1-4)GlcNAc(b1-3)Gal(b1-4)GlcNAc(b1-2)Man(a1-3)]Man(b1-4)GlcNAc(b1-4)GlcNAc(b1-Sp12,93.62870000000002,116.9624,121.12337499999998,303.43815
Gal(b1-4)GlcNAc(b1-3)Gal(b1-4)GlcNAc(b1-2)Man(a1-6)[Gal(b1-4)GlcNAc(b1-3)Gal(b1-4)GlcNAc(b1-2)Man(a1-3)]Man(b1-4)GlcNAc(b1-4)GlcNAc(b1-Sp24,16.162825000000005,33.041275,2631.91015,17808.023025
Neu5Gc(a2-3)Gal(b1-4)GlcNAc(b1-3)Gal(b1-4)GlcNAc(b1-2)Man(a1-6)[Neu5Gc(a2-3)Gal(b1-4)GlcNAc(b1-3)Gal(b1-4)GlcNAc(b1-2)Man(a1-3)]Man(b1-4)GlcNAc(b1-4)GlcNAc(b1-Sp24,17.75775,2015.7063000000005,25630.141375,34536.079725
Fuc(a1-2)Gal(b1-4)GlcNAc(b1-3)Gal(b1-4)GlcNAc(b1-2)Man(a1-6)[Fuc(a1-2)Gal(b1-4)GlcNAc(b1-3)Gal(b1-4)GlcNAc(b1-2)Man(a1-3)]Man(b1-4)GlcNAc(b1-4)GlcNAc(b1-Sp24,18.680274999999995,19.4289,111.09604999999998,6776.851325
GlcNAc(b1-3)Gal(b1-4)GlcNAc(b1-3)Gal(b1-4)GlcNAc(b1-2)Man(a1-6)[GlcNAc(b1-3)Gal(b1-4)GlcNAc(b1-3)Gal(b1-4)GlcNAc(b1-2)Man(a1-3)]Man(b1-4)GlcNAc(b1-4)GlcNAc(b1-Sp12,30.841725,85.43007499999999,76.57817500000002,341.805375
GlcNAc(b1-3)Gal(b1-4)GlcNAc(b1-3)Gal(b1-4)GlcNAc(b1-2)Man(a1-6)[GlcNAc(b1-3)Gal(b1-4)GlcNAc(b1-3)Gal(b1-4)GlcNAc(b1-2)Man(a1-3)]Man(b1-4)GlcNAc(b1-4)GlcNAc(b1-Sp25,20.840925,38.9611,1089.383625,13743.282024999995
Gal(b1-4)GlcNAc(b1-3)Gal(b1-4)GlcNAc(b1-3)Gal(b1-4)GlcNAc(b1-2)Man(a1-6)[Gal(b1-4)GlcNAc(b1-3)Gal(b1-4)GlcNAc(b1-3)Gal(b1-4)GlcNAc(b1-2)Man(a1-3)]Man(b1-4)GlcNAc(b1-4)GlcNAc(b1-Sp12,102.90652500000002,156.40554999999995,818.1463500000001,13188.718225
Gal(b1-4)GlcNAc(b1-3)Gal(b1-4)GlcNAc(b1-3)Gal(b1-4)GlcNAc(b1-2)Man(a1-6)[Gal(b1-4)GlcNAc(b1-3)Gal(b1-4)GlcNAc(b1-3)Gal(b1-4)GlcNAc(b1-2)Man(a1-3)]Man(b1-4)GlcNAc(b1-4)GlcNAc(b1-Sp24,18.31805,630.8232749999999,18073.47135,32079.57845
GlcNAc(b1-3)Gal(b1-4)GlcNAc(b1-3)Gal(b1-4)GlcNAc(b1-3)Gal(b1-4)GlcNAc(b1-2)Man(a1-6)[GlcNAc(b1-3)Gal(b1-4)GlcNAc(b1-3)Gal(b1-4)GlcNAc(b1-3)Gal(b1-4)GlcNAc(b1-2)Man(a1-3)]Man(b1-4)GlcNAc(b1-4)GlcNAc(b1-Sp25,8.574925000000002,287.694525,16468.056425,36655.7184
Gal(b1-4)GlcNAc(b1-3)Gal(b1-4)GlcNAc(b1-3)Gal(b1-4)GlcNAc(b1-3)Gal(b1-4)GlcNAc(b1-2)Man(a1-6)[Gal(b1-4)GlcNAc(b1-3)Gal(b1-4)GlcNAc(b1-3)Gal(b1-4)GlcNAc(b1-3)Gal(b1-4)GlcNAc(b1-2)Man(a1-3)]Man(b1-4)GlcNAc(b1-4)GlcNAc(b1-Sp25,51.44165,2067.74565,36369.8996,37820.797275
Gal(b1-3)GlcNAc(b1-3)Gal(b1-4)GlcNAc(b1-2)Man(a1-6)[Gal(b1-3)GlcNAc(b1-3)Gal(b1-4)GlcNAc(b1-2)Man(a1-3)]Man(b1-4)GlcNAc(b1-4)GlcNAc(a1-Sp25,7.398625000000001,21.782625,67.19422499999999,169.2427
Neu5Gc(a2-8)Neu5Gc(a2-3)Gal(b1-4)GlcNAc(a1-Sp0,10.247599999999998,1614.0486750000007,16017.985999999995,22703.57747500001
Neu5Ac(a2-8)Neu5Gc(a2-3)Gal(b1-4)GlcNAc(a1-Sp0,1.9296000000000024,2281.23945,22148.293925,27672.407199999994
Neu5Gc(a2-8)Neu5Ac(a2-3)Gal(b1-4)GlcNAc(a1-Sp0,10.272275,2131.721425,16557.42185,23546.83995
Neu5Gc(a2-8)Neu5Gc(a2-3)Gal(b1-4)GlcNAc(b1-3)Gal(b1-4)GlcNAc(a1-Sp0,12.551750000000002,2384.779125,28417.03545,34523.058574999995
Neu5Gc(a2-8)Neu5Gc(a2-6)Gal(b1-4)GlcNAc(a1-Sp0,8.042475,6.232375000000001,5.5588000000000015,6.133449999999997
Neu5Ac(a2-8)Neu5Ac(a2-3)Gal(b1-4)GlcNAc(a1-Sp0,12.194100000000002,2900.2994749999993,24052.573625000005,26746.533225
GlcNAc(b1-3)Gal(b1-4)GlcNAc(b1-6)[GlcNAc(b1-3)Gal(b1-4)GlcNAc(b1-2)]Man(a1-6)[GlcNAc(b1-3)Gal(b1-4)GlcNAc(b1-2)]Man(a1-3)]Man(b1-4)GlcNAc(b1-4)GlcNAc(a1-Sp24,15.296574999999995,10.546999999999997,27.339675,115.47030000000002
Gal(b1-4)GlcNAc(b1-3)Gal(b1-4)GlcNAc(b1-6)[Gal(b1-4)GlcNAc(b1-3)Gal(b1-4)GlcNAc(b1-2)]Man(a1-6)[Gal(b1-4)GlcNAc(b1-3)Gal(b1-4)GlcNAc(b1-2)Man(a1-3)]Man(a1-4)GlcNAc(b1-4)GlcNAc(a1-Sp24,16.684724999999993,29.536925,456.505575,6152.804200000001
Gal(a1-3)Gal(b1-4)GlcNAc(b1-2)Man(a1-6)[Gal(a1-3)Gal(b1-4)GlcNAc(b1-2)Man(a1-3)]Man(b1-4)GlcNAc(b1-4)GlcNAc(a1-Sp24,23.99615,29.838300000000054,52.85334999999999,271.455575
GlcNAc(b1-3)Gal(b1-4)GlcNAc(b1-6)[GlcNAc(b1-3)Gal(b1-3)]GalNAc(a1-Sp14,5.8381000000000025,15.381199999999998,10.691225,7.961750000000002
GalNAc(b1-3)GlcNAc(b1-Sp0 ,6.024949999999998,-1.3827749999999988,11.837100000000005,4.719675000000001
GalNAc(b1-4)GlcNAc(b1-3)GalNAc(b1-4)GlcNAc(b1-Sp0 ,9.8235,4723.649299999999,32627.428799999994,36735.791050000014
GlcNAc(b1-3)Gal(b1-4)GlcNAc(b1-3)Gal(b1-4)GlcNAc(b1-3)Gal(b1-4)GlcNAc(b1-3)Gal(b1-4)GlcNAc(b1-2)Man(a1-6)[GlcNAc(b1-3)Gal(b1-4)GlcNAc(b1-3)Gal(b1-4)GlcNAc(b1-3)Gal(b1-4)GlcNAc(b1-3)Gal(b1-4)GlcNAc(b1-2)Man(a1-3)]Man(b1-4)GlcNAc(b1-4)GlcNAc(b1-Sp25,10.922675000000002,799.4780749999996,25400.375475000004,41765.63102499999
Gal(b1-4)GlcNAc(b1-3)Gal(b1-4)GlcNAc(b1-3)Gal(b1-4)GlcNAc(b1-3)Gal(b1-4)GlcNAc(b1-3)Gal(b1-4)GlcNAc(b1-2)Man(a1-6)[Gal(b1-4)GlcNAc(b1-3)Gal(b1-4)GlcNAc(b1-3)Gal(b1-4)GlcNAc(b1-3)Gal(b1-4)GlcNAc(b1-3)Gal(b1-4)GlcNAc(b1-2)Man(a1-3)]Man(b1-4)GlcNAc(b1-4)GlcNAc(b1-Sp25,10.95485,2439.461175,42849.712175,37892.045175000014
GlcNA(b1-3)Gal(b1-3)GalNAc(a1-Sp14,3.728950000000001,7.348699999999999,1.6861250000000023,5.779225
Gal(b1-3)GlcNAc(b1-6)[Gal(b1-3)]GalNAc(a1-Sp14,9.1038,-0.10430000000000206,16.371125,42.413925000000006
Gal(b1-4)GlcNAc(b1-3)Gal(b1-4)GlcNAc(b1-3)Gal(b1-4)GlcNAc(b1-3)Gal(b1-4)GlcNAc(b1-3)Gal(b1-4)GlcNAc(b1-3)Gal(b1-4)GlcNAc(b1-2)Man(a1-6)[Gal(b1-4)GlcNAc(b1-3)Gal(b1-4)GlcNAc(b1-3)Gal(b1-4)GlcNAc(b1-3)Gal(b1-4)GlcNAc(b1-3)Gal(b1-4)GlcNAc(b1-3)Gal(b1-4)GlcNAc(b1-2)Man(a1-3)]Man(b1-4)GlcNAc(b1-4)GlcNAc(b1-Sp25,75.5018,6174.8308499999985,38310.152325,39703.498774999985
(3S)GlcA(b1-3)Gal(b1-4)GlcNAc(b1-3)Gal(b1-4)Glc(a1-Sp0,7.7679250000000035,24.423525,80.39435,2433.90075
(3S)GlcA(b1-3)Gal(b1-4)GlcNAc(b1-2)Man(a1-Sp0,0.4777999999999967,0.7472750000000001,-5.135325000000004,26.217825000000005
Gal(b1-3)GlcNAc(b1-3)Gal(b1-4)GlcNAc(b1-3)Gal(b1-4)GlcNAc(b1-6)[Gal(b1-3)GlcNAc(b1-3)Gal(b1-4)GlcNAc(b1-3)Gal(b1-4)GlcNA(b1-2)]Man(a1-6)[Gal(b1-3)GlcNAc(b1-3)Gal(b1-4)GlcNAc(b1-3)Gal(b1-4)GlcNAc(b1-2)Man(a1-3)]Man(b1-4)GlcNAc(b1-4)[Fuc(a1-6)]GlcNAc(b1-Sp24,38.835175,108.981375,1027.1659,17891.222025000006
Gal(b1-3)GlcNAc(b1-3)Gal(b1-4)GlcNAc(b1-6)[Gal(b1-3)GlcNAc(b1-3)Gal(b1-4)GlcNA(b1-2)]Man(a1-6)[Gal(b1-3)GlcNAc(b1-3)Gal(b1-4)GlcNAc(b1-2)Man(a1-3)]Man(b1-4)GlcNAc(b1-4)[Fuc(a1-6)]GlcNAc(b1-Sp24,33.600199999999994,326.0642749999999,694.260575,1205.4441500000005
Neu5Ac(a2-8)Neu5Ac(a2-3)Gal(b1-3)GalNAc(b1-4)[Neu5Ac(a2-3)]Gal(b1-4)Glc(a1-Sp21,3.3149499999999987,4.695974999999997,7.308550000000002,89.67287500000003
GlcNAc(b1-3)Gal(b1-4)GlcNAc(b1-2)Man(a1-6)[GlcNAc(b1-3)Gal(b1-4)GlcNAc(b1-2)Man(a1-3)]Man(b1-4)GlcNAc(b1-4)[Fuc(a1-6)]GlcNAc(b1-Sp24,35.100525000000005,60.06802500000001,61.88014999999997,422.61925
Gal(b1-4)GlcNAc(b1-3)Gal(b1-4)GlcNAc(b1-2)Man(a1-6)[Gal(b1-4)GlcNAc(b1-3)Gal(b1-4)GlcNAc(b1-2)Man(a1-3)]Man(b1-4)GlcNAc(b1-4)[Fuc(a1-6)]GlcNAc(b1-Sp24,35.33302499999999,36.32894999999999,2250.6843750000007,16561.136225000002
GlcNAc(b1-3)Gal(b1-4)GlcNAc(b1-3)Gal(b1-4)GlcNAc(b1-2)Man(a1-6)[GlcNAc(b1-3)Gal(b1-4)GlcNAc(b1-3)Gal(b1-4)GlcNAc(b1-2)Man(a1-3)]Man(b1-4)GlcNAc(b1-4)[Fuc(a1-6)]GlcNAc(b1-Sp24,27.303175000000003,42.622625,1185.115325,14698.016774999998
Gal(b1-4)GlcNAc(b1-3)Gal(b1-4)GlcNAc(b1-3)Gal(b1-4)GlcNAc(b1-2)Man(a1-6)[Gal(b1-4)GlcNAc(b1-3)Gal(b1-4)GlcNAc(b1-3)Gal(b1-4)GlcNAc(b1-2)Man(a1-3)]Man(b1-4)GlcNAc(b1-4)[Fuc(a1-6)]GlcNAc(b1-Sp24,36.488525,421.10899999999987,16511.4162,33107.208
GlcNAc(b1-3)Gal(b1-4)GlcNAc(b1-3)Gal(b1-4)GlcNAc(b1-3)Gal(b1-4)GlcNAc(b1-2)Man(a1-6)[GlcNAc(b1-3)Gal(b1-4)GlcNAc(b1-3)Gal(b1-4)GlcNAc(b1-3)Gal(b1-4)GlcNAc(b1-2)Man(a1-3)]Man(b1-4)GlcNAc(b1-4)[Fuc(a1-6)]GlcNAc(b1-Sp24,22.729800000000004,305.805875,11996.88945,33092.02014999998
Gal(b1-4)GlcNAc(b1-3)Gal(b1-4)GlcNAc(b1-3)Gal(b1-4)GlcNAc(b1-3)Gal(b1-4)GlcNAc(b1-2)Man(a1-6)[Gal(b1-4)GlcNAc(b1-3)Gal(b1-4)GlcNAc(b1-3)Gal(b1-4)GlcNAc(b1-3)Gal(b1-4)GlcNAc(b1-2)Man(a1-3)]Man(b1-4)GlcNAc(b1-4)[Fuc(a1-6)]GlcNAc(b1-Sp24,19.428625000000004,1651.625725,32258.738175,38049.9496
GlcNAc(b1-3)Gal(b1-4)GlcNAc(b1-3)Gal(b1-4)GlcNAc(b1-3)Gal(b1-4)GlcNAc(b1-3)Gal(b1-4)GlcNAc(b1-2)Man(a1-6)[GlcNAc(b1-3)Gal(b1-4)GlcNAc(b1-3)Gal(b1-4)GlcNAc(b1-3)Gal(b1-4)GlcNAc(b1-3)Gal(b1-4)GlcNAc(b1-2)Man(a1-3)]Man(b1-4)GlcNAc(b1-4)[Fuc(a1-6)]GlcNAc(b1-Sp19,13.085275,1209.0114999999996,33880.822625,40188.866925
Gal(b1-4)GlcNAc(b1-3)Gal(b1-4)GlcNAc(b1-3)Gal(b1-4)GlcNAc(b1-3)Gal(b1-4)GlcNAc(b1-3)Gal(b1-4)GlcNAc(b1-2)Man(a1-6)[Gal(b1-4)GlcNAc(b1-3)Gal(b1-4)GlcNAc(b1-3)Gal(b1-4)GlcNAc(b1-3)Gal(b1-4)GlcNAc(b1-3)Gal(b1-4)GlcNAc(b1-2)Man(a1-3)]Man(b1-4)GlcNAc(b1-4)[Fuc(a1-6)]GlcNAc(b1-Sp19,32.6314,3666.3247249999986,37757.80205,39456.678675
Gal(b1-4)GlcNAc(b1-3)Gal(b1-4)GlcNAc(b1-6)[Gal(b1-4)GlcNAc(b1-3)Gal(b1-4)GlcNA(b1-2)]Man(a1-6)[Gal(b1-4)GlcNAc(b1-3)Gal(b1-4)GlcNAc(b1-2)Man(a1-3)]Man(b1-4)GlcNAc(b1-4)[Fuc(a1-6)]GlcNAc(b1-Sp24,4.190049999999999,87.546,6521.4609,28567.223775
GlcNAc(b1-3)Gal(b1-4)GlcNAc(b1-3)Gal(b1-4)GlcNAc(b1-6)[GlcNAc(b1-3)Gal(b1-4)GlcNAc(b1-3)Gal(b1-4)GlcNA(b1-2)]Man(a1-6)[GlcNAc(b1-3)Gal(b1-4)GlcNAc(b1-3)Gal(b1-4)GlcNAc(b1-2)Man(a1-3)]Man(b1-4)GlcNAc(b1-4)[Fuc(a1-6)]GlcNAc(b1-Sp24,35.968675,48.41835,3485.0308750000013,24341.189224999995
Gal(b1-4)GlcNAc(b1-3)Gal(b1-4)GlcNAc(b1-3)Gal(b1-4)GlcNAc(b1-6)[Gal(b1-4)GlcNAc(b1-3)Gal(b1-4)GlcNAc(b1-3)Gal(b1-4)GlcNA(b1-2)]Man(a1-6)[Gal(b1-4)GlcNAc(b1-3)Gal(b1-4)GlcNAc(b1-3)Gal(b1-4)GlcNAc(b1-2)Man(a1-3)]Man(b1-4)GlcNAc(b1-4)[Fuc(a1-6)]GlcNAc(b1-Sp24,191.8086,1494.3293499999993,31126.57960000001,48212.65855
GlcNAc(b1-3)Gal(b1-4)GlcNAc(b1-3)Gal(b1-4)GlcNAc(b1-3)Gal(b1-4)GlcNAc(b1-6)[GlcNAc(b1-3)Gal(b1-4)GlcNAc(b1-3)Gal(b1-4)GlcNAc(b1-3)Gal(b1-4)GlcNA(b1-2)]Man(a1-6)[GlcNAc(b1-3)Gal(b1-4)GlcNAc(b1-3)Gal(b1-4)GlcNAc(b1-3)Gal(b1-4)GlcNAc(b1-2)Man(a1-3)]Man(b1-4)GlcNAc(b1-4)[Fuc(a1-6)]GlcNAc(b1-Sp24,4.4682,879.51645,26011.33610000001,37147.72685
Gal(b1-4)GlcNAc(b1-3)Gal(b1-4)GlcNAc(b1-3)Gal(b1-4)GlcNAc(b1-3)Gal(b1-4)GlcNAc(b1-6)[Gal(b1-4)GlcNAc(b1-3)Gal(b1-4)GlcNAc(b1-3)Gal(b1-4)GlcNAc(b1-3)Gal(b1-4)GlcNA(b1-2)]Man(a1-6)[Gal(b1-4)GlcNAc(b1-3)Gal(b1-4)GlcNAc(b1-3)Gal(b1-4)GlcNAc(b1-3)Gal(b1-4)GlcNAc(b1-2)Man(a1-3)]Man(b1-4)GlcNAc(b1-4)[Fuc(a1-6)]GlcNAc(b1-Sp24,42.20752499999999,3910.1548250000014,45717.51765000001,37836.76215
GlcNAc(b1-3)Gal(b1-4)GlcNAc(b1-3)Gal(b1-4)GlcNAc(b1-3)Gal(b1-4)GlcNAc(b1-3)Gal(b1-4)GlcNAc(b1-6)[GlcNAc(b1-3)Gal(b1-4)GlcNAc(b1-3)Gal(b1-4)GlcNAc(b1-3)Gal(b1-4)GlcNAc(b1-3)Gal(b1-4)GlcNA(b1-2)]Man(a1-6)[GlcNAc(b1-3)Gal(b1-4)GlcNAc(b1-3)Gal(b1-4)GlcNAc(b1-3)Gal(b1-4)GlcNAc(b1-3)Gal(b1-4)GlcNAc(b1-2)Man(a1-3)]Man(b1-4)GlcNAc(b1-4)[Fuc(a1-6)]GlcNAc(b1-Sp24,38.74767500000001,3803.739675000001,40298.651875,41478.765675
Gal(b1-4)GlcNAc(b1-3)Gal(b1-4)GlcNAc(b1-3)Gal(b1-4)GlcNAc(b1-3)Gal(b1-4)GlcNAc(b1-3)Gal(b1-4)GlcNAc(b1-6)[Gal(b1-4)GlcNAc(b1-3)Gal(b1-4)GlcNAc(b1-3)Gal(b1-4)GlcNAc(b1-3)Gal(b1-4)GlcNAc(b1-3)Gal(b1-4)GlcNA(b1-2)]Man(a1-6)[Gal(b1-4)GlcNAc(b1-3)Gal(b1-4)GlcNAc(b1-3)Gal(b1-4)GlcNAc(b1-3)Gal(b1-4)GlcNAc(b1-3)Gal(b1-4)GlcNAc(b1-2)Man(a1-3)]Man(b1-4)GlcNAc(b1-4)[Fuc(a1-6)]GlcNAc(b1-Sp24,82.28892499999998,5020.057399999999,41869.79985,40293.86964999999
Gal(b1-4)GlcNAc(b1-3)Gal(b1-4)GlcNAc(b1-3)GalNAc(a1-Sp14,85.99935,93.80165,97.793725,181.568175
Gal(b1-4)GlcNAc(b1-3)Gal(b1-4)GlcNAc(b1-6)[Gal(b1-3)]GalNAc(a1-Sp14,38.12535000000001,80.41852500000002,97.4248,1116.135925
Gal(b1-4)GlcNAc(b1-3)Gal(b1-4)GlcNAc(b1-6)[Gal(b1-4)GlcNAc(b1-3)Gal(b1-4)GlcNAc(b1-3)]GalNAc(a1-Sp14,68.93727499999997,67.09177500000001,79.270825,1808.85515
Neu5Ac(a2-3)Gal(b1-4)GlcNAc(b1-3)Gal(b1-4)GlcNAc(b1-3)GalNAc(a1-Sp14,17.570750000000004,6.590749999999997,133.64950000000002,2716.7394
GlcNAc(b1-3)Gal(b1-4)GlcNAc(b1-3)GalNAc(a1-Sp14,2.111075,4.734924999999999,6.0961750000000015,10.606899999999998
GlcNAc(b1-3)Gal(b1-4)GlcNAc(b1-6)[Gal(b1-3)]GalNAc(a1-Sp14,6.060199999999997,4.762624999999998,8.337825,33.453100000000006
GlcNAc(b1-3)Gal(b1-4)GlcNAc(b1-6)[GlcNAc(b1-3)Gal(b1-4)GlcNAc(b1-3)]GalNAc(a1-Sp14,-4.075174999999998,7.971549999999999,5.147525000000002,91.8644
Neu5Ac(a2-3)Gal(b1-4)GlcNAc(b1-3)Gal(b1-4)GlcNAc(b1-6)[Neu5Ac(a2-3)Gal(b1-4)GlcNAc(b1-3)Gal(b1-4)GlcNAc(b1-3)]GalNAc(a1-Sp14,13.762524999999995,34.23005,8274.218525,25363.944500000005
Neu5Ac(a2-6)Gal(b1-4)GlcNAc(b1-3)Gal(b1-4)GlcNAc(b1-3)GalNAc(a1-Sp14,18.60375,13.252174999999998,-0.3633000000000006,20.441674999999975
GlcNAc(b1-3)Gal(b1-4)GlcNAc(b1-3)Gal(b1-4)GlcNAc(b1-3)GalNAc(a1-Sp14,6.602775000000001,21.46555,8.163675000000001,157.915125
Gal(b1-4)GlcNAc(b1-3)Gal(b1-3)GalNAc(a1-Sp14,9.622875,9.2933,18.299250000000004,38.885825
Neu5Ac(a2-3)Gal(b1-4)GlcNAc(b1-3)Gal(b1-4)GlcNAc(b1-6)[Gal(b1-3)]GalNAc(a1-Sp14,38.2437,30.497150000000005,2609.6095,15083.3584
Neu5Ac(a2-6)Gal(b1-4)GlcNAc(b1-3)Gal(b1-4)GlcNAc(b1-6)[Gal(b1-3)]GalNAc(a1-Sp14,15.771299999999995,36.302,14.768525000000004,122.2286
Neu5Ac(a2-6)Gal(b1-4)GlcNAc(b1-6)[Gal(b1-3)]GalNAc(a1-Sp14,13.85575,2.981050000000004,12.027649999999998,14.588125
Neu5Ac(a2-3)Gal(b1-4)GlcNAc(b1-3)Gal(b1-4)GlcNAc(b1-2)Man(a1-6)[Neu5Ac(a2-3)Gal(b1-4)GlcNAc(b1-3)Gal(b1-4)GlcNAc(b1-2)Man(a1-3)]Man(b1-4)GlcNAc(b1-4)GlcNAc(b1-Sp12,109.37162500000002,128.40857499999998,424.881325,3814.022550000001
GlcNAc(b1-6)[Neu5Ac(a2-3)Gal(b1-3)]GalNAc(a1-Sp14,4.675700000000001,8.982275,3.1034750000000013,31.2731
Neu5Ac(a2-6)Gal(b1-4)GlcNAc(b1-3)Gal(b1-4)GlcNAc(b1-6)[Neu5Ac(a2-6)Gal(b1-4)GlcNAc(b1-3)Gal(b1-4)GlcNAc(b1-3)]GalNAc(a1-Sp14,139.30215,95.54420000000003,143.6836,260.45195000000007
Neu5Ac(a2-6)Gal(b1-4)GlcNAc(b1-3)Gal(b1-4)GlcNAc(b1-3)Gal(b1-4)GlcNAc(b1-2)Man(a1-6)[Neu5Ac(a2-6)Gal(b1-4)GlcNAc(b1-3)Gal(b1-4)GlcNAc(b1-3)Gal(b1-4)GlcNAc(b1-2)Man(a1-3)]Man(b1-4)GlcNAc(b1-4)GlcNAc(b1-Sp12,54.48420000000002,55.07530000000008,107.25922499999996,865.1737999999997
Neu5Ac(a2-3)Gal(b1-4)GlcNAc(b1-3)Gal(b1-4)GlcNAc(b1-3)Gal(b1-4)GlcNAc(b1-2)Man(a1-6)[Neu5Ac(a2-3)Gal(b1-4)GlcNAc(b1-3)Gal(b1-4)GlcNAc(b1-3)Gal(b1-4)GlcNAc(b1-2)Man(a1-3)]Man(b1-4)GlcNAc(b1-4)GlcNAc(b1-Sp12,108.13045,120.64982499999996,158.01194999999996,971.83615
Neu5Ac(a2-6)Gal(b1-4)GlcNAc(b1-3)Gal(b1-4)GlcNAc(b1-2)Man(a1-6)[Neu5Ac(a2-6)Gal(b1-4)GlcNAc(b1-3)Gal(b1-4)GlcNAc(b1-2)Man(a1-3)]Man(b1-4)GlcNAc(b1-4)GlcNAc(b1-Sp12,22.058775000000004,27.650524999999995,30.420775,148.264225
GlcNAc(b1-3)Fuc(a1-Sp21,19.62455,3.623049999999999,5.60375,-0.02424999999999855
Gal(b1-3)GalNAc(b1-4)[Neu5Ac(a2-8)Neu5Ac(a2-8)Neu5Ac(a2-3)]Gal(b1-4)Glc(b1-Sp21,15.649475000000004,6.94535,23.00545000000001,34.48142499999999
