IUPAC,LFA(EY Lab) (1ug/ml),LFA (EY Lab)  (10ug/ml),LFA(EY Lab) (100ug/ml)
Gal(a1-Sp8,44.77495,50.0553,377.68225000000007
Glc(a1-Sp8,105.18094999999998,47.22954999999998,220.4141
Man(a1-Sp8,33.877325,61.21070000000002,59.95322499999999
GalNAc(a1-Sp8,80.07899999999998,27.17229999999999,1424.231875
GalNAc(a1-Sp15,26.652725,64.01214999999999,57.662025
Fuc(a1-Sp8,8.825174999999998,31.98995,31.84435
Fuc(a1-Sp9,32.952400000000004,30.044575,54.70635
Rha(a1-Sp8,6.4246000000000025,28.775525,69.084375
Neu5Ac(a1-Sp8,13.004574999999996,10.244375,43.30047499999999
Neu5Ac(a1-Sp11,20.586475,34.672025,76.81365
Neu5Ac(b1-Sp8,27.61732499999999,20.446549999999995,94.87047500000004
Gal(b1-Sp8,37.06174999999999,60.01565000000001,79.460125
Glc(b1-Sp8,44.53959999999999,58.11875,86.20855
Man(b1-Sp8,64.26157500000002,69.55269999999997,270.85912499999995
GalNAc(b1-Sp8,19.562475,29.657725,116.777025
GlcNAc(b1-Sp0,37.37114999999999,52.8638,62.80329999999999
GlcNAc(b1-Sp8,19.398199999999974,45.000325,67.58425
GlcN[Gc](b1-Sp8,42.3723,54.288175,81.76765
Gal(b1-4)GlcNAc(b1-6)[Gal(b1-4)GlcNAc(b1-3)]GalNAc(a1-Sp8,31.778125,41.10477499999999,208.101525
Gal(b1-4)GlcNAc(b1-6)[Gal(b1-4)GlcNAc(b1-3)]GalNAc(a1-Sp14,34.463975000000005,72.87512500000003,94.21412500000002
GlcNAc(b1-6)[GlcNAc(b1-4)][GlcNAc(b1-3)]GlcNAc(a1-Sp8,-0.32967499999999994,20.970450000000003,36.004375
6S(3S)Gal(b1-4)(6S)GlcNAc(b1-Sp0,60.125775,44.92150000000001,104.4636
6S(3S)Gal(b1-4)GlcNAc(b1-Sp0,18.553275,23.1562,71.401125
(3S)Gal(b1-4)[Fuc(a1-3)](6S)Glc(a1-Sp0,79.09185000000002,89.20875,175.71467499999991
(3S)Gal(b1-4)Glc(b1-Sp8,26.738075,18.500950000000003,88.321775
(3S)Gal(b1-4)(6S)Glc(b1-Sp0,30.37390000000001,23.51635000000001,49.3625
(3S)Gal(b1-4)(6S)Glc(b1-Sp8,56.01954999999998,22.369675,125.45052499999996
(3S)Gal(b1-3)[Fuc(a1-4)]GlcNAc(b1-Sp8,27.352875000000004,16.348975,30.092625
(3S)Gal(b1-3)GalNAc(a1-Sp8,167.82019999999994,43.5282,331.275175
(3S)Gal(b1-3)GlcNAc(b1-Sp0,17.557124999999992,11.363049999999996,40.362075
(3S)Gal(b1-3)GlcNAc(b1-Sp8,45.791075000000006,44.24864999999999,115.5688
(3S)Gal(b1-4)[Fuc(a1-3)]GlcNAc(a1-Sp0 ,89.892475,117.18209999999998,82.092975
(3S)Gal(b1-4)[Fuc(a1-3)]GlcNAc(a1-Sp8,20.235350000000004,15.552649999999995,21.2414
(3S)Gal(b1-4)(6S)GlcNAc(b1-Sp0,35.56875,52.19765,201.47945000000004
(3S)Gal(b1-4)(6S)GlcNAc(b1-Sp8,18.292124999999995,22.722375,85.2016
(3S)Gal(b1-4)GlcNAc(b1-Sp0,24.868600000000004,9.555825,72.921075
(3S)Gal(b1-4)GlcNAc(b1-Sp8,22.442775000000005,14.529375,254.3192
(3S)Gal(b1-Sp8,66.27490000000002,51.0143,62.32470000000002
(6S)(4S)Gal(b1-4)GlcNAc(b1-Sp0,25.1567,26.56085,47.41690000000001
(4S)Gal(b1-4)GlcNAc(b1-Sp8,42.75322499999999,27.64700000000001,72.543075
(6P)Man(a1-Sp8,43.74534999999999,48.60215000000001,127.14549999999994
(6S)Gal(b1-4)Glc(b1-Sp0,93.2255,33.65485,108.55475
(6S)Gal(b1-4)Glc(b1-Sp8,136.69912499999998,28.159275,106.66242499999998
(6S)Gal(b1-4)GlcNAc(b1-Sp8,42.25475,25.287075000000005,158.04407499999994
(6S)Gal(b1-4)(6S)Glc(b1-Sp8,28.0453,30.950825000000005,76.06515000000003
Neu5Ac(a2-3)(6S)Gal(b1-4)GlcNAc(b1-Sp8,80.82230000000001,33.17295000000001,80.70405000000002
(6S)GlcNAc(b1-Sp8,17.98059999999998,24.292099999999994,50.615
"Neu5,9Ac2(a1-Sp8",38.0249,27.772275,26.44165000000001
"Neu5,9Ac2(a2-6)Gal(b1-4)GlcNAc(b1-Sp8",24.1448,3.5779999999999994,19.094650000000005
Man(a1-6)[Man(a1-3)]Man(b1-4)GlcNAc(b1-4)GlcNAc(b1-Sp12,36.134375,109.95425,75.92730000000003
Man(a1-6)[Man(a1-3)]Man(b1-4)GlcNAc(b1-4)GlcNAc(b1-Sp13,111.161,139.885725,127.09684999999998
GlcNAc(b1-2)Man(a1-6)[GlcNAc(b1-2)Man(a1-3)]Man(b1-4)GlcNAc(b1-4)GlcNAc(b1-Sp12,60.6588,33.631875,28.597574999999992
GlcNAc(b1-2)Man(a1-6)[GlcNAc(b1-2)Man(a1-3)]Man(b1-4)GlcNAc(b1-4)GlcNAc(b1-Sp13,17.036575000000006,9.236375000000002,42.948325
Gal(b1-4)GlcNAc(b1-2)Man(a1-6)[Gal(b1-4)GlcNAc(b1-2)Man(a1-3)]Man(b1-4)GlcNAc(b1-4)GlcNAc(b1-Sp12,20.639675,18.279975,67.19372499999999
Neu5Ac(a2-6)Gal(b1-4)GlcNAc(b1-2)Man(a1-6)[Neu5Ac(a2-6)Gal(b1-4)GlcNAc(b1-2)Man(a1-3)]Man(b1-4)GlcNAc(b1-4)GlcNAc(b1-Sp12,11.582599999999998,14.931449999999995,32.33175000000001
Neu5Ac(a2-6)Gal(b1-4)GlcNAc(b1-2)Man(a1-6)[Neu5Ac(a2-6)Gal(b1-4)GlcNAc(b1-2)Man(a1-3)]Man(b1-4)GlcNAc(b1-4)GlcNAc(b1-Sp13,38.13555000000001,40.34555,80.25989999999997
Neu5Ac(a2-6)Gal(b1-4)GlcNAc(b1-2)Man(a1-6)[Neu5Ac(a2-6)Gal(b1-4)GlcNAc(b1-2)M(an-a)(a1-3)]Man(b1-4)GlcNAc(b1-4)GlcNAc(b1-Sp21,14.964499999999996,15.67955,36.54702500000001
Neu5Ac(a2-6)Gal(b1-4)GlcNAc(b1-2)Man(a1-6)[Neu5Ac(a2-6)Gal(b1-4)GlcNAc(b1-2)Man(a1-3)]Man(b1-4)GlcNAc(b1-4)GlcNAc(b1-Sp24,48.72040000000001,68.01549999999999,48.40735000000002
Fuc(a1-2)Gal(b1-3)GalNAc(b1-3)Gal(a1-Sp9,91.77089999999998,120.70384999999996,277.887375
Fuc(a1-2)Gal(b1-3)GalNAc(b1-3)Gal(a1-4)Gal(b1-4)Glc(b1-Sp9,20.700775,30.530175000000003,24.97595
Fuc(a1-2)Gal(b1-3)[Fuc(a1-4)]GlcNAc(b1-Sp8,20.726725,25.73810000000001,25.199075
Fuc(a1-2)Gal(b1-3)GalNAc(a1-Sp8,32.39132499999998,4.58959999999999,86.555325
Fuc(a1-2)Gal(b1-3)GalNAc(a1-Sp14,19.682825,24.73045,53.352275
Fuc(a1-2)Gal(b1-3)GalNAc(b1-4)[Neu5Ac(a2-3)]Gal(b1-4)Glc(b1-Sp0,103.4992,85.15747499999998,281.64947499999994
Fuc(a1-2)Gal(b1-3)GalNAc(b1-4)[Neu5Ac(a2-3)]Gal(b1-4)Glc(b1-Sp9,39.23052500000001,29.354474999999994,253.17300000000003
Fuc(a1-2)Gal(b1-3)GlcNAc(b1-3)Gal(b1-4)Glc(b1-Sp8,68.49464999999998,35.98297500000001,93.1166
Fuc(a1-2)Gal(b1-3)GlcNAc(b1-3)Gal(b1-4)Glc(b1-Sp10,31.950125,9.590625,25.927875000000004
Fuc(a1-2)Gal(b1-3)GlcNAc(b1-Sp0,16.289250000000006,39.384025,33.413174999999995
Fuc(a1-2)Gal(b1-3)GlcNAc(b1-Sp8,21.855149999999995,22.177624999999995,54.69740000000001
Fuc(a1-2)Gal(b1-4)[Fuc(a1-3)]GlcNAc(b1-3)Gal(b1-4)[Fuc(a1-3)]GlcNAc(b1-Sp0,41.281975,39.978825,49.35965
Fuc(a1-2)Gal(b1-4)[Fuc(a1-3)]GlcNAc(b1-3)Gal(b1-4)[Fuc(a1-3)]GlcNAc(b1-3)Gal(b1-4)[Fuc(a1-3)]GlcNAc(b1-Sp0,30.226374999999994,37.52542500000001,47.06529999999999
Fuc(a1-2)Gal(b1-4)[Fuc(a1-3)]GlcNAc(b1-Sp0,60.02327500000001,38.678375,64.570675
Fuc(a1-2)Gal(b1-4)[Fuc(a1-3)]GlcNAc(b1-Sp8,24.288575,13.487374999999995,72.75112499999999
Fuc(a1-2)Gal(b1-4)GlcNAc(b1-3)Gal(b1-4)GlcNAc(b1-Sp0,28.429425,16.081525,34.870875
Fuc(a1-2)Gal(b1-4)GlcNAc(b1-3)Gal(b1-4)GlcNAc(b1-3)Gal(b1-4)GlcNAc(b1-Sp0,30.82200000000001,14.026575,72.527375
Fuc(a1-2)Gal(b1-4)GlcNAc(b1-Sp0,35.42092500000001,20.1142,65.094625
Fuc(a1-2)Gal(b1-4)GlcNAc(b1-Sp8,15.094975000000002,32.92960000000001,16.921099999999996
Fuc(a1-2)Gal(b1-4)Glc(b1-Sp0,15.06225,30.272975,55.1483
Fuc(a1-2)Gal(b1-Sp8,16.647025000000006,35.06357499999999,177.37427499999995
Fuc(a1-3)GlcNAc(b1-Sp8,30.99822499999999,27.084,42.497424999999936
Fuc(a1-4)GlcNAc(b1-Sp8,22.5575,39.73367500000001,59.993125
Fuc(b1-3)GlcNAc(b1-Sp8,31.914650000000016,9.555825000000002,39.832325
GalNAc(a1-3)[Fuc(a1-2)]Gal(b1-3)GlcNAc(b1-Sp0,69.24115,25.955925,130.03225
GalNAc(a1-3)[Fuc(a1-2)]Gal(b1-4)[Fuc(a1-3)]GlcNAc(b1-Sp0,47.56220000000002,117.166775,167.11942499999995
(3S)Gal(b1-4)[Fuc(a1-3)]Glc(b1-Sp0,28.162225,27.186674999999994,41.86882500000001
GalNAc(a1-3)[Fuc(a1-2)]Gal(b1-4)GlcNAc(b1-Sp0,73.334375,44.839575,87.87247500000002
GalNAc(a1-3)[Fuc(a1-2)]Gal(b1-4)GlcNAc(b1-Sp8,23.6025,9.669775,52.766025
GalNAc(a1-3)[Fuc(a1-2)]Gal(b1-4)Glc(b1-Sp0,81.708775,27.485074999999995,70.82875
GlcNAc(b1-3)Gal(b1-3)GalNAc(a1-Sp8,231.5136,48.827,272.13477500000005
GalNAc(a1-3)[Fuc(a1-2)]Gal(b1-Sp8,47.53852500000001,17.919624999999996,43.567
GalNAc(a1-3)[Fuc(a1-2)]Gal(b1-Sp18,29.85329999999999,49.292575,194.274
GalNAc(a1-3)GalNAc(b1-Sp8,113.97350000000002,394.613975,6220.940525
GalNAc(a1-3)Gal(b1-Sp8,103.859525,242.38565,3984.7739750000014
GalNAc(a1-4)[Fuc(a1-2)]Gal(b1-4)GlcNAc(b1-Sp8,82.98537499999998,253.054525,6739.162075
GalNAc(b1-3)GalNAc(a1-Sp8,79.06494999999998,9.85415,267.94572500000004
GalNAc(b1-3)[Fuc(a1-2)]Gal(b1-Sp8,58.93514999999999,13.6,45.30607499999999
GalNAc(b1-3)Gal(a1-4)Gal(b1-4)GlcNAc(b1-Sp0,11.300375,0.2811749999999975,33.843375
GalNAc(b1-4)[Fuc(a1-3)]GlcNAc(b1-Sp0,15.765625,32.29975,49.49262499999998
GalNAc(b1-4)GlcNAc(b1-Sp0,23.710875,12.820225,45.95319999999998
GalNAc(b1-4)GlcNAc(b1-Sp8,28.405675,32.71425,41.38445
Gal(a1-2)Gal(b1-Sp8,23.330375,16.552874999999997,50.76392500000002
Gal(a1-3)[Fuc(a1-2)]Gal(b1-3)GlcNAc(b1-Sp0,18.005775000000003,20.587175,58.13540000000001
Gal(a1-3)[Fuc(a1-2)]Gal(b1-3)GlcNAc(b1-Sp8,117.18462499999998,137.91232499999998,85.3127
Gal(a1-3)[Fuc(a1-2)]Gal(b1-4)[Fuc(a1-3)]GlcNAc(b1-Sp0,66.70572500000003,82.94052500000002,124.20837500000003
Gal(a1-3)[Fuc(a1-2)]Gal(b1-4)[Fuc(a1-3)]GlcNAc(b1-Sp8,15.186150000000005,20.52177500000002,108.368425
Gal(a1-3)[Fuc(a1-2)]Gal(b1-4)GlcNAc(a1-Sp0,19.312975,31.0825,55.72087499999999
Gal(a1-3)[Fuc(a1-2)]Gal(b1-4)Glc(b1-Sp0,20.270750000000003,39.46740000000001,56.29132500000002
Gal(a1-3)[Fuc(a1-2)]Gal(b1-Sp8,20.195875,38.454175000000006,38.904225
Gal(a1-3)[Fuc(a1-2)]Gal(b1-Sp18,34.264525000000006,32.52805,53.75450000000001
Gal(a1-4)[Gal(a1-3)]Gal(b1-4)GlcNAc(b1-Sp8,42.72415,40.2055,335.976725
Gal(a1-3)GalNAc(a1-Sp8,79.31155000000003,31.76827500000001,380.7678
Gal(a1-3)GalNAc(a1-Sp16,82.885975,91.32835,95.26434999999998
Gal(a1-3)GalNAc(b1-Sp8,56.381725,88.44227500000002,93.08144999999998
Gal(a1-3)Gal(b1-4)[Fuc(a1-3)]GlcNAc(b1-Sp8,47.2537,28.764,114.1059
Gal(a1-3)Gal(b1-3)GlcNAc(b1-Sp0,80.53049999999998,18.146125,306.99529999999993
Gal(a1-3)Gal(b1-4)GlcNAc(b1-Sp8,31.686275,32.508675000000004,102.86455
Gal(a1-3)Gal(b1-4)Glc(b1-Sp0,73.83907499999998,43.56047500000001,69.47699999999998
Gal(a1-3)Gal(b1-4)Glc(a1-Sp10,94.998275,42.435075,87.210125
Gal(a1-3)Gal(b1-Sp8,57.54067499999998,29.36647500000001,63.76029999999998
Gal(a1-4)[Fuc(a1-2)]Gal(b1-4)GlcNAc(b1-Sp8,11.545925,7.621400000000008,46.13104999999999
Gal(a1-4)Gal(b1-4)GlcNAc(b1-Sp0,25.77485,21.51665000000001,54.5899
Gal(a1-4)Gal(b1-4)GlcNAc(b1-Sp8,16.85035,12.151775,130.376125
Gal(a1-4)Gal(b1-4)Glc(b1-Sp0,25.97200000000001,37.47455,24.925025
Gal(a1-4)GlcNAc(b1-Sp8,18.34355,35.268925,38.03902500000001
Gal(a1-6)Glc(b1-Sp8,22.263875,61.82909999999998,51.3596
Gal(b1-2)Gal(b1-Sp8,36.94602500000001,49.892625,166.08677500000005
Gal(b1-3)[Fuc(a1-4)]GlcNAc(b1-3)Gal(b1-4)[Fuc(a1-3)]GlcNAc(b1-Sp0,29.439550000000004,16.728450000000006,73.74404999999999
Gal(b1-3)[Fuc(a1-4)]GlcNAc(b1-3)Gal(b1-4)GlcNAc(b1-Sp0,16.979025,5.644225000000006,62.9585
Gal(b1-3)[Fuc(a1-4)]GlcNAc(a1-Sp0,31.2342,52.008725,47.121225
Gal(b1-3)[Fuc(a1-4)]GlcNAc(a1-Sp8 ,16.52805,8.522950000000002,36.00527500000001
Fuc(a1-4)[Gal(b1-3)]GlcNAc(b1-Sp8,16.106199999999994,19.281175000000005,58.08064999999996
Gal(b1-4)GlcNAc(b1-6)GalNAc(a1-Sp8,17.57979999999999,28.212299999999995,85.973875
Gal(b1-4)GlcNAc(b1-6)GalNAc(a1-Sp14,29.06925,51.929075,42.043225000000035
GlcNAc(b1-6)[Gal(b1-3)]GalNAc(a1-Sp8,7.623900000000006,35.48417500000001,60.41755
GlcNAc(b1-6)[Gal(b1-3)]GalNAc(a1-Sp14,194.7373,32.526824999999995,385.22855
Neu5Ac(a2-6)[Gal(b1-3)]GalNAc(a1-Sp8,92.34635,70.7663,101.87914999999998
Neu5Ac(a2-6)[Gal(b1-3)]GalNAc(a1-Sp14,48.18117500000001,60.20335000000001,284.20099999999996
Neu5Ac(b2-6)[Gal(b1-3)]GalNAc(a1-Sp8,93.87165000000002,89.36097500000002,91.608725
Neu5Ac(a2-6)[Gal(b1-3)]GlcNAc(b1-4)Gal(b1-4)Glc(b1-Sp10,48.07965,33.96455,56.710475
Gal(b1-3)GalNAc(a1-Sp8,951.9200500000003,5.855050000000006,1020.271825
Gal(b1-3)GalNAc(a1-Sp14,72.347275,49.098725000000016,109.53825
Gal(b1-3)GalNAc(a1-Sp16,153.18402500000005,50.1271,202.865525
Gal(b1-3)GalNAc(b1-Sp8,10.273200000000003,38.824425,78.88885000000002
Gal(b1-3)GalNAc(b1-3)Gal(a1-4)Gal(b1-4)Glc(b1-Sp0,38.9717,38.58150000000001,58.40135000000002
Gal(b1-3)GalNAc(b1-4)[Neu5Ac(a2-3)]Gal(b1-4)Glc(b1-Sp0,15.137749999999995,14.157300000000005,66.37527499999999
Gal(b1-3)GalNAc(b1-4)Gal(b1-4)Glc(b1-Sp8,24.23129999999999,38.29830000000001,17.962049999999987
Gal(b1-3)Gal(b1-Sp8,22.77185000000001,16.815925,64.03015
Gal(b1-3)GlcNAc(b1-3)Gal(b1-4)GlcNAc(b1-Sp0,16.545325,11.7387,33.087275000000005
Gal(b1-3)GlcNAc(b1-3)Gal(b1-4)Glc(b1-Sp10,12.550075000000005,26.71045,160.20789999999994
Gal(b1-3)GlcNAc(b1-Sp0,7.602474999999997,12.847250000000004,16.999799999999997
Gal(b1-3)GlcNAc(b1-Sp8,29.902725,27.03055,75.5052
Gal(b1-4)[Fuc(a1-3)]GlcNAc(b1-Sp0,55.580750000000016,11.881849999999995,94.12125
Gal(b1-4)[Fuc(a1-3)]GlcNAc(b1-Sp8,28.50015,12.526699999999998,64.757075
Gal(b1-4)[Fuc(a1-3)]GlcNAc(b1-4)Gal(b1-4)[Fuc(a1-3)]GlcNAc(b1-Sp0,27.009775000000005,59.41475,44.3282
Gal(b1-4)[Fuc(a1-3)]GlcNAc(b1-4)Gal(b1-4)[Fuc(a1-3)]GlcNAc(b1-4)Gal(b1-4)[Fuc(a1-3)]GlcNAc(b1-Sp0,54.89989999999999,33.38204999999999,36.54217499999999
Gal(b1-4)(6S)Glc(b1-Sp0,43.71717500000001,47.2239,128.71005
Gal(b1-4)(6S)Glc(b1-Sp8,31.606749999999995,35.00385,108.49185
Gal(b1-4)GalNAc(a1-3)[Fuc(a1-2)]Gal(b1-4)GlcNAc(b1-Sp8,25.04195,22.488849999999992,46.2409
Gal(b1-4)GalNAc(b1-3)[Fuc(a1-2)]Gal(b1-4)GlcNAc(b1-Sp8,31.592025,4.932875000000003,58.0064
Gal(b1-4)GlcNAc(b1-3)GalNAc(a1-Sp8,245.73555000000005,14.194300000000002,356.158225
Gal(b1-4)GlcNAc(b1-3)GalNAc(a1-Sp14,381.07675,137.29885,331.25515
Gal(b1-4)GlcNAc(b1-3)Gal(b1-4)[Fuc(a1-3)]GlcNAc(b1-3)Gal(b1-4)[Fuc(a1-3)]GlcNAc(b1-Sp0,31.67335,36.48552500000001,77.2385
Gal(b1-4)GlcNAc(b1-3)Gal(b1-4)GlcNAc(b1-3)Gal(b1-4)GlcNAc(b1-Sp0,73.35649999999998,24.07804999999999,116.4713
Gal(b1-4)GlcNAc(b1-3)Gal(b1-4)GlcNAc(b1-Sp0,30.632425,27.933125,93.55075
Gal(b1-4)GlcNAc(b1-3)Gal(b1-4)Glc(b1-Sp0,69.816825,41.41182499999999,95.7222
Gal(b1-4)GlcNAc(b1-3)Gal(b1-4)Glc(b1-Sp8,19.4426,18.421425,57.27315
Gal(b1-4)GlcNAc(b1-6)[Gal(b1-3)]GalNAc(a1-Sp8,21.59835,45.44637499999999,24.396449999999994
Gal(b1-4)GlcNAc(b1-6)[Gal(b1-3)]GalNAc(a1-Sp14,23.44625,48.756925,35.910225
Gal(b1-4)GlcNAc(b1-Sp0,12.277350000000007,40.56610000000001,38.813425
Gal(b1-4)GlcNAc(b1-Sp8,13.440499999999998,19.602925,146.649425
Gal(b1-4)GlcNAc(b1-Sp23,4.7034249999999975,17.771475000000006,53.179075
Gal(b1-4)Glc(b1-Sp0,8.232999999999999,39.717025,36.70075
Gal(b1-4)Glc(b1-Sp8,31.749324999999967,35.08452499999999,33.853125
GlcNAc(a1-3)Gal(b1-4)GlcNAc(b1-Sp8,6.7496250000000035,29.043624999999995,494.26450000000006
GlcNAc(a1-6)Gal(b1-4)GlcNAc(b1-Sp8,5.384699999999999,11.664099999999996,111.33267499999987
GlcNAc(b1-2)Gal(b1-3)GalNAc(a1-Sp8,154.03955000000005,22.88010000000001,262.08087500000005
GlcNAc(b1-6)[GlcNAc(b1-3)]GalNAc(a1-Sp8,5.39625,19.731325,24.168025
GlcNAc(b1-6)[GlcNAc(b1-3)]GalNAc(a1-Sp14,45.198525,22.83762500000001,43.48782500000002
GlcNAc(b1-6)[GlcNAc(b1-3)]Gal(b1-4)GlcNAc(b1-Sp8,27.744975,8.336974999999992,34.72085000000001
GlcNAc(b1-3)GalNAc(a1-Sp8,87.496975,37.444575,284.95652499999994
GlcNAc(b1-3)GalNAc(a1-Sp14,72.32612499999998,32.02567499999999,159.777175
GlcNAc(b1-3)Gal(b1-Sp8,44.8438,38.139525000000006,85.14695
GlcNAc(b1-3)Gal(b1-4)GlcNAc(b1-Sp0,15.704299999999995,21.421500000000005,96.7197
GlcNAc(b1-3)Gal(b1-4)GlcNAc(b1-Sp8,39.608525000000014,38.88797499999999,90.08605
GlcNAc(b1-3)Gal(b1-4)GlcNAc(b1-3)Gal(b1-4)GlcNAc(b1-Sp0,23.276074999999995,17.01305,86.49415000000002
GlcNAc(b1-3)Gal(b1-4)Glc(b1-Sp0,25.784049999999993,17.252225000000006,73.51067499999998
GlcNAc(b1-4)(a1-MDPLys,15.696849999999998,44.044825,59.6103
GlcNAc(b1-6)[GlcNAc(b1-4)]GalNAc(a1-Sp8,28.804399999999994,4.865725000000001,22.99177499999999
GlcNAc(b1-4)Gal(b1-4)GlcNAc(b1-Sp8,3.854175,4.111900000000002,28.43065000000001
GlcNAc(b1-4)GlcNAc(b1-4)GlcNAc(b1-4)GlcNAc(b1-4)GlcNAc(b1-4)GlcNAc(b1-Sp8,419.28545,1483.058,3868.774125
GlcNAc(b1-4)GlcNAc(b1-4)GlcNAc(b1-4)GlcNAc(b1-4)GlcNAc(b1-Sp8,197.12850000000003,670.5527000000002,2726.4267000000004
GlcNAc(b1-4)GlcNAc(b1-4)GlcNAc(b1-Sp8,37.55287499999999,20.331,78.0144
GlcNAc(b1-6)GalNAc(a1-Sp8,24.41177499999999,25.57032499999999,243.191275
GlcNAc(b1-6)GalNAc(a1-Sp14,16.0047,17.280874999999998,41.690275
GlcNAc(b1-6)Gal(b1-4)GlcNAc(b1-Sp8,17.385550000000002,11.815275000000002,50.83495000000002
Glc(a1-4)Glc(b1-Sp8,32.64517499999999,24.470075,54.48457499999999
Glc(a1-4)Glc(a1-Sp8,15.837599999999995,35.725125,40.9528
Glc(a1-6)Glc(a1-6)Glc(b1-Sp8,25.406625000000005,50.706875,36.267025
Glc(b1-4)Glc(b1-Sp8,25.444625,31.565325,74.59794999999998
Glc(b1-6)Glc(b1-Sp8,33.677725,27.474125,95.32285000000002
G-ol(a1-Sp8,31.287975,42.79114999999999,56.89382499999999
GlcA(a1-Sp8,96.25695000000003,94.18495,148.842825
GlcA(b1-Sp8,355.69154999999995,781.5143499999997,307.4713500000001
GlcA(b1-3)Gal(b1-Sp8,44.79472499999999,49.46697499999999,78.23595000000002
GlcA(b1-6)Gal(b1-Sp8,44.449375,33.210025,81.435325
KDN(a2-3)Gal(b1-3)GlcNAc(b1-Sp0,38.43467500000001,40.53635000000001,117.44279999999998
KDN(a2-3)Gal(b1-4)GlcNAc(b1-Sp0,39.70435000000001,38.168925,69.80417499999999
Man(a1-2)Man(a1-2)Man(a1-3)Man(a1-Sp9,11.3925,69.85267500000002,109.23042500000004
Man(a1-2)Man(a1-6)[Man(a1-2)Man(a1-3)]Man(a1-Sp9,58.095950000000016,72.30839999999998,96.56225
Man(a1-2)Man(a1-3)Man(a1-Sp9,84.344125,34.93429999999999,70.47455000000002
Man(a1-6)[Man(a1-2)Man(a1-3)]Man(a1-6)[Man(a1-2)Man(a1-3)]Man(b1-4)GlcNAc(b1-4)GlcNAc(b1-Sp12,49.69137500000001,69.12255000000002,119.55635
Man(a1-2)Man(a1-6)[Man(a1-3)]Man(a1-6)[Man(a1-2)Man(a1-2)Man(a1-3)]Man(b1-4)GlcNAc(b1-4)GlcNAc(b1-Sp12,27.67445,57.99229999999999,99.6561
Man(a1-2)Man(a1-6)[Man(a1-2)Man(a1-3)]Man(a1-6)[Man(a1-2)Man(a1-2)Man(a1-3)]Man(b1-4)GlcNAc(b1-4)GlcNAc(b1-Sp12,185.882975,403.41977500000013,203.261
Man(a1-6)[Man(a1-3)]Man(a1-Sp9,33.03915,32.922225000000005,108.51225
Man(a1-2)Man(a1-2)Man(a1-6)[Man(a1-3)]Man(a1-Sp9,32.519375,108.67335000000004,99.7449
Man(a1-6)[Man(a1-3)]Man(a1-6)[Man(a1-2)Man(a1-3)]Man(b1-4)GlcNAc(b1-4)GlcNAc(b1-Sp12,476.90212500000007,838.4858749999999,413.244725
Man(a1-6)[Man(a1-3)]Man(a1-6)[Man(a1-3)]Man(b1-4)GlcNAc(b1-4)GlcNAc(b1-Sp12,14.813474999999983,50.12635,83.898325
Man(b1-4)GlcNAc(b1-Sp0,91.072575,17.14419999999999,249.410375
Neu5Ac(a2-3)Gal(b1-4)GlcNAc(b1-3)Gal(b1-4)[Fuc(a1-3)]GlcNAc(b1-Sp0,23.1473,45.49460000000001,26.06659999999999
(3S)Gal(b1-4)[Fuc(a1-3)](6S)GlcNAc(b1-Sp8,13.548450000000004,13.776325,31.940225000000005
Fuc(a1-2)(6S)Gal(b1-4)GlcNAc(b1-Sp0,13.258,12.634425000000002,161.98112500000005
Fuc(a1-2)Gal(b1-4)(6S)GlcNAc(b1-Sp8,21.166525000000004,5.8963500000000035,38.05732499999999
Fuc(a1-2)(6S)Gal(b1-4)(6S)Glc(b1-Sp0,29.386949999999985,15.385,70.299825
Neu5Ac(a2-3)Gal(b1-3)GalNAc(a1-Sp8,82.36634999999998,24.393574999999995,241.90320000000003
Neu5Ac(a2-3)Gal(b1-3)GalNAc(a1-Sp14,137.73547499999998,36.966425,232.1885
GalNAc(b1-4)[Neu5Ac(a2-8)Neu5Ac(a2-8)Neu5Ac(a2-8)Neu5Ac(a2-3)]Gal(b1-4)Glc(b1-Sp0,40.21005,48.33335000000001,47.6216
GalNAc(b1-4)[Neu5Ac(a2-8)Neu5Ac(a2-8)Neu5Ac(a2-3)]Gal(b1-4)Glc(b1-Sp0,89.73255000000003,141.17345,127.9692
Neu5Ac(a2-8)Neu5Ac(a2-8)Neu5Ac(a2-3)Gal(b1-4)Glc(b1-Sp0,29.13582499999999,25.406475000000004,44.41035000000001
GalNAc(b1-4)[Neu5Ac(a2-8)Neu5Ac(a2-3)]Gal(b1-4)Glc(b1-Sp0,51.11109999999999,52.57,93.302675
Neu5Ac(a2-8)Neu5Ac(a2-8)Neu5Ac(a1-Sp8,25.1863,20.610350000000004,61.71795
Neu5Ac(a2-3)(6S)Gal(b1-4)[Fuc(a1-3)]GlcNAc(b1-Sp8,20.235150000000004,8.5365,17.114424999999994
GalNAc(b1-4)[Neu5Ac(a2-3)]Gal(b1-4)GlcNAc(b1-Sp0,93.66015,45.100775,176.305875
GalNAc(b1-4)[Neu5Ac(a2-3)]Gal(b1-4)GlcNAc(b1-Sp8,68.12342500000001,14.91245,168.1328749999999
GalNAc(b1-4)[Neu5Ac(a2-3)]Gal(b1-4)Glc(b1-Sp0,86.90327500000002,40.376900000000006,91.68864999999998
Neu5Ac(a2-3)Gal(b1-3)GalNAc(b1-4)[Neu5Ac(a2-3)]Gal(b1-4)Glc(b1-Sp0,25.39665,31.915274999999994,74.28067500000003
Neu5Ac(a2-6)[Neu5Ac(a2-3)]GalNAc(a1-Sp8,302.6607999999999,23.097124999999995,312.855
Neu5Ac(a2-3)GalNAc(a1-Sp8,27.687874999999995,16.098374999999994,37.96614999999999
Neu5Ac(a2-3)GalNAc(b1-4)GlcNAc(b1-Sp0,23.47105,1.0550750000000004,40.79737499999999
Neu5Ac(a2-3)Gal(b1-3)(6S)GlcNAc(a1-Sp8,136.8468,286.64135,142.310625
Neu5Ac(a2-3)Gal(b1-3)[ Fuc(a1-4)]GlcNAc(b1-Sp8,10.247575,29.226125,17.413825000000006
Neu5Ac(a2-3)Gal(b1-3)[Fuc(a1-4)]GlcNAc(b1-3)Gal(b1-4)[Fuc(a1-3)]GlcNAc(b1-Sp0,14.419150000000002,30.88587500000001,76.12095000000002
Neu5Ac(a2-3)Gal(b1-4)[Neu5Ac(a2-3)Gal(b1-3)]GlcNAc(b1-Sp8,17.046200000000002,26.02445,64.71425000000002
Neu5Ac(a2-3)Gal(b1-3)(6S)GalNAc(a1-Sp8,29.05122499999999,27.202624999999994,43.2233
Neu5Ac(a2-6)[Neu5Ac(a2-3)Gal(b1-3)]GalNAc(a1-Sp8,29.645599999999995,7.4166750000000015,68.77492500000001
Neu5Ac(a2-6)[Neu5Ac(a2-3)Gal(b1-3)]GalNAc(a1-Sp14,53.433075,62.76390000000002,69.21125
Neu5Ac(a2-3)Gal(b1-Sp8,45.66152500000001,26.428225,84.28585000000002
Neu5Ac(a2-3)Gal(b1-3)GalNAc(b1-3)Gal(a1-4)Gal(b1-4)Glc(b1-Sp0,67.71454999999997,91.637075,112.42657500000007
Neu5Ac(a2-3)Gal(b1-3)GlcNAc(b1-3)Gal(b1-4)GlcNAc(b1-Sp0,41.69839999999999,19.057900000000007,58.71070000000001
Fuc(a1-2)(6S)Gal(b1-4)Glc(b1-Sp0,31.291,32.066750000000006,35.978374999999986
Neu5Ac(a2-3)Gal(b1-3)GlcNAc(b1-Sp0,68.965375,43.614625,167.222325
Neu5Ac(a2-3)Gal(b1-3)GlcNAc(b1-Sp8,31.701325,12.373450000000005,24.27155
Neu5Ac(a2-3)Gal(b1-4)(6S)GlcNAc(b1-Sp8,48.285825,54.63555,234.296825
Neu5Ac(a2-3)Gal(b1-4)[Fuc(a1-3)](6S)GlcNAc(b1-Sp8,25.176349999999992,41.44600000000001,107.06932499999998
Neu5Ac(a2-3)Gal(b1-4)[Fuc(a1-3)]GlcNAc(b1-3)Gal(b1-4)[Fuc(a1-3)]GlcNAc(b1-3)Gal(b1-4)[Fuc(a1-3)]GlcNAc(b1-Sp0,75.07684999999998,145.05165000000005,146.34832500000005
Neu5Ac(a2-3)Gal(b1-4)[Fuc(a1-3)]GlcNAc(b1-Sp0,114.22525,45.82320000000002,144.75420000000003
Neu5Ac(a2-3)Gal(b1-4)[Fuc(a1-3)]GlcNAc(b1-Sp8,30.57520000000001,47.13924999999999,84.15884999999997
Neu5Ac(a2-3)Gal(b1-4)[Fuc(a1-3)]GlcNAc(b1-3)Gal(b1-Sp8,141.85394999999997,33.960049999999995,198.49417500000004
Neu5Ac(a2-3)Gal(b1-4)[Fuc(a1-3)]GlcNAc(b1-3)Gal(b1-4)GlcNAc(b1-Sp8,36.65147500000001,29.9543,152.05697500000005
Neu5Ac(a2-3)Gal(b1-4)GlcNAc(b1-3)Gal(b1-4)GlcNAc(b1-3)Gal(b1-4)GlcNAc(b1-Sp0,34.226175,29.232675,64.24020000000002
Neu5Ac(a2-3)Gal(b1-4)GlcNAc(b1-Sp0,19.551275000000004,9.858774999999998,60.382775
Neu5Ac(a2-3)Gal(b1-4)GlcNAc(b1-Sp8,25.597975,31.87745,311.51915
Neu5Ac(a2-3)Gal(b1-4)GlcNAc(b1-3)Gal(b1-4)GlcNAc(b1-Sp0,19.55125,9.998800000000003,50.62695
Fuc(a1-2)Gal(b1-4)(6S)Glc(b1-Sp0,19.61755,39.125925,19.6068
Neu5Ac(a2-3)Gal(b1-4)Glc(b1-Sp0,31.8271,79.94442500000002,34.419375
Neu5Ac(a2-3)Gal(b1-4)Glc(b1-Sp8,24.962,29.370825,50.51815000000001
Neu5Ac(a2-6)GalNAc(a1-Sp8,17.097450000000002,10.1431,49.63165000000002
Neu5Ac(a2-6)GalNAc(b1-4)GlcNAc(b1-Sp0,14.3927,16.650125000000006,38.914375
Neu5Ac(a2-6)Gal(b1-4)(6S)GlcNAc(b1-Sp8,19.0895,20.926275000000004,32.312949999999994
Neu5Ac(a2-6)Gal(b1-4)GlcNAc(b1-Sp0,44.93332499999999,58.887975,80.42657500000001
Neu5Ac(a2-6)Gal(b1-4)GlcNAc(b1-Sp8,31.113975,32.77710000000002,88.29200000000002
Neu5Ac(a2-6)Gal(b1-4)GlcNAc(b1-3)Gal(b1-4)[Fuc(a1-3)]GlcNAc(b1-3)Gal(b1-4)[Fuc(a1-3)]GlcNAc(b1-Sp0,58.91007499999999,69.49917499999998,108.04940000000002
Neu5Ac(a2-6)Gal(b1-4)GlcNAc(b1-3)Gal(b1-4)GlcNAc(b1-Sp0,24.59297500000001,10.9793,52.4887
Neu5Ac(a2-6)Gal(b1-4)Glc(b1-Sp0,45.09219999999999,39.06285000000001,43.587975
Neu5Ac(a2-6)Gal(b1-4)Glc(b1-Sp8,38.77265,57.08882500000002,76.54177499999993
Neu5Ac(a2-6)Gal(b1-Sp8,41.1467,27.652725,99.07095
Neu5Ac(a2-8)Neu5Ac(a1-Sp8,16.046725000000002,32.30817500000001,66.12202500000002
Neu5Ac(a2-8)Neu5Ac(a2-3)Gal(b1-4)Glc(b1-Sp0,56.01654999999998,8.811175000000002,47.26520000000001
Gal(b1-3)[Fuc(a1-4)]GlcNAc(b1-3)Gal(b1-3)[Fuc(a1-4)]GlcNAc(b1-Sp0,107.589375,41.04092499999999,138.31482499999996
Neu5Ac(b2-6)GalNAc(a1-Sp8,32.68825000000001,6.441200000000002,52.03737500000001
Neu5Ac(b2-6)Gal(b1-4)GlcNAc(b1-Sp8,94.2652,15.68634999999999,183.9348
Neu5Gc(a2-3)Gal(b1-3)[Fuc(a1-4)]GlcNAc(b1-Sp0,17.512624999999996,16.1545,58.52467500000001
Neu5Gc(a2-3)Gal(b1-3)GlcNAc(b1-Sp0,19.474925,19.296074999999995,27.083425
Neu5Gc(a2-3)Gal(b1-4)[Fuc(a1-3)]GlcNAc(b1-Sp0,26.417375,12.0623,40.596425
Neu5Gc(a2-3)Gal(b1-4)GlcNAc(b1-Sp0,29.643025,9.627299999999996,64.716525
Neu5Gc(a2-3)Gal(b1-4)Glc(b1-Sp0,100.96892499999998,38.5262,235.2952
Neu5Gc(a2-6)GalNAc(a1-Sp0,8.720825000000003,17.638924999999997,48.45935
Neu5Gc(a2-6)Gal(b1-4)GlcNAc(b1-Sp0,18.079799999999995,40.49867500000001,61.97745000000001
Neu5Gc(a1-Sp8,16.800399999999996,18.483200000000004,80.58309999999999
Neu5Ac(a2-3)Gal(b1-4)GlcNAc(b1-6)[Gal(b1-3)]GalNAc(a1-Sp14,35.2446,31.80317500000001,30.715025
Gal(b1-3)GlcNAc(b1-3)Gal(b1-3)GlcNAc(b1-Sp0,11.911724999999995,19.868500000000008,34.600674999999995
Gal(b1-4)[Fuc(a1-3)](6S)GlcNAc(b1-Sp0 ,27.159800000000004,28.470425,155.39985
Gal(b1-4)[Fuc(a1-3)](6S)Glc(b1-Sp0,42.853275,123.534625,66.24900000000001
Gal(b1-4)[Fuc(a1-3)]GlcNAc(b1-3)Gal(b1-3)[Fuc(a1-4)]GlcNAc(b1-Sp0,50.68325000000001,86.29035000000002,55.50647500000001
Gal(b1-4)GlcNAc(b1-3)Gal(b1-3)GlcNAc(b1-Sp0,53.59409999999999,30.45095,46.49557499999999
Neu5Ac(a2-3)Gal(b1-3)GlcNAc(b1-3)Gal(b1-3)GlcNAc(b1-Sp0,56.65947500000001,37.081225000000025,27.616075
Neu5Ac(a2-3)Gal(b1-4)GlcNAc(b1-3)Gal(b1-3)GlcNAc(b1-Sp0,30.166675000000005,35.52622500000001,129.78735
4S(3S)Gal(b1-4)GlcNAc(b1-Sp0,34.37819999999999,39.812675,49.45292499999999
(6S)Gal(b1-4)(6S)GlcNAc(b1-Sp0,65.42464999999999,48.286875,60.2011
(6P)Glc(b1-Sp10,34.347674999999995,83.3649,60.79515000000001
Neu5Ac(a2-3)Gal(b1-4)[Fuc(a1-3)]GlcNAc(b1-6)[Gal(b1-3)]GalNAc(a1-Sp14,57.65594999999999,82.63007499999998,199.42515000000003
Gal(b1-3)Gal(b1-4)GlcNAc(b1-Sp8,35.596774999999994,25.34805,135.57434999999998
Neu5Ac(a2-6)Gal(b1-4)GlcNAc(b1-2)Man(a1-6)[Gal(b1-4)GlcNAc(b1-2)Man(a1-3)]Man(b1-4)GlcNAc(b1-4)GlcNAc(b1-Sp12,79.10775000000002,45.918000000000006,146.658475
Gal(b1-4)GlcNAc(b1-6)[Gal(b1-4)GlcNAc(b1-3)]Gal(b1-4)GlcNAc(a1-Sp0,21.24362500000001,10.505525000000006,39.3777
GlcNAc(b1-6)[Gal(b1-4)GlcNAc(b1-3)]Gal(b1-4)GlcNAc(a1-Sp0,16.1676,3.6420499999999976,23.027249999999995
Gal(b1-4)GlcNAc(a1-6)Gal(b1-4)GlcNAc(b1-Sp0,25.42905,24.6394,28.808475
Gal(b1-4)GlcNAc(b1-6)Gal(b1-4)GlcNAc(b1-Sp0,28.10584999999999,9.6374,65.97405
GalNAc(b1-3)Gal(b1-Sp8,38.915300000000016,25.41855,112.24405000000013
GlcA(b1-3)GlcNAc(b1-Sp8,15.3567,11.353049999999998,92.735375
Neu5Ac(a2-6)Gal(b1-4)GlcNAc(b1-2)Man(a1-6)[GlcNAc(b1-2)Man(a1-3)]Man(b1-4)GlcNAc(b1-4)GlcNAc(b1-Sp12,26.497374999999995,14.959550000000002,48.982325
GlcNAc(b1-3)Ma(n1-Sp10,10.922225,25.435375,96.74817499999996
GlcNAc(b1-4)GlcNAc(b1-Sp10,34.06032500000001,8.9997,49.88917499999999
GlcNAc(b1-4)GlcNAc(b1-Sp12,24.975425,41.30319999999999,40.18075
MurNAc(b1-4)GlcNAc(b1-Sp10,5.254800000000001,28.39285,47.105200000000075
Man(a1-6)Man(b1-Sp10,32.587399999999995,59.55395,70.381875
Man(a1-6)[Man(a1-3)]Man(a1-6)[Man(a1-3)]Man(b1-Sp10,20.179824999999994,48.27420000000001,46.09484999999998
Man(a1-2)Man(a1-6)[Man(a1-3)]Man(a1-6)[Man(a1-2)Man(a1-2)Man(a1-3)]Man(a1-Sp9,35.62780000000001,13.470575000000006,75.51387500000001
Man(a1-2)Man(a1-6)[Man(a1-2)Man(a1-3)]Man(a1-6)[Man(a1-2)Man(a1-2)Man(a1-3)]Man(a1-Sp9,55.1891,22.80642500000002,135.04457499999995
Neu5Ac(a2-3)Gal(b1-4)GlcNAc(b1-6)[Neu5Ac(a2-3)Gal(b1-3)]GalNAc(a1-Sp14,16.641,27.874475000000004,69.59967499999999
Neu5Ac(a2-6)Gal(b1-4)GlcNAc(b1-2)Man(a1-6)[Neu5Ac(a2-3)Gal(b1-4)GlcNAc(b1-2)Man(a1-3)]Man(b1-4)GlcNAc(b1-4)GlcNAc(b1-Sp12,65.29840000000002,41.24635000000001,128.65072499999997
Gal(b1-4)GlcNAc(b1-2)Man(a1-6)[Neu5Ac(a2-6)Gal(b1-4)GlcNAc(b1-2)Man(a1-3)]Man(b1-4)GlcNAc(b1-4)GlcNAc(b1-Sp12,28.1379,27.3199,111.08544999999992
GlcNAc(b1-2)Man(a1-6)[Neu5Ac(a2-6)Gal(b1-4)GlcNAc(b1-2)Man(a1-3)]Man(b1-4)GlcNAc(b1-4)GlcNAc(b1-Sp12,46.77047500000001,28.3499,92.391225
Neu5Ac(a2-8)Neu5Ac(b1-Sp17,14.185799999999995,20.1992,51.11609999999999
Neu5Ac(a2-8)Neu5Ac(a2-8)Neu5Ac(b1-Sp8,35.9598,42.64475,49.56230000000001
Neu5Gc(b2-6)Gal(b1-4)GlcNAc(a1-Sp8,21.380775,21.9238,30.739274999999992
Gal(b1-3)GlcNAc(b1-2)Man(a1-6)[Gal(b1-3)GlcNAc(b1-2)Man(a1-3)]Man(b1-4)GlcNAc(b1-4)GlcNAc(b1-Sp19,64.01600000000003,179.74089999999995,148.881525
Neu5Ac(a2-3)Gal(b1-4)GlcNAc(b1-2)Man(a1-6)[Neu5Ac(a2-3)Gal(b1-4)GlcNAc(b1-2)Man(a1-3)]Man(b1-4)GlcNAc(b1-4)GlcNAc(b1-Sp12,14.514475,22.623425,35.3827
Neu5Ac(a2-3)Gal(b1-4)GlcNAc(b1-2)Man(a1-6)[Neu5Ac(a2-6)Gal(b1-4)GlcNAc(b1-2)Man(a1-3)]Man(b1-4)GlcNAc(b1-4)GlcNAc(b1-Sp12,15.6473,9.365025,40.16945
Gal(b1-4)[Fuc(a1-3)]GlcNAc(b1-2)Man(a1-6)[Gal(b1-4)[Fuc(a1-3)]GlcNAc(b1-2)Man(a1-3)]Man(b1-4)GlcNAc(b1-4)GlcNAc(b1-Sp20,29.873274999999985,32.599125,74.18409999999997
"Neu5,9Ac2(a2-3)Gal(b1-4)GlcNAc(b1-Sp0",104.90725,229.471825,138.16615
"Neu5,9Ac2(a2-3)Gal(b1-4)GlcNAc(b1-Sp0",6.5311249999999745,7.303625000000004,168.747225
Neu5Ac(a2-6)Gal(b1-4)GlcNAc(b1-3)Gal(b1-3)GlcNAc(b1-Sp0,16.451350000000005,-12.415700000000005,20.299175000000005
Neu5Ac(a2-3)Gal(b1-3)[Fuc(a1-4)]GlcNAc(b1-3)Gal(b1-3)[Fuc(a1-4)]GlcNAc(b1-Sp0,27.5376,53.002325000000006,40.421875
Neu5Ac(a2-6)Gal(b1-4)GlcNAc(b1-3)Gal(b1-4)GlcNAc(b1-3)Gal(b1-4)GlcNAc(b1-Sp0,17.94735,20.360175,84.69857500000002
Gal(a1-4)Gal(b1-4)GlcNAc(b1-3)Gal(b1-4)Glc(b1-Sp0,17.146200000000004,37.00420000000001,27.30680000000001
GalNAc(b1-3)Gal(a1-4)Gal(b1-4)GlcNAc(b1-3)Gal(b1-4)Glc(b1-Sp0,6.9192,22.38617500000001,41.665250000000015
GalNAc(a1-3)[Fuc(a1-2)]Gal(b1-4)GlcNAc(b1-3)Gal(b1-4)GlcNAc(b1-Sp0,23.116525,82.48715000000001,43.892825
GalNAc(a1-3)[Fuc(a1-2)]Gal(b1-4)GlcNAc(b1-3)Gal(b1-4)GlcNAc(b1-3)Gal(b1-4)GlcNAc(b1-Sp0,91.171275,215.40755,251.10075
Neu5Ac(a2-3)Gal(b1-4)[Fuc(a1-3)]GlcNAc(b1-6)[Neu5Ac(a2-3)Gal(b1-3)]GalNAc(a1-Sp14,39.458149999999975,67.81990000000002,59.53252500000001
GlcNAc(a1-4)Gal(b1-4)GlcNAc(b1-3)Gal(b1-4)GlcNAc(b1-3)Gal(b1-4)GlcNAc(b1-Sp0,31.99107500000001,53.6223,273.87415
GlcNAc(a1-4)Gal(b1-4)GlcNAc(b1-Sp0,68.18882499999998,42.491125,94.83582499999996
GlcNAc(a1-4)Gal(b1-3)GlcNAc(b1-Sp0,34.115725,25.319925,33.93957499999999
GlcNAc(a1-4)Gal(b1-4)GlcNAc(b1-3)Gal(b1-4)Glc(b1-Sp0,65.17327500000002,49.56152499999998,67.23355000000001
GlcNAc(a1-4)Gal(b1-4)GlcNAc(b1-3)Gal(b1-4)[Fuc(a1-3)]GlcNAc(b1-3)Gal(b1-4)[Fuc(a1-3)]GlcNAc(b1-Sp0,41.944975,80.503975,130.46617500000005
GlcNAc(a1-4)Gal(b1-4)GlcNAc(b1-3)Gal(b1-4)GlcNAc(b1-Sp0,49.867375,38.643375000000006,195.98307500000007
GlcNAc(a1-4)Gal(b1-3)GalNAc(a1-Sp14,37.05807499999997,28.99989999999999,124.29825
Neu5Ac(a2-6)Gal(b1-4)GlcNAc(b1-2)Man(a1-6)[Man(a1-3)]Man(b1-4)GlcNAc(b1-4)GlcNAc(a1-Sp12,47.16780000000001,30.111725,42.76610000000001
Man(a1-6)[Neu5Ac(a2-6)Gal(b1-4)GlcNAc(b1-2)Man(a1-3)]Man(b1-4)GlcNAc(b1-4)GlcNAc(a1-Sp12,20.168625,27.19059999999999,65.38612500000002
Neu5Ac(a2-6)Gal(b1-4)GlcNAc(b1-2)Man(a1-6)Man(b1-4)GlcNAc(b1-4)GlcNAc(a1-Sp12,55.82630000000002,-1.2402750000000042,54.292549999999984
Neu5Ac(a2-6)Gal(b1-4)GlcNAc(b1-2)Man(a1-3)Man(b1-4)GlcNAc(b1-4)GlcNAc(a1-Sp12,39.900525,20.9633,60.912825
Gal(b1-4)GlcNAc(b1-2)Man(a1-3)Man(b1-4)GlcNAc(b1-4)GlcNAc(a1-Sp12,18.1627,34.307575,59.8678
Gal(b1-4)GlcNAc(b1-2)Man(a1-6)Man(b1-4)GlcNAc(b1-4)GlcNAc(a1-Sp12,26.61,26.45220000000001,39.06730000000002
Man(a1-6)[Gal(b1-4)GlcNAc(b1-2)Man(a1-3)]Man(b1-4)GlcNAc(b1-4)GlcNAc(b1-Sp12,38.07005,29.462275,109.30917499999998
GlcNAc(b1-2)Man(a1-6)[GlcNAc(b1-2)Man(a1-3)]Man(b1-4)GlcNAc(b1-4)[Fuc(a1-6)]GlcNAc(b1-Sp22,22.798000000000002,37.344675,71.22727499999998
Gal(b1-4)GlcNAc(b1-2)Man(a1-6)[Gal(b1-4)GlcNAc(b1-2)Man(a1-3)]Man(b1-4)GlcNAc(b1-4)[Fuc(a1-6)]GlcNAc(b1-Sp22,50.07599999999998,66.06772499999998,171.3858250000001
Gal(b1-3)GlcNAc(b1-2)Man(a1-6)[Gal(b1-3)GlcNAc(b1-2)Man(a1-3)]Man(b1-4)GlcNAc(b1-4)[Fuc(a1-6)]GlcNAc(b1-Sp22,37.248375,42.097375,145.418
(6S)GlcNAc(b1-3)Gal(b1-4)GlcNAc(b1-Sp0,21.44509999999999,40.95880000000001,61.666575
KDN(a2-3)Gal(b1-4)[Fuc(a1-3)]GlcNAc(a1-Sp0,20.757525000000005,23.88455,75.42802499999998
KDN(a2-6)Gal(b1-4)GlcNAc(a1-Sp0,14.857625000000004,25.91960000000001,53.38537500000001
KDN(a2-3)Gal(b1-4)Glc(a1-Sp0,27.0505,12.368875,39.242024999999984
KDN(a2-3)Gal(b1-3)GalNAc(a1-Sp14,39.992675,76.3543,66.47659999999999
Fuc(a1-2)Gal(b1-3)GlcNAc(b1-2)Man(a1-6)[Fuc(a1-2)Gal(b1-3)GlcNAc(b1-2)Man(a1-3)]Man(b1-4)GlcNAc(b1-4)GlcNAc(b1-Sp20,81.24305000000003,393.108375,233.1042
Fuc(a1-2)Gal(b1-4)GlcNAc(b1-2)Man(a1-6)[Fuc(a1-2)Gal(b1-4)GlcNAc(b1-2)Man(a1-3)]Man(b1-4)GlcNAc(b1-4)GlcNAc(b1-Sp20,123.876475,286.7643500000001,402.354125
Fuc(a1-2)Gal(b1-4)[Fuc(a1-3)]GlcNAc(b1-2)Man(a1-6)[Fuc(a1-2)Gal(b1-4)[Fuc(a1-3)]GlcNAc(b1-2)Man(a1-3)]Man(b1-4)GlcNAc(b1-4)GlcNA(b1-Sp20,370.55145,51.489775,723.0221500000001
Gal(a1-3)Gal(b1-4)GlcNAc(b1-2)Man(a1-6)[Gal(a1-3)Gal(b1-4)GlcNAc(b1-2)Man(a1-3)]Man(b1-4)GlcNAc(b1-4)GlcNAc(b1-Sp20,79.02439999999999,74.219675,93.171025
Gal(b1-4)GlcNAc(b1-2)Man(a1-6)[Man(a1-3)]Man(b1-4)GlcNAc(b1-4)GlcNAc(b1-Sp12,98.42252499999998,50.44152500000001,104.369975
Fuc(a1-4)[Gal(b1-3)]GlcNAc(b1-2)Man(a1-6)[Fuc(a1-4)[Gal(b1-3)]GlcNAc(b1-2)Man(a1-3)]Man(b1-4)GlcNAc(b1-4)[Fuc(a1-6)]GlcNAc(b1-Sp22,76.08145000000002,353.19084999999984,361.8718
Neu5Ac(a2-6)GlcNAc(b1-4)GlcNAc(a1-Sp21,67.1674,61.12165,46.69475
Neu5Ac(a2-6)GlcNAc(b1-4)GlcNAc(b1-4)GlcNAc(a1-Sp21,141.299475,21.543150000000008,359.88047499999993
Gal(b1-4)[Fuc(a1-3)]GlcNAc(b1-6)[Fuc(a1-2)Gal(b1-4)GlcNAc(b1-3)]Gal(b1-4)Glc(a1-Sp21,28.575450000000004,14.98794999999999,65.33404999999999
Gal(b1-4)GlcNAc(b1-2)Man(a1-6)[Gal(b1-4)GlcNAc(b1-4)[Gal(b1-4)GlcNAc(b1-2)]Man(a1-3)]Man(b1-4)GlcNAc(b1-4)GlcNAc(a1-Sp21,39.419150000000016,4.541400000000003,43.83410000000001
GalNAc(a1-3)[Fuc(a1-2)]Gal(b1-4)GlcNAc(b1-2)Man(a1-6)[GalNAc(a1-3)[Fuc(a1-2)]Gal(b1-4)GlcNAc(b1-2)Man(a1-3)]Man(b1-4)GlcNAc(b1-4)GlcNAc(b1-Sp20,65.216275,63.54579999999999,106.5208
Gal(a1-3)[Fuc(a1-2)]Gal(b1-4)GlcNAc(b1-2)Man(a1-6)[Gal(a1-3)[Fuc(a1-2)]Gal(b1-4)GlcNAc(b1-2)Man(a1-3)]Man(b1-4)GlcNAc(b1-4)GlcNAc(b1-Sp20,61.1975,30.4726,92.24342500000004
Gal(a1-3)Gal(b1-4)[Fuc(a1-3)]GlcNAc(b1-2)Man(a1-6)[Gal(a1-3)Gal(b1-4)[Fuc(a1-3)]GlcNAc(b1-2)Man(a1-3)]Man(b1-4)GlcNAc(b1-4)GlcNAc(b1-Sp20,108.80570000000002,5.556175,313.4511250000001
GalNAc(a1-3)[Fuc(a1-2)]Gal(b1-3)GlcNAc(b1-2)Man(a1-6)[GalNAc(a1-3)[Fuc(a1-2)]Gal(b1-3)GlcNAc(b1-2)Man(a1-3)]Man(b1-4)GlcNAc(b1-4)GlcNAc(b1-Sp20,26.807599999999994,27.307100000000005,29.885
Gal(a1-3)[Fuc(a1-2)]Gal(b1-3)GlcNAc(b1-2)Man(a1-6)[Gal(a1-3)[Fuc(a1-2)]Gal(b1-3)GlcNAc(b1-2)Man(a1-3)]Man(b1-4)GlcNAc(b1-4)GlcNAc(b1-Sp20,25.040875,10.529450000000002,65.34620000000001
Fuc(a1-4)[Fuc(a1-2)Gal(b1-3)]GlcNAc(b1-2)Man(a1-3)[Fuc(a1-4)[Fuc(a1-2)Gal(b1-3)]GlcNAc(b1-2)Man(a1-3)]Man(b1-4)GlcNAc(b1-4)GlcNAc(b1-Sp19,99.699375,327.295225,276.333125
Neu5Ac(a2-3)Gal(b1-4)GlcNAc(b1-3)GalNAc(a1-Sp14,23.44405,19.146425,54.193575
Neu5Ac(a2-6)Gal(b1-4)GlcNAc(b1-3)GalNAc(a1-Sp14,68.55272500000001,18.862775,150.513075
Neu5Ac(a2-3)Gal(b1-4)[Fuc(a1-3)]GlcNAc(b1-3)GalNAc(a1-Sp14,21.254525,60.20435000000002,242.3198
GalNAc(b1-4)GlcNAc(b1-2)Man(a1-6)[GalNAc(b1-4)GlcNAc(b1-2)Man(a1-3)]Man(b1-4)GlcNAc(b1-4)GlcNAc(a1-Sp12,75.39240000000002,90.3902,493.8683500000001
Gal(b1-3)GalNAc(a1-3)[Fuc(a1-2)]Gal(b1-4)Glc(a1-Sp0,29.166100000000004,11.7649,26.874675
Gal(b1-3)GalNAc(a1-3)[Fuc(a1-2)]Gal(b1-4)GlcNAc(a1-Sp0,37.16047500000001,5.8407500000000026,22.21485
Gal(b1-3)GlcNac(b1-3)Gal(b1-4)GlcNac(b1-6)[Gal(b1-3)GlcNac(b1-3)]Gal(b1-4)Glc(b1-Sp0,15.917699999999995,16.207825000000007,13.538500000000004
Gal(b1-4)[Fuc(a1-3)]GlcNAc(b1-6)[Gal(b1-3)GlcNAc(b1-3)]Gal(b1-4)Glc(a1-Sp21,18.66685,16.047425000000004,33.559375
Gal(b1-4)GlcNAc(b1-6)[Fuc(a1-4)[Fuc(a1-2)Gal(b1-3)]GlcNAc(b1-3)]Gal(b1-4)Glc(a1-Sp21,16.706525,12.923275,42.15470000000001
Gal(b1-4)[Fuc(a1-3)]GlcNAc(b1-6)[Fuc(a1-4)[Fuc(a1-2)Gal(b1-3)]GlcNAc(b1-3)]Gal(b1-4)Glc(a1-Sp21,57.18607500000002,32.783,49.749375
Gal(b1-3)GlcNAc(b1-3)Gal(b1-4)[Fuc(a1-3)]GlcNAc(b1-6)[Gal(b1-3)GlcNAc(b1-3)]Gal(b1-4)Glc(a1-Sp21,13.032225,17.733150000000006,13.715475000000005
Gal(b1-4)GlcNac(b1-6)[Gal(b1-4)GlcNac(b1-2)]Man(a1-6)[Gal(b1-4)GlcNac(b1-4)[Gal(b1-4)GlcNac(b1-2)]Man(a1-3)]Man(b1-4)GlcNac(b1-4)GlcNac(b1-Sp21,51.11425000000001,21.294025,61.51092499999998
GlcNac(b1-2)Man(a1-6)[GlcNac(b1-4)[GlcNac(b1-2)]Man(a1-3)]Man(b1-4)GlcNac(b1-4)GlcNac(a1-Sp21,20.410750000000004,25.471025,54.61885
Fuc(a1-2)Gal(b1-3)GalNAc(a1-3)[Fuc(a1-2)]Gal(b1-4)Glc(b1-Sp0,36.215075,30.6444,73.73082500000002
Fuc(a1-2)Gal(b1-3)GalNAc(a1-3)[Fuc(a1-2)]Gal(b1-4)GlcNAc(b1-Sp0,22.041875,53.899525,122.2942
Gal(b1-3)GlcNAc(b1-3)GalNAc(a1-Sp14,217.05702500000004,42.22630000000001,293.2564250000001
GalNAc(b1-4)[Neu5Ac(a2-3)]Gal(b1-4)GlcNAc(b1-3)GalNAc(a1-Sp14,282.288275,567.0175,258.17245
GalNAc(a1-3)[Fuc(a1-2)]Gal(b1-3)GalNAc(a1-3)[Fuc(a1-2)]Gal(b1-4)GlcNAc(b1-Sp0,18.313350000000003,26.729775,38.35342500000001
Gal(a1-3)Gal(b1-3)GlcNAc(b1-2)Man(a1-6)[Gal(a1-3)Gal(b1-3)GlcNAc(b1-2)Man(a1-3)]Man(b1-4)GlcNAc(b1-4)GlcNAc(a1-Sp19,44.67852499999998,170.377275,194.148675
Gal(a1-3)Gal(b1-3)[Fuc(a1-4)]GlcNAc(b1-2)Man(a1-6)[Gal(a1-3)Gal(b1-3)[Fuc(a1-4)]GlcNAc(b1-2)Man(a1-3)]Man(b1-4)GlcNAc(b1-4)GlcNAc(a1-Sp19,126.9562,332.026925,344.883375
Neu5Ac(a2-3)Gal(b1-3)GlcNAc(b1-2)Man(a1-6)[Neu5Ac(a2-3)Gal(b1-3)GlcNAc(b1-2)Man(a1-3)]Man(b1-4)GlcNAc(b1-4)GlcNAc(a1-Sp19,59.23645000000001,82.82722500000001,111.41957499999998
GlcNAc(b1-2)Man(a1-6)[Gal(b1-4)GlcNAc(b1-2)Man(a1-3)]Man(b1-4)GlcNAc(b1-4)GlcNAc(a1-Sp12,9.923700000000002,8.354175,43.78722499999999
Gal(b1-4)GlcNAc(b1-2)Man(a1-6)[GlcNAc(b1-2)Man(a1-3)]Man(b1-4)GlcNAc(b1-4)GlcNAc(a1-Sp12,19.738999999999994,30.6783,79.9472
Neu5Ac(a2-3)Gal(b1-3)GlcNAc(b1-3)GalNAc(a1-Sp14,47.73180000000001,47.72855000000001,123.04695
Fuc(a1-2)Gal(b1-4)GlcNac(b1-3)GalNac(a1-Sp14,36.077725,28.9072,121.41722500000004
Gal(b1-4)[Fuc(a1-3)]GlcNac(b1-3)GalNac(a1-Sp14,31.0439,27.871325,112.03244999999998
GalNac(a1-3)GalNac(b1-3)Gal(a1-4)Gal(b1-4)GlcNac(b1-Sp0,26.611,201.37185000000005,961.9755000000004
Gal(a1-4)Gal(b1-3)GlcNac(b1-2)Man(a1-6)[Gal(a1-4)Gal(b1-3)GlcNac(b1-2)Man(a1-3)]Man(b1-4)GlcNac(b1-4)GlcNac(b1-Sp19,10.146375,24.47735,40.066375
Gal(a1-4)Gal(b1-4)GlcNac(b1-2)Man(a1-6)[Gal(a1-4)Gal(b1-4)GlcNac(b1-2)Man(a1-3)]Man(b1-4)GlcNac(b1-4)GlcNac(b1-Sp24,22.85,42.941125,68.022075
Gal(a1-3)Gal(b1-4)GlcNac(b1-3)GalNac(a1-Sp14,72.14880000000002,30.054425,176.28105000000005
Gal(b1-3)GlcNAc(b1-6)Gal(b1-4)GlcNAc(b1-Sp0,7.796775000000002,19.24895,25.965875
Gal(b1-3)GlcNAc(a1-6)Gal(b1-4)GlcNAc(b1-Sp0,15.444649999999996,22.066575,186.6294
GalNAc(b1-3)Gal(a1-6)Gal(b1-4)Glc(b1-Sp8,26.77809999999999,22.1568,63.867050000000006
Gal(a1-3)[Fuc(a1-2)]Gal(b1-4)[Fuc(a1-3)]Glc(b1-Sp21,37.034975,30.63645,39.31050000000001
Gal(b1-4)GlcNAc(b1-6)[Neu5Ac(a2-6)Gal(b1-3)GlcNAc(b1-3)]Gal(b1-4)Glc(a1-Sp21,22.4668,38.100725,30.922650000000004
Gal(b1-3)GalNAc(b1-4)[Neu5Ac(a2-8)Neu5Ac(a2-3)]Gal(b1-4)Glc(b1-Sp0,70.653525,36.01094999999999,85.82615000000001
Neu5Ac(a2-3)Gal(b1-3)GalNAc(b1-4)[Neu5Ac(a2-8)Neu5Ac(a2-3)]Gal(b1-4)Glc(b1-Sp0,35.46542500000001,36.8673,122.679075
Gal(a1-3)[Fuc(a1-2)]Gal(b1-4)GlcNAc(b1-3)GalNAc(a1-Sp14,227.16885,18.272875000000006,161.88785
GalNAc(a1-3)[Fuc(a1-2)]Gal(b1-4)GlcNAc(b1-3)GalNAc(a1-Sp14,35.91509999999999,28.210525,67.253075
GalNAc(a1-3)GalNAc(b1-3)Gal(a1-4)Gal(b1-4)Glc(b1-Sp0,576.1977750000002,2673.053325,13362.103625
Fuc(a1-2)Gal(b1-4)[Fuc(a1-3)]GlcNAc(b1-3)GalNAc(a1-Sp14,37.744475,54.34847499999999,84.286925
Gal(a1-3)[Fuc(a1-2)]Gal(b1-4)[Fuc(a1-3)]GlcNAc(b1-3)GalNAc(a1-Sp14,28.983074999999985,37.25099999999999,90.05175000000001
GalNAc(a1-3)[Fuc(a1-2)]Gal(b1-4)[Fuc(a1-3)]GlcNAc(b1-3)GalNAc(a1-Sp14,24.26377500000001,45.83132500000001,127.00184999999996
Gal(b1-4)[Fuc(a1-3)]GlcNAc(b1-2)Man(a1-6)[Gal(b1-4)[Fuc(a1-3)]GlcNAc(b1-2)Man(a1-3)]Man(b1-4)GlcNAc(b1-4)[Fuc(a1-6)]GlcNAc(b1-Sp22,50.90265000000001,36.09395000000001,58.99760000000001
Fuc(a1-2)Gal(b1-4)GlcNAc(b1-2)Man(a1-6)[Fuc(a1-2)Gal(b1-4)GlcNAc(b1-2)Man(a1-3)]Man(b1-4)GlcNAc(b1-4)[Fuc(a1-6)]GlcNAc(b1-Sp22,109.31040000000002,294.24065,141.5363
GlcNAc(b1-2)[GlcNAc(b1-6)]Man(a1-6)[GlcNAc(b1-2)Man(a1-3)]Man(b1-4)GlcNAc(b1-4)GlcNAc(b1-Sp19,19.674125000000004,26.060725000000016,184.1545
Fuc(a1-2)Gal(b1-3)GlcNAc(b1-3)GalNAc(a1-Sp14,15.971925,16.469,30.87410000000001
Gal(a1-3)[Fuc(a1-2)]Gal(b1-3)GlcNAc(b1-3)GalNAc(a1-Sp14,22.9632,16.594425,45.7563
GalNAc(a1-3)[Fuc(a1-2)]Gal(b1-3)GlcNAc(b1-3)GalNAc(a1-Sp14,26.391800000000003,30.76155,104.01977499999997
Gal(a1-3)Gal(b1-3)GlcNAc(b1-3)GalNAc(a1-Sp14,84.6237,31.129325000000005,128.436125
Fuc(a1-2)Gal(b1-3)GlcNAc(b1-2)Man(a1-6)[Fuc(a1-2)Gal(b1-3)GlcNAc(b1-2)Man(a1-3)]Man(b1-4)GlcNAc(b1-4)[Fuc(a1-6)]GlcNAc(b1-Sp22,50.15924999999999,78.080525,154.71280000000004
Gal(a1-3)[Fuc(a1-2)]Gal(b1-4)GlcNAc(b1-2)Man(a1-6)[Gal(a1-3)[Fuc(a1-2)]Gal(b1-4)GlcNAc(b1-2)Man(a1-3)]Man(b1-4)GlcNAc(b1-4)[Fuc(a1-6)]GlcNAc(b1-Sp22,35.65485,38.55709999999999,103.803025
Gal(b1-3)GlcNAc(b1-6)[Gal(b1-3)GlcNAc(b1-2)]Man(a1-6)[Gal(b1-3)GlcNAc(b1-2)Man(a1-3)]Man(b1-4)GlcNAc(b1-4)GlcNAc(b1-Sp19,25.2164,16.005799999999994,175.053675
Gal(b1-4)GlcNAc(b1-6)[Fuc(a1-2)Gal(b1-3)GlcNAc(b1-3)]Gal(b1-4)Glc(a1-Sp21,13.355999999999998,12.333025000000005,22.021100000000004
Fuc(a1-3)GlcNAc(b1-6)[Gal(b1-4)GlcNAc(b1-3)]Gal(b1-4)Glc(a1-Sp21,87.66045,87.52459999999998,310.452575
GlcNAc(b1-2)Man(a1-6)[GlcNAc(b1-4)][GlcNAc(b1-2)Man(a1-3)]Man(b1-4)GlcNac(b1-4)GlcNAc(a1-Sp21,18.958150000000003,24.9903,35.109775
GlcNAc(b1-2)Man(a1-6)[GlcNAc(b1-4)][GlcNAc(b1-4)[GlcNAc(b1-2)]Man(a1-3)]Man(b1-4)GlcNAc(b1-4)GlcNAc(a1-Sp21,17.974075000000006,15.60375,68.42099999999999
GlcNAc(b1-6)[GlcNAc(b1-2)]Man(a1-6)[GlcNAc(b1-4)][GlcNAc(b1-2)Man(a1-3)]Man(b1-4)GlcNAc(b1-4)GlcNAc(a1-Sp21,66.27230000000002,61.83754999999998,77.59197499999998
GlcNAc(b1-6)[GlcNAc(b1-2)]Man(a1-6)[GlcNAc(b1-4)][GlcNAc(b1-4)[GlcNAc(b1-2)]Man(a1-3)]Man(b1-4)GlcNAc(b1-4)GlcNAc(a1-Sp21,46.76207500000001,18.097975,31.40782500000001
Gal(b1-4)GlcNAc(b1-2)Man(a1-6)[GlcNAc(b1-4)][Gal(b1-4)GlcNAc(b1-2)Man(a1-3)]Man(b1-4)GlcNAc(b1-4)GlcNAc(a1-Sp21,97.28117500000002,49.572025,293.19702500000005
Gal(b1-4)GlcNAc(b1-2)Man(a1-6)[GlcNAc(b1-4)][Gal(b1-4)GlcNAc(b1-4)[Gal(b1-4)GlcNAc(b1-2)]Man(a1-3)]Man(b1-4)GlcNAc(b1-4)GlcNAc(a1-Sp21,59.22952500000001,55.074625,187.1769
Gal(b1-4)GlcNAc(b1-6)[Gal(b1-4)GlcNAc(b1-2)]Man(a1-6)[GlcNAc(b1-4)][Gal(b1-4)GlcNAc(b1-2)Man(a1-3)]Man(b1-4)GlcNAc(b1-4)GlcNAc(a1-Sp21,70.33305000000001,54.25315000000002,100.83555
Gal(b1-4)GlcNAc(b1-6)[Gal(b1-4)GlcNAc(b1-2)]Man(a1-6)[GlcNAc(b1-4)][Gal(b1-4)GlcNAc(b1-4)[Gal(b1-4)GlcNAc(b1-2)]Man(a1-3)]Man(b1-4)GlcNAc(b1-4)GlcNAc(a1-Sp21,64.74527500000002,46.91784999999999,196.471375
Gal(b1-4)Gal(b1-Sp10,146.04237500000005,56.92720000000002,233.06875
Gal(b1-6)Gal(b1-Sp10,18.4956,54.82625,52.08022500000001
Neu5Ac(a2-3)Gal(b1-4)GlcNAc(b1-3)Gal(b1-Sp8,41.11264999999999,42.898175,175.094775
GalNAc(b1-6)GalNAc(b1-Sp8,18.50995,38.02267500000001,36.81949999999999
(6S)Gal(b1-3)GlcNAc(b1-Sp0,54.42402500000001,20.597125000000005,76.662275
(6S)Gal(b1-3)(6S)GlcNAc(a1-Sp0,17.381124999999994,8.772374999999998,20.975774999999995
Fuc(a1-2)Gal(b1-4) GlcNAc(b1-2)Man(a1-6)[Fuc(a1-2)Gal(b1-4)GlcNAc(b1-2)[Fuc(a1-2)Gal(b1-4)GlcNAc(b1-4)]Man(a1-3)]Man(b1-4)GlcNAc(b1-4)GlcNAc(b1-N,53.17375,107.98430000000002,103.54087499999996
Fuc(a1-2)Gal(b1-4)[Fuc(a1-3)]GlcNAc(b1-2)Man(a1-6)[Fuc(a1-2)Gal(b1-4)[Fuc(a1-3)]GlcNAc(b1-4)[Fuc(a1-2)Gal(b1-4)[Fuc(a1-3)]GlcNAc(b1-2)]Man(a1-3)]Man(b1-4)GlcNAc(b1-4)GlcNAc(b1-N,71.91570000000002,244.6602,258.7238
Gal(b1-4)[Fuc(a1-3)]GlcNAc(b1-6)GalNAc(a1-Sp14,18.881325000000004,54.91547500000002,301.361625
Gal(b1-4)GlcNAc(b1-2)Man(a1-Sp0,30.213950000000004,55.773175,68.78620000000001
Fuc(a1-2)Gal(b1-4)GlcNAc(b1-6)[Fuc(a1-2)Gal(b1-4)GlcNAc(b1-3)]GalNAc(a1-Sp14,36.04227500000001,54.74742500000001,45.85270000000001
Gal(a1-3)Fuc(a1-2)Gal(b1-4)GlcNAc(b1-6)[Gal(a1-3)Fuc(a1-2)Gal(b1-4)GlcNAc(b1-3)]GalNAc(a1-Sp14,19.900075,22.5015,66.657175
GalNAc(a1-3)[Fuc(a1-2)]Gal(b1-4)GlcNAc(b1-6)[GalNAc(a1-3)[Fuc(a1-2)]Gal(b1-4)GlcNAc(b1-3)]GalNAc(a1-Sp14,30.223675,23.422125000000005,101.00235000000004
Neu5Ac(a2-8)Neu5Ac(a2-3)Gal(b1-3)GalNAc(b1-4)[Neu5Ac(a2-8)Neu5Ac(a2-3)]Gal(b1-4)Glc(b1-Sp0,20.4982,34.022375000000004,161.76504999999997
GalNAc(b1-4)Gal(b1-4)Glc(b1-Sp0,20.453899999999987,49.18087499999999,77.66472500000002
GalNAc(a1-3)[Fuc(a1-2)]Gal(b1-4)GlcNAc(b1-2)Man(a1-6)[GalNAc(a1-3)[Fuc(a1-2)]Gal(b1-4)GlcNAc(b1-2)Man(a1-3)]Man(b1-4)GlcNAc(b1-4)[Fuc(a1-6)]GlcNAc(b1-Sp22,44.76172499999999,51.06517500000001,79.39645000000002
Gal(a1-3)[Fuc(a1-2)]Gal(b1-3)GlcNAc(b1-2)Man(a1-6)[Gal(a1-3)[Fuc(a1-2)]Gal(b1-3)GlcNAc(b1-2)Man(a1-3)]Man(b1-4)GlcNAc(b1-4)[Fuc(a1-6)]GlcNAc(b1-Sp22,70.7794,71.6016,151.51665
Neu5Ac(a2-6)Gal(b1-4)GlcNAc(b1-6)[Fuc(a1-2)Gal(b1-3)GlcNAc(b1-3)]Gal(b1-4)Glc(a1-Sp21,24.76045000000001,9.381700000000002,37.62745
GalNAc(a1-3)[Fuc(a1-2)]Gal(b1-3)GlcNAc(b1-2)Man(a1-6)[GalNAc(a1-3)[Fuc(a1-2)]Gal(b1-3)GlcNAc(b1-2)Man(a1-3)]Man(b1-4)GlcNAc(b1-4)[Fuc(a1-6)]GlcNAc(b1-Sp22,108.68242499999997,63.87462500000001,196.321875
Gal(b1-4)GlcNAc(b1-6)[Gal(b1-4)GlcNAc(b1-2)]Man(a1-6)[Gal(b1-4)GlcNAc(b1-2)Man(a1-3)]Man(b1-4)GlcNAc(b1-4)GlcNAc(b1-Sp19,52.607,86.566675,135.83657499999998
Neu5Ac(a2-3)Gal(b1-4)GlcNAc(b1-2)Man(a1-6)[GlcNAc(b1-4)][Neu5Ac(a2-3)Gal(b1-4)GlcNAc(b1-2)Man(a1-3)]Man(b1-4)GlcNAc(b1-4)GlcNAc(b1-Sp21,75.76817500000001,26.318274999999986,84.45930000000001
Neu5Ac(a2-3)Gal(b1-4)GlcNAc(b1-4)Man(a1-6)[GlcNAc(b1-4)][Neu5Ac(a2-3)Gal(b1-4)GlcNAc(b1-4)[Neu5Ac(a2-3)Gal(b1-4)GlcNAc(b1-2)]Man(a1-3)]Man(b1-4)GlcNAc(b1-4)GlcNAc(b1-Sp21,12.646475000000002,37.264325,44.3663
Neu5Ac(a2-3)Gal(b1-4)GlcNAc(b1-6)[Neu5Ac(a2-3)Gal(b1-4)GlcNAc(b1-2)]Man(a1-6)[GlcNAc(b1-4)][Neu5Ac(a2-3)Gal(b1-4)GlcNAc(b1-2)Man(a1-3)]Man(b1-4)GlcNAc(b1-4)GlcNAc(b1-Sp21,61.41769999999998,58.91875,52.75032499999999
Neu5Ac(a2-3)Gal(b1-4)GlcNAc(b1-6)[Neu5Ac(a2-3)Gal(b1-4)GlcNAc(b1-2)]Man(a1-6)[GlcNAc(b1-4)][Neu5Ac(a2-3)Gal(b1-4)GlcNAc(b1-4)[Neu5Ac(a2-3)Gal(b1-4)GlcNAc(b1-2)]Man(a1-3)]Man(b1-4)GlcNAc(b1-4)GlcNAc(b1-Sp21,14.445050000000002,12.877200000000006,36.41417500000001
Neu5Ac(a2-6)Gal(b1-4)GlcNAc(b1-2)Man(a1-6)[GlcNAc(b1-4)][Neu5Ac(a2-6)Gal(b1-4)GlcNAc(b1-2)Man(a1-3)]Man(b1-4)GlcNAc(b1-4)GlcNAc(b1-Sp21,56.54405000000001,3.9718999999999984,169.171625
Neu5Ac(a2-6)Gal(b1-4)GlcNAc(b1-4)Man(a1-6)[GlcNAc(b1-4)][Neu5Ac(a2-6)Gal(b1-4)GlcNAc(b1-4)[Neu5Ac(a2-6)Gal(b1-4)GlcNAc(b1-2)]Man(a1-3)]Man(b1-4)GlcNAc(b1-4)GlcNAc(b1-Sp21,24.814625000000003,32.04225,46.51894999999999
Neu5Ac(a2-6)Gal(b1-4)GlcNAc(b1-6)[Neu5Ac(a2-6)Gal(b1-4)GlcNAc(b1-2)]Man(a1-6)[GlcNAc(b1-4)][Neu5Ac(a2-6)Gal(b1-4)GlcNAc(b1-2)Man(a1-3)]Man(b1-4)GlcNAc(b1-4)GlcNAc(b1-Sp21,51.76757500000002,40.8907,111.30095000000004
Neu5Ac(a2-6)Gal(b1-4)GlcNAc(b1-6)[Neu5Ac(a2-6)Gal(b1-4)GlcNAc(b1-2)]Man(a1-6)[GlcNAc(b1-4)][Neu5Ac(a2-6)Gal(b1-4)GlcNAc(b1-4)[Neu5Ac(a2-6)Gal(b1-4)GlcNAc(b1-2)]Man(a1-3)]Man(b1-4)GlcNAc(b1-4)GlcNAc(b1-Sp21,22.567000000000004,18.380250000000007,42.596075000000006
Gal(a1-3)[Fuc(a1-2)]Gal(b1-3)GalNAc(a1-Sp8,45.7275,30.338674999999995,53.77127499999999
Gal(a1-3)[Fuc(a1-2)]Gal(b1-3)GalNAc(b1-Sp8,11.4121,26.60462500000001,28.53545
Glc(a1-6)Glc(a1-6)Glc(a1-6)Glc(b1-Sp10,27.976275,69.13654999999999,46.63215
Glc(a1-4)Glc(a1-4)Glc(a1-4)Glc(b1-Sp10,10.879675,48.45222500000001,170.19577499999997
Neu5Ac(a2-3)Gal(b1-4)GlcNAc(b1-6)[Neu5Ac(a2-3)Gal(b1-4)GlcNAc(b1-3)]GalNAc(a1-Sp14,20.31055,21.70577500000001,34.45935000000001
Fuc(a1-2)Gal(b1-4)[Fuc(a1-3)]GlcNAc(b1-2)Man(a1-6)[Fuc(a1-2)Gal(b1-4)[Fuc(a1-3)]GlcNAc(b1-2)Man(a1-3)]Man(b1-4)GlcNAc(b1-4)[Fuc(a1-6)]GlcNAc(b1-Sp24,37.839174999999976,30.15325000000001,60.83909999999997
Fuc(a1-2)Gal(b1-3)[Fuc(a1-4)]GlcNAc(b1-2)Man(a1-6)[Fuc(a1-2)Gal(b1-3)[Fuc(a1-4)]GlcNAc(b1-2)Man(a1-3)]Man(b1-4)GlcNAc(b1-4)[Fuc(a1-6)]GlcNA(cb-S)p(1-4)[Fuc(a1-6)]GlcNAc(b1-Sp19,15.393250000000005,23.289925,30.198825
Neu5Ac(a2-3)Gal(b1-3)GlcNAc(b1-6)[Neu5Ac(a2-3)Gal(b1-4)GlcNAc(b1-2)]Man(a1-6)[Neu5Ac(a2-3)Gal(b1-3)GlcNAc(b1-2)Man(a1-3)]Man(b1-4)GlcNAc(b1-4)GlcNAc(b1-Sp19,47.47215,37.265075,72.18857499999999
GlcNAc(b1-6)[GlcNAc(b1-2)]Man(a1-6)[GlcNAc(b1-2)Man(a1-3)]Man(b1-4)GlcNAc(b1-4)[Fuc(a1-6)]GlcNAc(b1-Sp24,15.202875,11.543674999999995,55.52655000000002
Gal(b1-3)GlcNAc(b1-2)Man(a1-6)[GlcNAc(b1-4)][Gal(b1-3)GlcNAc(b1-2)Man(a1-3)]Man(b1-4)GlcNAc(b1-4)GlcNAc(b1-Sp21,28.616275,36.235575,89.6321250000001
Neu5Ac(a2-6)Gal(b1-4)GlcNAc(b1-6)[Gal(b1-3)GlcNAc(b1-3)]Gal(b1-4)Glc(b1-Sp21,28.222725,15.971224999999993,22.994399999999985
Neu5Ac(a2-3)Gal(b1-4)GlcNAc(b1-2)Man(a1-Sp0,80.5347,94.49742499999998,224.850575
Neu5Ac(a2-3)Gal(b1-4)GlcNAc(b1-6)GalNAc(a1-Sp14,16.436550000000004,47.998800000000074,60.99867500000001
Neu5Ac(a2-6)Gal(b1-4)GlcNAc(b1-6)GalNAc(a1-Sp14,45.79965,71.99955,46.24572500000002
Neu5Ac(a2-6)Gal(b1-4)GlcNAc(b1-6)[Neu5Ac(a2-6)Gal(b1-4)GlcNAc(b1-3)]GalNAc(a1-Sp14,47.834025,35.57822499999999,60.97975000000001
Neu5Ac(a2-6)Gal(b1-4)GlcNAc(b1-2)Man(a1-6)[Neu5Ac(a2-6)Gal(b1-4)GlcNAc(b1-2)Man(a1-3)]Man(b1-4)GlcNAc(b1-4)[Fuc(a1-6)]GlcNAc(b1-Sp24,37.21347500000002,19.078274999999994,59.49249999999995
Neu5Ac(a2-3)Gal(b1-4)GlcNAc(b1-2)Man(a1-6)[Neu5Ac(a2-3)Gal(b1-4)GlcNAc(b1-2)Man(a1-3)]Man(b1-4)GlcNAc(b1-4)[Fuc(a1-6)]GlcNAc(b1-Sp24,54.71612500000001,39.68445000000001,54.42764999999997
Man(a1-6)[Man(a1-3)]Man(b1-4)GlcNAc(b1-4)[Fuc(a1-6)]GlcNAc(b1-Sp19,130.96705,42.821625,141.82242499999995
Gal(b1-4)GlcNAc(b1-6)[Gal(b1-4)GlcNAc(b1-2)]Man(a1-6)[Gal(b1-4)GlcNAc(b1-2)Man(a1-3)]Man(b1-4)GlcNAc(b1-4)[Fuc(a1-6)]GlcNAc(b1-Sp24,52.32572500000001,32.425825,134.47817500000002
Neu5Ac(a2-3)Gal(b1-3)GlcNAc(b1-2)Man(a1-6)[GlcNAc(b1-4)][Neu5Ac(a2-3)Gal(b1-3)GlcNAc(b1-2)Man(a1-3)]Man(b1-4)GlcNAc(b1-4)GlcNAc(a1-Sp21,62.36467500000002,91.221125,66.75982499999998
Neu5Ac(a2-6)Gal(b1-4)GlcNAc(b1-6)[Fuc(a1-2)Gal(b1-4)[Fuc(a1-3)]GlcNAc(b1-3)]Gal(b1-4)Glc(a1-Sp21,40.75050000000002,50.50622500000002,52.70099999999998
Gal(b1-3)GlcNAc(b1-6)GalNAc(a1-Sp14,126.10945000000004,52.71742500000001,242.067625
Gal(a1-3)Gal(b1-3)GlcNAc(b1-6)GalNAc(a1-Sp14,41.031025,15.912224999999996,30.649450000000005
Gal(b1-3)[Fuc(a1-4)]GlcNAc(b1-6)GalNAc(a1-Sp14,73.02947500000005,45.91664999999999,321.2589749999998
Neu5Ac(a2-3)Gal(b1-3)GlcNAc(b1-6)GalNAc(a1-Sp14,18.862725,17.250249999999998,26.5709
(3S)Gal(b1-3)[Fuc(a1-4)]GlcNAc(b1-Sp0,16.9752,32.080975,35.86949999999999
Gal(b1-4)[Fuc(a1-3)]GlcNAc(b1-6)[Neu5Ac(a2-6)[Neu5Ac(a2-3)Gal(b1-3)]GlcNAc(b1-3)]Gal(b1-4)Glc(a1-Sp21,9.562075,16.084824999999995,31.77405000000001
Fuc(a1-2)Gal(b1-4)GlcNAc(b1-6)GalNAc(a1-Sp14,46.67485,71.646475,100.268875
Gal(a1-3)Gal(b1-4)GlcNAc(b1-6)GalNAc(a1-Sp14,21.44235,23.13930000000001,126.74540000000002
Gal(b1-4)[Fuc(a1-3)]GlcNAc(b1-2)Man(a1-Sp0,19.462599999999995,25.255949999999995,32.181999999999995
Fuc(a1-2)(6S)Gal(b1-3)GlcNAc(b1-Sp0,24.147324999999995,20.838524999999994,36.37645000000001
Gal(a1-3)[Fuc(a1-2)]Gal(b1-4)GlcNAc(b1-6)GalNAc(a1-Sp14,38.55397500000001,44.518025,46.02957499999998
Fuc(a1-2)Gal(b1-4)GlcNAc(b1-2)Man(a1-Sp0,7.2288,31.057825000000005,42.20497500000001
Fuc(a1-2)Gal(b1-3)(6S)GlcNAc(b1-Sp0,40.09287499999999,53.583775,53.73675
Fuc(a1-2)(6S)Gal(b1-3)(6S)GlcNAc(b1-Sp0,57.30035,107.91635000000002,180.324625
Neu5Ac(a2-6)GalNAc(b1-4)(6S)GlcNAc(b1-Sp8,24.7551,33.974875,53.812975
GalNAc(b1-4)[Fuc(a1-3)](6S)GlcNAc(b1-Sp8,18.85745,6.026749999999998,39.7053
(3S)GalNAc(b1-4)[Fuc(a1-3)]GlcNAc(b1-Sp8,37.2473,16.355375000000002,55.854000000000006
Fuc(a1-2)Gal(b1-3)GlcNAc(b1-6)[Fuc(a1-2)Gal(b1-3)GlcNAc(b1-3)]GalNAc(a1-Sp14,24.26769999999999,63.155525,48.11054999999998
GalNAc(a1-3)[Fuc(a1-2)]Gal(b1-3)GlcNAc(b1-6)GalNAc(a1-Sp14,51.30897500000002,23.861650000000004,49.34139999999999
GlcNAc(b1-6)[GlcNAc(b1-2)]Man(a1-6)[GlcNAc(b1-4)][GlcNAc(b1-4)[GlcNAc(b1-2)]Man(a1-3)]Man(b1-4)GlcNAc(b1-4)[Fuc(a1-6)]GlcNAc(a1-Sp21,135.86607499999997,44.41907500000002,98.018625
Gal(b1-4)GlcNAc(b1-6)[Gal(b1-4)GlcNAc(b1-2)]Man(a1-6)[GlcNAc(b1-4)]Gal(b1-4)GlcNAc(b1-4)[Gal (b1-4)GlcNAc(b1-2)]Man(a1-3)]Man(b1-4)GlcNAc(b1-4)[Fuc(a1-6)]GlcNAc(a1-Sp21,32.3133,35.745,151.2248
Gal(b1-3)GlcNAc(a1-3)Gal(b1-4)GlcNAc(b1-Sp8 ,61.69705,25.71615,102.66084999999998
Gal(b1-3)(6S)GlcNAc(b1-Sp8 ,30.222025,29.24512500000001,70.73940000000002
(6S)(4S)GalNAc(b1-4)GlcNAc(a1-Sp8,103.51695,59.60629999999999,102.84727500000002
(6S)GalNAc(b1-4)GlcNAc(a1-Sp8 ,20.815949999999994,23.62795,49.82252499999999
(3S)GalNAc(b1-4)(3S)GlcNAc(a1-Sp8,92.793825,78.18739999999998,94.588825
GalNAc(b1-4)(6S)GlcNAc(a1-Sp8 ,13.396499999999996,31.03625,69.13397500000002
(3S)GalNAc(b1-4)GlcNAc(a1-Sp8 ,37.87592500000001,6.279124999999999,21.13055
(4S)GalNac(b1-Sp10,3.4388500000000004,17.709475000000005,28.27490000000001
Gal(b1-4)(6P)GlcNAc(b1-Sp0 ,16.818325,30.52300000000001,54.265975
(6P)Gal(b1-4)GlcNAc(b1-SP0 ,94.522975,11.569275,314.539575
GalNAc(a1-3)[Fuc(a1-2)]Gal(b1-4)GlcNAc(b1-6)GalNAc(a1-Sp14,31.40632499999998,12.101325,23.356925000000004
Neu5Ac(a2-6)Gal(b1-4)GlcNAc(b1-2)Ma(n1-Sp0,36.238725,17.194674999999997,62.55460000000001
Gal(a1-3)Gal(b1-4)GlcNAc(b1-2)Man(a1-Sp0,15.093524999999996,9.88475,41.020375
Gal(a1-3)[Fuc(a1-2)]Gal(b1-4)GlcNAc(b1-2)Man(a1-Sp0,20.17405,19.560025000000003,55.59465
GalNAc(a1-3)[Fuc(a1-2)]Gal(b1-4) GlcNAc(b1-2)Man(a1-Sp0,11.805725,16.848649999999992,44.1698
 Gal(b1-3)GlcNAc(b1-2)Man(a1-Sp0,27.176174999999994,15.9398,150.47567500000005
Gal(a1-3)[Fuc(a1-2)]Gal(b1-3)GlcNAc(b1-6)GalNAc(a1-Sp14,35.609575,36.102475,61.56240000000001
Neu5Ac(a2-3)Gal(b1-3)GlcNAc(b1-2)Man(a1-Sp0,34.32990000000001,53.369925,100.09077499999997
Gal(a1-3)Gal(b1-3)GlcNAc(b1-2)Man(a1-Sp0,36.087475,35.111749999999994,47.21789999999999
GalNAc(b1-4)GlcNAc(b1-2)Man(a1-Sp0,25.9938,47.89037499999998,27.78449999999998
Neu5Ac(a2-3)Gal(b1-3)GlcNAc(b1-4)Gal(b1-4)Glc(b1-Sp0,24.2288,41.846850000000025,19.895050000000005
GlcNAc(b1-2) Man(a1-6)[GlcNAc(b1-4)][GlcNAc(b1-2)Man(a1-3)]Man(b1-4)GlcNAc(b1-4)[Fuc(a1-6)]GlcNAc(a1-Sp21,27.62800000000001,9.958225000000002,44.083275
Gal(b1-4)GlcNAc(b1-2)Man(a1-6)[GlcNAc(b1-4)][Gal(b1-4)GlcNAc(b1-2)Man(a1-3)]Man(b1-4)GlcNAc(b1-4)[Fuc(a1-6)]GlcNAc(a1-Sp21,46.55987500000001,32.81595,58.10267500000001
Gal(b1-4)GlcNAc(b1-2)Man(a1-6)[Gal(b1-4)GlcNAc(b1-4)][Gal(b1-4)GlcNAc(b1-2)Man(a1-3)]Man(b1-4)GlcNAc(b1-4)[Fuc(a1-6)]GlcNAc(a1-Sp21,8.37885,9.6177,35.82095
Fuc(a1-4)[Gal(b1-3)]GlcNAc(b1-2)Man(a1-Sp0,42.280225,148.99817500000003,97.933925
Neu5Ac(a2-3)Gal(b1-4)[Fuc(a1-3)]GlcNAc(b1-2)Man(a1-Sp0,21.979724999999995,27.750925,70.4079
GlcNAc(b1-3)Gal(b1-4)GlcNAc(b1-6)[GlcNAc(b1-3)]Gal(b1-4)GlcNAc(a1-Sp0,41.62962500000001,12.3459,31.540575000000004
GalNAc(a1-3)[Fuc(a1-2)]Gal(b1-3)GalNAc(b1-3)Gal(a1-4)Gal(b1-4)Glc(a1-Sp21,18.426475,25.391875,20.473225
Gal(a1-3)[Fuc(a1-2)]Gal(b1-3)GalNAc(b1-3)Gal(a1-4)Gal(b1-4)Glc(a1-Sp21,26.30580000000001,8.753874999999999,17.542725
Gal(b1-3)GalNAc(b1-3)Ga(l1-Sp21,6.8561250000000005,14.51165,8.75235
GlcNAc(b1-3)Gal(b1-4)GlcNAc(b1-2)Man(a1-6)[GlcNAc(b1-3)Gal(b1-4)GlcNAc(b1-2)Man(a1-3)]Man(b1-4)GlcNAc(b1-4)GlcNAc(b1-Sp12,18.973725,29.6301,20.350649999999995
GlcNAc(b1-3)Gal(b1-4)GlcNAc(b1-2)Man(a1-6)[GlcNAc(b1-3)Gal(b1-4)GlcNAc(b1-2)Man(a1-3)]Man(b1-4)GlcNAc(b1-4)GlcNAc(b1-Sp25,40.83192500000001,62.2424,117.65262500000004
Gal(b1-4)GlcNAc(b1-3)Gal(b1-4)GlcNAc(b1-2)Man(a1-6)[Gal(b1-4)GlcNAc(b1-3)Gal(b1-4)GlcNAc(b1-2)Man(a1-3)]Man(b1-4)GlcNAc(b1-4)GlcNAc(b1-Sp12,703.0748,1626.3051499999995,1097.52295
Gal(b1-4)GlcNAc(b1-3)Gal(b1-4)GlcNAc(b1-2)Man(a1-6)[Gal(b1-4)GlcNAc(b1-3)Gal(b1-4)GlcNAc(b1-2)Man(a1-3)]Man(b1-4)GlcNAc(b1-4)GlcNAc(b1-Sp24,72.58532500000003,35.488249999999994,147.38774999999995
Neu5Gc(a2-3)Gal(b1-4)GlcNAc(b1-3)Gal(b1-4)GlcNAc(b1-2)Man(a1-6)[Neu5Gc(a2-3)Gal(b1-4)GlcNAc(b1-3)Gal(b1-4)GlcNAc(b1-2)Man(a1-3)]Man(b1-4)GlcNAc(b1-4)GlcNAc(b1-Sp24,39.530475,59.653275,38.84765
Fuc(a1-2)Gal(b1-4)GlcNAc(b1-3)Gal(b1-4)GlcNAc(b1-2)Man(a1-6)[Fuc(a1-2)Gal(b1-4)GlcNAc(b1-3)Gal(b1-4)GlcNAc(b1-2)Man(a1-3)]Man(b1-4)GlcNAc(b1-4)GlcNAc(b1-Sp24,32.16705,102.82725,106.016975
GlcNAc(b1-3)Gal(b1-4)GlcNAc(b1-3)Gal(b1-4)GlcNAc(b1-2)Man(a1-6)[GlcNAc(b1-3)Gal(b1-4)GlcNAc(b1-3)Gal(b1-4)GlcNAc(b1-2)Man(a1-3)]Man(b1-4)GlcNAc(b1-4)GlcNAc(b1-Sp12,446.03547500000013,1013.5915,746.6134000000003
GlcNAc(b1-3)Gal(b1-4)GlcNAc(b1-3)Gal(b1-4)GlcNAc(b1-2)Man(a1-6)[GlcNAc(b1-3)Gal(b1-4)GlcNAc(b1-3)Gal(b1-4)GlcNAc(b1-2)Man(a1-3)]Man(b1-4)GlcNAc(b1-4)GlcNAc(b1-Sp25,64.2509,194.927575,324.1771
Gal(b1-4)GlcNAc(b1-3)Gal(b1-4)GlcNAc(b1-3)Gal(b1-4)GlcNAc(b1-2)Man(a1-6)[Gal(b1-4)GlcNAc(b1-3)Gal(b1-4)GlcNAc(b1-3)Gal(b1-4)GlcNAc(b1-2)Man(a1-3)]Man(b1-4)GlcNAc(b1-4)GlcNAc(b1-Sp12,490.5251,1499.3300250000002,803.7916
Gal(b1-4)GlcNAc(b1-3)Gal(b1-4)GlcNAc(b1-3)Gal(b1-4)GlcNAc(b1-2)Man(a1-6)[Gal(b1-4)GlcNAc(b1-3)Gal(b1-4)GlcNAc(b1-3)Gal(b1-4)GlcNAc(b1-2)Man(a1-3)]Man(b1-4)GlcNAc(b1-4)GlcNAc(b1-Sp24,90.006375,81.80114999999998,274.29054999999994
GlcNAc(b1-3)Gal(b1-4)GlcNAc(b1-3)Gal(b1-4)GlcNAc(b1-3)Gal(b1-4)GlcNAc(b1-2)Man(a1-6)[GlcNAc(b1-3)Gal(b1-4)GlcNAc(b1-3)Gal(b1-4)GlcNAc(b1-3)Gal(b1-4)GlcNAc(b1-2)Man(a1-3)]Man(b1-4)GlcNAc(b1-4)GlcNAc(b1-Sp25,84.79052499999997,188.89320000000004,462.4985
Gal(b1-4)GlcNAc(b1-3)Gal(b1-4)GlcNAc(b1-3)Gal(b1-4)GlcNAc(b1-3)Gal(b1-4)GlcNAc(b1-2)Man(a1-6)[Gal(b1-4)GlcNAc(b1-3)Gal(b1-4)GlcNAc(b1-3)Gal(b1-4)GlcNAc(b1-3)Gal(b1-4)GlcNAc(b1-2)Man(a1-3)]Man(b1-4)GlcNAc(b1-4)GlcNAc(b1-Sp25,62.87380000000002,152.18694999999997,342.89402500000006
Gal(b1-3)GlcNAc(b1-3)Gal(b1-4)GlcNAc(b1-2)Man(a1-6)[Gal(b1-3)GlcNAc(b1-3)Gal(b1-4)GlcNAc(b1-2)Man(a1-3)]Man(b1-4)GlcNAc(b1-4)GlcNAc(a1-Sp25,37.287075,37.9687,319.8368250000001
Neu5Gc(a2-8)Neu5Gc(a2-3)Gal(b1-4)GlcNAc(a1-Sp0,53.64315000000001,29.12155,50.98329999999999
Neu5Ac(a2-8)Neu5Gc(a2-3)Gal(b1-4)GlcNAc(a1-Sp0,18.122225,12.06765,38.12115
Neu5Gc(a2-8)Neu5Ac(a2-3)Gal(b1-4)GlcNAc(a1-Sp0,36.665875,23.783725000000004,60.607399999999984
Neu5Gc(a2-8)Neu5Gc(a2-3)Gal(b1-4)GlcNAc(b1-3)Gal(b1-4)GlcNAc(a1-Sp0,38.92222499999999,22.23587499999999,36.32627499999997
Neu5Gc(a2-8)Neu5Gc(a2-6)Gal(b1-4)GlcNAc(a1-Sp0,21.68945,4.676424999999998,47.913375
Neu5Ac(a2-8)Neu5Ac(a2-3)Gal(b1-4)GlcNAc(a1-Sp0,15.596475000000002,19.350200000000008,31.899575
GlcNAc(b1-3)Gal(b1-4)GlcNAc(b1-6)[GlcNAc(b1-3)Gal(b1-4)GlcNAc(b1-2)]Man(a1-6)[GlcNAc(b1-3)Gal(b1-4)GlcNAc(b1-2)]Man(a1-3)]Man(b1-4)GlcNAc(b1-4)GlcNAc(a1-Sp24,100.57822500000003,11.057675,158.40702500000003
Gal(b1-4)GlcNAc(b1-3)Gal(b1-4)GlcNAc(b1-6)[Gal(b1-4)GlcNAc(b1-3)Gal(b1-4)GlcNAc(b1-2)]Man(a1-6)[Gal(b1-4)GlcNAc(b1-3)Gal(b1-4)GlcNAc(b1-2)Man(a1-3)]Man(a1-4)GlcNAc(b1-4)GlcNAc(a1-Sp24,97.3948,130.61227499999998,388.81465
Gal(a1-3)Gal(b1-4)GlcNAc(b1-2)Man(a1-6)[Gal(a1-3)Gal(b1-4)GlcNAc(b1-2)Man(a1-3)]Man(b1-4)GlcNAc(b1-4)GlcNAc(a1-Sp24,34.83824999999999,42.147875,74.19127499999998
GlcNAc(b1-3)Gal(b1-4)GlcNAc(b1-6)[GlcNAc(b1-3)Gal(b1-3)]GalNAc(a1-Sp14,22.62135,34.269800000000004,34.048300000000005
GalNAc(b1-3)GlcNAc(b1-Sp0 ,14.605225,5.092125000000001,24.8034
GalNAc(b1-4)GlcNAc(b1-3)GalNAc(b1-4)GlcNAc(b1-Sp0 ,14.275,6.811924999999998,71.54079999999998
GlcNAc(b1-3)Gal(b1-4)GlcNAc(b1-3)Gal(b1-4)GlcNAc(b1-3)Gal(b1-4)GlcNAc(b1-3)Gal(b1-4)GlcNAc(b1-2)Man(a1-6)[GlcNAc(b1-3)Gal(b1-4)GlcNAc(b1-3)Gal(b1-4)GlcNAc(b1-3)Gal(b1-4)GlcNAc(b1-3)Gal(b1-4)GlcNAc(b1-2)Man(a1-3)]Man(b1-4)GlcNAc(b1-4)GlcNAc(b1-Sp25,57.11262500000001,278.51825,484.19515
Gal(b1-4)GlcNAc(b1-3)Gal(b1-4)GlcNAc(b1-3)Gal(b1-4)GlcNAc(b1-3)Gal(b1-4)GlcNAc(b1-3)Gal(b1-4)GlcNAc(b1-2)Man(a1-6)[Gal(b1-4)GlcNAc(b1-3)Gal(b1-4)GlcNAc(b1-3)Gal(b1-4)GlcNAc(b1-3)Gal(b1-4)GlcNAc(b1-3)Gal(b1-4)GlcNAc(b1-2)Man(a1-3)]Man(b1-4)GlcNAc(b1-4)GlcNAc(b1-Sp25,42.981825,96.67867499999996,206.296875
GlcNA(b1-3)Gal(b1-3)GalNAc(a1-Sp14,58.11169999999999,31.090725,76.436375
Gal(b1-3)GlcNAc(b1-6)[Gal(b1-3)]GalNAc(a1-Sp14,25.436800000000005,61.85787500000001,63.77462500000002
Gal(b1-4)GlcNAc(b1-3)Gal(b1-4)GlcNAc(b1-3)Gal(b1-4)GlcNAc(b1-3)Gal(b1-4)GlcNAc(b1-3)Gal(b1-4)GlcNAc(b1-3)Gal(b1-4)GlcNAc(b1-2)Man(a1-6)[Gal(b1-4)GlcNAc(b1-3)Gal(b1-4)GlcNAc(b1-3)Gal(b1-4)GlcNAc(b1-3)Gal(b1-4)GlcNAc(b1-3)Gal(b1-4)GlcNAc(b1-3)Gal(b1-4)GlcNAc(b1-2)Man(a1-3)]Man(b1-4)GlcNAc(b1-4)GlcNAc(b1-Sp25,104.76837500000002,292.604975,422.769875
(3S)GlcA(b1-3)Gal(b1-4)GlcNAc(b1-3)Gal(b1-4)Glc(a1-Sp0,51.249550000000006,12.605225,41.35575
(3S)GlcA(b1-3)Gal(b1-4)GlcNAc(b1-2)Man(a1-Sp0,69.3417,32.09505,73.39967499999997
Gal(b1-3)GlcNAc(b1-3)Gal(b1-4)GlcNAc(b1-3)Gal(b1-4)GlcNAc(b1-6)[Gal(b1-3)GlcNAc(b1-3)Gal(b1-4)GlcNAc(b1-3)Gal(b1-4)GlcNA(b1-2)]Man(a1-6)[Gal(b1-3)GlcNAc(b1-3)Gal(b1-4)GlcNAc(b1-3)Gal(b1-4)GlcNAc(b1-2)Man(a1-3)]Man(b1-4)GlcNAc(b1-4)[Fuc(a1-6)]GlcNAc(b1-Sp24,65.43215,108.5227,160.03910000000005
Gal(b1-3)GlcNAc(b1-3)Gal(b1-4)GlcNAc(b1-6)[Gal(b1-3)GlcNAc(b1-3)Gal(b1-4)GlcNA(b1-2)]Man(a1-6)[Gal(b1-3)GlcNAc(b1-3)Gal(b1-4)GlcNAc(b1-2)Man(a1-3)]Man(b1-4)GlcNAc(b1-4)[Fuc(a1-6)]GlcNAc(b1-Sp24,102.026725,120.59080000000002,160.625625
Neu5Ac(a2-8)Neu5Ac(a2-3)Gal(b1-3)GalNAc(b1-4)[Neu5Ac(a2-3)]Gal(b1-4)Glc(a1-Sp21,31.030874999999995,44.73367500000001,37.81545
GlcNAc(b1-3)Gal(b1-4)GlcNAc(b1-2)Man(a1-6)[GlcNAc(b1-3)Gal(b1-4)GlcNAc(b1-2)Man(a1-3)]Man(b1-4)GlcNAc(b1-4)[Fuc(a1-6)]GlcNAc(b1-Sp24,37.74455,71.03720000000001,223.464975
Gal(b1-4)GlcNAc(b1-3)Gal(b1-4)GlcNAc(b1-2)Man(a1-6)[Gal(b1-4)GlcNAc(b1-3)Gal(b1-4)GlcNAc(b1-2)Man(a1-3)]Man(b1-4)GlcNAc(b1-4)[Fuc(a1-6)]GlcNAc(b1-Sp24,210.3794000000001,39.4476,361.94147500000014
GlcNAc(b1-3)Gal(b1-4)GlcNAc(b1-3)Gal(b1-4)GlcNAc(b1-2)Man(a1-6)[GlcNAc(b1-3)Gal(b1-4)GlcNAc(b1-3)Gal(b1-4)GlcNAc(b1-2)Man(a1-3)]Man(b1-4)GlcNAc(b1-4)[Fuc(a1-6)]GlcNAc(b1-Sp24,28.020925,134.21967500000005,241.90657499999992
Gal(b1-4)GlcNAc(b1-3)Gal(b1-4)GlcNAc(b1-3)Gal(b1-4)GlcNAc(b1-2)Man(a1-6)[Gal(b1-4)GlcNAc(b1-3)Gal(b1-4)GlcNAc(b1-3)Gal(b1-4)GlcNAc(b1-2)Man(a1-3)]Man(b1-4)GlcNAc(b1-4)[Fuc(a1-6)]GlcNAc(b1-Sp24,33.73875,120.967675,343.507725
GlcNAc(b1-3)Gal(b1-4)GlcNAc(b1-3)Gal(b1-4)GlcNAc(b1-3)Gal(b1-4)GlcNAc(b1-2)Man(a1-6)[GlcNAc(b1-3)Gal(b1-4)GlcNAc(b1-3)Gal(b1-4)GlcNAc(b1-3)Gal(b1-4)GlcNAc(b1-2)Man(a1-3)]Man(b1-4)GlcNAc(b1-4)[Fuc(a1-6)]GlcNAc(b1-Sp24,47.91465000000001,228.7145,337.27285000000006
Gal(b1-4)GlcNAc(b1-3)Gal(b1-4)GlcNAc(b1-3)Gal(b1-4)GlcNAc(b1-3)Gal(b1-4)GlcNAc(b1-2)Man(a1-6)[Gal(b1-4)GlcNAc(b1-3)Gal(b1-4)GlcNAc(b1-3)Gal(b1-4)GlcNAc(b1-3)Gal(b1-4)GlcNAc(b1-2)Man(a1-3)]Man(b1-4)GlcNAc(b1-4)[Fuc(a1-6)]GlcNAc(b1-Sp24,45.44049999999999,197.864575,377.748825
GlcNAc(b1-3)Gal(b1-4)GlcNAc(b1-3)Gal(b1-4)GlcNAc(b1-3)Gal(b1-4)GlcNAc(b1-3)Gal(b1-4)GlcNAc(b1-2)Man(a1-6)[GlcNAc(b1-3)Gal(b1-4)GlcNAc(b1-3)Gal(b1-4)GlcNAc(b1-3)Gal(b1-4)GlcNAc(b1-3)Gal(b1-4)GlcNAc(b1-2)Man(a1-3)]Man(b1-4)GlcNAc(b1-4)[Fuc(a1-6)]GlcNAc(b1-Sp19,44.20682500000001,133.074925,217.27575
Gal(b1-4)GlcNAc(b1-3)Gal(b1-4)GlcNAc(b1-3)Gal(b1-4)GlcNAc(b1-3)Gal(b1-4)GlcNAc(b1-3)Gal(b1-4)GlcNAc(b1-2)Man(a1-6)[Gal(b1-4)GlcNAc(b1-3)Gal(b1-4)GlcNAc(b1-3)Gal(b1-4)GlcNAc(b1-3)Gal(b1-4)GlcNAc(b1-3)Gal(b1-4)GlcNAc(b1-2)Man(a1-3)]Man(b1-4)GlcNAc(b1-4)[Fuc(a1-6)]GlcNAc(b1-Sp19,54.5632,235.07895,366.86165000000005
Gal(b1-4)GlcNAc(b1-3)Gal(b1-4)GlcNAc(b1-6)[Gal(b1-4)GlcNAc(b1-3)Gal(b1-4)GlcNA(b1-2)]Man(a1-6)[Gal(b1-4)GlcNAc(b1-3)Gal(b1-4)GlcNAc(b1-2)Man(a1-3)]Man(b1-4)GlcNAc(b1-4)[Fuc(a1-6)]GlcNAc(b1-Sp24,42.23145000000001,86.306375,86.47975000000002
GlcNAc(b1-3)Gal(b1-4)GlcNAc(b1-3)Gal(b1-4)GlcNAc(b1-6)[GlcNAc(b1-3)Gal(b1-4)GlcNAc(b1-3)Gal(b1-4)GlcNA(b1-2)]Man(a1-6)[GlcNAc(b1-3)Gal(b1-4)GlcNAc(b1-3)Gal(b1-4)GlcNAc(b1-2)Man(a1-3)]Man(b1-4)GlcNAc(b1-4)[Fuc(a1-6)]GlcNAc(b1-Sp24,132.933025,257.19787499999995,410.424175
Gal(b1-4)GlcNAc(b1-3)Gal(b1-4)GlcNAc(b1-3)Gal(b1-4)GlcNAc(b1-6)[Gal(b1-4)GlcNAc(b1-3)Gal(b1-4)GlcNAc(b1-3)Gal(b1-4)GlcNA(b1-2)]Man(a1-6)[Gal(b1-4)GlcNAc(b1-3)Gal(b1-4)GlcNAc(b1-3)Gal(b1-4)GlcNAc(b1-2)Man(a1-3)]Man(b1-4)GlcNAc(b1-4)[Fuc(a1-6)]GlcNAc(b1-Sp24,92.83482499999998,203.676625,311.681775
GlcNAc(b1-3)Gal(b1-4)GlcNAc(b1-3)Gal(b1-4)GlcNAc(b1-3)Gal(b1-4)GlcNAc(b1-6)[GlcNAc(b1-3)Gal(b1-4)GlcNAc(b1-3)Gal(b1-4)GlcNAc(b1-3)Gal(b1-4)GlcNA(b1-2)]Man(a1-6)[GlcNAc(b1-3)Gal(b1-4)GlcNAc(b1-3)Gal(b1-4)GlcNAc(b1-3)Gal(b1-4)GlcNAc(b1-2)Man(a1-3)]Man(b1-4)GlcNAc(b1-4)[Fuc(a1-6)]GlcNAc(b1-Sp24,152.32299999999995,442.3768,568.6914
Gal(b1-4)GlcNAc(b1-3)Gal(b1-4)GlcNAc(b1-3)Gal(b1-4)GlcNAc(b1-3)Gal(b1-4)GlcNAc(b1-6)[Gal(b1-4)GlcNAc(b1-3)Gal(b1-4)GlcNAc(b1-3)Gal(b1-4)GlcNAc(b1-3)Gal(b1-4)GlcNA(b1-2)]Man(a1-6)[Gal(b1-4)GlcNAc(b1-3)Gal(b1-4)GlcNAc(b1-3)Gal(b1-4)GlcNAc(b1-3)Gal(b1-4)GlcNAc(b1-2)Man(a1-3)]Man(b1-4)GlcNAc(b1-4)[Fuc(a1-6)]GlcNAc(b1-Sp24,89.49890000000002,389.18782499999986,501.0521
GlcNAc(b1-3)Gal(b1-4)GlcNAc(b1-3)Gal(b1-4)GlcNAc(b1-3)Gal(b1-4)GlcNAc(b1-3)Gal(b1-4)GlcNAc(b1-6)[GlcNAc(b1-3)Gal(b1-4)GlcNAc(b1-3)Gal(b1-4)GlcNAc(b1-3)Gal(b1-4)GlcNAc(b1-3)Gal(b1-4)GlcNA(b1-2)]Man(a1-6)[GlcNAc(b1-3)Gal(b1-4)GlcNAc(b1-3)Gal(b1-4)GlcNAc(b1-3)Gal(b1-4)GlcNAc(b1-3)Gal(b1-4)GlcNAc(b1-2)Man(a1-3)]Man(b1-4)GlcNAc(b1-4)[Fuc(a1-6)]GlcNAc(b1-Sp24,153.44080000000002,656.1979249999998,802.9577249999999
Gal(b1-4)GlcNAc(b1-3)Gal(b1-4)GlcNAc(b1-3)Gal(b1-4)GlcNAc(b1-3)Gal(b1-4)GlcNAc(b1-3)Gal(b1-4)GlcNAc(b1-6)[Gal(b1-4)GlcNAc(b1-3)Gal(b1-4)GlcNAc(b1-3)Gal(b1-4)GlcNAc(b1-3)Gal(b1-4)GlcNAc(b1-3)Gal(b1-4)GlcNA(b1-2)]Man(a1-6)[Gal(b1-4)GlcNAc(b1-3)Gal(b1-4)GlcNAc(b1-3)Gal(b1-4)GlcNAc(b1-3)Gal(b1-4)GlcNAc(b1-3)Gal(b1-4)GlcNAc(b1-2)Man(a1-3)]Man(b1-4)GlcNAc(b1-4)[Fuc(a1-6)]GlcNAc(b1-Sp24,86.68587499999998,363.5768499999999,673.104675
Gal(b1-4)GlcNAc(b1-3)Gal(b1-4)GlcNAc(b1-3)GalNAc(a1-Sp14,458.66860000000014,534.202,496.79792499999985
Gal(b1-4)GlcNAc(b1-3)Gal(b1-4)GlcNAc(b1-6)[Gal(b1-3)]GalNAc(a1-Sp14,381.0495,462.79575000000017,463.2553750000001
Gal(b1-4)GlcNAc(b1-3)Gal(b1-4)GlcNAc(b1-6)[Gal(b1-4)GlcNAc(b1-3)Gal(b1-4)GlcNAc(b1-3)]GalNAc(a1-Sp14,320.21805,725.48815,394.06182500000006
Neu5Ac(a2-3)Gal(b1-4)GlcNAc(b1-3)Gal(b1-4)GlcNAc(b1-3)GalNAc(a1-Sp14,55.266375,33.44787500000001,82.87657499999997
GlcNAc(b1-3)Gal(b1-4)GlcNAc(b1-3)GalNAc(a1-Sp14,40.65942499999999,21.03745,76.41199999999998
GlcNAc(b1-3)Gal(b1-4)GlcNAc(b1-6)[Gal(b1-3)]GalNAc(a1-Sp14,26.953175,23.8096,29.779
GlcNAc(b1-3)Gal(b1-4)GlcNAc(b1-6)[GlcNAc(b1-3)Gal(b1-4)GlcNAc(b1-3)]GalNAc(a1-Sp14,15.231450000000004,22.867625,35.660075
Neu5Ac(a2-3)Gal(b1-4)GlcNAc(b1-3)Gal(b1-4)GlcNAc(b1-6)[Neu5Ac(a2-3)Gal(b1-4)GlcNAc(b1-3)Gal(b1-4)GlcNAc(b1-3)]GalNAc(a1-Sp14,71.30330000000002,150.24545,79.049275
Neu5Ac(a2-6)Gal(b1-4)GlcNAc(b1-3)Gal(b1-4)GlcNAc(b1-3)GalNAc(a1-Sp14,44.1408,17.554299999999998,61.845825
GlcNAc(b1-3)Gal(b1-4)GlcNAc(b1-3)Gal(b1-4)GlcNAc(b1-3)GalNAc(a1-Sp14,59.46665,34.82762499999999,106.618325
Gal(b1-4)GlcNAc(b1-3)Gal(b1-3)GalNAc(a1-Sp14,46.35105,35.65197500000001,97.214225
Neu5Ac(a2-3)Gal(b1-4)GlcNAc(b1-3)Gal(b1-4)GlcNAc(b1-6)[Gal(b1-3)]GalNAc(a1-Sp14,89.54939999999998,194.92355,110.215675
Neu5Ac(a2-6)Gal(b1-4)GlcNAc(b1-3)Gal(b1-4)GlcNAc(b1-6)[Gal(b1-3)]GalNAc(a1-Sp14,69.43959999999998,174.87602499999997,105.70447500000004
Neu5Ac(a2-6)Gal(b1-4)GlcNAc(b1-6)[Gal(b1-3)]GalNAc(a1-Sp14,35.89912499999999,17.35135,103.85347500000003
Neu5Ac(a2-3)Gal(b1-4)GlcNAc(b1-3)Gal(b1-4)GlcNAc(b1-2)Man(a1-6)[Neu5Ac(a2-3)Gal(b1-4)GlcNAc(b1-3)Gal(b1-4)GlcNAc(b1-2)Man(a1-3)]Man(b1-4)GlcNAc(b1-4)GlcNAc(b1-Sp12,365.8404999999999,839.42625,369.019975
GlcNAc(b1-6)[Neu5Ac(a2-3)Gal(b1-3)]GalNAc(a1-Sp14,10.047649999999997,22.658325,86.85215000000002
Neu5Ac(a2-6)Gal(b1-4)GlcNAc(b1-3)Gal(b1-4)GlcNAc(b1-6)[Neu5Ac(a2-6)Gal(b1-4)GlcNAc(b1-3)Gal(b1-4)GlcNAc(b1-3)]GalNAc(a1-Sp14,379.991625,647.083275,386.037
Neu5Ac(a2-6)Gal(b1-4)GlcNAc(b1-3)Gal(b1-4)GlcNAc(b1-3)Gal(b1-4)GlcNAc(b1-2)Man(a1-6)[Neu5Ac(a2-6)Gal(b1-4)GlcNAc(b1-3)Gal(b1-4)GlcNAc(b1-3)Gal(b1-4)GlcNAc(b1-2)Man(a1-3)]Man(b1-4)GlcNAc(b1-4)GlcNAc(b1-Sp12,337.9587,237.834425,465.727
Neu5Ac(a2-3)Gal(b1-4)GlcNAc(b1-3)Gal(b1-4)GlcNAc(b1-3)Gal(b1-4)GlcNAc(b1-2)Man(a1-6)[Neu5Ac(a2-3)Gal(b1-4)GlcNAc(b1-3)Gal(b1-4)GlcNAc(b1-3)Gal(b1-4)GlcNAc(b1-2)Man(a1-3)]Man(b1-4)GlcNAc(b1-4)GlcNAc(b1-Sp12,689.9370000000001,825.2357,733.8686750000003
Neu5Ac(a2-6)Gal(b1-4)GlcNAc(b1-3)Gal(b1-4)GlcNAc(b1-2)Man(a1-6)[Neu5Ac(a2-6)Gal(b1-4)GlcNAc(b1-3)Gal(b1-4)GlcNAc(b1-2)Man(a1-3)]Man(b1-4)GlcNAc(b1-4)GlcNAc(b1-Sp12,48.47037499999999,52.51895,98.09159999999993
GlcNAc(b1-3)Fuc(a1-Sp21,14.224225000000004,15.968624999999998,30.462475
Gal(b1-3)GalNAc(b1-4)[Neu5Ac(a2-8)Neu5Ac(a2-8)Neu5Ac(a2-3)]Gal(b1-4)Glc(b1-Sp21,12.249299999999998,14.968225,57.400725
