IUPAC,LTL (0.1ug/ml),LTL (1ug/ml),LTL (10ug/ml),LTL (100ug/ml)
Gal(a1-Sp8,19.387275,3.906050000000002,7.276724999999997,14.382899999999996
Glc(a1-Sp8,12.81065,17.305999999999994,11.619349999999995,18.216925
Man(a1-Sp8,11.492800000000004,10.2245,12.605100000000002,33.29077500000001
GalNAc(a1-Sp8,0.06637500000000074,14.270425000000005,5.407849999999996,42.843075
GalNAc(a1-Sp15,4.556175,14.577924999999935,26.492125,55.88582500000001
Fuc(a1-Sp8,7.146374999999999,6.9706750000000035,3.850574999999999,41.095
Fuc(a1-Sp9,22.703875,9.117,14.433949999999998,48.03162500000001
Rha(a1-Sp8,14.784199999999998,6.574449999999999,16.615,4.195674999999998
Neu5Ac(a1-Sp8,31.610375,35.3967,10.752625000000002,22.534499999999994
Neu5Ac(a1-Sp11,16.665299999999995,9.921175000000003,11.735124999999995,4.512375000000001
Neu5Ac(b1-Sp8,20.449025,12.682825,15.352474999999998,3.285025000000001
Gal(b1-Sp8,34.0927,13.658974999999998,33.047975,9.145699999999998
Glc(b1-Sp8,1.5150750000000004,7.262525,9.3824,19.580625
Man(b1-Sp8,8.679249999999996,6.278775,14.548875000000004,21.448149999999995
GalNAc(b1-Sp8,10.941675,4.081750000000001,9.58195,3.1430249999999984
GlcNAc(b1-Sp0,15.593974999999993,2.7086999999999994,3.905874999999998,8.184800000000003
GlcNAc(b1-Sp8,13.603375000000002,11.591124999999998,6.1041500000000015,6.545875000000006
GlcN[Gc](b1-Sp8,23.783025,12.347350000000002,9.2307,5.7714500000000015
Gal(b1-4)GlcNAc(b1-6)[Gal(b1-4)GlcNAc(b1-3)]GalNAc(a1-Sp8,6.814774999999999,8.782649999999997,14.591075,13.261824999999995
Gal(b1-4)GlcNAc(b1-6)[Gal(b1-4)GlcNAc(b1-3)]GalNAc(a1-Sp14,16.3294,10.852025000000005,19.219175000000007,17.57595000000001
GlcNAc(b1-6)[GlcNAc(b1-4)][GlcNAc(b1-3)]GlcNAc(a1-Sp8,20.742175000000003,23.88035,10.54925,15.094375
6S(3S)Gal(b1-4)(6S)GlcNAc(b1-Sp0,5.1529250000000015,5.0646,7.932475,-13.996175
6S(3S)Gal(b1-4)GlcNAc(b1-Sp0,5.0964749999999945,13.8689,15.2475,-14.230575000000002
(3S)Gal(b1-4)[Fuc(a1-3)](6S)Glc(a1-Sp0,77.17407500000002,47.87122500000001,61.74030000000001,74.98615000000002
(3S)Gal(b1-4)Glc(b1-Sp8,15.41445,15.454099999999995,1.55625,10.205175000000002
(3S)Gal(b1-4)(6S)Glc(b1-Sp0,4.5873250000000025,17.390275000000006,10.964325,-2.0874749999999995
(3S)Gal(b1-4)(6S)Glc(b1-Sp8,10.104025000000004,11.656325,5.903649999999997,6.774524999999998
(3S)Gal(b1-3)[Fuc(a1-4)]GlcNAc(b1-Sp8,8.1558,12.976625,4.021000000000001,-3.430750000000004
(3S)Gal(b1-3)GalNAc(a1-Sp8,7.6323000000000025,14.074399999999995,6.1031,5.137774999999999
(3S)Gal(b1-3)GlcNAc(b1-Sp0,10.185525,10.146525,13.545375000000005,-15.992950000000002
(3S)Gal(b1-3)GlcNAc(b1-Sp8,-3.2677749999999985,16.75705,13.69685,5.269700000000004
(3S)Gal(b1-4)[Fuc(a1-3)]GlcNAc(a1-Sp0 ,14.183349999999995,13.791875,12.59825,10.357375
(3S)Gal(b1-4)[Fuc(a1-3)]GlcNAc(a1-Sp8,14.259049999999998,15.979825000000002,16.895424999999996,13.49615
(3S)Gal(b1-4)(6S)GlcNAc(b1-Sp0,10.2825,5.0504,10.69585,1.8659250000000007
(3S)Gal(b1-4)(6S)GlcNAc(b1-Sp8,5.039425000000007,7.634925000000001,12.091,0.6522499999999951
(3S)Gal(b1-4)GlcNAc(b1-Sp0,6.354699999999999,13.077600000000002,13.675525,2.0074499999999977
(3S)Gal(b1-4)GlcNAc(b1-Sp8,4.5848,11.936574999999998,12.260424999999998,-3.4354750000000043
(3S)Gal(b1-Sp8,-1.2742750000000005,13.204825000000005,4.0493250000000005,6.645075
(6S)(4S)Gal(b1-4)GlcNAc(b1-Sp0,8.471400000000003,4.453099999999999,8.942750000000009,0.5609749999999991
(4S)Gal(b1-4)GlcNAc(b1-Sp8,10.954250000000002,14.053375000000004,6.001425000000001,16.021749999999994
(6P)Man(a1-Sp8,20.8192,11.623574999999995,13.791524999999998,29.88852500000001
(6S)Gal(b1-4)Glc(b1-Sp0,14.740875,11.913125,9.1297,27.9639
(6S)Gal(b1-4)Glc(b1-Sp8,10.7927,10.791825,24.27075,-0.761875
(6S)Gal(b1-4)GlcNAc(b1-Sp8,8.703050000000001,12.010775000000002,0.8623999999999992,9.334325
(6S)Gal(b1-4)(6S)Glc(b1-Sp8,20.8273,5.095724999999995,7.275525,7.754624999999997
Neu5Ac(a2-3)(6S)Gal(b1-4)GlcNAc(b1-Sp8,21.6157,37.877875,858.0586500000003,8695.564250000001
(6S)GlcNAc(b1-Sp8,2.9279999999999986,9.359725,2.0382249999999997,-8.586775
"Neu5,9Ac2(a1-Sp8",22.501349999999995,9.277699999999996,4.553699999999997,-13.61774999999999
"Neu5,9Ac2(a2-6)Gal(b1-4)GlcNAc(b1-Sp8",3.0926000000000013,3.216899999999999,7.66955,-1.9512749999999992
Man(a1-6)[Man(a1-3)]Man(b1-4)GlcNAc(b1-4)GlcNAc(b1-Sp12,21.81882500000001,24.3796,7.049049999999999,23.893525
Man(a1-6)[Man(a1-3)]Man(b1-4)GlcNAc(b1-4)GlcNAc(b1-Sp13,9.876600000000002,11.271675000000005,19.789724999999983,14.614225
GlcNAc(b1-2)Man(a1-6)[GlcNAc(b1-2)Man(a1-3)]Man(b1-4)GlcNAc(b1-4)GlcNAc(b1-Sp12,13.964250000000002,5.341075000000001,5.770275,15.405625
GlcNAc(b1-2)Man(a1-6)[GlcNAc(b1-2)Man(a1-3)]Man(b1-4)GlcNAc(b1-4)GlcNAc(b1-Sp13,13.6216,15.167550000000006,20.291075,19.790775
Gal(b1-4)GlcNAc(b1-2)Man(a1-6)[Gal(b1-4)GlcNAc(b1-2)Man(a1-3)]Man(b1-4)GlcNAc(b1-4)GlcNAc(b1-Sp12,5.6289,15.218875,12.435425000000002,19.366350000000004
Neu5Ac(a2-6)Gal(b1-4)GlcNAc(b1-2)Man(a1-6)[Neu5Ac(a2-6)Gal(b1-4)GlcNAc(b1-2)Man(a1-3)]Man(b1-4)GlcNAc(b1-4)GlcNAc(b1-Sp12,15.008049999999995,8.814574999999998,6.863375,-2.8760000000000012
Neu5Ac(a2-6)Gal(b1-4)GlcNAc(b1-2)Man(a1-6)[Neu5Ac(a2-6)Gal(b1-4)GlcNAc(b1-2)Man(a1-3)]Man(b1-4)GlcNAc(b1-4)GlcNAc(b1-Sp13,31.24417499999999,12.449325000000005,10.867425,26.24172500000001
Neu5Ac(a2-6)Gal(b1-4)GlcNAc(b1-2)Man(a1-6)[Neu5Ac(a2-6)Gal(b1-4)GlcNAc(b1-2)M(an-a)(a1-3)]Man(b1-4)GlcNAc(b1-4)GlcNAc(b1-Sp21,6.3878,8.740950000000002,1.4832499999999982,24.354975000000003
Neu5Ac(a2-6)Gal(b1-4)GlcNAc(b1-2)Man(a1-6)[Neu5Ac(a2-6)Gal(b1-4)GlcNAc(b1-2)Man(a1-3)]Man(b1-4)GlcNAc(b1-4)GlcNAc(b1-Sp24,30.1892,10.855149999999998,30.24455,33.25257499999999
Fuc(a1-2)Gal(b1-3)GalNAc(b1-3)Gal(a1-Sp9,52.29827500000002,21.306000000000004,20.55715,61.54635
Fuc(a1-2)Gal(b1-3)GalNAc(b1-3)Gal(a1-4)Gal(b1-4)Glc(b1-Sp9,19.808825,21.395675000000008,11.416175,72.549875
Fuc(a1-2)Gal(b1-3)[Fuc(a1-4)]GlcNAc(b1-Sp8,5.712249999999997,8.537600000000001,8.726299999999998,6.071074999999998
Fuc(a1-2)Gal(b1-3)GalNAc(a1-Sp8,6.699475,12.228775000000002,4.726299999999998,2.2771000000000026
Fuc(a1-2)Gal(b1-3)GalNAc(a1-Sp14,5.30045,9.529925,8.192574999999998,6.8459749999999975
Fuc(a1-2)Gal(b1-3)GalNAc(b1-4)[Neu5Ac(a2-3)]Gal(b1-4)Glc(b1-Sp0,13.98265,19.976625,20.8552,20.5773
Fuc(a1-2)Gal(b1-3)GalNAc(b1-4)[Neu5Ac(a2-3)]Gal(b1-4)Glc(b1-Sp9,19.42005,3.53625,13.3813,4.6159500000000016
Fuc(a1-2)Gal(b1-3)GlcNAc(b1-3)Gal(b1-4)Glc(b1-Sp8,12.421525,9.569875,27.034425,16.89305
Fuc(a1-2)Gal(b1-3)GlcNAc(b1-3)Gal(b1-4)Glc(b1-Sp10,13.694574999999995,5.555075000000004,25.21382500000001,21.49447500000001
Fuc(a1-2)Gal(b1-3)GlcNAc(b1-Sp0,11.60105,2.925,16.7299,23.27032500000001
Fuc(a1-2)Gal(b1-3)GlcNAc(b1-Sp8,20.213825000000007,16.0056,2.4955749999999988,13.160025
Fuc(a1-2)Gal(b1-4)[Fuc(a1-3)]GlcNAc(b1-3)Gal(b1-4)[Fuc(a1-3)]GlcNAc(b1-Sp0,8.347599999999996,14.169875,46.57755,314.04532500000005
Fuc(a1-2)Gal(b1-4)[Fuc(a1-3)]GlcNAc(b1-3)Gal(b1-4)[Fuc(a1-3)]GlcNAc(b1-3)Gal(b1-4)[Fuc(a1-3)]GlcNAc(b1-Sp0,31.93125,20.010025,47.43635000000001,339.388475
Fuc(a1-2)Gal(b1-4)[Fuc(a1-3)]GlcNAc(b1-Sp0,22.319450000000003,32.873125,571.3987000000002,3719.054
Fuc(a1-2)Gal(b1-4)[Fuc(a1-3)]GlcNAc(b1-Sp8,1.1178249999999998,143.00217500000005,4763.486375,23149.78912500001
Fuc(a1-2)Gal(b1-4)GlcNAc(b1-3)Gal(b1-4)GlcNAc(b1-Sp0,1.3079500000000015,0.37599999999999945,8.06885,23.1238
Fuc(a1-2)Gal(b1-4)GlcNAc(b1-3)Gal(b1-4)GlcNAc(b1-3)Gal(b1-4)GlcNAc(b1-Sp0,5.98395,16.03695,12.935850000000002,94.398825
Fuc(a1-2)Gal(b1-4)GlcNAc(b1-Sp0,3.3830000000000013,5.157975,24.88205,631.53615
Fuc(a1-2)Gal(b1-4)GlcNAc(b1-Sp8,7.906000000000002,9.438849999999997,14.392475000000005,537.8034749999998
Fuc(a1-2)Gal(b1-4)Glc(b1-Sp0,12.074974999999995,3.4266750000000012,20.5486,71.290425
Fuc(a1-2)Gal(b1-Sp8,8.6811,6.134274999999999,17.175500000000003,129.67349999999996
Fuc(a1-3)GlcNAc(b1-Sp8,3.5153750000000024,9.583425,247.179125,636.168825
Fuc(a1-4)GlcNAc(b1-Sp8,-0.21039999999999992,11.650475000000005,17.794475000000006,121.972125
Fuc(b1-3)GlcNAc(b1-Sp8,4.683249999999999,17.457475000000002,191.444725,534.309325
GalNAc(a1-3)[Fuc(a1-2)]Gal(b1-3)GlcNAc(b1-Sp0,11.324700000000002,4.99755,21.75105000000001,34.216725000000004
GalNAc(a1-3)[Fuc(a1-2)]Gal(b1-4)[Fuc(a1-3)]GlcNAc(b1-Sp0,45.5347,13.150124999999996,28.727075,82.74600000000002
(3S)Gal(b1-4)[Fuc(a1-3)]Glc(b1-Sp0,10.084325,8.33235,13.905375000000005,-0.8130999999999949
GalNAc(a1-3)[Fuc(a1-2)]Gal(b1-4)GlcNAc(b1-Sp0,7.0328750000000015,14.590549999999993,5.433725000000003,1.1503500000000029
GalNAc(a1-3)[Fuc(a1-2)]Gal(b1-4)GlcNAc(b1-Sp8,7.0070000000000014,7.4346999999999985,7.762375000000001,-0.6860499999999945
GalNAc(a1-3)[Fuc(a1-2)]Gal(b1-4)Glc(b1-Sp0,8.946024999999997,17.292149999999992,10.3646,16.477775000000005
GlcNAc(b1-3)Gal(b1-3)GalNAc(a1-Sp8,8.807125000000003,8.89515,16.684224999999998,33.5925
GalNAc(a1-3)[Fuc(a1-2)]Gal(b1-Sp8,11.57195,3.800799999999997,9.900250000000003,10.458875000000004
GalNAc(a1-3)[Fuc(a1-2)]Gal(b1-Sp18,12.228675000000004,11.01145,8.936350000000004,3.8874750000000016
GalNAc(a1-3)GalNAc(b1-Sp8,24.2486,9.27535,12.88605,-0.9679249999999976
GalNAc(a1-3)Gal(b1-Sp8,7.459349999999999,17.131000000000004,9.514100000000004,-6.754074999999998
GalNAc(a1-4)[Fuc(a1-2)]Gal(b1-4)GlcNAc(b1-Sp8,3.005799999999999,9.589099999999998,19.408874999999995,165.762275
GalNAc(b1-3)GalNAc(a1-Sp8,7.081450000000002,9.147024999999996,10.096574999999998,149.45205
GalNAc(b1-3)[Fuc(a1-2)]Gal(b1-Sp8,13.435524999999998,20.450375,7.620750000000003,35.751850000000026
GalNAc(b1-3)Gal(a1-4)Gal(b1-4)GlcNAc(b1-Sp0,9.60515,21.297025,15.307649999999995,34.26690000000001
GalNAc(b1-4)[Fuc(a1-3)]GlcNAc(b1-Sp0,21.634350000000005,12.362325,23.00875,9.080025000000006
GalNAc(b1-4)GlcNAc(b1-Sp0,5.969375,2.0926500000000026,18.713975,19.08845
GalNAc(b1-4)GlcNAc(b1-Sp8,5.259874999999999,5.859300000000001,12.148649999999998,27.4551
Gal(a1-2)Gal(b1-Sp8,1.6038749999999995,10.276299999999996,14.439275,24.584275000000005
Gal(a1-3)[Fuc(a1-2)]Gal(b1-3)GlcNAc(b1-Sp0,4.487349999999998,8.319899999999997,18.560425,21.08432500000001
Gal(a1-3)[Fuc(a1-2)]Gal(b1-3)GlcNAc(b1-Sp8,10.2858,19.5638,20.735875,24.437925
Gal(a1-3)[Fuc(a1-2)]Gal(b1-4)[Fuc(a1-3)]GlcNAc(b1-Sp0,33.68652500000001,19.1043,18.512425,44.996125
Gal(a1-3)[Fuc(a1-2)]Gal(b1-4)[Fuc(a1-3)]GlcNAc(b1-Sp8,17.051025000000006,10.202474999999996,6.925725,33.73049999999999
Gal(a1-3)[Fuc(a1-2)]Gal(b1-4)GlcNAc(a1-Sp0,9.669375000000006,8.575549999999998,9.489325000000008,5.421374999999998
Gal(a1-3)[Fuc(a1-2)]Gal(b1-4)Glc(b1-Sp0,4.9557,11.366625,7.147675000000001,38.00470000000001
Gal(a1-3)[Fuc(a1-2)]Gal(b1-Sp8,9.861575,12.582699999999996,16.352599999999995,17.03785000000001
Gal(a1-3)[Fuc(a1-2)]Gal(b1-Sp18,17.66435,30.586200000000005,26.43085,43.44615
Gal(a1-4)[Gal(a1-3)]Gal(b1-4)GlcNAc(b1-Sp8,25.691775,44.373649999999984,21.723625,40.491200000000006
Gal(a1-3)GalNAc(a1-Sp8,31.191025000000003,5.572000000000001,30.392675,106.78075000000004
Gal(a1-3)GalNAc(a1-Sp16,11.8931,5.8383,14.986075,14.839675000000005
Gal(a1-3)GalNAc(b1-Sp8,6.4183,2.3169000000000013,3.5985499999999995,8.570749999999997
Gal(a1-3)Gal(b1-4)[Fuc(a1-3)]GlcNAc(b1-Sp8,9.116075,13.415225,3.5137,20.780874999999995
Gal(a1-3)Gal(b1-3)GlcNAc(b1-Sp0,0.5769000000000021,6.3579250000000025,-2.988299999999999,9.549125
Gal(a1-3)Gal(b1-4)GlcNAc(b1-Sp8,19.402125,6.8785250000000016,22.854575,6.653724999999998
Gal(a1-3)Gal(b1-4)Glc(b1-Sp0,15.223649999999996,12.170575,5.980274999999999,23.50957499999999
Gal(a1-3)Gal(b1-4)Glc(a1-Sp10,25.0363,7.3188999999999975,22.309975,10.164350000000002
Gal(a1-3)Gal(b1-Sp8,21.627475,14.038375000000002,9.592875,6.7709250000000045
Gal(a1-4)[Fuc(a1-2)]Gal(b1-4)GlcNAc(b1-Sp8,11.2824,14.664300000000004,42.354225,529.340225
Gal(a1-4)Gal(b1-4)GlcNAc(b1-Sp0,21.643674999999995,16.611375,28.767125,37.74285
Gal(a1-4)Gal(b1-4)GlcNAc(b1-Sp8,1.5147749999999984,6.831524999999999,6.01065,13.439599999999995
Gal(a1-4)Gal(b1-4)Glc(b1-Sp0,3.7245500000000007,16.94545,23.221200000000003,41.54287500000001
Gal(a1-4)GlcNAc(b1-Sp8,5.151700000000001,-2.034324999999999,3.2480999999999987,-4.581899999999999
Gal(a1-6)Glc(b1-Sp8,7.538575000000002,4.715874999999999,11.432674999999998,18.98315
Gal(b1-2)Gal(b1-Sp8,17.878474999999995,2.6526499999999995,10.8763,14.731800000000005
Gal(b1-3)[Fuc(a1-4)]GlcNAc(b1-3)Gal(b1-4)[Fuc(a1-3)]GlcNAc(b1-Sp0,0.11339999999999772,5.307524999999998,1.1267749999999983,4.197450000000001
Gal(b1-3)[Fuc(a1-4)]GlcNAc(b1-3)Gal(b1-4)GlcNAc(b1-Sp0,8.29005,1.9966250000000016,15.674899999999996,25.807675
Gal(b1-3)[Fuc(a1-4)]GlcNAc(a1-Sp0,3.3155249999999987,15.500375000000007,8.970400000000003,13.215300000000004
Gal(b1-3)[Fuc(a1-4)]GlcNAc(a1-Sp8 ,1.9467,8.721374999999995,15.664350000000002,10.244174999999997
Fuc(a1-4)[Gal(b1-3)]GlcNAc(b1-Sp8,2.240775,8.419125000000001,12.841825000000002,8.643050000000002
Gal(b1-4)GlcNAc(b1-6)GalNAc(a1-Sp8,5.173324999999998,18.475725000000004,10.30525,18.446875
Gal(b1-4)GlcNAc(b1-6)GalNAc(a1-Sp14,16.45835,17.119475,33.75032499999999,30.09825
GlcNAc(b1-6)[Gal(b1-3)]GalNAc(a1-Sp8,18.546175000000005,12.038125,20.34465,10.076400000000003
GlcNAc(b1-6)[Gal(b1-3)]GalNAc(a1-Sp14,11.810224999999996,5.482225,5.660925,6.6710249999999975
Neu5Ac(a2-6)[Gal(b1-3)]GalNAc(a1-Sp8,-2.1888250000000005,8.545425000000002,2.111575,-4.933574999999999
Neu5Ac(a2-6)[Gal(b1-3)]GalNAc(a1-Sp14,5.9618499999999965,12.170799999999998,11.20855,25.5652
Neu5Ac(b2-6)[Gal(b1-3)]GalNAc(a1-Sp8,1.500674999999999,9.391525,13.274125,12.837875
Neu5Ac(a2-6)[Gal(b1-3)]GlcNAc(b1-4)Gal(b1-4)Glc(b1-Sp10,3.5889000000000006,7.9875,11.198624999999998,7.345775
Gal(b1-3)GalNAc(a1-Sp8,7.588249999999999,14.032575000000005,14.10935,2.7686500000000045
Gal(b1-3)GalNAc(a1-Sp14,19.095075,5.796149999999999,23.409324999999995,34.651225000000004
Gal(b1-3)GalNAc(a1-Sp16,9.1558,6.318525000000001,22.011125,23.97345
Gal(b1-3)GalNAc(b1-Sp8,3.41,20.2909,24.915825,42.930625
Gal(b1-3)GalNAc(b1-3)Gal(a1-4)Gal(b1-4)Glc(b1-Sp0,23.648925,37.73595,18.1501,44.723650000000006
Gal(b1-3)GalNAc(b1-4)[Neu5Ac(a2-3)]Gal(b1-4)Glc(b1-Sp0,21.096875,13.561225,7.771024999999997,16.3091
Gal(b1-3)GalNAc(b1-4)Gal(b1-4)Glc(b1-Sp8,44.394325,19.2087,32.8388,50.43570000000002
Gal(b1-3)Gal(b1-Sp8,8.925675000000002,8.859649999999998,9.528674999999998,22.505025
Gal(b1-3)GlcNAc(b1-3)Gal(b1-4)GlcNAc(b1-Sp0,5.627475,6.241949999999999,7.915399999999997,20.7676
Gal(b1-3)GlcNAc(b1-3)Gal(b1-4)Glc(b1-Sp10,4.157599999999997,15.935375,4.422674999999998,21.343700000000013
Gal(b1-3)GlcNAc(b1-Sp0,5.061924999999999,1.2341250000000024,1.5134249999999998,7.195500000000003
Gal(b1-3)GlcNAc(b1-Sp8,14.573625000000002,7.91535,15.811575,20.26875
Gal(b1-4)[Fuc(a1-3)]GlcNAc(b1-Sp0,11.055775000000002,18.38235,42.172175,1362.6933749999996
Gal(b1-4)[Fuc(a1-3)]GlcNAc(b1-Sp8,23.192425,15.259475000000002,54.1045,2172.16705
Gal(b1-4)[Fuc(a1-3)]GlcNAc(b1-4)Gal(b1-4)[Fuc(a1-3)]GlcNAc(b1-Sp0,10.21375,31.465150000000005,798.9143499999999,7962.280624999998
Gal(b1-4)[Fuc(a1-3)]GlcNAc(b1-4)Gal(b1-4)[Fuc(a1-3)]GlcNAc(b1-4)Gal(b1-4)[Fuc(a1-3)]GlcNAc(b1-Sp0,61.805075,329.39265,4980.650475,19966.1348
Gal(b1-4)(6S)Glc(b1-Sp0,16.441225000000006,11.926299999999998,15.561925,12.729225
Gal(b1-4)(6S)Glc(b1-Sp8,13.325699999999998,17.260650000000002,3.91,20.404225
Gal(b1-4)GalNAc(a1-3)[Fuc(a1-2)]Gal(b1-4)GlcNAc(b1-Sp8,4.083074999999999,9.17015,1.8945750000000008,-0.3596249999999994
Gal(b1-4)GalNAc(b1-3)[Fuc(a1-2)]Gal(b1-4)GlcNAc(b1-Sp8,3.1320500000000004,4.4597500000000005,1.1081499999999984,1.1914999999999996
Gal(b1-4)GlcNAc(b1-3)GalNAc(a1-Sp8,24.780925,10.097775000000002,15.990475000000005,220.22685
Gal(b1-4)GlcNAc(b1-3)GalNAc(a1-Sp14,17.773075,11.57975,13.132075000000002,24.945675
Gal(b1-4)GlcNAc(b1-3)Gal(b1-4)[Fuc(a1-3)]GlcNAc(b1-3)Gal(b1-4)[Fuc(a1-3)]GlcNAc(b1-Sp0,7.9513250000000015,9.648850000000003,11.6263,10.1053
Gal(b1-4)GlcNAc(b1-3)Gal(b1-4)GlcNAc(b1-3)Gal(b1-4)GlcNAc(b1-Sp0,13.073325000000002,5.135124999999997,18.021225,16.00225
Gal(b1-4)GlcNAc(b1-3)Gal(b1-4)GlcNAc(b1-Sp0,1.3731500000000023,9.7694,9.636725,-7.434575000000002
Gal(b1-4)GlcNAc(b1-3)Gal(b1-4)Glc(b1-Sp0,4.746400000000001,6.832925,11.998625,31.12030000000001
Gal(b1-4)GlcNAc(b1-3)Gal(b1-4)Glc(b1-Sp8,56.84882500000001,27.31545000000001,15.038500000000004,53.8525
Gal(b1-4)GlcNAc(b1-6)[Gal(b1-3)]GalNAc(a1-Sp8,20.031900000000004,13.027175000000005,23.968000000000004,24.00875
Gal(b1-4)GlcNAc(b1-6)[Gal(b1-3)]GalNAc(a1-Sp14,13.180300000000004,13.520175000000002,9.984500000000002,16.59645
Gal(b1-4)GlcNAc(b1-Sp0,25.740499999999994,22.52200000000001,8.756575000000002,5.055500000000006
Gal(b1-4)GlcNAc(b1-Sp8,9.741,14.0127,8.784274999999997,7.153799999999999
Gal(b1-4)GlcNAc(b1-Sp23,-0.3977999999999993,11.719174999999998,6.253049999999999,2.841875
Gal(b1-4)Glc(b1-Sp0,7.247575000000001,4.781799999999999,7.0117499999999975,17.355324999999997
Gal(b1-4)Glc(b1-Sp8,5.5807,12.737724999999998,13.829925,20.092625
GlcNAc(a1-3)Gal(b1-4)GlcNAc(b1-Sp8,12.386775000000002,5.050375000000002,17.534799999999994,10.040300000000002
GlcNAc(a1-6)Gal(b1-4)GlcNAc(b1-Sp8,2.532425,4.145874999999998,2.6690249999999995,-3.551775000000003
GlcNAc(b1-2)Gal(b1-3)GalNAc(a1-Sp8,8.3625,8.87095,19.38345,30.012275
GlcNAc(b1-6)[GlcNAc(b1-3)]GalNAc(a1-Sp8,14.981675000000005,9.368125,0.3032749999999993,19.073475
GlcNAc(b1-6)[GlcNAc(b1-3)]GalNAc(a1-Sp14,22.927725,4.9102250000000005,19.164425,27.080075000000008
GlcNAc(b1-6)[GlcNAc(b1-3)]Gal(b1-4)GlcNAc(b1-Sp8,8.504950000000003,12.245825,9.229375,6.518925000000008
GlcNAc(b1-3)GalNAc(a1-Sp8,8.411825000000002,14.265074999999998,8.331724999999999,211.9941
GlcNAc(b1-3)GalNAc(a1-Sp14,11.587825,15.477375,1.6685249999999998,8.97795
GlcNAc(b1-3)Gal(b1-Sp8,8.92265,6.222075000000004,8.5458,-0.5522749999999981
GlcNAc(b1-3)Gal(b1-4)GlcNAc(b1-Sp0,8.79625,9.842475,4.028299999999997,4.275749999999995
GlcNAc(b1-3)Gal(b1-4)GlcNAc(b1-Sp8,2.7841000000000005,6.3534500000000005,5.884125000000003,15.314900000000002
GlcNAc(b1-3)Gal(b1-4)GlcNAc(b1-3)Gal(b1-4)GlcNAc(b1-Sp0,12.092574999999995,14.135350000000004,8.070399999999998,36.392125
GlcNAc(b1-3)Gal(b1-4)Glc(b1-Sp0,15.0805,12.614874999999996,10.737750000000002,3.218924999999995
GlcNAc(b1-4)(a1-MDPLys,8.156825000000003,8.576475,7.4707500000000024,-1.9122749999999973
GlcNAc(b1-6)[GlcNAc(b1-4)]GalNAc(a1-Sp8,2.370075,15.850225000000005,5.403799999999999,23.366075
GlcNAc(b1-4)Gal(b1-4)GlcNAc(b1-Sp8,3.848500000000002,12.928050000000004,1.4306500000000018,23.52545
GlcNAc(b1-4)GlcNAc(b1-4)GlcNAc(b1-4)GlcNAc(b1-4)GlcNAc(b1-4)GlcNAc(b1-Sp8,16.866825000000006,10.815574999999995,7.0427,20.7428
GlcNAc(b1-4)GlcNAc(b1-4)GlcNAc(b1-4)GlcNAc(b1-4)GlcNAc(b1-Sp8,11.598925,8.64755,21.181375000000006,26.2665
GlcNAc(b1-4)GlcNAc(b1-4)GlcNAc(b1-Sp8,10.08375,14.307724999999998,19.422075,29.57300000000001
GlcNAc(b1-6)GalNAc(a1-Sp8,20.124050000000008,2.334624999999999,-1.2082249999999988,1.3165750000000074
GlcNAc(b1-6)GalNAc(a1-Sp14,18.33895,4.9959500000000014,2.7325499999999945,30.502050000000004
GlcNAc(b1-6)Gal(b1-4)GlcNAc(b1-Sp8,21.617875000000005,8.83695,17.887825,7.508500000000005
Glc(a1-4)Glc(b1-Sp8,13.518225,10.592350000000003,13.1721,22.156400000000005
Glc(a1-4)Glc(a1-Sp8,8.600150000000003,10.711175000000004,6.357075000000001,30.395
Glc(a1-6)Glc(a1-6)Glc(b1-Sp8,12.0653,14.738274999999998,4.829649999999999,30.353774999999995
Glc(b1-4)Glc(b1-Sp8,0.017399999999998528,21.81415,6.887324999999999,16.099325
Glc(b1-6)Glc(b1-Sp8,16.305899999999998,11.852625,18.709925,15.413175000000004
G-ol(a1-Sp8,13.203850000000005,14.736800000000002,16.468249999999998,26.63965000000001
GlcA(a1-Sp8,12.427924999999995,9.242874999999998,25.55240000000001,29.79982500000001
GlcA(b1-Sp8,45.73152499999999,43.1628,26.091075,90.886025
GlcA(b1-3)Gal(b1-Sp8,29.93267500000001,25.812525,19.045525,54.71709999999999
GlcA(b1-6)Gal(b1-Sp8,14.446674999999995,14.15755,8.21265,31.58662500000001
KDN(a2-3)Gal(b1-3)GlcNAc(b1-Sp0,10.48695,15.7569,20.5021,27.62180000000001
KDN(a2-3)Gal(b1-4)GlcNAc(b1-Sp0,13.9675,21.88782499999999,6.645825000000002,1.214375
Man(a1-2)Man(a1-2)Man(a1-3)Man(a1-Sp9,14.441875,7.497924999999999,-0.4110500000000004,10.891200000000005
Man(a1-2)Man(a1-6)[Man(a1-2)Man(a1-3)]Man(a1-Sp9,7.526074999999999,5.203524999999998,-2.9231,10.170724999999996
Man(a1-2)Man(a1-3)Man(a1-Sp9,9.282975000000002,10.943675,6.926924999999999,8.857775
Man(a1-6)[Man(a1-2)Man(a1-3)]Man(a1-6)[Man(a1-2)Man(a1-3)]Man(b1-4)GlcNAc(b1-4)GlcNAc(b1-Sp12,8.759800000000002,4.018600000000003,12.716949999999995,30.41725
Man(a1-2)Man(a1-6)[Man(a1-3)]Man(a1-6)[Man(a1-2)Man(a1-2)Man(a1-3)]Man(b1-4)GlcNAc(b1-4)GlcNAc(b1-Sp12,13.841175,15.078125,9.088425000000004,16.872224999999997
Man(a1-2)Man(a1-6)[Man(a1-2)Man(a1-3)]Man(a1-6)[Man(a1-2)Man(a1-2)Man(a1-3)]Man(b1-4)GlcNAc(b1-4)GlcNAc(b1-Sp12,29.90107499999999,23.707325,45.411425,51.273575
Man(a1-6)[Man(a1-3)]Man(a1-Sp9,13.689300000000005,10.074599999999998,21.396700000000006,27.854800000000004
Man(a1-2)Man(a1-2)Man(a1-6)[Man(a1-3)]Man(a1-Sp9,17.515949999999997,11.774075000000005,17.604675000000007,17.824475
Man(a1-6)[Man(a1-3)]Man(a1-6)[Man(a1-2)Man(a1-3)]Man(b1-4)GlcNAc(b1-4)GlcNAc(b1-Sp12,76.86207500000002,63.43690000000001,43.02357500000001,116.56734999999998
Man(a1-6)[Man(a1-3)]Man(a1-6)[Man(a1-3)]Man(b1-4)GlcNAc(b1-4)GlcNAc(b1-Sp12,34.515075,19.346000000000004,14.322774999999998,60.96474999999999
Man(b1-4)GlcNAc(b1-Sp0,19.52495,19.521875,8.985124999999998,2.517225
Neu5Ac(a2-3)Gal(b1-4)GlcNAc(b1-3)Gal(b1-4)[Fuc(a1-3)]GlcNAc(b1-Sp0,9.873325,5.653299999999998,21.130075,8.305949999999992
(3S)Gal(b1-4)[Fuc(a1-3)](6S)GlcNAc(b1-Sp8,1.0431499999999971,5.0919750000000015,-0.20924999999999905,6.426350000000005
Fuc(a1-2)(6S)Gal(b1-4)GlcNAc(b1-Sp0,7.373525,9.22825,4.044599999999998,28.574225
Fuc(a1-2)Gal(b1-4)(6S)GlcNAc(b1-Sp8,8.947424999999997,3.592699999999998,13.233249999999995,9.349999999999994
Fuc(a1-2)(6S)Gal(b1-4)(6S)Glc(b1-Sp0,4.956925000000002,10.772524999999995,14.832875000000005,0.0950749999999978
Neu5Ac(a2-3)Gal(b1-3)GalNAc(a1-Sp8,3.433200000000003,3.3763000000000005,7.430349999999995,20.076875
Neu5Ac(a2-3)Gal(b1-3)GalNAc(a1-Sp14,10.9347,17.7761,18.609,27.773675000000004
GalNAc(b1-4)[Neu5Ac(a2-8)Neu5Ac(a2-8)Neu5Ac(a2-8)Neu5Ac(a2-3)]Gal(b1-4)Glc(b1-Sp0,25.482875,23.273925,18.541875,14.568800000000005
GalNAc(b1-4)[Neu5Ac(a2-8)Neu5Ac(a2-8)Neu5Ac(a2-3)]Gal(b1-4)Glc(b1-Sp0,44.0932,23.081475000000005,26.18735,74.51007500000003
Neu5Ac(a2-8)Neu5Ac(a2-8)Neu5Ac(a2-3)Gal(b1-4)Glc(b1-Sp0,10.627199999999997,7.4249249999999964,9.95995,4.704774999999994
GalNAc(b1-4)[Neu5Ac(a2-8)Neu5Ac(a2-3)]Gal(b1-4)Glc(b1-Sp0,0.5715249999999994,2.372124999999995,12.387700000000002,-13.402674999999995
Neu5Ac(a2-8)Neu5Ac(a2-8)Neu5Ac(a1-Sp8,4.310825000000001,20.9823,7.086499999999999,-8.94565
Neu5Ac(a2-3)(6S)Gal(b1-4)[Fuc(a1-3)]GlcNAc(b1-Sp8,3.83025,45.24632499999999,2273.55105,13373.86735
GalNAc(b1-4)[Neu5Ac(a2-3)]Gal(b1-4)GlcNAc(b1-Sp0,17.459525000000006,11.362625,8.306000000000001,19.561875
GalNAc(b1-4)[Neu5Ac(a2-3)]Gal(b1-4)GlcNAc(b1-Sp8,4.351299999999998,8.813099999999997,5.058700000000003,-1.0410000000000004
GalNAc(b1-4)[Neu5Ac(a2-3)]Gal(b1-4)Glc(b1-Sp0,3.344075,6.462575000000002,15.123025,2.955724999999997
Neu5Ac(a2-3)Gal(b1-3)GalNAc(b1-4)[Neu5Ac(a2-3)]Gal(b1-4)Glc(b1-Sp0,7.0548,26.547850000000004,33.57085,9.460549999999998
Neu5Ac(a2-6)[Neu5Ac(a2-3)]GalNAc(a1-Sp8,-2.0723000000000003,2.0831000000000017,2.0947249999999986,-1.5027250000000052
Neu5Ac(a2-3)GalNAc(a1-Sp8,1.1591500000000003,7.938675,11.385999999999996,-11.619825
Neu5Ac(a2-3)GalNAc(b1-4)GlcNAc(b1-Sp0,-2.341375,12.949300000000004,10.558875,2.851949999999995
Neu5Ac(a2-3)Gal(b1-3)(6S)GlcNAc(a1-Sp8,55.30254999999998,41.28275000000001,29.544225,75.59785
Neu5Ac(a2-3)Gal(b1-3)[ Fuc(a1-4)]GlcNAc(b1-Sp8,14.409050000000002,19.574349999999995,23.695825,6.272675000000008
Neu5Ac(a2-3)Gal(b1-3)[Fuc(a1-4)]GlcNAc(b1-3)Gal(b1-4)[Fuc(a1-3)]GlcNAc(b1-Sp0,10.58445,7.079100000000002,17.243225,35.70480000000001
Neu5Ac(a2-3)Gal(b1-4)[Neu5Ac(a2-3)Gal(b1-3)]GlcNAc(b1-Sp8,7.0259750000000025,10.403300000000009,21.57575,4.487024999999999
Neu5Ac(a2-3)Gal(b1-3)(6S)GalNAc(a1-Sp8,10.8134,3.2024750000000006,9.386775,-6.179375
Neu5Ac(a2-6)[Neu5Ac(a2-3)Gal(b1-3)]GalNAc(a1-Sp8,9.00935,5.826374999999999,3.256849999999996,-3.1203749999999992
Neu5Ac(a2-6)[Neu5Ac(a2-3)Gal(b1-3)]GalNAc(a1-Sp14,17.777974999999994,3.0568,11.152624999999995,14.437650000000005
Neu5Ac(a2-3)Gal(b1-Sp8,12.335074999999998,11.21005,16.047475000000006,0.5201500000000046
Neu5Ac(a2-3)Gal(b1-3)GalNAc(b1-3)Gal(a1-4)Gal(b1-4)Glc(b1-Sp0,14.877325000000004,17.362025000000006,21.72795,31.8911
Neu5Ac(a2-3)Gal(b1-3)GlcNAc(b1-3)Gal(b1-4)GlcNAc(b1-Sp0,9.928549999999998,5.804825000000001,24.24365,-7.0816750000000015
Fuc(a1-2)(6S)Gal(b1-4)Glc(b1-Sp0,16.496325000000002,16.041849999999997,8.958625,72.24957499999994
Neu5Ac(a2-3)Gal(b1-3)GlcNAc(b1-Sp0,21.338300000000007,12.027050000000004,13.4425,10.3035
Neu5Ac(a2-3)Gal(b1-3)GlcNAc(b1-Sp8,23.806375,28.808225,27.377975,26.952200000000005
Neu5Ac(a2-3)Gal(b1-4)(6S)GlcNAc(b1-Sp8,15.408825,10.5609,-0.33885000000000165,16.914099999999998
Neu5Ac(a2-3)Gal(b1-4)[Fuc(a1-3)](6S)GlcNAc(b1-Sp8,15.955349999999996,8.350775000000004,13.204874999999998,5.386700000000008
Neu5Ac(a2-3)Gal(b1-4)[Fuc(a1-3)]GlcNAc(b1-3)Gal(b1-4)[Fuc(a1-3)]GlcNAc(b1-3)Gal(b1-4)[Fuc(a1-3)]GlcNAc(b1-Sp0,12.608875000000005,21.1118,37.725025,1042.0183499999996
Neu5Ac(a2-3)Gal(b1-4)[Fuc(a1-3)]GlcNAc(b1-Sp0,4.667600000000002,1.0824249999999995,8.321500000000002,4.439875000000002
Neu5Ac(a2-3)Gal(b1-4)[Fuc(a1-3)]GlcNAc(b1-Sp8,5.73175,4.674424999999999,3.5745249999999986,12.554699999999995
Neu5Ac(a2-3)Gal(b1-4)[Fuc(a1-3)]GlcNAc(b1-3)Gal(b1-Sp8,22.2776,9.796275,7.562449999999997,35.176175
Neu5Ac(a2-3)Gal(b1-4)[Fuc(a1-3)]GlcNAc(b1-3)Gal(b1-4)GlcNAc(b1-Sp8,12.329124999999998,17.067475,35.82272499999999,106.27540000000002
Neu5Ac(a2-3)Gal(b1-4)GlcNAc(b1-3)Gal(b1-4)GlcNAc(b1-3)Gal(b1-4)GlcNAc(b1-Sp0,11.369625,16.041625,5.39035,9.101875
Neu5Ac(a2-3)Gal(b1-4)GlcNAc(b1-Sp0,1.5696750000000008,2.5160749999999954,16.735925,14.756425000000007
Neu5Ac(a2-3)Gal(b1-4)GlcNAc(b1-Sp8,25.02775,13.0127,14.136424999999996,-3.4591749999999952
Neu5Ac(a2-3)Gal(b1-4)GlcNAc(b1-3)Gal(b1-4)GlcNAc(b1-Sp0,10.823325000000004,15.840225000000002,7.404175000000002,29.567225
Fuc(a1-2)Gal(b1-4)(6S)Glc(b1-Sp0,13.075549999999998,22.04502500000001,10.825325000000005,34.776375000000016
Neu5Ac(a2-3)Gal(b1-4)Glc(b1-Sp0,29.665275,17.992524999999993,20.52385,23.79857499999999
Neu5Ac(a2-3)Gal(b1-4)Glc(b1-Sp8,9.5375,28.7889,15.765424999999995,18.484275
Neu5Ac(a2-6)GalNAc(a1-Sp8,5.863449999999999,0.12809999999999988,6.9762999999999975,-1.7548500000000011
Neu5Ac(a2-6)GalNAc(b1-4)GlcNAc(b1-Sp0,7.546125,1.0224000000000002,9.453300000000002,2.8227000000000046
Neu5Ac(a2-6)Gal(b1-4)(6S)GlcNAc(b1-Sp8,2.286775,4.6123249999999985,3.5509499999999985,6.950324999999999
Neu5Ac(a2-6)Gal(b1-4)GlcNAc(b1-Sp0,11.15985,8.354525000000002,3.5775500000000022,-6.267424999999998
Neu5Ac(a2-6)Gal(b1-4)GlcNAc(b1-Sp8,11.3731,20.94130000000001,10.270974999999998,10.466350000000006
Neu5Ac(a2-6)Gal(b1-4)GlcNAc(b1-3)Gal(b1-4)[Fuc(a1-3)]GlcNAc(b1-3)Gal(b1-4)[Fuc(a1-3)]GlcNAc(b1-Sp0,2.686449999999999,20.133925,13.43725,24.731949999999994
Neu5Ac(a2-6)Gal(b1-4)GlcNAc(b1-3)Gal(b1-4)GlcNAc(b1-Sp0,3.706900000000001,26.445975000000008,1.1377749999999995,13.45845
Neu5Ac(a2-6)Gal(b1-4)Glc(b1-Sp0,24.5886,26.148125,10.3648,21.034825000000005
Neu5Ac(a2-6)Gal(b1-4)Glc(b1-Sp8,21.888849999999994,30.05715,18.547275000000006,57.77847500000002
Neu5Ac(a2-6)Gal(b1-Sp8,21.13395,9.445100000000004,10.600674999999997,10.23840000000001
Neu5Ac(a2-8)Neu5Ac(a1-Sp8,15.046849999999996,15.305725,10.666449999999998,8.482299999999999
Neu5Ac(a2-8)Neu5Ac(a2-3)Gal(b1-4)Glc(b1-Sp0,4.98625,2.5385750000000007,10.03695,-4.247025000000004
Gal(b1-3)[Fuc(a1-4)]GlcNAc(b1-3)Gal(b1-3)[Fuc(a1-4)]GlcNAc(b1-Sp0,7.377924999999998,7.432175000000001,9.656875,12.461124999999996
Neu5Ac(b2-6)GalNAc(a1-Sp8,9.299474999999996,1.5778000000000008,12.469425,34.005625
Neu5Ac(b2-6)Gal(b1-4)GlcNAc(b1-Sp8,15.193799999999998,20.07575,8.263775,14.303775000000002
Neu5Gc(a2-3)Gal(b1-3)[Fuc(a1-4)]GlcNAc(b1-Sp0,5.9219250000000025,5.165799999999999,8.353974999999998,0.7986500000000021
Neu5Gc(a2-3)Gal(b1-3)GlcNAc(b1-Sp0,20.784975000000006,6.998524999999999,25.763875,9.20375
Neu5Gc(a2-3)Gal(b1-4)[Fuc(a1-3)]GlcNAc(b1-Sp0,13.621125000000005,10.53345,4.54,12.792650000000002
Neu5Gc(a2-3)Gal(b1-4)GlcNAc(b1-Sp0,9.154800000000003,14.913674999999998,-1.9309500000000008,4.4696500000000015
Neu5Gc(a2-3)Gal(b1-4)Glc(b1-Sp0,21.398625000000006,15.075099999999996,6.971325,31.62135
Neu5Gc(a2-6)GalNAc(a1-Sp0,22.815975,15.574574999999996,13.856550000000002,20.1079
Neu5Gc(a2-6)Gal(b1-4)GlcNAc(b1-Sp0,34.629225,33.16602499999998,21.222975,46.96917499999999
Neu5Gc(a1-Sp8,16.77215,13.460399999999998,13.487525000000002,54.766775
Neu5Ac(a2-3)Gal(b1-4)GlcNAc(b1-6)[Gal(b1-3)]GalNAc(a1-Sp14,21.252975,18.329125,16.465025000000004,19.301750000000013
Gal(b1-3)GlcNAc(b1-3)Gal(b1-3)GlcNAc(b1-Sp0,30.47395,13.471625,22.033525,69.34282499999998
Gal(b1-4)[Fuc(a1-3)](6S)GlcNAc(b1-Sp0 ,7.6142,9.61515,26.6489,19.069300000000005
Gal(b1-4)[Fuc(a1-3)](6S)Glc(b1-Sp0,18.199200000000005,13.522624999999998,39.8435,38.93167500000001
Gal(b1-4)[Fuc(a1-3)]GlcNAc(b1-3)Gal(b1-3)[Fuc(a1-4)]GlcNAc(b1-Sp0,14.1532,42.22345,411.2967249999999,4801.344825
Gal(b1-4)GlcNAc(b1-3)Gal(b1-3)GlcNAc(b1-Sp0,23.85125,13.985800000000005,22.27655,21.16055
Neu5Ac(a2-3)Gal(b1-3)GlcNAc(b1-3)Gal(b1-3)GlcNAc(b1-Sp0,17.312150000000006,1.1769750000000023,8.751875,17.409750000000006
Neu5Ac(a2-3)Gal(b1-4)GlcNAc(b1-3)Gal(b1-3)GlcNAc(b1-Sp0,7.878900000000002,20.098875,7.251599999999998,10.50855
4S(3S)Gal(b1-4)GlcNAc(b1-Sp0,3.0301750000000034,12.553850000000004,13.143525,7.51142500000001
(6S)Gal(b1-4)(6S)GlcNAc(b1-Sp0,14.757324999999998,6.549275,3.167225000000002,-5.170825000000002
(6P)Glc(b1-Sp10,11.172174999999996,32.691925,7.831675000000002,24.529299999999992
Neu5Ac(a2-3)Gal(b1-4)[Fuc(a1-3)]GlcNAc(b1-6)[Gal(b1-3)]GalNAc(a1-Sp14,77.9009,87.65115,102.799725,195.8816
Gal(b1-3)Gal(b1-4)GlcNAc(b1-Sp8,16.11,13.151725000000004,11.837575,46.80744999999999
Neu5Ac(a2-6)Gal(b1-4)GlcNAc(b1-2)Man(a1-6)[Gal(b1-4)GlcNAc(b1-2)Man(a1-3)]Man(b1-4)GlcNAc(b1-4)GlcNAc(b1-Sp12,8.6297,8.044850000000002,24.81140000000001,3.6277250000000048
Gal(b1-4)GlcNAc(b1-6)[Gal(b1-4)GlcNAc(b1-3)]Gal(b1-4)GlcNAc(a1-Sp0,0.17675000000000018,15.2883,20.44405,9.749725000000002
GlcNAc(b1-6)[Gal(b1-4)GlcNAc(b1-3)]Gal(b1-4)GlcNAc(a1-Sp0,12.51185,10.199775,28.21885000000001,27.183775
Gal(b1-4)GlcNAc(a1-6)Gal(b1-4)GlcNAc(b1-Sp0,5.558425,6.2722,1.8587749999999976,15.154699999999998
Gal(b1-4)GlcNAc(b1-6)Gal(b1-4)GlcNAc(b1-Sp0,15.886424999999996,12.837650000000002,32.983075,51.530525
GalNAc(b1-3)Gal(b1-Sp8,4.352175000000001,6.744150000000001,22.288625,19.839425000000013
GlcA(b1-3)GlcNAc(b1-Sp8,11.213474999999995,11.65135,22.1144,45.886175
Neu5Ac(a2-6)Gal(b1-4)GlcNAc(b1-2)Man(a1-6)[GlcNAc(b1-2)Man(a1-3)]Man(b1-4)GlcNAc(b1-4)GlcNAc(b1-Sp12,15.97625,10.675324999999997,7.4587,9.747199999999996
GlcNAc(b1-3)Ma(n1-Sp10,10.140775,17.660449999999994,16.9839,11.265125000000005
GlcNAc(b1-4)GlcNAc(b1-Sp10,2.321724999999999,6.4766749999999975,14.327175000000004,-2.309375
GlcNAc(b1-4)GlcNAc(b1-Sp12,12.511225,25.153275000000008,15.104675000000006,29.19955
MurNAc(b1-4)GlcNAc(b1-Sp10,19.2725,14.151525,11.886424999999996,26.96955
Man(a1-6)Man(b1-Sp10,23.001000000000005,6.5637750000000015,15.361450000000005,20.906575
Man(a1-6)[Man(a1-3)]Man(a1-6)[Man(a1-3)]Man(b1-Sp10,37.13634999999999,5.294900000000002,20.338300000000004,29.934075000000004
Man(a1-2)Man(a1-6)[Man(a1-3)]Man(a1-6)[Man(a1-2)Man(a1-2)Man(a1-3)]Man(a1-Sp9,25.184025,18.15715,23.51665,45.26424999999999
Man(a1-2)Man(a1-6)[Man(a1-2)Man(a1-3)]Man(a1-6)[Man(a1-2)Man(a1-2)Man(a1-3)]Man(a1-Sp9,15.440950000000004,8.630249999999998,8.269974999999999,24.682849999999995
Neu5Ac(a2-3)Gal(b1-4)GlcNAc(b1-6)[Neu5Ac(a2-3)Gal(b1-3)]GalNAc(a1-Sp14,8.098725000000002,15.388849999999994,5.094474999999999,4.698299999999996
Neu5Ac(a2-6)Gal(b1-4)GlcNAc(b1-2)Man(a1-6)[Neu5Ac(a2-3)Gal(b1-4)GlcNAc(b1-2)Man(a1-3)]Man(b1-4)GlcNAc(b1-4)GlcNAc(b1-Sp12,2.7468249999999994,17.506475000000002,10.597749999999998,5.982325
Gal(b1-4)GlcNAc(b1-2)Man(a1-6)[Neu5Ac(a2-6)Gal(b1-4)GlcNAc(b1-2)Man(a1-3)]Man(b1-4)GlcNAc(b1-4)GlcNAc(b1-Sp12,11.647175000000002,12.182850000000002,18.612175,2.4880250000000004
GlcNAc(b1-2)Man(a1-6)[Neu5Ac(a2-6)Gal(b1-4)GlcNAc(b1-2)Man(a1-3)]Man(b1-4)GlcNAc(b1-4)GlcNAc(b1-Sp12,27.756275,12.129725000000004,39.83215,26.98030000000001
Neu5Ac(a2-8)Neu5Ac(b1-Sp17,23.959875,21.618625,15.326574999999998,37.163500000000006
Neu5Ac(a2-8)Neu5Ac(a2-8)Neu5Ac(b1-Sp8,7.956749999999996,20.68045,9.61315,24.68625
Neu5Gc(b2-6)Gal(b1-4)GlcNAc(a1-Sp8,38.9586,23.89495,27.367075,65.36215000000001
Gal(b1-3)GlcNAc(b1-2)Man(a1-6)[Gal(b1-3)GlcNAc(b1-2)Man(a1-3)]Man(b1-4)GlcNAc(b1-4)GlcNAc(b1-Sp19,30.421325000000003,5.520925000000003,15.917075000000002,25.552725
Neu5Ac(a2-3)Gal(b1-4)GlcNAc(b1-2)Man(a1-6)[Neu5Ac(a2-3)Gal(b1-4)GlcNAc(b1-2)Man(a1-3)]Man(b1-4)GlcNAc(b1-4)GlcNAc(b1-Sp12,13.701049999999995,3.95285,12.331875,8.141125000000002
Neu5Ac(a2-3)Gal(b1-4)GlcNAc(b1-2)Man(a1-6)[Neu5Ac(a2-6)Gal(b1-4)GlcNAc(b1-2)Man(a1-3)]Man(b1-4)GlcNAc(b1-4)GlcNAc(b1-Sp12,-1.0182000000000002,0.7383500000000005,8.323324999999997,4.0868
Gal(b1-4)[Fuc(a1-3)]GlcNAc(b1-2)Man(a1-6)[Gal(b1-4)[Fuc(a1-3)]GlcNAc(b1-2)Man(a1-3)]Man(b1-4)GlcNAc(b1-4)GlcNAc(b1-Sp20,8.4283,12.2779,51.81370000000002,3125.364825000001
"Neu5,9Ac2(a2-3)Gal(b1-4)GlcNAc(b1-Sp0",25.061800000000005,26.073725000000003,28.597199999999994,65.98685000000002
"Neu5,9Ac2(a2-3)Gal(b1-4)GlcNAc(b1-Sp0",7.805649999999996,4.763250000000001,18.602925,4.194424999999995
Neu5Ac(a2-6)Gal(b1-4)GlcNAc(b1-3)Gal(b1-3)GlcNAc(b1-Sp0,1.75,19.99635,18.703725,30.096775
Neu5Ac(a2-3)Gal(b1-3)[Fuc(a1-4)]GlcNAc(b1-3)Gal(b1-3)[Fuc(a1-4)]GlcNAc(b1-Sp0,29.99752499999999,21.715875,16.860374999999998,14.113624999999995
Neu5Ac(a2-6)Gal(b1-4)GlcNAc(b1-3)Gal(b1-4)GlcNAc(b1-3)Gal(b1-4)GlcNAc(b1-Sp0,8.09795,16.858525,5.493300000000001,6.3250750000000036
Gal(a1-4)Gal(b1-4)GlcNAc(b1-3)Gal(b1-4)Glc(b1-Sp0,18.468275,13.427825,25.914975,43.51227500000001
GalNAc(b1-3)Gal(a1-4)Gal(b1-4)GlcNAc(b1-3)Gal(b1-4)Glc(b1-Sp0,16.767725,13.896175,17.250975,38.755
GalNAc(a1-3)[Fuc(a1-2)]Gal(b1-4)GlcNAc(b1-3)Gal(b1-4)GlcNAc(b1-Sp0,26.4135,10.532050000000002,15.867374999999996,33.085075
GalNAc(a1-3)[Fuc(a1-2)]Gal(b1-4)GlcNAc(b1-3)Gal(b1-4)GlcNAc(b1-3)Gal(b1-4)GlcNAc(b1-Sp0,42.254525000000015,30.18805,34.843125,55.40127499999999
Neu5Ac(a2-3)Gal(b1-4)[Fuc(a1-3)]GlcNAc(b1-6)[Neu5Ac(a2-3)Gal(b1-3)]GalNAc(a1-Sp14,66.3929,71.18607500000002,34.6829,144.0959
GlcNAc(a1-4)Gal(b1-4)GlcNAc(b1-3)Gal(b1-4)GlcNAc(b1-3)Gal(b1-4)GlcNAc(b1-Sp0,9.34115,7.9045999999999985,10.54205,15.743175000000004
GlcNAc(a1-4)Gal(b1-4)GlcNAc(b1-Sp0,11.2779,11.9775,14.678875,1.3905500000000046
GlcNAc(a1-4)Gal(b1-3)GlcNAc(b1-Sp0,2.1092500000000007,19.093775,5.049250000000002,-2.5605249999999984
GlcNAc(a1-4)Gal(b1-4)GlcNAc(b1-3)Gal(b1-4)Glc(b1-Sp0,8.331124999999998,23.727925,18.158199999999994,8.908725000000004
GlcNAc(a1-4)Gal(b1-4)GlcNAc(b1-3)Gal(b1-4)[Fuc(a1-3)]GlcNAc(b1-3)Gal(b1-4)[Fuc(a1-3)]GlcNAc(b1-Sp0,37.81,5.849100000000003,19.519075,38.57777499999999
GlcNAc(a1-4)Gal(b1-4)GlcNAc(b1-3)Gal(b1-4)GlcNAc(b1-Sp0,14.862775,11.542700000000005,15.14925,23.39610000000001
GlcNAc(a1-4)Gal(b1-3)GalNAc(a1-Sp14,30.34385,14.436700000000002,14.9897,41.735775
Neu5Ac(a2-6)Gal(b1-4)GlcNAc(b1-2)Man(a1-6)[Man(a1-3)]Man(b1-4)GlcNAc(b1-4)GlcNAc(a1-Sp12,17.810975000000006,13.330799999999995,10.83055,11.905125000000005
Man(a1-6)[Neu5Ac(a2-6)Gal(b1-4)GlcNAc(b1-2)Man(a1-3)]Man(b1-4)GlcNAc(b1-4)GlcNAc(a1-Sp12,15.630225,24.634850000000004,19.5381,32.618075
Neu5Ac(a2-6)Gal(b1-4)GlcNAc(b1-2)Man(a1-6)Man(b1-4)GlcNAc(b1-4)GlcNAc(a1-Sp12,5.103974999999998,9.029275000000002,7.67875,-6.099274999999999
Neu5Ac(a2-6)Gal(b1-4)GlcNAc(b1-2)Man(a1-3)Man(b1-4)GlcNAc(b1-4)GlcNAc(a1-Sp12,7.744950000000001,13.63945,10.7263,4.4678499999999985
Gal(b1-4)GlcNAc(b1-2)Man(a1-3)Man(b1-4)GlcNAc(b1-4)GlcNAc(a1-Sp12,0.8132750000000009,5.9061,22.46265,33.809675
Gal(b1-4)GlcNAc(b1-2)Man(a1-6)Man(b1-4)GlcNAc(b1-4)GlcNAc(a1-Sp12,7.138925000000004,16.923900000000003,11.49405,17.41690000000001
Man(a1-6)[Gal(b1-4)GlcNAc(b1-2)Man(a1-3)]Man(b1-4)GlcNAc(b1-4)GlcNAc(b1-Sp12,17.068324999999998,18.03615,11.700875000000002,14.530750000000005
GlcNAc(b1-2)Man(a1-6)[GlcNAc(b1-2)Man(a1-3)]Man(b1-4)GlcNAc(b1-4)[Fuc(a1-6)]GlcNAc(b1-Sp22,17.122574999999998,3.0722500000000017,9.044099999999997,17.611400000000003
Gal(b1-4)GlcNAc(b1-2)Man(a1-6)[Gal(b1-4)GlcNAc(b1-2)Man(a1-3)]Man(b1-4)GlcNAc(b1-4)[Fuc(a1-6)]GlcNAc(b1-Sp22,8.082675000000002,19.54485,11.96915,17.9818
Gal(b1-3)GlcNAc(b1-2)Man(a1-6)[Gal(b1-3)GlcNAc(b1-2)Man(a1-3)]Man(b1-4)GlcNAc(b1-4)[Fuc(a1-6)]GlcNAc(b1-Sp22,32.056775,8.1378,4.810649999999999,-0.05004999999999882
(6S)GlcNAc(b1-3)Gal(b1-4)GlcNAc(b1-Sp0,25.22777500000001,23.3319,18.30875,62.3546
KDN(a2-3)Gal(b1-4)[Fuc(a1-3)]GlcNAc(a1-Sp0,48.14315000000001,19.263025,22.186325000000004,64.70682500000001
KDN(a2-6)Gal(b1-4)GlcNAc(a1-Sp0,13.010274999999995,15.318875,14.8833,16.908575000000006
KDN(a2-3)Gal(b1-4)Glc(a1-Sp0,13.629425000000005,6.2989250000000006,17.8583,42.077925000000015
KDN(a2-3)Gal(b1-3)GalNAc(a1-Sp14,29.75665,6.734225000000006,26.33715,32.230125
Fuc(a1-2)Gal(b1-3)GlcNAc(b1-2)Man(a1-6)[Fuc(a1-2)Gal(b1-3)GlcNAc(b1-2)Man(a1-3)]Man(b1-4)GlcNAc(b1-4)GlcNAc(b1-Sp20,36.22365,28.18865,20.0612,56.77467500000001
Fuc(a1-2)Gal(b1-4)GlcNAc(b1-2)Man(a1-6)[Fuc(a1-2)Gal(b1-4)GlcNAc(b1-2)Man(a1-3)]Man(b1-4)GlcNAc(b1-4)GlcNAc(b1-Sp20,10.72,18.0559,25.2161,58.4089
Fuc(a1-2)Gal(b1-4)[Fuc(a1-3)]GlcNAc(b1-2)Man(a1-6)[Fuc(a1-2)Gal(b1-4)[Fuc(a1-3)]GlcNAc(b1-2)Man(a1-3)]Man(b1-4)GlcNAc(b1-4)GlcNA(b1-Sp20,22.463649999999994,15.68405,28.80017500000001,43.2539
Gal(a1-3)Gal(b1-4)GlcNAc(b1-2)Man(a1-6)[Gal(a1-3)Gal(b1-4)GlcNAc(b1-2)Man(a1-3)]Man(b1-4)GlcNAc(b1-4)GlcNAc(b1-Sp20,15.65455,17.376824999999997,17.903575,10.288599999999997
Gal(b1-4)GlcNAc(b1-2)Man(a1-6)[Man(a1-3)]Man(b1-4)GlcNAc(b1-4)GlcNAc(b1-Sp12,4.616424999999998,9.110575,14.301975000000004,19.8745
Fuc(a1-4)[Gal(b1-3)]GlcNAc(b1-2)Man(a1-6)[Fuc(a1-4)[Gal(b1-3)]GlcNAc(b1-2)Man(a1-3)]Man(b1-4)GlcNAc(b1-4)[Fuc(a1-6)]GlcNAc(b1-Sp22,25.62505,20.757825,19.84135,50.08365000000001
Neu5Ac(a2-6)GlcNAc(b1-4)GlcNAc(a1-Sp21,4.576675000000002,10.186375,9.724424999999998,18.035175
Neu5Ac(a2-6)GlcNAc(b1-4)GlcNAc(b1-4)GlcNAc(a1-Sp21,21.064525,10.329,5.460700000000003,4.866274999999996
Gal(b1-4)[Fuc(a1-3)]GlcNAc(b1-6)[Fuc(a1-2)Gal(b1-4)GlcNAc(b1-3)]Gal(b1-4)Glc(a1-Sp21,29.53497500000001,18.612975000000006,23.321349999999995,57.606075
Gal(b1-4)GlcNAc(b1-2)Man(a1-6)[Gal(b1-4)GlcNAc(b1-4)[Gal(b1-4)GlcNAc(b1-2)]Man(a1-3)]Man(b1-4)GlcNAc(b1-4)GlcNAc(a1-Sp21,26.174975000000003,22.9927,9.7771,27.536700000000003
GalNAc(a1-3)[Fuc(a1-2)]Gal(b1-4)GlcNAc(b1-2)Man(a1-6)[GalNAc(a1-3)[Fuc(a1-2)]Gal(b1-4)GlcNAc(b1-2)Man(a1-3)]Man(b1-4)GlcNAc(b1-4)GlcNAc(b1-Sp20,14.7407,-0.3355750000000004,8.0472,9.739100000000008
Gal(a1-3)[Fuc(a1-2)]Gal(b1-4)GlcNAc(b1-2)Man(a1-6)[Gal(a1-3)[Fuc(a1-2)]Gal(b1-4)GlcNAc(b1-2)Man(a1-3)]Man(b1-4)GlcNAc(b1-4)GlcNAc(b1-Sp20,14.799525,12.312575000000002,16.876100000000008,9.178624999999997
Gal(a1-3)Gal(b1-4)[Fuc(a1-3)]GlcNAc(b1-2)Man(a1-6)[Gal(a1-3)Gal(b1-4)[Fuc(a1-3)]GlcNAc(b1-2)Man(a1-3)]Man(b1-4)GlcNAc(b1-4)GlcNAc(b1-Sp20,17.967125000000006,18.621,15.823599999999995,55.70845
GalNAc(a1-3)[Fuc(a1-2)]Gal(b1-3)GlcNAc(b1-2)Man(a1-6)[GalNAc(a1-3)[Fuc(a1-2)]Gal(b1-3)GlcNAc(b1-2)Man(a1-3)]Man(b1-4)GlcNAc(b1-4)GlcNAc(b1-Sp20,21.235725,-0.055799999999999635,15.331949999999996,22.42565
Gal(a1-3)[Fuc(a1-2)]Gal(b1-3)GlcNAc(b1-2)Man(a1-6)[Gal(a1-3)[Fuc(a1-2)]Gal(b1-3)GlcNAc(b1-2)Man(a1-3)]Man(b1-4)GlcNAc(b1-4)GlcNAc(b1-Sp20,17.241650000000003,22.12705,13.192849999999995,10.602375000000002
Fuc(a1-4)[Fuc(a1-2)Gal(b1-3)]GlcNAc(b1-2)Man(a1-3)[Fuc(a1-4)[Fuc(a1-2)Gal(b1-3)]GlcNAc(b1-2)Man(a1-3)]Man(b1-4)GlcNAc(b1-4)GlcNAc(b1-Sp19,20.144000000000002,19.883849999999995,35.23720000000001,28.854175
Neu5Ac(a2-3)Gal(b1-4)GlcNAc(b1-3)GalNAc(a1-Sp14,7.373699999999999,14.74795,26.223475,8.144975000000002
Neu5Ac(a2-6)Gal(b1-4)GlcNAc(b1-3)GalNAc(a1-Sp14,12.9243,12.821975,3.789925000000002,9.713875000000009
Neu5Ac(a2-3)Gal(b1-4)[Fuc(a1-3)]GlcNAc(b1-3)GalNAc(a1-Sp14,48.879525,14.76765,59.5943,51.08197499999999
GalNAc(b1-4)GlcNAc(b1-2)Man(a1-6)[GalNAc(b1-4)GlcNAc(b1-2)Man(a1-3)]Man(b1-4)GlcNAc(b1-4)GlcNAc(a1-Sp12,64.91477499999999,49.234475,43.34605,76.8558
Gal(b1-3)GalNAc(a1-3)[Fuc(a1-2)]Gal(b1-4)Glc(a1-Sp0,18.500325,24.68845000000001,11.097225000000002,30.492000000000004
Gal(b1-3)GalNAc(a1-3)[Fuc(a1-2)]Gal(b1-4)GlcNAc(a1-Sp0,8.753299999999998,5.3667750000000005,7.7193999999999985,4.135750000000012
Gal(b1-3)GlcNac(b1-3)Gal(b1-4)GlcNac(b1-6)[Gal(b1-3)GlcNac(b1-3)]Gal(b1-4)Glc(b1-Sp0,16.4596,18.157275,11.855899999999995,43.510750000000016
Gal(b1-4)[Fuc(a1-3)]GlcNAc(b1-6)[Gal(b1-3)GlcNAc(b1-3)]Gal(b1-4)Glc(a1-Sp21,19.094649999999994,17.272675,16.840124999999997,89.98569999999998
Gal(b1-4)GlcNAc(b1-6)[Fuc(a1-4)[Fuc(a1-2)Gal(b1-3)]GlcNAc(b1-3)]Gal(b1-4)Glc(a1-Sp21,7.472124999999997,4.37195,13.339975,29.22925
Gal(b1-4)[Fuc(a1-3)]GlcNAc(b1-6)[Fuc(a1-4)[Fuc(a1-2)Gal(b1-3)]GlcNAc(b1-3)]Gal(b1-4)Glc(a1-Sp21,7.682175000000003,6.47425,3.912550000000003,8.752075000000001
Gal(b1-3)GlcNAc(b1-3)Gal(b1-4)[Fuc(a1-3)]GlcNAc(b1-6)[Gal(b1-3)GlcNAc(b1-3)]Gal(b1-4)Glc(a1-Sp21,9.7471,15.30605,14.426000000000002,11.222874999999988
Gal(b1-4)GlcNac(b1-6)[Gal(b1-4)GlcNac(b1-2)]Man(a1-6)[Gal(b1-4)GlcNac(b1-4)[Gal(b1-4)GlcNac(b1-2)]Man(a1-3)]Man(b1-4)GlcNac(b1-4)GlcNac(b1-Sp21,3.5097749999999976,6.145099999999998,10.669174999999996,17.890150000000006
GlcNac(b1-2)Man(a1-6)[GlcNac(b1-4)[GlcNac(b1-2)]Man(a1-3)]Man(b1-4)GlcNac(b1-4)GlcNac(a1-Sp21,21.620774999999995,10.202999999999998,2.318925,-10.496399999999998
Fuc(a1-2)Gal(b1-3)GalNAc(a1-3)[Fuc(a1-2)]Gal(b1-4)Glc(b1-Sp0,11.193250000000004,5.655425000000001,20.20085,27.586449999999992
Fuc(a1-2)Gal(b1-3)GalNAc(a1-3)[Fuc(a1-2)]Gal(b1-4)GlcNAc(b1-Sp0,17.504825,11.27375,13.116775,9.351000000000004
Gal(b1-3)GlcNAc(b1-3)GalNAc(a1-Sp14,15.184974999999996,4.209300000000002,13.14665,22.031175
GalNAc(b1-4)[Neu5Ac(a2-3)]Gal(b1-4)GlcNAc(b1-3)GalNAc(a1-Sp14,62.08102499999998,63.5711,46.62242500000001,122.30440000000002
GalNAc(a1-3)[Fuc(a1-2)]Gal(b1-3)GalNAc(a1-3)[Fuc(a1-2)]Gal(b1-4)GlcNAc(b1-Sp0,10.839849999999998,26.043550000000003,15.086350000000005,34.641
Gal(a1-3)Gal(b1-3)GlcNAc(b1-2)Man(a1-6)[Gal(a1-3)Gal(b1-3)GlcNAc(b1-2)Man(a1-3)]Man(b1-4)GlcNAc(b1-4)GlcNAc(a1-Sp19,63.687575,37.561975,52.44219999999999,7740.667599999999
Gal(a1-3)Gal(b1-3)[Fuc(a1-4)]GlcNAc(b1-2)Man(a1-6)[Gal(a1-3)Gal(b1-3)[Fuc(a1-4)]GlcNAc(b1-2)Man(a1-3)]Man(b1-4)GlcNAc(b1-4)GlcNAc(a1-Sp19,27.741750000000003,41.91385000000001,32.47645000000001,46.86707500000002
Neu5Ac(a2-3)Gal(b1-3)GlcNAc(b1-2)Man(a1-6)[Neu5Ac(a2-3)Gal(b1-3)GlcNAc(b1-2)Man(a1-3)]Man(b1-4)GlcNAc(b1-4)GlcNAc(a1-Sp19,25.08425,21.339250000000003,15.81755,51.39649999999999
GlcNAc(b1-2)Man(a1-6)[Gal(b1-4)GlcNAc(b1-2)Man(a1-3)]Man(b1-4)GlcNAc(b1-4)GlcNAc(a1-Sp12,6.269849999999997,4.79335,7.61795,11.688125
Gal(b1-4)GlcNAc(b1-2)Man(a1-6)[GlcNAc(b1-2)Man(a1-3)]Man(b1-4)GlcNAc(b1-4)GlcNAc(a1-Sp12,3.2696250000000013,5.9882500000000025,3.322025,10.08345
Neu5Ac(a2-3)Gal(b1-3)GlcNAc(b1-3)GalNAc(a1-Sp14,3.9341749999999927,15.145825,13.762549999999996,-2.422275000000001
Fuc(a1-2)Gal(b1-4)GlcNac(b1-3)GalNac(a1-Sp14,9.6527,12.2201,36.718425,59.64695000000002
Gal(b1-4)[Fuc(a1-3)]GlcNac(b1-3)GalNac(a1-Sp14,12.931650000000005,34.617625,37.11205,240.15402500000005
GalNac(a1-3)GalNac(b1-3)Gal(a1-4)Gal(b1-4)GlcNac(b1-Sp0,14.802875000000002,6.5999500000000015,35.577925,47.683825
Gal(a1-4)Gal(b1-3)GlcNac(b1-2)Man(a1-6)[Gal(a1-4)Gal(b1-3)GlcNac(b1-2)Man(a1-3)]Man(b1-4)GlcNac(b1-4)GlcNac(b1-Sp19,5.075474999999999,14.657975000000008,13.983599999999996,6.237124999999995
Gal(a1-4)Gal(b1-4)GlcNac(b1-2)Man(a1-6)[Gal(a1-4)Gal(b1-4)GlcNac(b1-2)Man(a1-3)]Man(b1-4)GlcNac(b1-4)GlcNac(b1-Sp24,43.75052500000001,28.2095,45.23802499999999,81.03949999999998
Gal(a1-3)Gal(b1-4)GlcNac(b1-3)GalNac(a1-Sp14,10.406025,13.476175000000005,9.9335,14.883075000000005
Gal(b1-3)GlcNAc(b1-6)Gal(b1-4)GlcNAc(b1-Sp0,16.394425000000002,17.051800000000004,12.1465,26.942375
Gal(b1-3)GlcNAc(a1-6)Gal(b1-4)GlcNAc(b1-Sp0,26.112425,13.506175,13.869050000000005,0.6304999999999978
GalNAc(b1-3)Gal(a1-6)Gal(b1-4)Glc(b1-Sp8,9.312124999999996,8.297575000000002,1.986775,6.492024999999997
Gal(a1-3)[Fuc(a1-2)]Gal(b1-4)[Fuc(a1-3)]Glc(b1-Sp21,1.0203500000000003,4.2840250000000015,10.388150000000003,17.094375
Gal(b1-4)GlcNAc(b1-6)[Neu5Ac(a2-6)Gal(b1-3)GlcNAc(b1-3)]Gal(b1-4)Glc(a1-Sp21,12.712125,12.047199999999998,10.48345,6.413300000000002
Gal(b1-3)GalNAc(b1-4)[Neu5Ac(a2-8)Neu5Ac(a2-3)]Gal(b1-4)Glc(b1-Sp0,3.87195,12.694425,17.467725,1.9434249999999973
Neu5Ac(a2-3)Gal(b1-3)GalNAc(b1-4)[Neu5Ac(a2-8)Neu5Ac(a2-3)]Gal(b1-4)Glc(b1-Sp0,6.122250000000002,5.8297000000000025,1.470424999999996,13.459975
Gal(a1-3)[Fuc(a1-2)]Gal(b1-4)GlcNAc(b1-3)GalNAc(a1-Sp14,20.23865,27.816450000000003,22.79982499999999,31.118575
GalNAc(a1-3)[Fuc(a1-2)]Gal(b1-4)GlcNAc(b1-3)GalNAc(a1-Sp14,1.0046999999999997,20.68765,7.38495,55.471475
GalNAc(a1-3)GalNAc(b1-3)Gal(a1-4)Gal(b1-4)Glc(b1-Sp0,7.817999999999998,10.1497,9.7787,16.705524999999998
Fuc(a1-2)Gal(b1-4)[Fuc(a1-3)]GlcNAc(b1-3)GalNAc(a1-Sp14,109.64245,67.68225000000001,47.830875,152.28025
Gal(a1-3)[Fuc(a1-2)]Gal(b1-4)[Fuc(a1-3)]GlcNAc(b1-3)GalNAc(a1-Sp14,38.291875,59.28982500000001,33.428349999999995,175.05962499999995
GalNAc(a1-3)[Fuc(a1-2)]Gal(b1-4)[Fuc(a1-3)]GlcNAc(b1-3)GalNAc(a1-Sp14,116.65815,95.27215000000002,96.99772500000002,204.293375
Gal(b1-4)[Fuc(a1-3)]GlcNAc(b1-2)Man(a1-6)[Gal(b1-4)[Fuc(a1-3)]GlcNAc(b1-2)Man(a1-3)]Man(b1-4)GlcNAc(b1-4)[Fuc(a1-6)]GlcNAc(b1-Sp22,36.82345000000001,36.1437,57.7646,98.3439
Fuc(a1-2)Gal(b1-4)GlcNAc(b1-2)Man(a1-6)[Fuc(a1-2)Gal(b1-4)GlcNAc(b1-2)Man(a1-3)]Man(b1-4)GlcNAc(b1-4)[Fuc(a1-6)]GlcNAc(b1-Sp22,12.793500000000005,14.371474999999998,16.189349999999994,28.320574999999995
GlcNAc(b1-2)[GlcNAc(b1-6)]Man(a1-6)[GlcNAc(b1-2)Man(a1-3)]Man(b1-4)GlcNAc(b1-4)GlcNAc(b1-Sp19,6.519725000000002,18.259825000000006,6.669525000000003,-8.3224
Fuc(a1-2)Gal(b1-3)GlcNAc(b1-3)GalNAc(a1-Sp14,13.715300000000004,10.344549999999998,11.912949999999995,9.2881
Gal(a1-3)[Fuc(a1-2)]Gal(b1-3)GlcNAc(b1-3)GalNAc(a1-Sp14,9.899625,8.974075000000003,1.4891999999999983,-0.3865249999999989
GalNAc(a1-3)[Fuc(a1-2)]Gal(b1-3)GlcNAc(b1-3)GalNAc(a1-Sp14,14.60445,10.539725000000002,48.66577500000002,78.15202499999998
Gal(a1-3)Gal(b1-3)GlcNAc(b1-3)GalNAc(a1-Sp14,13.768375,12.348975,12.260450000000002,21.066150000000007
Fuc(a1-2)Gal(b1-3)GlcNAc(b1-2)Man(a1-6)[Fuc(a1-2)Gal(b1-3)GlcNAc(b1-2)Man(a1-3)]Man(b1-4)GlcNAc(b1-4)[Fuc(a1-6)]GlcNAc(b1-Sp22,10.444749999999996,10.965174999999995,22.082725,10.025949999999996
Gal(a1-3)[Fuc(a1-2)]Gal(b1-4)GlcNAc(b1-2)Man(a1-6)[Gal(a1-3)[Fuc(a1-2)]Gal(b1-4)GlcNAc(b1-2)Man(a1-3)]Man(b1-4)GlcNAc(b1-4)[Fuc(a1-6)]GlcNAc(b1-Sp22,15.053499999999996,10.683149999999998,9.582875,10.646550000000008
Gal(b1-3)GlcNAc(b1-6)[Gal(b1-3)GlcNAc(b1-2)]Man(a1-6)[Gal(b1-3)GlcNAc(b1-2)Man(a1-3)]Man(b1-4)GlcNAc(b1-4)GlcNAc(b1-Sp19,15.553074999999994,33.403949999999995,31.95985000000001,30.12605000000001
Gal(b1-4)GlcNAc(b1-6)[Fuc(a1-2)Gal(b1-3)GlcNAc(b1-3)]Gal(b1-4)Glc(a1-Sp21,16.906325,9.0971,11.6771,15.599199999999993
Fuc(a1-3)GlcNAc(b1-6)[Gal(b1-4)GlcNAc(b1-3)]Gal(b1-4)Glc(a1-Sp21,40.12349999999999,43.5827,14.382075000000002,46.79180000000001
GlcNAc(b1-2)Man(a1-6)[GlcNAc(b1-4)][GlcNAc(b1-2)Man(a1-3)]Man(b1-4)GlcNac(b1-4)GlcNAc(a1-Sp21,10.284549999999998,22.759550000000004,17.686074999999995,16.4715
GlcNAc(b1-2)Man(a1-6)[GlcNAc(b1-4)][GlcNAc(b1-4)[GlcNAc(b1-2)]Man(a1-3)]Man(b1-4)GlcNAc(b1-4)GlcNAc(a1-Sp21,2.4286000000000008,5.017324999999999,2.2927500000000025,0.4964000000000013
GlcNAc(b1-6)[GlcNAc(b1-2)]Man(a1-6)[GlcNAc(b1-4)][GlcNAc(b1-2)Man(a1-3)]Man(b1-4)GlcNAc(b1-4)GlcNAc(a1-Sp21,3.3268250000000004,7.47235,3.840375,7.798549999999995
GlcNAc(b1-6)[GlcNAc(b1-2)]Man(a1-6)[GlcNAc(b1-4)][GlcNAc(b1-4)[GlcNAc(b1-2)]Man(a1-3)]Man(b1-4)GlcNAc(b1-4)GlcNAc(a1-Sp21,1.2436000000000007,6.594900000000004,10.541349999999998,-1.196875
Gal(b1-4)GlcNAc(b1-2)Man(a1-6)[GlcNAc(b1-4)][Gal(b1-4)GlcNAc(b1-2)Man(a1-3)]Man(b1-4)GlcNAc(b1-4)GlcNAc(a1-Sp21,10.231850000000003,13.120949999999995,8.878300000000003,4.582974999999999
Gal(b1-4)GlcNAc(b1-2)Man(a1-6)[GlcNAc(b1-4)][Gal(b1-4)GlcNAc(b1-4)[Gal(b1-4)GlcNAc(b1-2)]Man(a1-3)]Man(b1-4)GlcNAc(b1-4)GlcNAc(a1-Sp21,3.218074999999999,5.936275000000002,3.557575,-6.102925000000003
Gal(b1-4)GlcNAc(b1-6)[Gal(b1-4)GlcNAc(b1-2)]Man(a1-6)[GlcNAc(b1-4)][Gal(b1-4)GlcNAc(b1-2)Man(a1-3)]Man(b1-4)GlcNAc(b1-4)GlcNAc(a1-Sp21,5.750550000000002,5.7911,6.930375,1.195450000000001
Gal(b1-4)GlcNAc(b1-6)[Gal(b1-4)GlcNAc(b1-2)]Man(a1-6)[GlcNAc(b1-4)][Gal(b1-4)GlcNAc(b1-4)[Gal(b1-4)GlcNAc(b1-2)]Man(a1-3)]Man(b1-4)GlcNAc(b1-4)GlcNAc(a1-Sp21,15.7146,3.1151500000000016,15.825999999999999,-15.176775000000005
Gal(b1-4)Gal(b1-Sp10,10.9409,10.283950000000004,13.703375000000005,-2.3076000000000043
Gal(b1-6)Gal(b1-Sp10,14.85355,8.747775000000003,25.517274999999994,11.75085
Neu5Ac(a2-3)Gal(b1-4)GlcNAc(b1-3)Gal(b1-Sp8,11.699824999999993,14.578825,10.462625000000003,9.133724999999998
GalNAc(b1-6)GalNAc(b1-Sp8,0.11520000000000152,7.086524999999997,-2.641774999999999,-10.531349999999987
(6S)Gal(b1-3)GlcNAc(b1-Sp0,-2.880949999999995,4.718700000000002,-2.102474999999999,-17.757749999999994
(6S)Gal(b1-3)(6S)GlcNAc(a1-Sp0,8.046425000000005,9.991875,3.018724999999999,-7.004875
Fuc(a1-2)Gal(b1-4) GlcNAc(b1-2)Man(a1-6)[Fuc(a1-2)Gal(b1-4)GlcNAc(b1-2)[Fuc(a1-2)Gal(b1-4)GlcNAc(b1-4)]Man(a1-3)]Man(b1-4)GlcNAc(b1-4)GlcNAc(b1-N,27.84007500000001,16.220025,23.246775000000003,56.92150000000001
Fuc(a1-2)Gal(b1-4)[Fuc(a1-3)]GlcNAc(b1-2)Man(a1-6)[Fuc(a1-2)Gal(b1-4)[Fuc(a1-3)]GlcNAc(b1-4)[Fuc(a1-2)Gal(b1-4)[Fuc(a1-3)]GlcNAc(b1-2)]Man(a1-3)]Man(b1-4)GlcNAc(b1-4)GlcNAc(b1-N,27.43960000000001,23.60375,26.9445,27.287699999999994
Gal(b1-4)[Fuc(a1-3)]GlcNAc(b1-6)GalNAc(a1-Sp14,37.71965000000001,13.098125,7.660400000000003,30.884675000000005
Gal(b1-4)GlcNAc(b1-2)Man(a1-Sp0,17.417924999999997,4.821475,6.726899999999992,-11.27125
Fuc(a1-2)Gal(b1-4)GlcNAc(b1-6)[Fuc(a1-2)Gal(b1-4)GlcNAc(b1-3)]GalNAc(a1-Sp14,13.016125,16.586775,7.029124999999999,99.211675
Gal(a1-3)Fuc(a1-2)Gal(b1-4)GlcNAc(b1-6)[Gal(a1-3)Fuc(a1-2)Gal(b1-4)GlcNAc(b1-3)]GalNAc(a1-Sp14,6.642050000000001,12.312550000000002,11.636600000000005,24.323825
GalNAc(a1-3)[Fuc(a1-2)]Gal(b1-4)GlcNAc(b1-6)[GalNAc(a1-3)[Fuc(a1-2)]Gal(b1-4)GlcNAc(b1-3)]GalNAc(a1-Sp14,2.128499999999999,6.517575000000003,6.185725,-5.990825000000001
Neu5Ac(a2-8)Neu5Ac(a2-3)Gal(b1-3)GalNAc(b1-4)[Neu5Ac(a2-8)Neu5Ac(a2-3)]Gal(b1-4)Glc(b1-Sp0,5.322074999999998,9.913950000000002,8.802974999999998,3.5514749999999933
GalNAc(b1-4)Gal(b1-4)Glc(b1-Sp0,2.4634750000000025,7.7537249999999975,14.156550000000005,-1.9804749999999949
GalNAc(a1-3)[Fuc(a1-2)]Gal(b1-4)GlcNAc(b1-2)Man(a1-6)[GalNAc(a1-3)[Fuc(a1-2)]Gal(b1-4)GlcNAc(b1-2)Man(a1-3)]Man(b1-4)GlcNAc(b1-4)[Fuc(a1-6)]GlcNAc(b1-Sp22,29.25855,28.00265000000001,38.08395,58.146925
Gal(a1-3)[Fuc(a1-2)]Gal(b1-3)GlcNAc(b1-2)Man(a1-6)[Gal(a1-3)[Fuc(a1-2)]Gal(b1-3)GlcNAc(b1-2)Man(a1-3)]Man(b1-4)GlcNAc(b1-4)[Fuc(a1-6)]GlcNAc(b1-Sp22,29.460725000000004,26.3847,10.414474999999998,57.70080000000001
Neu5Ac(a2-6)Gal(b1-4)GlcNAc(b1-6)[Fuc(a1-2)Gal(b1-3)GlcNAc(b1-3)]Gal(b1-4)Glc(a1-Sp21,3.6986500000000007,16.170525,14.011724999999998,-5.36645
GalNAc(a1-3)[Fuc(a1-2)]Gal(b1-3)GlcNAc(b1-2)Man(a1-6)[GalNAc(a1-3)[Fuc(a1-2)]Gal(b1-3)GlcNAc(b1-2)Man(a1-3)]Man(b1-4)GlcNAc(b1-4)[Fuc(a1-6)]GlcNAc(b1-Sp22,20.11585,9.21105,6.731675000000001,7.547800000000002
Gal(b1-4)GlcNAc(b1-6)[Gal(b1-4)GlcNAc(b1-2)]Man(a1-6)[Gal(b1-4)GlcNAc(b1-2)Man(a1-3)]Man(b1-4)GlcNAc(b1-4)GlcNAc(b1-Sp19,7.588099999999999,7.738225,17.896125000000005,-5.908000000000001
Neu5Ac(a2-3)Gal(b1-4)GlcNAc(b1-2)Man(a1-6)[GlcNAc(b1-4)][Neu5Ac(a2-3)Gal(b1-4)GlcNAc(b1-2)Man(a1-3)]Man(b1-4)GlcNAc(b1-4)GlcNAc(b1-Sp21,2.024825,9.380449999999998,6.473875000000001,-2.4040750000000024
Neu5Ac(a2-3)Gal(b1-4)GlcNAc(b1-4)Man(a1-6)[GlcNAc(b1-4)][Neu5Ac(a2-3)Gal(b1-4)GlcNAc(b1-4)[Neu5Ac(a2-3)Gal(b1-4)GlcNAc(b1-2)]Man(a1-3)]Man(b1-4)GlcNAc(b1-4)GlcNAc(b1-Sp21,2.7015249999999984,13.744275,16.135849999999998,-33.19177499999999
Neu5Ac(a2-3)Gal(b1-4)GlcNAc(b1-6)[Neu5Ac(a2-3)Gal(b1-4)GlcNAc(b1-2)]Man(a1-6)[GlcNAc(b1-4)][Neu5Ac(a2-3)Gal(b1-4)GlcNAc(b1-2)Man(a1-3)]Man(b1-4)GlcNAc(b1-4)GlcNAc(b1-Sp21,17.370675,6.586074999999999,10.838799999999996,3.7544999999999966
Neu5Ac(a2-3)Gal(b1-4)GlcNAc(b1-6)[Neu5Ac(a2-3)Gal(b1-4)GlcNAc(b1-2)]Man(a1-6)[GlcNAc(b1-4)][Neu5Ac(a2-3)Gal(b1-4)GlcNAc(b1-4)[Neu5Ac(a2-3)Gal(b1-4)GlcNAc(b1-2)]Man(a1-3)]Man(b1-4)GlcNAc(b1-4)GlcNAc(b1-Sp21,7.499224999999999,-0.6528249999999991,10.925225000000005,-6.4510000000000005
Neu5Ac(a2-6)Gal(b1-4)GlcNAc(b1-2)Man(a1-6)[GlcNAc(b1-4)][Neu5Ac(a2-6)Gal(b1-4)GlcNAc(b1-2)Man(a1-3)]Man(b1-4)GlcNAc(b1-4)GlcNAc(b1-Sp21,1.7142750000000042,4.5431750000000015,12.11655,-12.319375
Neu5Ac(a2-6)Gal(b1-4)GlcNAc(b1-4)Man(a1-6)[GlcNAc(b1-4)][Neu5Ac(a2-6)Gal(b1-4)GlcNAc(b1-4)[Neu5Ac(a2-6)Gal(b1-4)GlcNAc(b1-2)]Man(a1-3)]Man(b1-4)GlcNAc(b1-4)GlcNAc(b1-Sp21,-0.8884749999999997,9.380275,-1.5191,-2.420924999999997
Neu5Ac(a2-6)Gal(b1-4)GlcNAc(b1-6)[Neu5Ac(a2-6)Gal(b1-4)GlcNAc(b1-2)]Man(a1-6)[GlcNAc(b1-4)][Neu5Ac(a2-6)Gal(b1-4)GlcNAc(b1-2)Man(a1-3)]Man(b1-4)GlcNAc(b1-4)GlcNAc(b1-Sp21,24.168825,13.320775,46.92935,19.24445
Neu5Ac(a2-6)Gal(b1-4)GlcNAc(b1-6)[Neu5Ac(a2-6)Gal(b1-4)GlcNAc(b1-2)]Man(a1-6)[GlcNAc(b1-4)][Neu5Ac(a2-6)Gal(b1-4)GlcNAc(b1-4)[Neu5Ac(a2-6)Gal(b1-4)GlcNAc(b1-2)]Man(a1-3)]Man(b1-4)GlcNAc(b1-4)GlcNAc(b1-Sp21,16.836000000000002,19.997575,12.011125000000005,15.962225000000005
Gal(a1-3)[Fuc(a1-2)]Gal(b1-3)GalNAc(a1-Sp8,29.0276,25.57940000000001,21.99665,12.900400000000012
Gal(a1-3)[Fuc(a1-2)]Gal(b1-3)GalNAc(b1-Sp8,29.016549999999995,11.749475000000002,21.597774999999995,58.769475
Glc(a1-6)Glc(a1-6)Glc(a1-6)Glc(b1-Sp10,35.424575,20.085375,1.4983999999999984,21.207374999999992
Glc(a1-4)Glc(a1-4)Glc(a1-4)Glc(b1-Sp10,6.579749999999999,7.038075000000001,13.568025,38.89985
Neu5Ac(a2-3)Gal(b1-4)GlcNAc(b1-6)[Neu5Ac(a2-3)Gal(b1-4)GlcNAc(b1-3)]GalNAc(a1-Sp14,13.472099999999998,3.235,8.355675000000002,-7.286099999999998
Fuc(a1-2)Gal(b1-4)[Fuc(a1-3)]GlcNAc(b1-2)Man(a1-6)[Fuc(a1-2)Gal(b1-4)[Fuc(a1-3)]GlcNAc(b1-2)Man(a1-3)]Man(b1-4)GlcNAc(b1-4)[Fuc(a1-6)]GlcNAc(b1-Sp24,15.238674999999995,20.819775,217.7678,5613.52265
Fuc(a1-2)Gal(b1-3)[Fuc(a1-4)]GlcNAc(b1-2)Man(a1-6)[Fuc(a1-2)Gal(b1-3)[Fuc(a1-4)]GlcNAc(b1-2)Man(a1-3)]Man(b1-4)GlcNAc(b1-4)[Fuc(a1-6)]GlcNA(cb-S)p(1-4)[Fuc(a1-6)]GlcNAc(b1-Sp19,12.01625,16.129424999999998,15.538150000000005,5.8120499999999975
Neu5Ac(a2-3)Gal(b1-3)GlcNAc(b1-6)[Neu5Ac(a2-3)Gal(b1-4)GlcNAc(b1-2)]Man(a1-6)[Neu5Ac(a2-3)Gal(b1-3)GlcNAc(b1-2)Man(a1-3)]Man(b1-4)GlcNAc(b1-4)GlcNAc(b1-Sp19,0.8097249999999985,6.02195,4.985325000000001,-5.366849999999996
GlcNAc(b1-6)[GlcNAc(b1-2)]Man(a1-6)[GlcNAc(b1-2)Man(a1-3)]Man(b1-4)GlcNAc(b1-4)[Fuc(a1-6)]GlcNAc(b1-Sp24,15.267000000000001,11.551525000000005,12.952050000000005,4.990299999999999
Gal(b1-3)GlcNAc(b1-2)Man(a1-6)[GlcNAc(b1-4)][Gal(b1-3)GlcNAc(b1-2)Man(a1-3)]Man(b1-4)GlcNAc(b1-4)GlcNAc(b1-Sp21,8.215925000000002,0.3475999999999981,10.02005,-4.881924999999992
Neu5Ac(a2-6)Gal(b1-4)GlcNAc(b1-6)[Gal(b1-3)GlcNAc(b1-3)]Gal(b1-4)Glc(b1-Sp21,5.2455500000000015,6.988424999999999,-2.58685,-18.678325000000005
Neu5Ac(a2-3)Gal(b1-4)GlcNAc(b1-2)Man(a1-Sp0,18.843,16.811974999999997,18.787575000000004,2.2076
Neu5Ac(a2-3)Gal(b1-4)GlcNAc(b1-6)GalNAc(a1-Sp14,-7.4429750000000015,0.5423000000000027,6.4070999999999945,-13.122724999999996
Neu5Ac(a2-6)Gal(b1-4)GlcNAc(b1-6)GalNAc(a1-Sp14,13.650499999999996,12.144725,28.0623,9.085650000000008
Neu5Ac(a2-6)Gal(b1-4)GlcNAc(b1-6)[Neu5Ac(a2-6)Gal(b1-4)GlcNAc(b1-3)]GalNAc(a1-Sp14,4.2766,8.962875,24.29545,5.497050000000009
Neu5Ac(a2-6)Gal(b1-4)GlcNAc(b1-2)Man(a1-6)[Neu5Ac(a2-6)Gal(b1-4)GlcNAc(b1-2)Man(a1-3)]Man(b1-4)GlcNAc(b1-4)[Fuc(a1-6)]GlcNAc(b1-Sp24,29.281825,20.624649999999995,24.092575,0.8201499999999946
Neu5Ac(a2-3)Gal(b1-4)GlcNAc(b1-2)Man(a1-6)[Neu5Ac(a2-3)Gal(b1-4)GlcNAc(b1-2)Man(a1-3)]Man(b1-4)GlcNAc(b1-4)[Fuc(a1-6)]GlcNAc(b1-Sp24,14.7947,11.727324999999995,3.0006499999999985,1.0242249999999975
Man(a1-6)[Man(a1-3)]Man(b1-4)GlcNAc(b1-4)[Fuc(a1-6)]GlcNAc(b1-Sp19,2.49675,5.6877999999999975,7.1742500000000025,-6.817350000000001
Gal(b1-4)GlcNAc(b1-6)[Gal(b1-4)GlcNAc(b1-2)]Man(a1-6)[Gal(b1-4)GlcNAc(b1-2)Man(a1-3)]Man(b1-4)GlcNAc(b1-4)[Fuc(a1-6)]GlcNAc(b1-Sp24,6.3118,3.2221500000000014,9.872725000000004,11.726325000000005
Neu5Ac(a2-3)Gal(b1-3)GlcNAc(b1-2)Man(a1-6)[GlcNAc(b1-4)][Neu5Ac(a2-3)Gal(b1-3)GlcNAc(b1-2)Man(a1-3)]Man(b1-4)GlcNAc(b1-4)GlcNAc(a1-Sp21,3.690899999999999,5.405025000000002,10.449750000000003,19.778849999999995
Neu5Ac(a2-6)Gal(b1-4)GlcNAc(b1-6)[Fuc(a1-2)Gal(b1-4)[Fuc(a1-3)]GlcNAc(b1-3)]Gal(b1-4)Glc(a1-Sp21,13.398550000000002,7.791500000000003,11.989525,-5.441975000000002
Gal(b1-3)GlcNAc(b1-6)GalNAc(a1-Sp14,1.7059499999999979,5.658549999999997,13.731525000000005,4.992850000000012
Gal(a1-3)Gal(b1-3)GlcNAc(b1-6)GalNAc(a1-Sp14,13.263849999999998,10.7395,9.63425,-10.621050000000004
Gal(b1-3)[Fuc(a1-4)]GlcNAc(b1-6)GalNAc(a1-Sp14,30.67432500000001,26.766200000000005,37.2689,110.01565
Neu5Ac(a2-3)Gal(b1-3)GlcNAc(b1-6)GalNAc(a1-Sp14,31.978349999999992,22.35164999999999,23.56195,18.352125000000004
(3S)Gal(b1-3)[Fuc(a1-4)]GlcNAc(b1-Sp0,31.83095,16.309800000000006,17.912375000000004,15.984974999999993
Gal(b1-4)[Fuc(a1-3)]GlcNAc(b1-6)[Neu5Ac(a2-6)[Neu5Ac(a2-3)Gal(b1-3)]GlcNAc(b1-3)]Gal(b1-4)Glc(a1-Sp21,9.677099999999998,9.166024999999998,13.026775,8.104625000000002
Fuc(a1-2)Gal(b1-4)GlcNAc(b1-6)GalNAc(a1-Sp14,33.3852,10.228299999999997,26.29014999999999,22.142375
Gal(a1-3)Gal(b1-4)GlcNAc(b1-6)GalNAc(a1-Sp14,3.4308000000000014,9.73365,-1.0494750000000002,-12.073175
Gal(b1-4)[Fuc(a1-3)]GlcNAc(b1-2)Man(a1-Sp0,2.7705750000000013,5.942000000000002,20.51375,5.294349999999998
Fuc(a1-2)(6S)Gal(b1-3)GlcNAc(b1-Sp0,4.451224999999999,0.9148499999999986,13.835725000000005,2.4116000000000035
Gal(a1-3)[Fuc(a1-2)]Gal(b1-4)GlcNAc(b1-6)GalNAc(a1-Sp14,2.2688750000000013,13.400475,11.906274999999996,11.234000000000005
Fuc(a1-2)Gal(b1-4)GlcNAc(b1-2)Man(a1-Sp0,6.505074999999998,3.50245,13.180599999999995,4.950625000000006
Fuc(a1-2)Gal(b1-3)(6S)GlcNAc(b1-Sp0,14.91435,6.780649999999998,16.252824999999998,-0.10955000000000226
Fuc(a1-2)(6S)Gal(b1-3)(6S)GlcNAc(b1-Sp0,27.42665,15.050950000000002,13.805875,4.846825000000003
Neu5Ac(a2-6)GalNAc(b1-4)(6S)GlcNAc(b1-Sp8,8.366900000000001,-1.718774999999999,7.432825000000001,-11.559324999999996
GalNAc(b1-4)[Fuc(a1-3)](6S)GlcNAc(b1-Sp8,34.611025000000005,7.869900000000001,13.122149999999998,3.486600000000003
(3S)GalNAc(b1-4)[Fuc(a1-3)]GlcNAc(b1-Sp8,17.924274999999994,14.2735,0.1294499999999985,14.37715
Fuc(a1-2)Gal(b1-3)GlcNAc(b1-6)[Fuc(a1-2)Gal(b1-3)GlcNAc(b1-3)]GalNAc(a1-Sp14,12.407475,13.415850000000004,25.692125000000004,46.78975
GalNAc(a1-3)[Fuc(a1-2)]Gal(b1-3)GlcNAc(b1-6)GalNAc(a1-Sp14,9.159224999999996,18.717375000000008,0.26589999999999936,-8.664049999999996
GlcNAc(b1-6)[GlcNAc(b1-2)]Man(a1-6)[GlcNAc(b1-4)][GlcNAc(b1-4)[GlcNAc(b1-2)]Man(a1-3)]Man(b1-4)GlcNAc(b1-4)[Fuc(a1-6)]GlcNAc(a1-Sp21,-0.5031250000000007,-1.102199999999999,4.4389999999999965,-10.847525
Gal(b1-4)GlcNAc(b1-6)[Gal(b1-4)GlcNAc(b1-2)]Man(a1-6)[GlcNAc(b1-4)]Gal(b1-4)GlcNAc(b1-4)[Gal (b1-4)GlcNAc(b1-2)]Man(a1-3)]Man(b1-4)GlcNAc(b1-4)[Fuc(a1-6)]GlcNAc(a1-Sp21,1.759375,5.702874999999999,15.3717,-12.845475
Gal(b1-3)GlcNAc(a1-3)Gal(b1-4)GlcNAc(b1-Sp8 ,-0.5077749999999988,8.979474999999997,9.86605,3.7926
Gal(b1-3)(6S)GlcNAc(b1-Sp8 ,7.7471999999999985,3.0302500000000023,-2.505325000000001,3.653600000000001
(6S)(4S)GalNAc(b1-4)GlcNAc(a1-Sp8,6.544074999999998,6.4196500000000025,5.712225,15.931675000000002
(6S)GalNAc(b1-4)GlcNAc(a1-Sp8 ,-2.4521,-0.8563249999999982,16.439674999999994,-22.031075
(3S)GalNAc(b1-4)(3S)GlcNAc(a1-Sp8,2.0908749999999987,10.760275,8.017525000000004,6.579925000000002
GalNAc(b1-4)(6S)GlcNAc(a1-Sp8 ,-1.44875,2.6069000000000013,16.469,-18.696075
(3S)GalNAc(b1-4)GlcNAc(a1-Sp8 ,-2.08605,9.2089,8.664325000000002,-37.29835
(4S)GalNac(b1-Sp10,1.5717249999999992,8.827725,10.179575,5.219049999999998
Gal(b1-4)(6P)GlcNAc(b1-Sp0 ,27.365825,24.07337500000001,10.3909,-5.677425000000008
(6P)Gal(b1-4)GlcNAc(b1-SP0 ,5.041374999999999,2.2742500000000003,13.017625,-8.14315
GalNAc(a1-3)[Fuc(a1-2)]Gal(b1-4)GlcNAc(b1-6)GalNAc(a1-Sp14,0.03365000000000151,3.846824999999999,1.8408500000000008,1.039500000000002
Neu5Ac(a2-6)Gal(b1-4)GlcNAc(b1-2)Ma(n1-Sp0,9.76855,3.7149,5.156974999999999,8.449099999999996
Gal(a1-3)Gal(b1-4)GlcNAc(b1-2)Man(a1-Sp0,7.587899999999998,18.518175,9.03325,2.5969250000000024
Gal(a1-3)[Fuc(a1-2)]Gal(b1-4)GlcNAc(b1-2)Man(a1-Sp0,7.355599999999999,9.440100000000003,22.820625,21.177625000000006
GalNAc(a1-3)[Fuc(a1-2)]Gal(b1-4) GlcNAc(b1-2)Man(a1-Sp0,9.210525,16.568575,15.176199999999998,-1.8062250000000013
 Gal(b1-3)GlcNAc(b1-2)Man(a1-Sp0,36.53625,22.6672,38.478775,64.26262500000001
Gal(a1-3)[Fuc(a1-2)]Gal(b1-3)GlcNAc(b1-6)GalNAc(a1-Sp14,30.931600000000003,20.228250000000006,5.891675000000005,-3.906224999999999
Neu5Ac(a2-3)Gal(b1-3)GlcNAc(b1-2)Man(a1-Sp0,20.26555,27.871125,27.13925000000001,17.820475000000005
Gal(a1-3)Gal(b1-3)GlcNAc(b1-2)Man(a1-Sp0,-0.3835750000000022,5.324150000000001,10.615799999999997,9.945325000000004
GalNAc(b1-4)GlcNAc(b1-2)Man(a1-Sp0,-1.4041250000000003,2.850274999999998,9.530575,22.3863
Neu5Ac(a2-3)Gal(b1-3)GlcNAc(b1-4)Gal(b1-4)Glc(b1-Sp0,9.5528,6.7043,10.59215,15.172350000000002
GlcNAc(b1-2) Man(a1-6)[GlcNAc(b1-4)][GlcNAc(b1-2)Man(a1-3)]Man(b1-4)GlcNAc(b1-4)[Fuc(a1-6)]GlcNAc(a1-Sp21,4.765299999999998,5.1187999999999985,2.5740749999999992,5.623999999999796
Gal(b1-4)GlcNAc(b1-2)Man(a1-6)[GlcNAc(b1-4)][Gal(b1-4)GlcNAc(b1-2)Man(a1-3)]Man(b1-4)GlcNAc(b1-4)[Fuc(a1-6)]GlcNAc(a1-Sp21,8.87315,7.715275000000003,5.367425000000001,5.6452250000000035
Gal(b1-4)GlcNAc(b1-2)Man(a1-6)[Gal(b1-4)GlcNAc(b1-4)][Gal(b1-4)GlcNAc(b1-2)Man(a1-3)]Man(b1-4)GlcNAc(b1-4)[Fuc(a1-6)]GlcNAc(a1-Sp21,5.890125000000002,4.350125000000002,10.478225000000002,-7.400775000000002
Fuc(a1-4)[Gal(b1-3)]GlcNAc(b1-2)Man(a1-Sp0,16.4497,3.8960750000000033,9.6175,25.30765
Neu5Ac(a2-3)Gal(b1-4)[Fuc(a1-3)]GlcNAc(b1-2)Man(a1-Sp0,8.144800000000004,5.860799999999999,6.837925,24.473175
GlcNAc(b1-3)Gal(b1-4)GlcNAc(b1-6)[GlcNAc(b1-3)]Gal(b1-4)GlcNAc(a1-Sp0,11.782750000000005,3.916549999999999,16.79795,13.644975000000002
GalNAc(a1-3)[Fuc(a1-2)]Gal(b1-3)GalNAc(b1-3)Gal(a1-4)Gal(b1-4)Glc(a1-Sp21,7.029775000000001,14.499424999999995,14.779250000000005,12.164400000000004
Gal(a1-3)[Fuc(a1-2)]Gal(b1-3)GalNAc(b1-3)Gal(a1-4)Gal(b1-4)Glc(a1-Sp21,19.546525000000006,21.956050000000005,29.770725,25.238474999999994
Gal(b1-3)GalNAc(b1-3)Ga(l1-Sp21,9.659425000000004,4.807999999999997,4.81125,8.641625000000001
GlcNAc(b1-3)Gal(b1-4)GlcNAc(b1-2)Man(a1-6)[GlcNAc(b1-3)Gal(b1-4)GlcNAc(b1-2)Man(a1-3)]Man(b1-4)GlcNAc(b1-4)GlcNAc(b1-Sp12,5.573725,2.6500249999999994,6.3783749999999975,-14.002850000000002
GlcNAc(b1-3)Gal(b1-4)GlcNAc(b1-2)Man(a1-6)[GlcNAc(b1-3)Gal(b1-4)GlcNAc(b1-2)Man(a1-3)]Man(b1-4)GlcNAc(b1-4)GlcNAc(b1-Sp25,48.63334999999999,33.11047500000001,21.516024999999992,45.98277500000001
Gal(b1-4)GlcNAc(b1-3)Gal(b1-4)GlcNAc(b1-2)Man(a1-6)[Gal(b1-4)GlcNAc(b1-3)Gal(b1-4)GlcNAc(b1-2)Man(a1-3)]Man(b1-4)GlcNAc(b1-4)GlcNAc(b1-Sp12,128.73580000000004,146.86605000000003,153.028175,416.0270499999999
Gal(b1-4)GlcNAc(b1-3)Gal(b1-4)GlcNAc(b1-2)Man(a1-6)[Gal(b1-4)GlcNAc(b1-3)Gal(b1-4)GlcNAc(b1-2)Man(a1-3)]Man(b1-4)GlcNAc(b1-4)GlcNAc(b1-Sp24,15.084425,16.601875,10.145875000000004,21.749825
Neu5Gc(a2-3)Gal(b1-4)GlcNAc(b1-3)Gal(b1-4)GlcNAc(b1-2)Man(a1-6)[Neu5Gc(a2-3)Gal(b1-4)GlcNAc(b1-3)Gal(b1-4)GlcNAc(b1-2)Man(a1-3)]Man(b1-4)GlcNAc(b1-4)GlcNAc(b1-Sp24,24.7119,17.865724999999994,9.5175,8.8796
Fuc(a1-2)Gal(b1-4)GlcNAc(b1-3)Gal(b1-4)GlcNAc(b1-2)Man(a1-6)[Fuc(a1-2)Gal(b1-4)GlcNAc(b1-3)Gal(b1-4)GlcNAc(b1-2)Man(a1-3)]Man(b1-4)GlcNAc(b1-4)GlcNAc(b1-Sp24,24.371725,31.404625,145.0976,1050.2301
GlcNAc(b1-3)Gal(b1-4)GlcNAc(b1-3)Gal(b1-4)GlcNAc(b1-2)Man(a1-6)[GlcNAc(b1-3)Gal(b1-4)GlcNAc(b1-3)Gal(b1-4)GlcNAc(b1-2)Man(a1-3)]Man(b1-4)GlcNAc(b1-4)GlcNAc(b1-Sp12,135.118075,57.022375,129.4107,357.9293
GlcNAc(b1-3)Gal(b1-4)GlcNAc(b1-3)Gal(b1-4)GlcNAc(b1-2)Man(a1-6)[GlcNAc(b1-3)Gal(b1-4)GlcNAc(b1-3)Gal(b1-4)GlcNAc(b1-2)Man(a1-3)]Man(b1-4)GlcNAc(b1-4)GlcNAc(b1-Sp25,23.674225,29.402474999999995,21.596574999999994,34.679575
Gal(b1-4)GlcNAc(b1-3)Gal(b1-4)GlcNAc(b1-3)Gal(b1-4)GlcNAc(b1-2)Man(a1-6)[Gal(b1-4)GlcNAc(b1-3)Gal(b1-4)GlcNAc(b1-3)Gal(b1-4)GlcNAc(b1-2)Man(a1-3)]Man(b1-4)GlcNAc(b1-4)GlcNAc(b1-Sp12,233.22099999999998,229.879675,219.277375,511.9292
Gal(b1-4)GlcNAc(b1-3)Gal(b1-4)GlcNAc(b1-3)Gal(b1-4)GlcNAc(b1-2)Man(a1-6)[Gal(b1-4)GlcNAc(b1-3)Gal(b1-4)GlcNAc(b1-3)Gal(b1-4)GlcNAc(b1-2)Man(a1-3)]Man(b1-4)GlcNAc(b1-4)GlcNAc(b1-Sp24,21.60915,16.420924999999997,28.393275,31.6436
GlcNAc(b1-3)Gal(b1-4)GlcNAc(b1-3)Gal(b1-4)GlcNAc(b1-3)Gal(b1-4)GlcNAc(b1-2)Man(a1-6)[GlcNAc(b1-3)Gal(b1-4)GlcNAc(b1-3)Gal(b1-4)GlcNAc(b1-3)Gal(b1-4)GlcNAc(b1-2)Man(a1-3)]Man(b1-4)GlcNAc(b1-4)GlcNAc(b1-Sp25,10.734175,18.972549999999995,8.594775,-1.3563249999999982
Gal(b1-4)GlcNAc(b1-3)Gal(b1-4)GlcNAc(b1-3)Gal(b1-4)GlcNAc(b1-3)Gal(b1-4)GlcNAc(b1-2)Man(a1-6)[Gal(b1-4)GlcNAc(b1-3)Gal(b1-4)GlcNAc(b1-3)Gal(b1-4)GlcNAc(b1-3)Gal(b1-4)GlcNAc(b1-2)Man(a1-3)]Man(b1-4)GlcNAc(b1-4)GlcNAc(b1-Sp25,9.77815,17.62115,21.80565,-8.671925000000002
Gal(b1-3)GlcNAc(b1-3)Gal(b1-4)GlcNAc(b1-2)Man(a1-6)[Gal(b1-3)GlcNAc(b1-3)Gal(b1-4)GlcNAc(b1-2)Man(a1-3)]Man(b1-4)GlcNAc(b1-4)GlcNAc(a1-Sp25,5.3589,11.875575,9.120625,22.23625
Neu5Gc(a2-8)Neu5Gc(a2-3)Gal(b1-4)GlcNAc(a1-Sp0,2.282824999999999,11.8105,7.9033000000000015,2.0227750000000038
Neu5Ac(a2-8)Neu5Gc(a2-3)Gal(b1-4)GlcNAc(a1-Sp0,1.5309499999999991,-0.03592499999999976,7.3316,-15.784549999999996
Neu5Gc(a2-8)Neu5Ac(a2-3)Gal(b1-4)GlcNAc(a1-Sp0,14.24765,3.069625000000001,8.433725000000004,15.53395
Neu5Gc(a2-8)Neu5Gc(a2-3)Gal(b1-4)GlcNAc(b1-3)Gal(b1-4)GlcNAc(a1-Sp0,10.262275,19.77805,16.929049999999997,-1.0104749999999996
Neu5Gc(a2-8)Neu5Gc(a2-6)Gal(b1-4)GlcNAc(a1-Sp0,6.525675,15.834774999999993,6.440850000000001,2.2000499999999974
Neu5Ac(a2-8)Neu5Ac(a2-3)Gal(b1-4)GlcNAc(a1-Sp0,3.718349999999999,-0.04117499999999906,2.19935,-15.861475000000002
GlcNAc(b1-3)Gal(b1-4)GlcNAc(b1-6)[GlcNAc(b1-3)Gal(b1-4)GlcNAc(b1-2)]Man(a1-6)[GlcNAc(b1-3)Gal(b1-4)GlcNAc(b1-2)]Man(a1-3)]Man(b1-4)GlcNAc(b1-4)GlcNAc(a1-Sp24,9.599399999999994,17.427949999999996,8.920025000000003,13.27275000000001
Gal(b1-4)GlcNAc(b1-3)Gal(b1-4)GlcNAc(b1-6)[Gal(b1-4)GlcNAc(b1-3)Gal(b1-4)GlcNAc(b1-2)]Man(a1-6)[Gal(b1-4)GlcNAc(b1-3)Gal(b1-4)GlcNAc(b1-2)Man(a1-3)]Man(a1-4)GlcNAc(b1-4)GlcNAc(a1-Sp24,25.04565,11.344775,22.50970000000001,23.029875000000004
Gal(a1-3)Gal(b1-4)GlcNAc(b1-2)Man(a1-6)[Gal(a1-3)Gal(b1-4)GlcNAc(b1-2)Man(a1-3)]Man(b1-4)GlcNAc(b1-4)GlcNAc(a1-Sp24,45.21212499999999,24.344674999999995,20.4005,64.248125
GlcNAc(b1-3)Gal(b1-4)GlcNAc(b1-6)[GlcNAc(b1-3)Gal(b1-3)]GalNAc(a1-Sp14,13.1397,22.929275,19.820924999999995,2.8948249999999973
GalNAc(b1-3)GlcNAc(b1-Sp0 ,23.692525000000003,15.130974999999998,5.583700000000002,4.4365999999999985
GalNAc(b1-4)GlcNAc(b1-3)GalNAc(b1-4)GlcNAc(b1-Sp0 ,12.9161,10.592200000000002,11.331725000000004,17.706724999999988
GlcNAc(b1-3)Gal(b1-4)GlcNAc(b1-3)Gal(b1-4)GlcNAc(b1-3)Gal(b1-4)GlcNAc(b1-3)Gal(b1-4)GlcNAc(b1-2)Man(a1-6)[GlcNAc(b1-3)Gal(b1-4)GlcNAc(b1-3)Gal(b1-4)GlcNAc(b1-3)Gal(b1-4)GlcNAc(b1-3)Gal(b1-4)GlcNAc(b1-2)Man(a1-3)]Man(b1-4)GlcNAc(b1-4)GlcNAc(b1-Sp25,37.405,24.3391,38.89315000000001,45.91942500000001
Gal(b1-4)GlcNAc(b1-3)Gal(b1-4)GlcNAc(b1-3)Gal(b1-4)GlcNAc(b1-3)Gal(b1-4)GlcNAc(b1-3)Gal(b1-4)GlcNAc(b1-2)Man(a1-6)[Gal(b1-4)GlcNAc(b1-3)Gal(b1-4)GlcNAc(b1-3)Gal(b1-4)GlcNAc(b1-3)Gal(b1-4)GlcNAc(b1-3)Gal(b1-4)GlcNAc(b1-2)Man(a1-3)]Man(b1-4)GlcNAc(b1-4)GlcNAc(b1-Sp25,21.270175,11.701374999999995,16.161575,-2.6801250000000003
GlcNA(b1-3)Gal(b1-3)GalNAc(a1-Sp14,22.63105,20.722275,13.856675,27.790125
Gal(b1-3)GlcNAc(b1-6)[Gal(b1-3)]GalNAc(a1-Sp14,17.843025000000004,16.080225,13.4955,3.581825000000009
Gal(b1-4)GlcNAc(b1-3)Gal(b1-4)GlcNAc(b1-3)Gal(b1-4)GlcNAc(b1-3)Gal(b1-4)GlcNAc(b1-3)Gal(b1-4)GlcNAc(b1-3)Gal(b1-4)GlcNAc(b1-2)Man(a1-6)[Gal(b1-4)GlcNAc(b1-3)Gal(b1-4)GlcNAc(b1-3)Gal(b1-4)GlcNAc(b1-3)Gal(b1-4)GlcNAc(b1-3)Gal(b1-4)GlcNAc(b1-3)Gal(b1-4)GlcNAc(b1-2)Man(a1-3)]Man(b1-4)GlcNAc(b1-4)GlcNAc(b1-Sp25,19.7599,15.614675,26.65590000000001,13.35025000000001
(3S)GlcA(b1-3)Gal(b1-4)GlcNAc(b1-3)Gal(b1-4)Glc(a1-Sp0,27.254925,26.134325000000004,5.201074999999999,38.61157500000001
(3S)GlcA(b1-3)Gal(b1-4)GlcNAc(b1-2)Man(a1-Sp0,26.899874999999994,20.822125,19.734074999999994,23.472925000000004
Gal(b1-3)GlcNAc(b1-3)Gal(b1-4)GlcNAc(b1-3)Gal(b1-4)GlcNAc(b1-6)[Gal(b1-3)GlcNAc(b1-3)Gal(b1-4)GlcNAc(b1-3)Gal(b1-4)GlcNA(b1-2)]Man(a1-6)[Gal(b1-3)GlcNAc(b1-3)Gal(b1-4)GlcNAc(b1-3)Gal(b1-4)GlcNAc(b1-2)Man(a1-3)]Man(b1-4)GlcNAc(b1-4)[Fuc(a1-6)]GlcNAc(b1-Sp24,36.414925,15.934575000000002,37.37002500000001,43.31105
Gal(b1-3)GlcNAc(b1-3)Gal(b1-4)GlcNAc(b1-6)[Gal(b1-3)GlcNAc(b1-3)Gal(b1-4)GlcNA(b1-2)]Man(a1-6)[Gal(b1-3)GlcNAc(b1-3)Gal(b1-4)GlcNAc(b1-2)Man(a1-3)]Man(b1-4)GlcNAc(b1-4)[Fuc(a1-6)]GlcNAc(b1-Sp24,21.038,20.2706,24.106125,18.1703
Neu5Ac(a2-8)Neu5Ac(a2-3)Gal(b1-3)GalNAc(b1-4)[Neu5Ac(a2-3)]Gal(b1-4)Glc(a1-Sp21,-0.9184249999999992,3.0502750000000014,5.9511249999999976,-20.495125
GlcNAc(b1-3)Gal(b1-4)GlcNAc(b1-2)Man(a1-6)[GlcNAc(b1-3)Gal(b1-4)GlcNAc(b1-2)Man(a1-3)]Man(b1-4)GlcNAc(b1-4)[Fuc(a1-6)]GlcNAc(b1-Sp24,52.45844999999999,55.9391,19.154875,88.63015
Gal(b1-4)GlcNAc(b1-3)Gal(b1-4)GlcNAc(b1-2)Man(a1-6)[Gal(b1-4)GlcNAc(b1-3)Gal(b1-4)GlcNAc(b1-2)Man(a1-3)]Man(b1-4)GlcNAc(b1-4)[Fuc(a1-6)]GlcNAc(b1-Sp24,53.53195000000001,47.456275,22.9178,52.27184999999999
GlcNAc(b1-3)Gal(b1-4)GlcNAc(b1-3)Gal(b1-4)GlcNAc(b1-2)Man(a1-6)[GlcNAc(b1-3)Gal(b1-4)GlcNAc(b1-3)Gal(b1-4)GlcNAc(b1-2)Man(a1-3)]Man(b1-4)GlcNAc(b1-4)[Fuc(a1-6)]GlcNAc(b1-Sp24,57.05030000000002,25.62625,17.656775000000003,85.754875
Gal(b1-4)GlcNAc(b1-3)Gal(b1-4)GlcNAc(b1-3)Gal(b1-4)GlcNAc(b1-2)Man(a1-6)[Gal(b1-4)GlcNAc(b1-3)Gal(b1-4)GlcNAc(b1-3)Gal(b1-4)GlcNAc(b1-2)Man(a1-3)]Man(b1-4)GlcNAc(b1-4)[Fuc(a1-6)]GlcNAc(b1-Sp24,65.95745,35.24045,41.3858,95.17622500000002
GlcNAc(b1-3)Gal(b1-4)GlcNAc(b1-3)Gal(b1-4)GlcNAc(b1-3)Gal(b1-4)GlcNAc(b1-2)Man(a1-6)[GlcNAc(b1-3)Gal(b1-4)GlcNAc(b1-3)Gal(b1-4)GlcNAc(b1-3)Gal(b1-4)GlcNAc(b1-2)Man(a1-3)]Man(b1-4)GlcNAc(b1-4)[Fuc(a1-6)]GlcNAc(b1-Sp24,39.85950000000001,18.841025000000005,18.678625,38.88472500000001
Gal(b1-4)GlcNAc(b1-3)Gal(b1-4)GlcNAc(b1-3)Gal(b1-4)GlcNAc(b1-3)Gal(b1-4)GlcNAc(b1-2)Man(a1-6)[Gal(b1-4)GlcNAc(b1-3)Gal(b1-4)GlcNAc(b1-3)Gal(b1-4)GlcNAc(b1-3)Gal(b1-4)GlcNAc(b1-2)Man(a1-3)]Man(b1-4)GlcNAc(b1-4)[Fuc(a1-6)]GlcNAc(b1-Sp24,44.248975,38.9852,32.244725,57.66272500000001
GlcNAc(b1-3)Gal(b1-4)GlcNAc(b1-3)Gal(b1-4)GlcNAc(b1-3)Gal(b1-4)GlcNAc(b1-3)Gal(b1-4)GlcNAc(b1-2)Man(a1-6)[GlcNAc(b1-3)Gal(b1-4)GlcNAc(b1-3)Gal(b1-4)GlcNAc(b1-3)Gal(b1-4)GlcNAc(b1-3)Gal(b1-4)GlcNAc(b1-2)Man(a1-3)]Man(b1-4)GlcNAc(b1-4)[Fuc(a1-6)]GlcNAc(b1-Sp19,5.423349999999999,9.703774999999997,10.9501,0.7470750000000095
Gal(b1-4)GlcNAc(b1-3)Gal(b1-4)GlcNAc(b1-3)Gal(b1-4)GlcNAc(b1-3)Gal(b1-4)GlcNAc(b1-3)Gal(b1-4)GlcNAc(b1-2)Man(a1-6)[Gal(b1-4)GlcNAc(b1-3)Gal(b1-4)GlcNAc(b1-3)Gal(b1-4)GlcNAc(b1-3)Gal(b1-4)GlcNAc(b1-3)Gal(b1-4)GlcNAc(b1-2)Man(a1-3)]Man(b1-4)GlcNAc(b1-4)[Fuc(a1-6)]GlcNAc(b1-Sp19,9.770949999999996,4.5325,9.3966,-0.3046749999999925
Gal(b1-4)GlcNAc(b1-3)Gal(b1-4)GlcNAc(b1-6)[Gal(b1-4)GlcNAc(b1-3)Gal(b1-4)GlcNA(b1-2)]Man(a1-6)[Gal(b1-4)GlcNAc(b1-3)Gal(b1-4)GlcNAc(b1-2)Man(a1-3)]Man(b1-4)GlcNAc(b1-4)[Fuc(a1-6)]GlcNAc(b1-Sp24,26.663725,18.953700000000005,35.6737,62.224375
GlcNAc(b1-3)Gal(b1-4)GlcNAc(b1-3)Gal(b1-4)GlcNAc(b1-6)[GlcNAc(b1-3)Gal(b1-4)GlcNAc(b1-3)Gal(b1-4)GlcNA(b1-2)]Man(a1-6)[GlcNAc(b1-3)Gal(b1-4)GlcNAc(b1-3)Gal(b1-4)GlcNAc(b1-2)Man(a1-3)]Man(b1-4)GlcNAc(b1-4)[Fuc(a1-6)]GlcNAc(b1-Sp24,37.1715,31.868700000000004,37.709825,45.4924
Gal(b1-4)GlcNAc(b1-3)Gal(b1-4)GlcNAc(b1-3)Gal(b1-4)GlcNAc(b1-6)[Gal(b1-4)GlcNAc(b1-3)Gal(b1-4)GlcNAc(b1-3)Gal(b1-4)GlcNA(b1-2)]Man(a1-6)[Gal(b1-4)GlcNAc(b1-3)Gal(b1-4)GlcNAc(b1-3)Gal(b1-4)GlcNAc(b1-2)Man(a1-3)]Man(b1-4)GlcNAc(b1-4)[Fuc(a1-6)]GlcNAc(b1-Sp24,50.194875,41.203325,20.415675000000004,59.64370000000002
GlcNAc(b1-3)Gal(b1-4)GlcNAc(b1-3)Gal(b1-4)GlcNAc(b1-3)Gal(b1-4)GlcNAc(b1-6)[GlcNAc(b1-3)Gal(b1-4)GlcNAc(b1-3)Gal(b1-4)GlcNAc(b1-3)Gal(b1-4)GlcNA(b1-2)]Man(a1-6)[GlcNAc(b1-3)Gal(b1-4)GlcNAc(b1-3)Gal(b1-4)GlcNAc(b1-3)Gal(b1-4)GlcNAc(b1-2)Man(a1-3)]Man(b1-4)GlcNAc(b1-4)[Fuc(a1-6)]GlcNAc(b1-Sp24,35.435574999999986,15.683925,24.647400000000005,39.679925
Gal(b1-4)GlcNAc(b1-3)Gal(b1-4)GlcNAc(b1-3)Gal(b1-4)GlcNAc(b1-3)Gal(b1-4)GlcNAc(b1-6)[Gal(b1-4)GlcNAc(b1-3)Gal(b1-4)GlcNAc(b1-3)Gal(b1-4)GlcNAc(b1-3)Gal(b1-4)GlcNA(b1-2)]Man(a1-6)[Gal(b1-4)GlcNAc(b1-3)Gal(b1-4)GlcNAc(b1-3)Gal(b1-4)GlcNAc(b1-3)Gal(b1-4)GlcNAc(b1-2)Man(a1-3)]Man(b1-4)GlcNAc(b1-4)[Fuc(a1-6)]GlcNAc(b1-Sp24,26.022675,15.142924999999995,22.6977,15.187624999999995
GlcNAc(b1-3)Gal(b1-4)GlcNAc(b1-3)Gal(b1-4)GlcNAc(b1-3)Gal(b1-4)GlcNAc(b1-3)Gal(b1-4)GlcNAc(b1-6)[GlcNAc(b1-3)Gal(b1-4)GlcNAc(b1-3)Gal(b1-4)GlcNAc(b1-3)Gal(b1-4)GlcNAc(b1-3)Gal(b1-4)GlcNA(b1-2)]Man(a1-6)[GlcNAc(b1-3)Gal(b1-4)GlcNAc(b1-3)Gal(b1-4)GlcNAc(b1-3)Gal(b1-4)GlcNAc(b1-3)Gal(b1-4)GlcNAc(b1-2)Man(a1-3)]Man(b1-4)GlcNAc(b1-4)[Fuc(a1-6)]GlcNAc(b1-Sp24,13.045050000000005,17.8649,14.4395,-4.458799999999994
Gal(b1-4)GlcNAc(b1-3)Gal(b1-4)GlcNAc(b1-3)Gal(b1-4)GlcNAc(b1-3)Gal(b1-4)GlcNAc(b1-3)Gal(b1-4)GlcNAc(b1-6)[Gal(b1-4)GlcNAc(b1-3)Gal(b1-4)GlcNAc(b1-3)Gal(b1-4)GlcNAc(b1-3)Gal(b1-4)GlcNAc(b1-3)Gal(b1-4)GlcNA(b1-2)]Man(a1-6)[Gal(b1-4)GlcNAc(b1-3)Gal(b1-4)GlcNAc(b1-3)Gal(b1-4)GlcNAc(b1-3)Gal(b1-4)GlcNAc(b1-3)Gal(b1-4)GlcNAc(b1-2)Man(a1-3)]Man(b1-4)GlcNAc(b1-4)[Fuc(a1-6)]GlcNAc(b1-Sp24,24.772800000000004,20.649625,22.303125,5.995024999999997
Gal(b1-4)GlcNAc(b1-3)Gal(b1-4)GlcNAc(b1-3)GalNAc(a1-Sp14,113.5618,112.5259,118.91440000000004,260.39842500000003
Gal(b1-4)GlcNAc(b1-3)Gal(b1-4)GlcNAc(b1-6)[Gal(b1-3)]GalNAc(a1-Sp14,111.349525,60.52439999999999,82.99620000000002,195.87567500000003
Gal(b1-4)GlcNAc(b1-3)Gal(b1-4)GlcNAc(b1-6)[Gal(b1-4)GlcNAc(b1-3)Gal(b1-4)GlcNAc(b1-3)]GalNAc(a1-Sp14,149.34612500000003,109.24587499999998,121.90277499999996,395.9309999999999
Neu5Ac(a2-3)Gal(b1-4)GlcNAc(b1-3)Gal(b1-4)GlcNAc(b1-3)GalNAc(a1-Sp14,10.819349999999993,10.362175,17.851775000000004,3.8003499999999946
GlcNAc(b1-3)Gal(b1-4)GlcNAc(b1-3)GalNAc(a1-Sp14,9.712550000000002,17.578274999999998,10.746899999999998,6.061575000000005
GlcNAc(b1-3)Gal(b1-4)GlcNAc(b1-6)[Gal(b1-3)]GalNAc(a1-Sp14,25.108000000000004,9.0567,16.17055,9.84485
GlcNAc(b1-3)Gal(b1-4)GlcNAc(b1-6)[GlcNAc(b1-3)Gal(b1-4)GlcNAc(b1-3)]GalNAc(a1-Sp14,20.707725,1.013125,10.539450000000002,15.818125
Neu5Ac(a2-3)Gal(b1-4)GlcNAc(b1-3)Gal(b1-4)GlcNAc(b1-6)[Neu5Ac(a2-3)Gal(b1-4)GlcNAc(b1-3)Gal(b1-4)GlcNAc(b1-3)]GalNAc(a1-Sp14,59.11105,27.654975,28.944275000000005,29.77615
Neu5Ac(a2-6)Gal(b1-4)GlcNAc(b1-3)Gal(b1-4)GlcNAc(b1-3)GalNAc(a1-Sp14,6.884324999999995,21.46445,9.312425,18.463425
GlcNAc(b1-3)Gal(b1-4)GlcNAc(b1-3)Gal(b1-4)GlcNAc(b1-3)GalNAc(a1-Sp14,8.900575000000002,18.2708,3.4366999999999965,36.57299999999999
Gal(b1-4)GlcNAc(b1-3)Gal(b1-3)GalNAc(a1-Sp14,10.68655,16.172075000000003,13.101774999999995,3018.025825000001
Neu5Ac(a2-3)Gal(b1-4)GlcNAc(b1-3)Gal(b1-4)GlcNAc(b1-6)[Gal(b1-3)]GalNAc(a1-Sp14,59.81035000000001,42.265225,47.665475,127.5921
Neu5Ac(a2-6)Gal(b1-4)GlcNAc(b1-3)Gal(b1-4)GlcNAc(b1-6)[Gal(b1-3)]GalNAc(a1-Sp14,47.31222500000001,21.459675000000008,37.21005,43.141575
Neu5Ac(a2-6)Gal(b1-4)GlcNAc(b1-6)[Gal(b1-3)]GalNAc(a1-Sp14,18.50495,23.196575,13.6903,3.3984749999999933
Neu5Ac(a2-3)Gal(b1-4)GlcNAc(b1-3)Gal(b1-4)GlcNAc(b1-2)Man(a1-6)[Neu5Ac(a2-3)Gal(b1-4)GlcNAc(b1-3)Gal(b1-4)GlcNAc(b1-2)Man(a1-3)]Man(b1-4)GlcNAc(b1-4)GlcNAc(b1-Sp12,139.8583,139.84294999999997,154.75335,368.7021750000001
GlcNAc(b1-6)[Neu5Ac(a2-3)Gal(b1-3)]GalNAc(a1-Sp14,9.423299999999998,20.092074999999994,1.4460499999999996,9.0454
Neu5Ac(a2-6)Gal(b1-4)GlcNAc(b1-3)Gal(b1-4)GlcNAc(b1-6)[Neu5Ac(a2-6)Gal(b1-4)GlcNAc(b1-3)Gal(b1-4)GlcNAc(b1-3)]GalNAc(a1-Sp14,165.26115,155.692775,115.25825,416.27897500000006
Neu5Ac(a2-6)Gal(b1-4)GlcNAc(b1-3)Gal(b1-4)GlcNAc(b1-3)Gal(b1-4)GlcNAc(b1-2)Man(a1-6)[Neu5Ac(a2-6)Gal(b1-4)GlcNAc(b1-3)Gal(b1-4)GlcNAc(b1-3)Gal(b1-4)GlcNAc(b1-2)Man(a1-3)]Man(b1-4)GlcNAc(b1-4)GlcNAc(b1-Sp12,67.46695,102.10407499999998,55.92564999999999,278.59517500000004
Neu5Ac(a2-3)Gal(b1-4)GlcNAc(b1-3)Gal(b1-4)GlcNAc(b1-3)Gal(b1-4)GlcNAc(b1-2)Man(a1-6)[Neu5Ac(a2-3)Gal(b1-4)GlcNAc(b1-3)Gal(b1-4)GlcNAc(b1-3)Gal(b1-4)GlcNAc(b1-2)Man(a1-3)]Man(b1-4)GlcNAc(b1-4)GlcNAc(b1-Sp12,228.079875,159.085575,161.439725,405.17872499999993
Neu5Ac(a2-6)Gal(b1-4)GlcNAc(b1-3)Gal(b1-4)GlcNAc(b1-2)Man(a1-6)[Neu5Ac(a2-6)Gal(b1-4)GlcNAc(b1-3)Gal(b1-4)GlcNAc(b1-2)Man(a1-3)]Man(b1-4)GlcNAc(b1-4)GlcNAc(b1-Sp12,81.06390000000002,71.80420000000002,76.475,183.964175
GlcNAc(b1-3)Fuc(a1-Sp21,8.4773,6.19275,8.8427,2.3520249999999976
Gal(b1-3)GalNAc(b1-4)[Neu5Ac(a2-8)Neu5Ac(a2-8)Neu5Ac(a2-3)]Gal(b1-4)Glc(b1-Sp21,28.10455,11.044099999999998,18.7684,54.2376
