IUPAC,MAA 0.1ug/ml,MAA 1ug/ml,MAA 10ug/ml,MAA 100ug/ml
Gal(a1-Sp8,9.656549999999992,-21.7479,-4.065474999999998,-10.194749999999992
Glc(a1-Sp8,14.068925,-2.3544249999999973,18.539900000000014,-27.380399999999995
Man(a1-Sp8,28.87380000000001,3.48875,-1.5873500000000007,-122.179925
GalNAc(a1-Sp8,6.489899999999999,3.7437750000000047,13.399825000000005,-10.364575
GalNAc(a1-Sp15,8.228274999999996,-4.834874999999993,33.706025,-21.198050000000052
Fuc(a1-Sp8,-7.379674999999999,-6.8506750000000025,-3.5879250000000016,-46.32042499999999
Fuc(a1-Sp9,6.761300000000002,8.511750000000003,-2.6847999999999956,1440.2999000000002
Rha(a1-Sp8,10.393674999999998,-11.35345,-8.829674999999998,-83.954425
Neu5Ac(a1-Sp8,-1.8233499999999907,-11.433075,-9.357700000000003,1101.040125
Neu5Ac(a1-Sp11,-2.368075000000001,-12.84845,-14.962900000000005,109.963825
Neu5Ac(b1-Sp8,-9.621974999999997,-27.192525000000003,-23.42387500000001,-117.28674999999998
Gal(b1-Sp8,8.518450000000001,-12.23045,-5.71255,-59.893900000000016
Glc(b1-Sp8,2.6380749999999997,2.4033750000000023,11.298675000000005,-9.18385
Man(b1-Sp8,15.766075000000004,3.8339750000000015,36.387225,-7.498800000000001
GalNAc(b1-Sp8,10.054099999999998,6.828375000000002,3.219549999999998,-7.580600000000004
GlcNAc(b1-Sp0,-0.4567000000000014,9.331274999999998,8.991575000000003,-18.22305
GlcNAc(b1-Sp8,1.2825500000000023,-7.792274999999997,29.43415000000001,7.413425000000004
GlcN[Gc](b1-Sp8,-0.8839749999999977,1.374375,15.798375,40.89795000000001
Gal(b1-4)GlcNAc(b1-6)[Gal(b1-4)GlcNAc(b1-3)]GalNAc(a1-Sp8,-2.239375,-16.827575,8.400424999999998,256.97987500000005
Gal(b1-4)GlcNAc(b1-6)[Gal(b1-4)GlcNAc(b1-3)]GalNAc(a1-Sp14,0.058474999999994275,-0.8302250000000022,10.0711,-72.000775
GlcNAc(b1-6)[GlcNAc(b1-4)][GlcNAc(b1-3)]GlcNAc(a1-Sp8,9.336824999999996,-10.8869,-11.9906,37.45722500000001
6S(3S)Gal(b1-4)(6S)GlcNAc(b1-Sp0,-15.345299999999995,-3.605774999999993,150.473825,6729.06605
6S(3S)Gal(b1-4)GlcNAc(b1-Sp0,-18.13145,-1.330425,-8.267074999999998,1647.5138250000002
(3S)Gal(b1-4)[Fuc(a1-3)](6S)Glc(a1-Sp0,4.777374999999998,20.376400000000007,31.247675000000008,-80.06569999999994
(3S)Gal(b1-4)Glc(b1-Sp8,12.0553,173.69172500000005,5733.8511,20334.606675000006
(3S)Gal(b1-4)(6S)Glc(b1-Sp0,20.64125,351.801875,3712.655675,23507.043625
(3S)Gal(b1-4)(6S)Glc(b1-Sp8,17.979000000000006,218.32775,7003.98785,31944.069650000005
(3S)Gal(b1-3)[Fuc(a1-4)]GlcNAc(b1-Sp8,9.565700000000003,-1.5505250000000004,0.5545250000000035,-34.46925
(3S)Gal(b1-3)GalNAc(a1-Sp8,-7.25625,0.5758500000000044,97.09824999999998,25.601299999999966
(3S)Gal(b1-3)GlcNAc(b1-Sp0,-5.779774999999999,-2.805,15.810450000000005,550.152375
(3S)Gal(b1-3)GlcNAc(b1-Sp8,-11.280925000000002,13.77555,20.459675000000004,358.231225
(3S)Gal(b1-4)[Fuc(a1-3)]GlcNAc(a1-Sp0 ,0.9555749999999996,-1.8364749999999983,10.648075,-119.00397499999998
(3S)Gal(b1-4)[Fuc(a1-3)]GlcNAc(a1-Sp8,-5.2705500000000045,11.202100000000002,2.9383999999999983,246.7565
(3S)Gal(b1-4)(6S)GlcNAc(b1-Sp0,57.48440000000001,707.6402249999999,4561.19145,39969.516049999984
(3S)Gal(b1-4)(6S)GlcNAc(b1-Sp8,25.712575,812.6446999999997,6333.987650000001,40944.8923
(3S)Gal(b1-4)GlcNAc(b1-Sp0,24.86685000000001,437.371425,4578.8869,39099.814800000015
(3S)Gal(b1-4)GlcNAc(b1-Sp8,72.63305,745.2049249999999,5421.4146,31866.4602
(3S)Gal(b1-Sp8,3.3930999999999987,5.7104,-9.33785,-7.7989000000000015
(6S)(4S)Gal(b1-4)GlcNAc(b1-Sp0,-7.742049999999997,-3.778925,-5.585175,8.531975000000003
(4S)Gal(b1-4)GlcNAc(b1-Sp8,2.9082500000000024,-1.0773749999999982,2.217125000000003,1262.5576749999998
(6P)Man(a1-Sp8,3.327475,-7.703425000000002,9.766324999999998,1.2111750000000114
(6S)Gal(b1-4)Glc(b1-Sp0,-1.222525000000001,-2.6040249999999983,8.413699999999999,9.179149999999991
(6S)Gal(b1-4)Glc(b1-Sp8,11.038700000000002,8.66565,23.87082500000001,138.81492500000002
(6S)Gal(b1-4)GlcNAc(b1-Sp8,-9.736225,6.338874999999998,125.89990000000002,6382.285824999997
(6S)Gal(b1-4)(6S)Glc(b1-Sp8,5.458675000000001,-7.871125000000001,3.1502,236.15670000000003
Neu5Ac(a2-3)(6S)Gal(b1-4)GlcNAc(b1-Sp8,-4.032899999999998,-1.828850000000001,-24.312625,852.7523000000001
(6S)GlcNAc(b1-Sp8,-19.220075,1.0215750000000003,-5.314275000000004,2089.59785
"Neu5,9Ac2(a1-Sp8",-9.732025,-6.3810249999999975,-23.039400000000004,-19.681175
"Neu5,9Ac2(a2-6)Gal(b1-4)GlcNAc(b1-Sp8",-10.768975,-9.17805,-12.946325000000005,-11.827924999999993
Man(a1-6)[Man(a1-3)]Man(b1-4)GlcNAc(b1-4)GlcNAc(b1-Sp12,16.229099999999995,13.039074999999995,12.358125,-28.856225
Man(a1-6)[Man(a1-3)]Man(b1-4)GlcNAc(b1-4)GlcNAc(b1-Sp13,8.624274999999997,-5.051549999999997,-16.314525000000003,-73.41305
GlcNAc(b1-2)Man(a1-6)[GlcNAc(b1-2)Man(a1-3)]Man(b1-4)GlcNAc(b1-4)GlcNAc(b1-Sp12,7.504325,18.733349999999994,13.62275,-23.5926
GlcNAc(b1-2)Man(a1-6)[GlcNAc(b1-2)Man(a1-3)]Man(b1-4)GlcNAc(b1-4)GlcNAc(b1-Sp13,-1.9522499999999976,1.7476749999999956,-16.281149999999997,-72.08304999999999
Gal(b1-4)GlcNAc(b1-2)Man(a1-6)[Gal(b1-4)GlcNAc(b1-2)Man(a1-3)]Man(b1-4)GlcNAc(b1-4)GlcNAc(b1-Sp12,10.581575,-4.4304000000000014,6.05625,-52.795325
Neu5Ac(a2-6)Gal(b1-4)GlcNAc(b1-2)Man(a1-6)[Neu5Ac(a2-6)Gal(b1-4)GlcNAc(b1-2)Man(a1-3)]Man(b1-4)GlcNAc(b1-4)GlcNAc(b1-Sp12,-3.2502749999999985,-6.216199999999999,-0.9120499999999973,41.20135000000003
Neu5Ac(a2-6)Gal(b1-4)GlcNAc(b1-2)Man(a1-6)[Neu5Ac(a2-6)Gal(b1-4)GlcNAc(b1-2)Man(a1-3)]Man(b1-4)GlcNAc(b1-4)GlcNAc(b1-Sp13,15.9954,-11.263250000000005,-6.062374999999999,-85.82379999999998
Neu5Ac(a2-6)Gal(b1-4)GlcNAc(b1-2)Man(a1-6)[Neu5Ac(a2-6)Gal(b1-4)GlcNAc(b1-2)M(an-a)(a1-3)]Man(b1-4)GlcNAc(b1-4)GlcNAc(b1-Sp21,7.0341999999999985,-7.605774999999998,3.60155,12.623075000000016
Neu5Ac(a2-6)Gal(b1-4)GlcNAc(b1-2)Man(a1-6)[Neu5Ac(a2-6)Gal(b1-4)GlcNAc(b1-2)Man(a1-3)]Man(b1-4)GlcNAc(b1-4)GlcNAc(b1-Sp24,-2.976475000000004,14.62785,-9.090100000000009,3.014425000000003
Fuc(a1-2)Gal(b1-3)GalNAc(b1-3)Gal(a1-Sp9,20.855124999999994,-14.803700000000005,4.6939750000000044,-351.51542500000005
Fuc(a1-2)Gal(b1-3)GalNAc(b1-3)Gal(a1-4)Gal(b1-4)Glc(b1-Sp9,-4.381949999999996,-2.7144250000000016,-15.06265,-28.388900000000035
Fuc(a1-2)Gal(b1-3)[Fuc(a1-4)]GlcNAc(b1-Sp8,1.7295749999999988,-4.522075000000002,-2.1365250000000024,-29.67445
Fuc(a1-2)Gal(b1-3)GalNAc(a1-Sp8,-7.89925,1.2145750000000015,1.0588749999999971,3.0034000000000014
Fuc(a1-2)Gal(b1-3)GalNAc(a1-Sp14,-1.9503249999999959,3.5276999999999976,-3.863825,-25.301575
Fuc(a1-2)Gal(b1-3)GalNAc(b1-4)[Neu5Ac(a2-3)]Gal(b1-4)Glc(b1-Sp0,22.073075,4.338825000000002,-4.176375,-14.77475
Fuc(a1-2)Gal(b1-3)GalNAc(b1-4)[Neu5Ac(a2-3)]Gal(b1-4)Glc(b1-Sp9,10.377750000000004,-2.5228749999999973,-8.390799999999999,-20.74399999999999
Fuc(a1-2)Gal(b1-3)GlcNAc(b1-3)Gal(b1-4)Glc(b1-Sp8,-5.117250000000006,2.6763999999999992,-0.8573500000000038,-37.042875
Fuc(a1-2)Gal(b1-3)GlcNAc(b1-3)Gal(b1-4)Glc(b1-Sp10,1.297950000000002,-11.49195,-10.149875000000002,328.015675
Fuc(a1-2)Gal(b1-3)GlcNAc(b1-Sp0,-4.210100000000004,5.696674999999997,9.983125,-74.15122500000003
Fuc(a1-2)Gal(b1-3)GlcNAc(b1-Sp8,1.5115999999999978,-6.0147999999999975,9.222224999999996,373.18660000000017
Fuc(a1-2)Gal(b1-4)[Fuc(a1-3)]GlcNAc(b1-3)Gal(b1-4)[Fuc(a1-3)]GlcNAc(b1-Sp0,6.045925,2.0101750000000003,-18.840200000000006,-106.41285000000002
Fuc(a1-2)Gal(b1-4)[Fuc(a1-3)]GlcNAc(b1-3)Gal(b1-4)[Fuc(a1-3)]GlcNAc(b1-3)Gal(b1-4)[Fuc(a1-3)]GlcNAc(b1-Sp0,3.9655750000000047,-1.2167249999999967,6.163574999999998,-5.632850000000005
Fuc(a1-2)Gal(b1-4)[Fuc(a1-3)]GlcNAc(b1-Sp0,-2.0021749999999976,-6.617075,-7.799075000000005,1862.37725
Fuc(a1-2)Gal(b1-4)[Fuc(a1-3)]GlcNAc(b1-Sp8,14.147074999999996,1.4285750000000004,-9.8171,77.29690000000002
Fuc(a1-2)Gal(b1-4)GlcNAc(b1-3)Gal(b1-4)GlcNAc(b1-Sp0,-2.719275,-2.4529750000000003,-5.391500000000002,-21.326774999999987
Fuc(a1-2)Gal(b1-4)GlcNAc(b1-3)Gal(b1-4)GlcNAc(b1-3)Gal(b1-4)GlcNAc(b1-Sp0,6.625150000000002,1.6138750000000002,-0.782074999999999,-52.017575
Fuc(a1-2)Gal(b1-4)GlcNAc(b1-Sp0,8.3892,-4.590024999999999,-2.336825,-40.424975
Fuc(a1-2)Gal(b1-4)GlcNAc(b1-Sp8,9.755399999999998,-6.74125,-18.351775,-117.42197500000003
Fuc(a1-2)Gal(b1-4)Glc(b1-Sp0,10.899575,-5.564399999999999,17.205675,-39.4308
Fuc(a1-2)Gal(b1-Sp8,-1.7354750000000043,-4.8385500000000015,-3.4556000000000004,1291.0728250000002
Fuc(a1-3)GlcNAc(b1-Sp8,0.4407749999999986,-12.768075,0.6874999999999947,23.68859999999998
Fuc(a1-4)GlcNAc(b1-Sp8,-0.2548749999999984,-15.147749999999995,-11.3677,-73.6727
Fuc(b1-3)GlcNAc(b1-Sp8,2.499600000000001,-15.529825,1.2046750000000015,57.50905
GalNAc(a1-3)[Fuc(a1-2)]Gal(b1-3)GlcNAc(b1-Sp0,-2.688625000000002,-18.551675,-4.078524999999992,-364.5076
GalNAc(a1-3)[Fuc(a1-2)]Gal(b1-4)[Fuc(a1-3)]GlcNAc(b1-Sp0,26.440125,-4.113200000000003,10.956,-16.043475
(3S)Gal(b1-4)[Fuc(a1-3)]Glc(b1-Sp0,8.116325000000002,4.567925000000002,5.632300000000001,-5.189000000000002
GalNAc(a1-3)[Fuc(a1-2)]Gal(b1-4)GlcNAc(b1-Sp0,-3.1270999999999987,1.818600000000001,-6.424149999999997,181.95980000000003
GalNAc(a1-3)[Fuc(a1-2)]Gal(b1-4)GlcNAc(b1-Sp8,-0.3429249999999975,0.1939250000000019,2.1993250000000018,435.45770000000016
GalNAc(a1-3)[Fuc(a1-2)]Gal(b1-4)Glc(b1-Sp0,1.5344000000000015,1.6454500000000003,-3.4050499999999992,-3.3970750000000014
GlcNAc(b1-3)Gal(b1-3)GalNAc(a1-Sp8,5.491625000000001,-3.1738250000000026,26.799250000000004,-13.578825000000002
GalNAc(a1-3)[Fuc(a1-2)]Gal(b1-Sp8,1.8439000000000008,8.930125,-11.157925000000002,-32.63864999999999
GalNAc(a1-3)[Fuc(a1-2)]Gal(b1-Sp18,7.693775000000006,-10.1457,-2.3352250000000008,149.677525
GalNAc(a1-3)GalNAc(b1-Sp8,-12.937224999999993,-13.32125,-12.117624999999995,-64.7012
GalNAc(a1-3)Gal(b1-Sp8,5.179400000000001,-7.796175000000002,-3.714675,611.257575
GalNAc(a1-4)[Fuc(a1-2)]Gal(b1-4)GlcNAc(b1-Sp8,-9.978624999999996,-0.16139999999999866,905.861925,25163.881375
GalNAc(b1-3)GalNAc(a1-Sp8,-1.5803750000000036,-3.035474999999998,16.4295,577.278725
GalNAc(b1-3)[Fuc(a1-2)]Gal(b1-Sp8,-0.2629749999999973,-2.1029750000000007,-9.06355,-64.97487500000003
GalNAc(b1-3)Gal(a1-4)Gal(b1-4)GlcNAc(b1-Sp0,-9.791999999999998,-31.04,5.673350000000003,296.908075
GalNAc(b1-4)[Fuc(a1-3)]GlcNAc(b1-Sp0,1.0001499999999943,-2.9257750000000016,15.588525000000004,235.0171749999997
GalNAc(b1-4)GlcNAc(b1-Sp0,6.311149999999998,-17.43085,15.114975,4800.9079999999985
GalNAc(b1-4)GlcNAc(b1-Sp8,27.34317500000001,16.5673,131.9757,8677.256125
Gal(a1-2)Gal(b1-Sp8,12.1121,-6.560249999999997,-2.113999999999999,77.88307500000002
Gal(a1-3)[Fuc(a1-2)]Gal(b1-3)GlcNAc(b1-Sp0,15.6519,25.422100000000015,13.949475,34.51154999999994
Gal(a1-3)[Fuc(a1-2)]Gal(b1-3)GlcNAc(b1-Sp8,5.922075000000002,0.3538500000000013,24.19745,-24.09935
Gal(a1-3)[Fuc(a1-2)]Gal(b1-4)[Fuc(a1-3)]GlcNAc(b1-Sp0,24.78715,21.951699999999995,21.223675,-52.285775
Gal(a1-3)[Fuc(a1-2)]Gal(b1-4)[Fuc(a1-3)]GlcNAc(b1-Sp8,12.172899999999995,10.8765,31.31215000000001,-105.389125
Gal(a1-3)[Fuc(a1-2)]Gal(b1-4)GlcNAc(a1-Sp0,-2.0237749999999988,-9.414799999999998,21.816275,52.177250000000065
Gal(a1-3)[Fuc(a1-2)]Gal(b1-4)Glc(b1-Sp0,28.07685,-6.4863500000000025,1.5953749999999969,1400.5953999999995
Gal(a1-3)[Fuc(a1-2)]Gal(b1-Sp8,0.5621999999999954,-0.7633249999999983,-0.009824999999999308,-127.076725
Gal(a1-3)[Fuc(a1-2)]Gal(b1-Sp18,11.414225000000002,-14.915524999999995,-7.962399999999999,15.347375000000019
Gal(a1-4)[Gal(a1-3)]Gal(b1-4)GlcNAc(b1-Sp8,11.07845,-4.884424999999997,20.2111,3408.9780749999995
Gal(a1-3)GalNAc(a1-Sp8,15.540350000000007,-16.453674999999997,12.7655,247.9207
Gal(a1-3)GalNAc(a1-Sp16,1.2563749999999985,-2.734475000000001,22.388349999999992,-18.446775
Gal(a1-3)GalNAc(b1-Sp8,-0.7141749999999973,7.497975,-1.9320999999999984,-0.7928749999999969
Gal(a1-3)Gal(b1-4)[Fuc(a1-3)]GlcNAc(b1-Sp8,5.317,3.102575,12.343650000000007,-9.341824999999998
Gal(a1-3)Gal(b1-3)GlcNAc(b1-Sp0,14.735550000000005,6.373975,-0.2278500000000001,-21.312675000000006
Gal(a1-3)Gal(b1-4)GlcNAc(b1-Sp8,-5.558825000000006,-1.5649750000000004,-11.349350000000005,6.338900000000024
Gal(a1-3)Gal(b1-4)Glc(b1-Sp0,30.2973,6.7851250000000025,-9.224299999999992,-25.729499999999994
Gal(a1-3)Gal(b1-4)Glc(a1-Sp10,3.097699999999996,-1.5000750000000025,7.529500000000002,68.63784999999996
Gal(a1-3)Gal(b1-Sp8,8.744799999999998,-11.066499999999996,16.545225000000002,-68.10140000000001
Gal(a1-4)[Fuc(a1-2)]Gal(b1-4)GlcNAc(b1-Sp8,6.674275000000005,-6.282525,22.84015,210.755
Gal(a1-4)Gal(b1-4)GlcNAc(b1-Sp0,7.073699999999998,-0.33039999999999736,19.931025000000012,-58.56607499999996
Gal(a1-4)Gal(b1-4)GlcNAc(b1-Sp8,-8.378525,-2.8273249999999983,24.99400000000001,345.18922500000014
Gal(a1-4)Gal(b1-4)Glc(b1-Sp0,10.495975,1.9846749999999995,0.7395749999999985,-830.0967499999997
Gal(a1-4)GlcNAc(b1-Sp8,4.0250499999999985,-3.559925,-9.39315,582.4570750000003
Gal(a1-6)Glc(b1-Sp8,4.973375000000001,13.852200000000002,-1.4227250000000016,-30.80015
Gal(b1-2)Gal(b1-Sp8,4.17055,-8.12675,-3.481399999999999,-29.459125
Gal(b1-3)[Fuc(a1-4)]GlcNAc(b1-3)Gal(b1-4)[Fuc(a1-3)]GlcNAc(b1-Sp0,5.211875,-7.95055,-0.30142500000000005,-32.799825
Gal(b1-3)[Fuc(a1-4)]GlcNAc(b1-3)Gal(b1-4)GlcNAc(b1-Sp0,-9.189175,10.771775,-3.7528000000000006,-118.40592499999997
Gal(b1-3)[Fuc(a1-4)]GlcNAc(a1-Sp0,-0.6723750000000006,-13.842574999999995,6.301725000000005,1097.071125
Gal(b1-3)[Fuc(a1-4)]GlcNAc(a1-Sp8 ,-4.430324999999998,0.9519750000000008,-11.521575,1877.994425
Fuc(a1-4)[Gal(b1-3)]GlcNAc(b1-Sp8,3.8369500000000016,-3.4096999999999937,-4.344674999999999,-53.205450000000006
Gal(b1-4)GlcNAc(b1-6)GalNAc(a1-Sp8,-6.873475000000004,-4.187225,112.09032500000004,1337.851575
Gal(b1-4)GlcNAc(b1-6)GalNAc(a1-Sp14,17.555875,-3.3894750000000013,10.090700000000002,-64.36925000000001
GlcNAc(b1-6)[Gal(b1-3)]GalNAc(a1-Sp8,9.796674999999997,-9.1315,29.237325,29.745299999999986
GlcNAc(b1-6)[Gal(b1-3)]GalNAc(a1-Sp14,5.271674999999998,-0.04307499999999997,15.058425000000007,-21.129449999999988
Neu5Ac(a2-6)[Gal(b1-3)]GalNAc(a1-Sp8,-5.836549999999997,-6.522675000000001,-16.865075000000004,-13.411049999999996
Neu5Ac(a2-6)[Gal(b1-3)]GalNAc(a1-Sp14,0.30335,-2.880899999999997,2.730774999999994,-26.178825000000003
Neu5Ac(b2-6)[Gal(b1-3)]GalNAc(a1-Sp8,-2.240549999999999,9.261825,0.5924250000000058,-29.44759999999999
Neu5Ac(a2-6)[Gal(b1-3)]GlcNAc(b1-4)Gal(b1-4)Glc(b1-Sp10,-7.603425000000001,4.294399999999998,-20.931474999999992,-10.488949999999988
Gal(b1-3)GalNAc(a1-Sp8,3.1732500000000066,3.78365,18.61235,-34.56405
Gal(b1-3)GalNAc(a1-Sp14,-9.279424999999996,-12.8763,-14.053999999999998,148.05855000000008
Gal(b1-3)GalNAc(a1-Sp16,6.539275,-10.70185,2.3339250000000007,-80.01865000000002
Gal(b1-3)GalNAc(b1-Sp8,3.8223,-11.096675000000005,-2.193249999999999,411.6278249999999
Gal(b1-3)GalNAc(b1-3)Gal(a1-4)Gal(b1-4)Glc(b1-Sp0,22.410675000000005,-2.312225,9.624275,-80.64875
Gal(b1-3)GalNAc(b1-4)[Neu5Ac(a2-3)]Gal(b1-4)Glc(b1-Sp0,-5.056725,-18.2583,16.211199999999998,-63.238225000000064
Gal(b1-3)GalNAc(b1-4)Gal(b1-4)Glc(b1-Sp8,1.4507000000000032,-12.036575000000004,2.4179250000000003,-714.71935
Gal(b1-3)Gal(b1-Sp8,0.4821749999999998,-13.584425000000005,-0.8391999999999982,-4.987449999999981
Gal(b1-3)GlcNAc(b1-3)Gal(b1-4)GlcNAc(b1-Sp0,3.512300000000001,-12.312425000000005,-4.482475000000001,-24.3094
Gal(b1-3)GlcNAc(b1-3)Gal(b1-4)Glc(b1-Sp10,5.212100000000005,13.22,-5.383599999999998,109.68305
Gal(b1-3)GlcNAc(b1-Sp0,8.544649999999997,2.934249999999997,43.89322500000003,-5.5299249999999915
Gal(b1-3)GlcNAc(b1-Sp8,4.308999999999996,-14.048500000000008,6.616099999999998,58.68417499999998
Gal(b1-4)[Fuc(a1-3)]GlcNAc(b1-Sp0,6.309250000000002,-1.1671250000000004,25.908775,-84.08632499999999
Gal(b1-4)[Fuc(a1-3)]GlcNAc(b1-Sp8,5.206125,-1.949724999999999,-16.057350000000003,483.0485
Gal(b1-4)[Fuc(a1-3)]GlcNAc(b1-4)Gal(b1-4)[Fuc(a1-3)]GlcNAc(b1-Sp0,11.124399999999998,-7.150725000000001,10.796050000000005,-95.352675
Gal(b1-4)[Fuc(a1-3)]GlcNAc(b1-4)Gal(b1-4)[Fuc(a1-3)]GlcNAc(b1-4)Gal(b1-4)[Fuc(a1-3)]GlcNAc(b1-Sp0,-0.7925249999999977,-11.457650000000005,-0.9975999999999984,-27.613549999999968
Gal(b1-4)(6S)Glc(b1-Sp0,-0.656400000000005,-1.2694249999999982,21.87957500000001,12674.54465
Gal(b1-4)(6S)Glc(b1-Sp8,20.780425,-8.383424999999997,12.085899999999995,4485.39215
Gal(b1-4)GalNAc(a1-3)[Fuc(a1-2)]Gal(b1-4)GlcNAc(b1-Sp8,13.167124999999995,-2.786175,-3.0538500000000006,-1.8267999999999984
Gal(b1-4)GalNAc(b1-3)[Fuc(a1-2)]Gal(b1-4)GlcNAc(b1-Sp8,-6.957650000000001,-0.9016499999999992,-0.13244999999999862,-7.019275
Gal(b1-4)GlcNAc(b1-3)GalNAc(a1-Sp8,6.606675000000001,-3.2311749999999986,12.008175000000005,-11.2836
Gal(b1-4)GlcNAc(b1-3)GalNAc(a1-Sp14,0.8735750000000024,4.320775000000005,-9.32895,-23.605
Gal(b1-4)GlcNAc(b1-3)Gal(b1-4)[Fuc(a1-3)]GlcNAc(b1-3)Gal(b1-4)[Fuc(a1-3)]GlcNAc(b1-Sp0,14.3802,-4.230499999999998,8.067325,-3.6919750000000136
Gal(b1-4)GlcNAc(b1-3)Gal(b1-4)GlcNAc(b1-3)Gal(b1-4)GlcNAc(b1-Sp0,2.054450000000001,2.416525,20.794475000000006,19.901100000000007
Gal(b1-4)GlcNAc(b1-3)Gal(b1-4)GlcNAc(b1-Sp0,2.3444000000000003,-11.605625,2.662899999999997,149.82709999999994
Gal(b1-4)GlcNAc(b1-3)Gal(b1-4)Glc(b1-Sp0,11.5421,-7.585950000000002,-0.3055249999999923,-82.94304999999997
Gal(b1-4)GlcNAc(b1-3)Gal(b1-4)Glc(b1-Sp8,6.862374999999997,-8.24375,1.58,279.87952500000006
Gal(b1-4)GlcNAc(b1-6)[Gal(b1-3)]GalNAc(a1-Sp8,-0.5375500000000031,-3.912199999999997,-2.753350000000001,-82.74057499999998
Gal(b1-4)GlcNAc(b1-6)[Gal(b1-3)]GalNAc(a1-Sp14,10.813249999999995,-13.608425,-0.2906250000000021,484.3985
Gal(b1-4)GlcNAc(b1-Sp0,-1.4677250000000015,-13.547275,9.103599999999991,-265.57765
Gal(b1-4)GlcNAc(b1-Sp8,-1.0219749999999994,-0.2978750000000012,-0.5653999999999986,-21.96947500000001
Gal(b1-4)GlcNAc(b1-Sp23,0.8167750000000016,6.559475000000001,-5.424000000000001,-40.067
Gal(b1-4)Glc(b1-Sp0,14.695900000000002,-4.655275000000001,-4.538449999999997,-72.28702499999999
Gal(b1-4)Glc(b1-Sp8,1.931825000000004,9.68255,29.74447500000001,-2.064174999999992
GlcNAc(a1-3)Gal(b1-4)GlcNAc(b1-Sp8,-7.1735500000000005,-0.035225000000000506,283.08535,26326.180375
GlcNAc(a1-6)Gal(b1-4)GlcNAc(b1-Sp8,-4.63315,2.887075000000003,-3.586025000000003,-39.75005
GlcNAc(b1-2)Gal(b1-3)GalNAc(a1-Sp8,-1.4347250000000005,-4.3355250000000005,9.4906,81.513225
GlcNAc(b1-6)[GlcNAc(b1-3)]GalNAc(a1-Sp8,0.7601500000000065,-5.667125000000002,19.585,-136.6676
GlcNAc(b1-6)[GlcNAc(b1-3)]GalNAc(a1-Sp14,7.86495,-6.703974999999996,-3.4769749999999995,106.60480000000008
GlcNAc(b1-6)[GlcNAc(b1-3)]Gal(b1-4)GlcNAc(b1-Sp8,-9.720249999999997,-11.576524999999995,-5.101399999999998,8461.110775000001
GlcNAc(b1-3)GalNAc(a1-Sp8,1.6380499999999998,-17.837674999999994,0.5482000000000014,-73.576025
GlcNAc(b1-3)GalNAc(a1-Sp14,4.258049999999999,-0.05302499999999988,11.62535,-17.58775
GlcNAc(b1-3)Gal(b1-Sp8,5.860175,2.3851,11.275375,2.5246250000000003
GlcNAc(b1-3)Gal(b1-4)GlcNAc(b1-Sp0,1.444774999999998,-0.34512500000000124,11.145499999999995,111.62789999999997
GlcNAc(b1-3)Gal(b1-4)GlcNAc(b1-Sp8,1.0799249999999994,5.521650000000002,3.9239000000000033,2530.051350000001
GlcNAc(b1-3)Gal(b1-4)GlcNAc(b1-3)Gal(b1-4)GlcNAc(b1-Sp0,2.44,1.8914500000000007,6.959749999999996,14.152999999999993
GlcNAc(b1-3)Gal(b1-4)Glc(b1-Sp0,0.6702750000000002,7.55865,11.348475,64.68022500000006
GlcNAc(b1-4)(a1-MDPLys,-3.6987750000000013,-6.2721,-2.5180499999999992,168.072725
GlcNAc(b1-6)[GlcNAc(b1-4)]GalNAc(a1-Sp8,-2.3275499999999987,-2.843475,-2.1048250000000017,800.136375
GlcNAc(b1-4)Gal(b1-4)GlcNAc(b1-Sp8,-30.077324999999995,4.931699999999998,-34.281275,114.69799999999998
GlcNAc(b1-4)GlcNAc(b1-4)GlcNAc(b1-4)GlcNAc(b1-4)GlcNAc(b1-4)GlcNAc(b1-Sp8,29.511375,332.6822,2148.504675,-41.240350000000035
GlcNAc(b1-4)GlcNAc(b1-4)GlcNAc(b1-4)GlcNAc(b1-4)GlcNAc(b1-Sp8,5.912675000000004,404.34975,1196.51875,4498.28325
GlcNAc(b1-4)GlcNAc(b1-4)GlcNAc(b1-Sp8,-5.996875,33.72579999999999,1388.6563500000007,11987.859375000005
GlcNAc(b1-6)GalNAc(a1-Sp8,-6.701599999999999,-15.049675,-10.883874999999994,104.62899999999985
GlcNAc(b1-6)GalNAc(a1-Sp14,0.6818749999999979,0.6641249999999967,20.790474999999994,-44.97907499999999
GlcNAc(b1-6)Gal(b1-4)GlcNAc(b1-Sp8,0.20842500000000186,-12.084599999999998,-4.258575,-707.6041749999997
Glc(a1-4)Glc(b1-Sp8,21.354025000000007,-1.3137000000000008,6.489475000000002,-554.9327
Glc(a1-4)Glc(a1-Sp8,5.27815,3.117350000000004,-2.2292000000000023,-16.932925000000008
Glc(a1-6)Glc(a1-6)Glc(b1-Sp8,1.9990749999999973,4.757925000000002,-4.780199999999997,-24.30295000000001
Glc(b1-4)Glc(b1-Sp8,13.85145,-1.3481000000000058,-2.738875000000004,-63.047325
Glc(b1-6)Glc(b1-Sp8,1.245,-4.8480500000000015,19.175725,-46.11660000000001
G-ol(a1-Sp8,10.487125,-1.3054000000000006,16.272075000000008,595.4209000000002
GlcA(a1-Sp8,-1.905725000000004,23.46595,-1.2838749999999948,-84.554575
GlcA(b1-Sp8,69.68965,16.003825,71.717825,210.176175
GlcA(b1-3)Gal(b1-Sp8,7.537949999999995,4.319799999999997,13.510549999999995,-94.5758
GlcA(b1-6)Gal(b1-Sp8,0.8167749999999998,1.730550000000001,41.3525,-62.95427500000002
KDN(a2-3)Gal(b1-3)GlcNAc(b1-Sp0,-2.1335,3.8374500000000014,-9.450399999999998,-68.362625
KDN(a2-3)Gal(b1-4)GlcNAc(b1-Sp0,1.7978249999999958,-8.159000000000004,11.519225,-19.13182500000005
Man(a1-2)Man(a1-2)Man(a1-3)Man(a1-Sp9,11.227875,-2.795399999999999,2.5344750000000023,-10.918925000000005
Man(a1-2)Man(a1-6)[Man(a1-2)Man(a1-3)]Man(a1-Sp9,18.910775,2.6928499999999973,37.82147499999999,80.3456
Man(a1-2)Man(a1-3)Man(a1-Sp9,11.724575000000002,-1.0650499999999994,14.641575,-36.18272499999999
Man(a1-6)[Man(a1-2)Man(a1-3)]Man(a1-6)[Man(a1-2)Man(a1-3)]Man(b1-4)GlcNAc(b1-4)GlcNAc(b1-Sp12,15.409325,3.5297249999999987,16.777724999999993,13.024375
Man(a1-2)Man(a1-6)[Man(a1-3)]Man(a1-6)[Man(a1-2)Man(a1-2)Man(a1-3)]Man(b1-4)GlcNAc(b1-4)GlcNAc(b1-Sp12,-23.517375,1.877225,2.2601750000000003,1393.3446000000006
Man(a1-2)Man(a1-6)[Man(a1-2)Man(a1-3)]Man(a1-6)[Man(a1-2)Man(a1-2)Man(a1-3)]Man(b1-4)GlcNAc(b1-4)GlcNAc(b1-Sp12,39.49125,33.80820000000001,4.470725000000002,665.5111249999998
Man(a1-6)[Man(a1-3)]Man(a1-Sp9,4.7005250000000025,-34.63119999999999,-9.272524999999996,-292.33377500000006
Man(a1-2)Man(a1-2)Man(a1-6)[Man(a1-3)]Man(a1-Sp9,-6.382925,-24.212475,-9.191499999999998,-7.903274999999923
Man(a1-6)[Man(a1-3)]Man(a1-6)[Man(a1-2)Man(a1-3)]Man(b1-4)GlcNAc(b1-4)GlcNAc(b1-Sp12,72.3589,43.1367,47.68475,600.7152500000002
Man(a1-6)[Man(a1-3)]Man(a1-6)[Man(a1-3)]Man(b1-4)GlcNAc(b1-4)GlcNAc(b1-Sp12,-0.2091500000000046,-12.379524999999996,-7.213774999999997,-115.71022499999998
Man(b1-4)GlcNAc(b1-Sp0,-6.802724999999999,-26.82325,15.211225,110.48337500000002
Neu5Ac(a2-3)Gal(b1-4)GlcNAc(b1-3)Gal(b1-4)[Fuc(a1-3)]GlcNAc(b1-Sp0,-7.356774999999997,-21.291525,-2.7165500000000016,-466.8429499999999
(3S)Gal(b1-4)[Fuc(a1-3)](6S)GlcNAc(b1-Sp8,12.116075,113.59345000000002,1501.60645,18410.617225
Fuc(a1-2)(6S)Gal(b1-4)GlcNAc(b1-Sp0,3.157525000000001,-5.09875,0.2465249999999965,-31.419799999999995
Fuc(a1-2)Gal(b1-4)(6S)GlcNAc(b1-Sp8,1.5374750000000006,-7.2008249999999965,-11.2864,-81.5971
Fuc(a1-2)(6S)Gal(b1-4)(6S)Glc(b1-Sp0,5.153225000000001,2.17485,6.86975,-40.943425
Neu5Ac(a2-3)Gal(b1-3)GalNAc(a1-Sp8,-17.960099999999994,-25.681574999999995,-24.620950000000004,254.4842249999997
Neu5Ac(a2-3)Gal(b1-3)GalNAc(a1-Sp14,-6.09385,-0.9406999999999996,-28.0158,-92.36565000000002
GalNAc(b1-4)[Neu5Ac(a2-8)Neu5Ac(a2-8)Neu5Ac(a2-8)Neu5Ac(a2-3)]Gal(b1-4)Glc(b1-Sp0,-13.076674999999998,5.3854999999999915,-28.366425000000003,-125.872925
GalNAc(b1-4)[Neu5Ac(a2-8)Neu5Ac(a2-8)Neu5Ac(a2-3)]Gal(b1-4)Glc(b1-Sp0,9.137125,-15.907725,-19.9775,-89.33027499999999
Neu5Ac(a2-8)Neu5Ac(a2-8)Neu5Ac(a2-3)Gal(b1-4)Glc(b1-Sp0,-11.907474999999998,-8.274199999999997,-3.639250000000001,-70.18039999999996
GalNAc(b1-4)[Neu5Ac(a2-8)Neu5Ac(a2-3)]Gal(b1-4)Glc(b1-Sp0,-10.942550000000004,-14.644625,-14.318549999999995,-86.41512499999996
Neu5Ac(a2-8)Neu5Ac(a2-8)Neu5Ac(a1-Sp8,-2.8306749999999994,-6.434725,5.954899999999995,-63.49594999999999
Neu5Ac(a2-3)(6S)Gal(b1-4)[Fuc(a1-3)]GlcNAc(b1-Sp8,-2.662449999999998,-5.319075,-9.059300000000002,-24.2109
GalNAc(b1-4)[Neu5Ac(a2-3)]Gal(b1-4)GlcNAc(b1-Sp0,-4.710650000000001,-0.8087250000000008,-19.6837,-0.7218999999999998
GalNAc(b1-4)[Neu5Ac(a2-3)]Gal(b1-4)GlcNAc(b1-Sp8,0.0070249999999987284,-1.7948500000000005,-8.118674999999996,-35.52907500000001
GalNAc(b1-4)[Neu5Ac(a2-3)]Gal(b1-4)Glc(b1-Sp0,-1.903575000000005,-0.6939499999999992,-7.750150000000001,-6.2867000000000015
Neu5Ac(a2-3)Gal(b1-3)GalNAc(b1-4)[Neu5Ac(a2-3)]Gal(b1-4)Glc(b1-Sp0,-11.722624999999995,-1.8012750000000004,-9.225174999999991,524.2334999999998
Neu5Ac(a2-6)[Neu5Ac(a2-3)]GalNAc(a1-Sp8,-11.170450000000002,-14.813199999999995,-17.6096,-39.565225
Neu5Ac(a2-3)GalNAc(a1-Sp8,-17.9249,-15.360375,-20.513875,-9.529324999999991
Neu5Ac(a2-3)GalNAc(b1-4)GlcNAc(b1-Sp0,-4.521000000000004,-25.37335000000001,-21.619100000000003,-76.757275
Neu5Ac(a2-3)Gal(b1-3)(6S)GlcNAc(a1-Sp8,6.348875,-10.681825,22.670050000000003,305.7029
Neu5Ac(a2-3)Gal(b1-3)[ Fuc(a1-4)]GlcNAc(b1-Sp8,-1.807575,-6.957074999999992,21.259175000000006,-47.84497500000021
Neu5Ac(a2-3)Gal(b1-3)[Fuc(a1-4)]GlcNAc(b1-3)Gal(b1-4)[Fuc(a1-3)]GlcNAc(b1-Sp0,-1.6693999999999996,-9.213275,12.086349999999996,-73.9554
Neu5Ac(a2-3)Gal(b1-4)[Neu5Ac(a2-3)Gal(b1-3)]GlcNAc(b1-Sp8,-7.033774999999999,-5.998999999999998,-15.5701,-327.83825
Neu5Ac(a2-3)Gal(b1-3)(6S)GalNAc(a1-Sp8,-6.789675000000001,-6.084075,-12.789175,282.25445
Neu5Ac(a2-6)[Neu5Ac(a2-3)Gal(b1-3)]GalNAc(a1-Sp8,-4.151799999999998,-6.662150000000002,1.603324999999998,-21.017075
Neu5Ac(a2-6)[Neu5Ac(a2-3)Gal(b1-3)]GalNAc(a1-Sp14,6.1127249999999975,9.31465,7.199225,-19.683024999999994
Neu5Ac(a2-3)Gal(b1-Sp8,-3.0417750000000012,1.248524999999999,-0.24905000000000044,-35.3646
Neu5Ac(a2-3)Gal(b1-3)GalNAc(b1-3)Gal(a1-4)Gal(b1-4)Glc(b1-Sp0,4.090525000000003,-8.779349999999999,-3.557899999999991,34.48154999999997
Neu5Ac(a2-3)Gal(b1-3)GlcNAc(b1-3)Gal(b1-4)GlcNAc(b1-Sp0,-10.270675,-8.870949999999997,-5.973250000000004,-185.19282500000003
Fuc(a1-2)(6S)Gal(b1-4)Glc(b1-Sp0,3.8480000000000025,-8.693774999999999,6.250349999999997,791.916
Neu5Ac(a2-3)Gal(b1-3)GlcNAc(b1-Sp0,-8.773825000000002,-19.374375,-28.00435,99.604425
Neu5Ac(a2-3)Gal(b1-3)GlcNAc(b1-Sp8,3.594524999999998,-20.508275,-7.159450000000001,282.7355750000001
Neu5Ac(a2-3)Gal(b1-4)(6S)GlcNAc(b1-Sp8,-13.322175,-11.300125,-36.472150000000006,-54.48800000000006
Neu5Ac(a2-3)Gal(b1-4)[Fuc(a1-3)](6S)GlcNAc(b1-Sp8,-4.45,-14.825225,-3.7087749999999935,192.715375
Neu5Ac(a2-3)Gal(b1-4)[Fuc(a1-3)]GlcNAc(b1-3)Gal(b1-4)[Fuc(a1-3)]GlcNAc(b1-3)Gal(b1-4)[Fuc(a1-3)]GlcNAc(b1-Sp0,12.309975,8.647600000000002,25.296825,-1.8280500000000048
Neu5Ac(a2-3)Gal(b1-4)[Fuc(a1-3)]GlcNAc(b1-Sp0,-5.938474999999999,-3.305200000000002,-6.258425000000001,3.8371250000000083
Neu5Ac(a2-3)Gal(b1-4)[Fuc(a1-3)]GlcNAc(b1-Sp8,0.3519500000000022,-3.7702500000000008,4.157925000000007,-9.049525000000003
Neu5Ac(a2-3)Gal(b1-4)[Fuc(a1-3)]GlcNAc(b1-3)Gal(b1-Sp8,-5.983174999999999,-4.7083,-20.199,-24.728849999999994
Neu5Ac(a2-3)Gal(b1-4)[Fuc(a1-3)]GlcNAc(b1-3)Gal(b1-4)GlcNAc(b1-Sp8,-13.233275000000004,19.312700000000003,0.9820500000000012,-110.70145
Neu5Ac(a2-3)Gal(b1-4)GlcNAc(b1-3)Gal(b1-4)GlcNAc(b1-3)Gal(b1-4)GlcNAc(b1-Sp0,-1.8577999999999968,-4.4803250000000014,1.669375,-15.056549999999987
Neu5Ac(a2-3)Gal(b1-4)GlcNAc(b1-Sp0,-0.3854249999999979,-20.24815,9.973725000000004,-556.1091999999999
Neu5Ac(a2-3)Gal(b1-4)GlcNAc(b1-Sp8,15.086525000000002,-9.230150000000002,-27.259075,-20.291149999999988
Neu5Ac(a2-3)Gal(b1-4)GlcNAc(b1-3)Gal(b1-4)GlcNAc(b1-Sp0,25.088525,-19.6947,12.94015,35.111699999999985
Fuc(a1-2)Gal(b1-4)(6S)Glc(b1-Sp0,0.4055999999999997,-0.2553000000000001,26.504825,-292.93987500000014
Neu5Ac(a2-3)Gal(b1-4)Glc(b1-Sp0,6.557650000000002,2.477599999999999,7.277799999999999,1451.33255
Neu5Ac(a2-3)Gal(b1-4)Glc(b1-Sp8,3.7109750000000012,-4.16845,20.87625,-644.660425
Neu5Ac(a2-6)GalNAc(a1-Sp8,-7.598424999999999,-9.342625,-11.394725000000005,731.406025
Neu5Ac(a2-6)GalNAc(b1-4)GlcNAc(b1-Sp0,-3.0261249999999986,-4.375849999999998,6.01775,11196.352675
Neu5Ac(a2-6)Gal(b1-4)(6S)GlcNAc(b1-Sp8,-7.6563,-8.203449999999998,-10.236075,318.75232499999987
Neu5Ac(a2-6)Gal(b1-4)GlcNAc(b1-Sp0,-1.3686000000000025,2.3362000000000016,-10.431974999999998,-23.008000000000003
Neu5Ac(a2-6)Gal(b1-4)GlcNAc(b1-Sp8,-3.547425000000004,-11.369975000000002,-3.0624499999999983,222.29155
Neu5Ac(a2-6)Gal(b1-4)GlcNAc(b1-3)Gal(b1-4)[Fuc(a1-3)]GlcNAc(b1-3)Gal(b1-4)[Fuc(a1-3)]GlcNAc(b1-Sp0,-10.807674999999994,5.6754250000000015,0.03747500000000058,-173.6609
Neu5Ac(a2-6)Gal(b1-4)GlcNAc(b1-3)Gal(b1-4)GlcNAc(b1-Sp0,-7.026500000000002,17.177300000000006,-0.2316249999999976,964.435025
Neu5Ac(a2-6)Gal(b1-4)Glc(b1-Sp0,-7.076050000000002,-7.684425000000003,-6.391274999999991,390.68545000000006
Neu5Ac(a2-6)Gal(b1-4)Glc(b1-Sp8,19.449349999999995,-1.280400000000002,-4.085324999999997,335.7168000000001
Neu5Ac(a2-6)Gal(b1-Sp8,-3.2164749999999955,4.608800000000004,-9.907274999999997,-100.9131
Neu5Ac(a2-8)Neu5Ac(a1-Sp8,3.3496999999999986,4.802224999999998,4.48855,22.410675000000023
Neu5Ac(a2-8)Neu5Ac(a2-3)Gal(b1-4)Glc(b1-Sp0,-15.597600000000002,-2.2441500000000008,12.38995,-16.492325
Gal(b1-3)[Fuc(a1-4)]GlcNAc(b1-3)Gal(b1-3)[Fuc(a1-4)]GlcNAc(b1-Sp0,-12.063399999999998,3.462575,-0.8409000000000013,-7.608875000000005
Neu5Ac(b2-6)GalNAc(a1-Sp8,-2.047625,-9.973400000000003,-8.283424999999998,-19.0353
Neu5Ac(b2-6)Gal(b1-4)GlcNAc(b1-Sp8,2.1164750000000008,1.3438999999999979,-17.119150000000005,-20.4001
Neu5Gc(a2-3)Gal(b1-3)[Fuc(a1-4)]GlcNAc(b1-Sp0,0.3086499999999983,-1.8233500000000007,-15.403975000000004,-47.43147499999998
Neu5Gc(a2-3)Gal(b1-3)GlcNAc(b1-Sp0,4.028624999999998,0.22880000000000145,7.194000000000003,-70.720875
Neu5Gc(a2-3)Gal(b1-4)[Fuc(a1-3)]GlcNAc(b1-Sp0,-1.8093499999999985,9.550724999999996,-9.130075,154.240525
Neu5Gc(a2-3)Gal(b1-4)GlcNAc(b1-Sp0,3.604849999999999,-0.14569999999999794,-10.676374999999998,-80.77479999999998
Neu5Gc(a2-3)Gal(b1-4)Glc(b1-Sp0,25.1777,6.44135,2.479899999999997,-89.8925
Neu5Gc(a2-6)GalNAc(a1-Sp0,-1.1303500000000015,-7.221824999999999,-4.922699999999997,48.169249999999934
Neu5Gc(a2-6)Gal(b1-4)GlcNAc(b1-Sp0,5.189599999999999,-7.373699999999999,18.530375,-288.16885
Neu5Gc(a1-Sp8,0.8114500000000042,14.118099999999998,13.673250000000007,-109.26045
Neu5Ac(a2-3)Gal(b1-4)GlcNAc(b1-6)[Gal(b1-3)]GalNAc(a1-Sp14,5.123000000000005,-8.128200000000003,5.018275000000006,-15.74885000000006
Gal(b1-3)GlcNAc(b1-3)Gal(b1-3)GlcNAc(b1-Sp0,9.137375,-0.8679500000000004,2.516424999999998,-180.244475
Gal(b1-4)[Fuc(a1-3)](6S)GlcNAc(b1-Sp0 ,6.887074999999998,-6.2064749999999975,-3.7398000000000025,-79.53627499999997
Gal(b1-4)[Fuc(a1-3)](6S)Glc(b1-Sp0,20.11985,-4.330899999999996,16.300375000000006,-727.5633
Gal(b1-4)[Fuc(a1-3)]GlcNAc(b1-3)Gal(b1-3)[Fuc(a1-4)]GlcNAc(b1-Sp0,18.611374999999995,22.147825000000005,3.5980250000000016,-39.71489999999999
Gal(b1-4)GlcNAc(b1-3)Gal(b1-3)GlcNAc(b1-Sp0,7.744850000000002,2.736799999999999,1.5212750000000028,-3.659774999999996
Neu5Ac(a2-3)Gal(b1-3)GlcNAc(b1-3)Gal(b1-3)GlcNAc(b1-Sp0,12.28915,-3.7907500000000014,4.411775000000002,110.50429999999996
Neu5Ac(a2-3)Gal(b1-4)GlcNAc(b1-3)Gal(b1-3)GlcNAc(b1-Sp0,-2.156575,-10.269925000000002,3.523675000000001,-58.78825
4S(3S)Gal(b1-4)GlcNAc(b1-Sp0,-1.155899999999999,-8.609249999999998,-0.8267999999999986,386.482425
(6S)Gal(b1-4)(6S)GlcNAc(b1-Sp0,-13.37975,10.828525,30.7074,3150.0420749999994
(6P)Glc(b1-Sp10,4.7027,19.907375,15.732400000000005,396.07265
Neu5Ac(a2-3)Gal(b1-4)[Fuc(a1-3)]GlcNAc(b1-6)[Gal(b1-3)]GalNAc(a1-Sp14,22.134499999999992,25.13305,80.12542500000005,-89.60434999999998
Gal(b1-3)Gal(b1-4)GlcNAc(b1-Sp8,18.59305,-11.539525000000005,10.15125,6.177399999999977
Neu5Ac(a2-6)Gal(b1-4)GlcNAc(b1-2)Man(a1-6)[Gal(b1-4)GlcNAc(b1-2)Man(a1-3)]Man(b1-4)GlcNAc(b1-4)GlcNAc(b1-Sp12,2.7299499999999988,5.891375000000003,7.1875499999999874,65.71207499999997
Gal(b1-4)GlcNAc(b1-6)[Gal(b1-4)GlcNAc(b1-3)]Gal(b1-4)GlcNAc(a1-Sp0,2.6947249999999983,8.21795,0.12749999999999773,3684.1649250000014
GlcNAc(b1-6)[Gal(b1-4)GlcNAc(b1-3)]Gal(b1-4)GlcNAc(a1-Sp0,-5.8277500000000035,-4.279649999999997,-5.052749999999998,143.58827499999995
Gal(b1-4)GlcNAc(a1-6)Gal(b1-4)GlcNAc(b1-Sp0,-2.100274999999999,-1.8737249999999983,22.42065,-38.8226
Gal(b1-4)GlcNAc(b1-6)Gal(b1-4)GlcNAc(b1-Sp0,2.123899999999999,0.4425749999999997,-3.873175,26.220550000000053
GalNAc(b1-3)Gal(b1-Sp8,6.085324999999999,3.129749999999996,2.7066999999999983,-135.00077499999998
GlcA(b1-3)GlcNAc(b1-Sp8,-8.032824999999995,-1.1556750000000022,4.289375,-100.86007500000002
Neu5Ac(a2-6)Gal(b1-4)GlcNAc(b1-2)Man(a1-6)[GlcNAc(b1-2)Man(a1-3)]Man(b1-4)GlcNAc(b1-4)GlcNAc(b1-Sp12,-3.2497249999999984,-2.210925,-6.9268250000000045,-14.187974999999987
GlcNAc(b1-3)Ma(n1-Sp10,5.605775000000005,1.7794999999999952,13.811750000000005,-364.541575
GlcNAc(b1-4)GlcNAc(b1-Sp10,-4.3416,-3.784875,583.130525,9082.276325
GlcNAc(b1-4)GlcNAc(b1-Sp12,-4.780500000000004,-11.7674,46.55337500000001,-315.852125
MurNAc(b1-4)GlcNAc(b1-Sp10,-12.300774999999994,-9.771925,7.925275000000003,7259.514549999997
Man(a1-6)Man(b1-Sp10,11.406325,-4.062925000000004,21.132625000000004,-85.85652499999998
Man(a1-6)[Man(a1-3)]Man(a1-6)[Man(a1-3)]Man(b1-Sp10,9.947299999999998,0.3548250000000017,4.721674999999999,-679.0974500000002
Man(a1-2)Man(a1-6)[Man(a1-3)]Man(a1-6)[Man(a1-2)Man(a1-2)Man(a1-3)]Man(a1-Sp9,2.7584,5.743724999999998,4.965949999999999,-23.34975
Man(a1-2)Man(a1-6)[Man(a1-2)Man(a1-3)]Man(a1-6)[Man(a1-2)Man(a1-2)Man(a1-3)]Man(a1-Sp9,8.221825000000003,-0.8610749999999996,15.682725,-33.259025
Neu5Ac(a2-3)Gal(b1-4)GlcNAc(b1-6)[Neu5Ac(a2-3)Gal(b1-3)]GalNAc(a1-Sp14,10.848675,-1.3172249999999988,-3.994875000000004,8.300350000000009
Neu5Ac(a2-6)Gal(b1-4)GlcNAc(b1-2)Man(a1-6)[Neu5Ac(a2-3)Gal(b1-4)GlcNAc(b1-2)Man(a1-3)]Man(b1-4)GlcNAc(b1-4)GlcNAc(b1-Sp12,5.658924999999996,2.4646499999999962,16.087825000000006,-11.658524999999996
Gal(b1-4)GlcNAc(b1-2)Man(a1-6)[Neu5Ac(a2-6)Gal(b1-4)GlcNAc(b1-2)Man(a1-3)]Man(b1-4)GlcNAc(b1-4)GlcNAc(b1-Sp12,5.921924999999997,-1.904625000000001,-0.7937999999999974,660.298275
GlcNAc(b1-2)Man(a1-6)[Neu5Ac(a2-6)Gal(b1-4)GlcNAc(b1-2)Man(a1-3)]Man(b1-4)GlcNAc(b1-4)GlcNAc(b1-Sp12,0.7139999999999986,2.341924999999998,6.991350000000009,-92.037075
Neu5Ac(a2-8)Neu5Ac(b1-Sp17,-1.3606750000000023,9.5813,-3.6171000000000006,146.68932500000003
Neu5Ac(a2-8)Neu5Ac(a2-8)Neu5Ac(b1-Sp8,6.504175000000003,-16.209850000000007,-9.090549999999997,-75.91444999999997
Neu5Gc(b2-6)Gal(b1-4)GlcNAc(a1-Sp8,13.462599999999998,9.613450000000002,9.044150000000002,110.64655000000002
Gal(b1-3)GlcNAc(b1-2)Man(a1-6)[Gal(b1-3)GlcNAc(b1-2)Man(a1-3)]Man(b1-4)GlcNAc(b1-4)GlcNAc(b1-Sp19,36.01159999999999,11.345425000000002,37.54022500000001,76.84979999999973
Neu5Ac(a2-3)Gal(b1-4)GlcNAc(b1-2)Man(a1-6)[Neu5Ac(a2-3)Gal(b1-4)GlcNAc(b1-2)Man(a1-3)]Man(b1-4)GlcNAc(b1-4)GlcNAc(b1-Sp12,4.887174999999999,0.10622500000000024,-5.313849999999999,-77.76987500000001
Neu5Ac(a2-3)Gal(b1-4)GlcNAc(b1-2)Man(a1-6)[Neu5Ac(a2-6)Gal(b1-4)GlcNAc(b1-2)Man(a1-3)]Man(b1-4)GlcNAc(b1-4)GlcNAc(b1-Sp12,6.935224999999997,12.064274999999995,-1.0998000000000019,-65.55635000000001
Gal(b1-4)[Fuc(a1-3)]GlcNAc(b1-2)Man(a1-6)[Gal(b1-4)[Fuc(a1-3)]GlcNAc(b1-2)Man(a1-3)]Man(b1-4)GlcNAc(b1-4)GlcNAc(b1-Sp20,12.1631,-1.8012000000000017,11.919975000000004,-36.34294999999999
"Neu5,9Ac2(a2-3)Gal(b1-4)GlcNAc(b1-Sp0",3.874599999999997,11.563825,-0.5313249999999989,418.468025
"Neu5,9Ac2(a2-3)Gal(b1-4)GlcNAc(b1-Sp0",4.666775000000001,-10.42,-0.17382500000000078,-146.62479999999996
Neu5Ac(a2-6)Gal(b1-4)GlcNAc(b1-3)Gal(b1-3)GlcNAc(b1-Sp0,-9.839949999999998,53.237525,-13.911,11.287000000000004
Neu5Ac(a2-3)Gal(b1-3)[Fuc(a1-4)]GlcNAc(b1-3)Gal(b1-3)[Fuc(a1-4)]GlcNAc(b1-Sp0,-1.901875,-1.7676000000000034,-2.854025,-3.422674999999998
Neu5Ac(a2-6)Gal(b1-4)GlcNAc(b1-3)Gal(b1-4)GlcNAc(b1-3)Gal(b1-4)GlcNAc(b1-Sp0,-9.1692,-18.994,0.4754500000000022,-381.94055
Gal(a1-4)Gal(b1-4)GlcNAc(b1-3)Gal(b1-4)Glc(b1-Sp0,0.4118999999999993,-4.116849999999999,3.115850000000002,-72.7375
GalNAc(b1-3)Gal(a1-4)Gal(b1-4)GlcNAc(b1-3)Gal(b1-4)Glc(b1-Sp0,3.9161,-12.9375,21.87680000000001,351.7399
GalNAc(a1-3)[Fuc(a1-2)]Gal(b1-4)GlcNAc(b1-3)Gal(b1-4)GlcNAc(b1-Sp0,-9.12715,1.2895249999999994,1.4113749999999996,-163.79215000000005
GalNAc(a1-3)[Fuc(a1-2)]Gal(b1-4)GlcNAc(b1-3)Gal(b1-4)GlcNAc(b1-3)Gal(b1-4)GlcNAc(b1-Sp0,23.33570000000001,15.454475,39.71617499999999,-39.97202500000003
Neu5Ac(a2-3)Gal(b1-4)[Fuc(a1-3)]GlcNAc(b1-6)[Neu5Ac(a2-3)Gal(b1-3)]GalNAc(a1-Sp14,22.634049999999995,6.2838999999999965,13.867949999999995,-455.698275
GlcNAc(a1-4)Gal(b1-4)GlcNAc(b1-3)Gal(b1-4)GlcNAc(b1-3)Gal(b1-4)GlcNAc(b1-Sp0,2.298874999999999,10.72835,1352.4381999999996,4393.311774999998
GlcNAc(a1-4)Gal(b1-4)GlcNAc(b1-Sp0,7.0271250000000025,1.7784750000000005,960.77345,20178.91115
GlcNAc(a1-4)Gal(b1-3)GlcNAc(b1-Sp0,0.9677249999999962,-6.002650000000001,5.377825000000001,271.70402500000006
GlcNAc(a1-4)Gal(b1-4)GlcNAc(b1-3)Gal(b1-4)Glc(b1-Sp0,-0.8018249999999973,20.588675,782.3394250000001,25233.35825
GlcNAc(a1-4)Gal(b1-4)GlcNAc(b1-3)Gal(b1-4)[Fuc(a1-3)]GlcNAc(b1-3)Gal(b1-4)[Fuc(a1-3)]GlcNAc(b1-Sp0,2.657149999999998,-2.026299999999999,132.516975,2730.0010499999994
GlcNAc(a1-4)Gal(b1-4)GlcNAc(b1-3)Gal(b1-4)GlcNAc(b1-Sp0,-0.4826499999999996,-0.6163999999999987,1179.276475,24144.670525
GlcNAc(a1-4)Gal(b1-3)GalNAc(a1-Sp14,4.454250000000002,5.136500000000005,27.645975,-140.40637500000003
Neu5Ac(a2-6)Gal(b1-4)GlcNAc(b1-2)Man(a1-6)[Man(a1-3)]Man(b1-4)GlcNAc(b1-4)GlcNAc(a1-Sp12,9.147949999999994,-6.8551,-17.455925,-107.98712500000002
Man(a1-6)[Neu5Ac(a2-6)Gal(b1-4)GlcNAc(b1-2)Man(a1-3)]Man(b1-4)GlcNAc(b1-4)GlcNAc(a1-Sp12,4.2973750000000015,-8.055975,24.411750000000005,-109.22820000000002
Neu5Ac(a2-6)Gal(b1-4)GlcNAc(b1-2)Man(a1-6)Man(b1-4)GlcNAc(b1-4)GlcNAc(a1-Sp12,7.461500000000004,-6.216099999999997,-13.845950000000002,-6.437674999999999
Neu5Ac(a2-6)Gal(b1-4)GlcNAc(b1-2)Man(a1-3)Man(b1-4)GlcNAc(b1-4)GlcNAc(a1-Sp12,4.0287000000000015,-5.6117250000000025,8.501299999999997,196.708625
Gal(b1-4)GlcNAc(b1-2)Man(a1-3)Man(b1-4)GlcNAc(b1-4)GlcNAc(a1-Sp12,-5.288924999999999,6.2129499999999975,-11.613700000000005,-87.37740000000002
Gal(b1-4)GlcNAc(b1-2)Man(a1-6)Man(b1-4)GlcNAc(b1-4)GlcNAc(a1-Sp12,-3.820675,-6.551349999999998,19.33785,687.5814249999999
Man(a1-6)[Gal(b1-4)GlcNAc(b1-2)Man(a1-3)]Man(b1-4)GlcNAc(b1-4)GlcNAc(b1-Sp12,-6.338300000000002,11.423924999999995,-10.66055,1673.7259749999994
GlcNAc(b1-2)Man(a1-6)[GlcNAc(b1-2)Man(a1-3)]Man(b1-4)GlcNAc(b1-4)[Fuc(a1-6)]GlcNAc(b1-Sp22,10.7305,-1.5422250000000035,28.9629,-111.4902
Gal(b1-4)GlcNAc(b1-2)Man(a1-6)[Gal(b1-4)GlcNAc(b1-2)Man(a1-3)]Man(b1-4)GlcNAc(b1-4)[Fuc(a1-6)]GlcNAc(b1-Sp22,-16.782075000000006,6.2895500000000055,-18.777475,934.1485750000003
Gal(b1-3)GlcNAc(b1-2)Man(a1-6)[Gal(b1-3)GlcNAc(b1-2)Man(a1-3)]Man(b1-4)GlcNAc(b1-4)[Fuc(a1-6)]GlcNAc(b1-Sp22,19.15005,0.09420000000000073,4.414200000000001,1463.8843499999994
(6S)GlcNAc(b1-3)Gal(b1-4)GlcNAc(b1-Sp0,7.7623,-13.346700000000006,-2.402925,-235.26477500000004
KDN(a2-3)Gal(b1-4)[Fuc(a1-3)]GlcNAc(a1-Sp0,19.138525,-11.8601,11.321424999999998,799.0770500000001
KDN(a2-6)Gal(b1-4)GlcNAc(a1-Sp0,5.228799999999996,-14.646649999999996,13.934275000000005,1937.7502
KDN(a2-3)Gal(b1-4)Glc(a1-Sp0,14.510474999999996,-2.6436750000000035,3.51455,-149.649375
KDN(a2-3)Gal(b1-3)GalNAc(a1-Sp14,8.842400000000003,13.196799999999996,14.905150000000004,328.4436750000001
Fuc(a1-2)Gal(b1-3)GlcNAc(b1-2)Man(a1-6)[Fuc(a1-2)Gal(b1-3)GlcNAc(b1-2)Man(a1-3)]Man(b1-4)GlcNAc(b1-4)GlcNAc(b1-Sp20,34.862075000000004,-5.337325000000007,67.081875,-445.49375
Fuc(a1-2)Gal(b1-4)GlcNAc(b1-2)Man(a1-6)[Fuc(a1-2)Gal(b1-4)GlcNAc(b1-2)Man(a1-3)]Man(b1-4)GlcNAc(b1-4)GlcNAc(b1-Sp20,-0.20855000000000068,21.551475,29.65822500000001,22.61535
Fuc(a1-2)Gal(b1-4)[Fuc(a1-3)]GlcNAc(b1-2)Man(a1-6)[Fuc(a1-2)Gal(b1-4)[Fuc(a1-3)]GlcNAc(b1-2)Man(a1-3)]Man(b1-4)GlcNAc(b1-4)GlcNA(b1-Sp20,24.53607500000001,7.158999999999999,34.82255,-31.597575
Gal(a1-3)Gal(b1-4)GlcNAc(b1-2)Man(a1-6)[Gal(a1-3)Gal(b1-4)GlcNAc(b1-2)Man(a1-3)]Man(b1-4)GlcNAc(b1-4)GlcNAc(b1-Sp20,6.160625,-3.019124999999997,7.227775000000001,-143.6202
Gal(b1-4)GlcNAc(b1-2)Man(a1-6)[Man(a1-3)]Man(b1-4)GlcNAc(b1-4)GlcNAc(b1-Sp12,15.876900000000004,-12.4877,7.687625000000002,-89.07830000000001
Fuc(a1-4)[Gal(b1-3)]GlcNAc(b1-2)Man(a1-6)[Fuc(a1-4)[Gal(b1-3)]GlcNAc(b1-2)Man(a1-3)]Man(b1-4)GlcNAc(b1-4)[Fuc(a1-6)]GlcNAc(b1-Sp22,28.48420000000001,1.7719500000000004,33.890525000000004,-20.877325000000106
Neu5Ac(a2-6)GlcNAc(b1-4)GlcNAc(a1-Sp21,-18.450575,5.116275000000004,348.496725,20409.156824999995
Neu5Ac(a2-6)GlcNAc(b1-4)GlcNAc(b1-4)GlcNAc(a1-Sp21,-19.242025,0.3762000000000043,493.354375,21059.723025
Gal(b1-4)[Fuc(a1-3)]GlcNAc(b1-6)[Fuc(a1-2)Gal(b1-4)GlcNAc(b1-3)]Gal(b1-4)Glc(a1-Sp21,1.2910250000000083,-10.033975000000003,28.131525000000003,-100.35105
Gal(b1-4)GlcNAc(b1-2)Man(a1-6)[Gal(b1-4)GlcNAc(b1-4)[Gal(b1-4)GlcNAc(b1-2)]Man(a1-3)]Man(b1-4)GlcNAc(b1-4)GlcNAc(a1-Sp21,12.108774999999998,-10.566150000000002,15.889599999999987,220.78442500000008
GalNAc(a1-3)[Fuc(a1-2)]Gal(b1-4)GlcNAc(b1-2)Man(a1-6)[GalNAc(a1-3)[Fuc(a1-2)]Gal(b1-4)GlcNAc(b1-2)Man(a1-3)]Man(b1-4)GlcNAc(b1-4)GlcNAc(b1-Sp20,-6.3063249999999975,-3.073224999999997,27.893900000000144,560.3197
Gal(a1-3)[Fuc(a1-2)]Gal(b1-4)GlcNAc(b1-2)Man(a1-6)[Gal(a1-3)[Fuc(a1-2)]Gal(b1-4)GlcNAc(b1-2)Man(a1-3)]Man(b1-4)GlcNAc(b1-4)GlcNAc(b1-Sp20,4.828299999999999,-7.473500000000005,20.927750000000003,-82.0161
Gal(a1-3)Gal(b1-4)[Fuc(a1-3)]GlcNAc(b1-2)Man(a1-6)[Gal(a1-3)Gal(b1-4)[Fuc(a1-3)]GlcNAc(b1-2)Man(a1-3)]Man(b1-4)GlcNAc(b1-4)GlcNAc(b1-Sp20,-28.371825,-18.71375,-27.07252499999999,94.745525
GalNAc(a1-3)[Fuc(a1-2)]Gal(b1-3)GlcNAc(b1-2)Man(a1-6)[GalNAc(a1-3)[Fuc(a1-2)]Gal(b1-3)GlcNAc(b1-2)Man(a1-3)]Man(b1-4)GlcNAc(b1-4)GlcNAc(b1-Sp20,3.1341500000000018,-6.84055,13.482424999999996,-83.36602500000005
Gal(a1-3)[Fuc(a1-2)]Gal(b1-3)GlcNAc(b1-2)Man(a1-6)[Gal(a1-3)[Fuc(a1-2)]Gal(b1-3)GlcNAc(b1-2)Man(a1-3)]Man(b1-4)GlcNAc(b1-4)GlcNAc(b1-Sp20,-5.677574999999997,-12.41955,-0.8650500000000001,-60.21242500000001
Fuc(a1-4)[Fuc(a1-2)Gal(b1-3)]GlcNAc(b1-2)Man(a1-3)[Fuc(a1-4)[Fuc(a1-2)Gal(b1-3)]GlcNAc(b1-2)Man(a1-3)]Man(b1-4)GlcNAc(b1-4)GlcNAc(b1-Sp19,4.642599999999998,-1.015625,54.728325,-2.8694000000000064
Neu5Ac(a2-3)Gal(b1-4)GlcNAc(b1-3)GalNAc(a1-Sp14,-11.719625000000002,17.732275,-10.166500000000003,-172.38675
Neu5Ac(a2-6)Gal(b1-4)GlcNAc(b1-3)GalNAc(a1-Sp14,-5.014174999999998,-2.713125,2.4446249999999954,-67.75040000000001
Neu5Ac(a2-3)Gal(b1-4)[Fuc(a1-3)]GlcNAc(b1-3)GalNAc(a1-Sp14,13.384324999999995,-19.925100000000004,10.204600000000003,1395.347775
GalNAc(b1-4)GlcNAc(b1-2)Man(a1-6)[GalNAc(b1-4)GlcNAc(b1-2)Man(a1-3)]Man(b1-4)GlcNAc(b1-4)GlcNAc(a1-Sp12,215.82355,303.289125,445.69005,-5.2812250000006316
Gal(b1-3)GalNAc(a1-3)[Fuc(a1-2)]Gal(b1-4)Glc(a1-Sp0,-4.739674999999996,-0.9989750000000086,-5.4465500000000056,-112.39155
Gal(b1-3)GalNAc(a1-3)[Fuc(a1-2)]Gal(b1-4)GlcNAc(a1-Sp0,-10.170699999999998,-16.170975000000006,-4.719574999999995,110.08132499999996
Gal(b1-3)GlcNac(b1-3)Gal(b1-4)GlcNac(b1-6)[Gal(b1-3)GlcNac(b1-3)]Gal(b1-4)Glc(b1-Sp0,0.10342499999999788,-24.196624999999994,-9.96674999999999,-138.22910000000002
Gal(b1-4)[Fuc(a1-3)]GlcNAc(b1-6)[Gal(b1-3)GlcNAc(b1-3)]Gal(b1-4)Glc(a1-Sp21,5.85005,-8.730675000000002,8.499724999999998,113.20412499999998
Gal(b1-4)GlcNAc(b1-6)[Fuc(a1-4)[Fuc(a1-2)Gal(b1-3)]GlcNAc(b1-3)]Gal(b1-4)Glc(a1-Sp21,6.2025,8.549574999999997,23.317350000000005,1.793725000000002
Gal(b1-4)[Fuc(a1-3)]GlcNAc(b1-6)[Fuc(a1-4)[Fuc(a1-2)Gal(b1-3)]GlcNAc(b1-3)]Gal(b1-4)Glc(a1-Sp21,-3.3176499999999987,4.153775000000001,-5.24625,-17.628800000000005
Gal(b1-3)GlcNAc(b1-3)Gal(b1-4)[Fuc(a1-3)]GlcNAc(b1-6)[Gal(b1-3)GlcNAc(b1-3)]Gal(b1-4)Glc(a1-Sp21,16.408900000000006,3.68765,0.5966749999999941,-26.90905
Gal(b1-4)GlcNac(b1-6)[Gal(b1-4)GlcNac(b1-2)]Man(a1-6)[Gal(b1-4)GlcNac(b1-4)[Gal(b1-4)GlcNac(b1-2)]Man(a1-3)]Man(b1-4)GlcNac(b1-4)GlcNac(b1-Sp21,-6.528675,1.7334499999999975,8.439225,27.85070000000001
GlcNac(b1-2)Man(a1-6)[GlcNac(b1-4)[GlcNac(b1-2)]Man(a1-3)]Man(b1-4)GlcNac(b1-4)GlcNac(a1-Sp21,3.6446999999999967,-7.020150000000001,-4.762924999999996,-31.203224999999986
Fuc(a1-2)Gal(b1-3)GalNAc(a1-3)[Fuc(a1-2)]Gal(b1-4)Glc(b1-Sp0,0.5497749999999932,-3.0367499999999983,5.7778250000000035,-3.2028750000000064
Fuc(a1-2)Gal(b1-3)GalNAc(a1-3)[Fuc(a1-2)]Gal(b1-4)GlcNAc(b1-Sp0,11.303625000000006,-8.810899999999998,15.440074999999995,108.71220000000002
Gal(b1-3)GlcNAc(b1-3)GalNAc(a1-Sp14,-2.5207750000000004,5.0028000000000015,-15.94925,-37.13239999999999
GalNAc(b1-4)[Neu5Ac(a2-3)]Gal(b1-4)GlcNAc(b1-3)GalNAc(a1-Sp14,37.47465,7.482274999999998,41.3325,262.160625
GalNAc(a1-3)[Fuc(a1-2)]Gal(b1-3)GalNAc(a1-3)[Fuc(a1-2)]Gal(b1-4)GlcNAc(b1-Sp0,-8.563399999999994,-13.0049,-22.1979,-276.13135000000005
Gal(a1-3)Gal(b1-3)GlcNAc(b1-2)Man(a1-6)[Gal(a1-3)Gal(b1-3)GlcNAc(b1-2)Man(a1-3)]Man(b1-4)GlcNAc(b1-4)GlcNAc(a1-Sp19,46.26170000000002,-7.745324999999998,49.53737500000001,2462.4689
Gal(a1-3)Gal(b1-3)[Fuc(a1-4)]GlcNAc(b1-2)Man(a1-6)[Gal(a1-3)Gal(b1-3)[Fuc(a1-4)]GlcNAc(b1-2)Man(a1-3)]Man(b1-4)GlcNAc(b1-4)GlcNAc(a1-Sp19,20.65445,-15.258250000000006,5.2536750000000065,-83.74359999999999
Neu5Ac(a2-3)Gal(b1-3)GlcNAc(b1-2)Man(a1-6)[Neu5Ac(a2-3)Gal(b1-3)GlcNAc(b1-2)Man(a1-3)]Man(b1-4)GlcNAc(b1-4)GlcNAc(a1-Sp19,33.678675000000005,19.670625,-2.3937749999999838,554.219575
GlcNAc(b1-2)Man(a1-6)[Gal(b1-4)GlcNAc(b1-2)Man(a1-3)]Man(b1-4)GlcNAc(b1-4)GlcNAc(a1-Sp12,0.029524999999999583,-6.040325000000002,13.3237,-33.401675
Gal(b1-4)GlcNAc(b1-2)Man(a1-6)[GlcNAc(b1-2)Man(a1-3)]Man(b1-4)GlcNAc(b1-4)GlcNAc(a1-Sp12,5.723599999999998,-23.098700000000004,1.5905250000000033,-109.826425
Neu5Ac(a2-3)Gal(b1-3)GlcNAc(b1-3)GalNAc(a1-Sp14,16.941175,11.695900000000002,2.2527000000000044,-91.0488
Fuc(a1-2)Gal(b1-4)GlcNac(b1-3)GalNac(a1-Sp14,0.7764749999999978,7.670700000000004,19.292700000000004,-66.973375
Gal(b1-4)[Fuc(a1-3)]GlcNac(b1-3)GalNac(a1-Sp14,42.40219999999999,-5.571499999999998,13.361675000000005,-83.67714999999998
GalNac(a1-3)GalNac(b1-3)Gal(a1-4)Gal(b1-4)GlcNac(b1-Sp0,-0.8506250000000009,4.4299750000000016,-6.9793249999999984,212.1144
Gal(a1-4)Gal(b1-3)GlcNac(b1-2)Man(a1-6)[Gal(a1-4)Gal(b1-3)GlcNac(b1-2)Man(a1-3)]Man(b1-4)GlcNac(b1-4)GlcNac(b1-Sp19,15.979950000000002,-9.470650000000004,56.36615000000002,-125.24559999999998
Gal(a1-4)Gal(b1-4)GlcNac(b1-2)Man(a1-6)[Gal(a1-4)Gal(b1-4)GlcNac(b1-2)Man(a1-3)]Man(b1-4)GlcNac(b1-4)GlcNac(b1-Sp24,12.330925,-11.593699999999998,16.62987500000001,-81.89365000000002
Gal(a1-3)Gal(b1-4)GlcNac(b1-3)GalNac(a1-Sp14,1.6849750000000014,-12.105324999999995,-6.116599999999997,142.12059999999997
Gal(b1-3)GlcNAc(b1-6)Gal(b1-4)GlcNAc(b1-Sp0,0.4733750000000008,-30.841625,-22.9854,-454.6662749999999
Gal(b1-3)GlcNAc(a1-6)Gal(b1-4)GlcNAc(b1-Sp0,-8.549450000000004,-16.274949999999997,-6.159399999999998,1043.1889
GalNAc(b1-3)Gal(a1-6)Gal(b1-4)Glc(b1-Sp8,-0.5186499999999992,6.2120000000000015,13.032200000000005,-20.267975
Gal(a1-3)[Fuc(a1-2)]Gal(b1-4)[Fuc(a1-3)]Glc(b1-Sp21,2.421825000000002,10.4779,12.49835,-0.4769999999999986
Gal(b1-4)GlcNAc(b1-6)[Neu5Ac(a2-6)Gal(b1-3)GlcNAc(b1-3)]Gal(b1-4)Glc(a1-Sp21,1.2771249999999963,1.7814499999999978,9.840775,10.176575
Gal(b1-3)GalNAc(b1-4)[Neu5Ac(a2-8)Neu5Ac(a2-3)]Gal(b1-4)Glc(b1-Sp0,17.605800000000013,-9.22465,-9.587550000000004,-25.87662500000001
Neu5Ac(a2-3)Gal(b1-3)GalNAc(b1-4)[Neu5Ac(a2-8)Neu5Ac(a2-3)]Gal(b1-4)Glc(b1-Sp0,15.724450000000004,-9.04745,-4.0769,67.56452500000006
Gal(a1-3)[Fuc(a1-2)]Gal(b1-4)GlcNAc(b1-3)GalNAc(a1-Sp14,13.945075000000005,-7.685374999999998,15.781850000000004,-42.719575000000006
GalNAc(a1-3)[Fuc(a1-2)]Gal(b1-4)GlcNAc(b1-3)GalNAc(a1-Sp14,19.850575,-7.154524999999998,7.359549999999995,325.3204250000001
GalNAc(a1-3)GalNAc(b1-3)Gal(a1-4)Gal(b1-4)Glc(b1-Sp0,7.0291250000000005,7.616625000000003,16.921625000000013,-82.90304999999995
Fuc(a1-2)Gal(b1-4)[Fuc(a1-3)]GlcNAc(b1-3)GalNAc(a1-Sp14,56.556,9.546675,111.555975,258.879025
Gal(a1-3)[Fuc(a1-2)]Gal(b1-4)[Fuc(a1-3)]GlcNAc(b1-3)GalNAc(a1-Sp14,15.566175000000005,0.6975000000000051,44.78110000000001,-255.6083
GalNAc(a1-3)[Fuc(a1-2)]Gal(b1-4)[Fuc(a1-3)]GlcNAc(b1-3)GalNAc(a1-Sp14,73.466025,-7.975,112.612575,583.8374249999998
Gal(b1-4)[Fuc(a1-3)]GlcNAc(b1-2)Man(a1-6)[Gal(b1-4)[Fuc(a1-3)]GlcNAc(b1-2)Man(a1-3)]Man(b1-4)GlcNAc(b1-4)[Fuc(a1-6)]GlcNAc(b1-Sp22,22.566050000000004,-11.800050000000002,38.42985,-77.73787500000003
Fuc(a1-2)Gal(b1-4)GlcNAc(b1-2)Man(a1-6)[Fuc(a1-2)Gal(b1-4)GlcNAc(b1-2)Man(a1-3)]Man(b1-4)GlcNAc(b1-4)[Fuc(a1-6)]GlcNAc(b1-Sp22,-14.458774999999996,-13.071724999999995,-15.663850000000007,128.02807499999994
GlcNAc(b1-2)[GlcNAc(b1-6)]Man(a1-6)[GlcNAc(b1-2)Man(a1-3)]Man(b1-4)GlcNAc(b1-4)GlcNAc(b1-Sp19,2.7612749999999977,-3.047649999999998,0.4144750000000013,-34.83147499999998
Fuc(a1-2)Gal(b1-3)GlcNAc(b1-3)GalNAc(a1-Sp14,-2.6613000000000007,-17.585325,-0.493474999999993,-101.476925
Gal(a1-3)[Fuc(a1-2)]Gal(b1-3)GlcNAc(b1-3)GalNAc(a1-Sp14,-0.5040249999999986,-7.752899999999998,3.0216500000000046,-59.542675
GalNAc(a1-3)[Fuc(a1-2)]Gal(b1-3)GlcNAc(b1-3)GalNAc(a1-Sp14,-6.8225750000000005,2.205675000000003,8.923024999999997,-157.577
Gal(a1-3)Gal(b1-3)GlcNAc(b1-3)GalNAc(a1-Sp14,7.397950000000005,-20.03205,2.7591500000000018,-77.69825
Fuc(a1-2)Gal(b1-3)GlcNAc(b1-2)Man(a1-6)[Fuc(a1-2)Gal(b1-3)GlcNAc(b1-2)Man(a1-3)]Man(b1-4)GlcNAc(b1-4)[Fuc(a1-6)]GlcNAc(b1-Sp22,0.4897500000000008,-6.990075000000001,-2.4832500000000093,1806.995975
Gal(a1-3)[Fuc(a1-2)]Gal(b1-4)GlcNAc(b1-2)Man(a1-6)[Gal(a1-3)[Fuc(a1-2)]Gal(b1-4)GlcNAc(b1-2)Man(a1-3)]Man(b1-4)GlcNAc(b1-4)[Fuc(a1-6)]GlcNAc(b1-Sp22,0.2255249999999976,-25.803325,15.070100000000005,-68.29315
Gal(b1-3)GlcNAc(b1-6)[Gal(b1-3)GlcNAc(b1-2)]Man(a1-6)[Gal(b1-3)GlcNAc(b1-2)Man(a1-3)]Man(b1-4)GlcNAc(b1-4)GlcNAc(b1-Sp19,-6.0902999999999965,-20.460699999999985,-0.07379999999999498,-87.3417
Gal(b1-4)GlcNAc(b1-6)[Fuc(a1-2)Gal(b1-3)GlcNAc(b1-3)]Gal(b1-4)Glc(a1-Sp21,-10.809675000000007,-15.496074999999998,8.487725000000005,156.3912250000001
Fuc(a1-3)GlcNAc(b1-6)[Gal(b1-4)GlcNAc(b1-3)]Gal(b1-4)Glc(a1-Sp21,-9.711475,-14.836124999999996,-2.804524999999998,-120.979275
GlcNAc(b1-2)Man(a1-6)[GlcNAc(b1-4)][GlcNAc(b1-2)Man(a1-3)]Man(b1-4)GlcNac(b1-4)GlcNAc(a1-Sp21,-16.121575,-15.359025,1.7113500000000101,-611.8668750000003
GlcNAc(b1-2)Man(a1-6)[GlcNAc(b1-4)][GlcNAc(b1-4)[GlcNAc(b1-2)]Man(a1-3)]Man(b1-4)GlcNAc(b1-4)GlcNAc(a1-Sp21,-0.4291749999999999,-10.028349999999998,11.929925000000004,575.946125
GlcNAc(b1-6)[GlcNAc(b1-2)]Man(a1-6)[GlcNAc(b1-4)][GlcNAc(b1-2)Man(a1-3)]Man(b1-4)GlcNAc(b1-4)GlcNAc(a1-Sp21,-10.128074999999997,1.5344249999999988,-6.281775000000002,733.656325
GlcNAc(b1-6)[GlcNAc(b1-2)]Man(a1-6)[GlcNAc(b1-4)][GlcNAc(b1-4)[GlcNAc(b1-2)]Man(a1-3)]Man(b1-4)GlcNAc(b1-4)GlcNAc(a1-Sp21,-6.134699999999998,-18.264375,-4.886975,-27.98305000000001
Gal(b1-4)GlcNAc(b1-2)Man(a1-6)[GlcNAc(b1-4)][Gal(b1-4)GlcNAc(b1-2)Man(a1-3)]Man(b1-4)GlcNAc(b1-4)GlcNAc(a1-Sp21,16.45405,-17.106275000000004,13.350475000000005,-43.44845000000001
Gal(b1-4)GlcNAc(b1-2)Man(a1-6)[GlcNAc(b1-4)][Gal(b1-4)GlcNAc(b1-4)[Gal(b1-4)GlcNAc(b1-2)]Man(a1-3)]Man(b1-4)GlcNAc(b1-4)GlcNAc(a1-Sp21,-8.152450000000002,-13.905675,-3.749875,-19.788500000000006
Gal(b1-4)GlcNAc(b1-6)[Gal(b1-4)GlcNAc(b1-2)]Man(a1-6)[GlcNAc(b1-4)][Gal(b1-4)GlcNAc(b1-2)Man(a1-3)]Man(b1-4)GlcNAc(b1-4)GlcNAc(a1-Sp21,-9.476300000000002,-5.336575,-10.180925000000009,-81.35072500000003
Gal(b1-4)GlcNAc(b1-6)[Gal(b1-4)GlcNAc(b1-2)]Man(a1-6)[GlcNAc(b1-4)][Gal(b1-4)GlcNAc(b1-4)[Gal(b1-4)GlcNAc(b1-2)]Man(a1-3)]Man(b1-4)GlcNAc(b1-4)GlcNAc(a1-Sp21,6.004025000000002,-17.120324999999998,-9.488799999999998,-54.293125
Gal(b1-4)Gal(b1-Sp10,17.879050000000003,-7.354949999999999,-8.375225000000004,-61.094375
Gal(b1-6)Gal(b1-Sp10,-10.378799999999998,-25.846174999999995,17.676925,2150.5170000000007
Neu5Ac(a2-3)Gal(b1-4)GlcNAc(b1-3)Gal(b1-Sp8,-20.7127,1.7395250000000022,-39.54142499999999,-14.116075
GalNAc(b1-6)GalNAc(b1-Sp8,-28.40097500000001,-17.458325,-29.084675,-52.018325
(6S)Gal(b1-3)GlcNAc(b1-Sp0,-24.789825000000004,-33.784975,-36.400625,1331.3792
(6S)Gal(b1-3)(6S)GlcNAc(a1-Sp0,-14.973650000000005,-23.001725,-24.03497500000001,883.742925
Fuc(a1-2)Gal(b1-4) GlcNAc(b1-2)Man(a1-6)[Fuc(a1-2)Gal(b1-4)GlcNAc(b1-2)[Fuc(a1-2)Gal(b1-4)GlcNAc(b1-4)]Man(a1-3)]Man(b1-4)GlcNAc(b1-4)GlcNAc(b1-N,23.817325,-10.258925,27.68762500000001,-59.343025
Fuc(a1-2)Gal(b1-4)[Fuc(a1-3)]GlcNAc(b1-2)Man(a1-6)[Fuc(a1-2)Gal(b1-4)[Fuc(a1-3)]GlcNAc(b1-4)[Fuc(a1-2)Gal(b1-4)[Fuc(a1-3)]GlcNAc(b1-2)]Man(a1-3)]Man(b1-4)GlcNAc(b1-4)GlcNAc(b1-N,14.880750000000004,-13.756725,38.00780000000002,-55.05132500000001
Gal(b1-4)[Fuc(a1-3)]GlcNAc(b1-6)GalNAc(a1-Sp14,12.353700000000005,-15.300800000000002,50.76119999999999,-72.44409999999998
Gal(b1-4)GlcNAc(b1-2)Man(a1-Sp0,-0.7649500000000025,-10.4219,-9.949349999999997,-179.33645000000004
Fuc(a1-2)Gal(b1-4)GlcNAc(b1-6)[Fuc(a1-2)Gal(b1-4)GlcNAc(b1-3)]GalNAc(a1-Sp14,-3.6595000000000013,-30.77272500000001,0.22492499999999893,-72.06889999999999
Gal(a1-3)Fuc(a1-2)Gal(b1-4)GlcNAc(b1-6)[Gal(a1-3)Fuc(a1-2)Gal(b1-4)GlcNAc(b1-3)]GalNAc(a1-Sp14,-22.25595,-5.186075000000006,-28.128125,1925.891325
GalNAc(a1-3)[Fuc(a1-2)]Gal(b1-4)GlcNAc(b1-6)[GalNAc(a1-3)[Fuc(a1-2)]Gal(b1-4)GlcNAc(b1-3)]GalNAc(a1-Sp14,-11.87515,-20.127475000000004,-20.8046,-253.850775
Neu5Ac(a2-8)Neu5Ac(a2-3)Gal(b1-3)GalNAc(b1-4)[Neu5Ac(a2-8)Neu5Ac(a2-3)]Gal(b1-4)Glc(b1-Sp0,-1.8030249999999977,-46.38400000000002,-10.770025000000004,-84.59514999999998
GalNAc(b1-4)Gal(b1-4)Glc(b1-Sp0,1.7425249999999934,-26.278175000000005,-2.8202750000000023,173.76964999999996
GalNAc(a1-3)[Fuc(a1-2)]Gal(b1-4)GlcNAc(b1-2)Man(a1-6)[GalNAc(a1-3)[Fuc(a1-2)]Gal(b1-4)GlcNAc(b1-2)Man(a1-3)]Man(b1-4)GlcNAc(b1-4)[Fuc(a1-6)]GlcNAc(b1-Sp22,3.8383000000000083,-48.32935,-5.8614250000000006,-327.14330000000007
Gal(a1-3)[Fuc(a1-2)]Gal(b1-3)GlcNAc(b1-2)Man(a1-6)[Gal(a1-3)[Fuc(a1-2)]Gal(b1-3)GlcNAc(b1-2)Man(a1-3)]Man(b1-4)GlcNAc(b1-4)[Fuc(a1-6)]GlcNAc(b1-Sp22,-7.980225000000001,-27.82977499999999,-15.67125,1499.4244750000007
Neu5Ac(a2-6)Gal(b1-4)GlcNAc(b1-6)[Fuc(a1-2)Gal(b1-3)GlcNAc(b1-3)]Gal(b1-4)Glc(a1-Sp21,-3.6152500000000014,-9.974849999999998,1.098274999999994,-38.10925
GalNAc(a1-3)[Fuc(a1-2)]Gal(b1-3)GlcNAc(b1-2)Man(a1-6)[GalNAc(a1-3)[Fuc(a1-2)]Gal(b1-3)GlcNAc(b1-2)Man(a1-3)]Man(b1-4)GlcNAc(b1-4)[Fuc(a1-6)]GlcNAc(b1-Sp22,7.865625,0.6125499999999988,1.1469499999999933,-23.391975
Gal(b1-4)GlcNAc(b1-6)[Gal(b1-4)GlcNAc(b1-2)]Man(a1-6)[Gal(b1-4)GlcNAc(b1-2)Man(a1-3)]Man(b1-4)GlcNAc(b1-4)GlcNAc(b1-Sp19,10.924675,-16.0518,18.0565,-48.512925
Neu5Ac(a2-3)Gal(b1-4)GlcNAc(b1-2)Man(a1-6)[GlcNAc(b1-4)][Neu5Ac(a2-3)Gal(b1-4)GlcNAc(b1-2)Man(a1-3)]Man(b1-4)GlcNAc(b1-4)GlcNAc(b1-Sp21,-13.028225,-12.241975,-13.189549999999995,-60.999625
Neu5Ac(a2-3)Gal(b1-4)GlcNAc(b1-4)Man(a1-6)[GlcNAc(b1-4)][Neu5Ac(a2-3)Gal(b1-4)GlcNAc(b1-4)[Neu5Ac(a2-3)Gal(b1-4)GlcNAc(b1-2)]Man(a1-3)]Man(b1-4)GlcNAc(b1-4)GlcNAc(b1-Sp21,-7.505550000000001,-21.61525,-2.983500000000001,1446.1148000000005
Neu5Ac(a2-3)Gal(b1-4)GlcNAc(b1-6)[Neu5Ac(a2-3)Gal(b1-4)GlcNAc(b1-2)]Man(a1-6)[GlcNAc(b1-4)][Neu5Ac(a2-3)Gal(b1-4)GlcNAc(b1-2)Man(a1-3)]Man(b1-4)GlcNAc(b1-4)GlcNAc(b1-Sp21,-0.0905500000000039,1.0299749999999983,-10.702475000000003,-75.50347499999998
Neu5Ac(a2-3)Gal(b1-4)GlcNAc(b1-6)[Neu5Ac(a2-3)Gal(b1-4)GlcNAc(b1-2)]Man(a1-6)[GlcNAc(b1-4)][Neu5Ac(a2-3)Gal(b1-4)GlcNAc(b1-4)[Neu5Ac(a2-3)Gal(b1-4)GlcNAc(b1-2)]Man(a1-3)]Man(b1-4)GlcNAc(b1-4)GlcNAc(b1-Sp21,1.6965749999999955,-20.08945,-9.47545,53.33552499999999
Neu5Ac(a2-6)Gal(b1-4)GlcNAc(b1-2)Man(a1-6)[GlcNAc(b1-4)][Neu5Ac(a2-6)Gal(b1-4)GlcNAc(b1-2)Man(a1-3)]Man(b1-4)GlcNAc(b1-4)GlcNAc(b1-Sp21,2.9804499999999936,-15.172725000000007,-42.290075000000016,-45.31255
Neu5Ac(a2-6)Gal(b1-4)GlcNAc(b1-4)Man(a1-6)[GlcNAc(b1-4)][Neu5Ac(a2-6)Gal(b1-4)GlcNAc(b1-4)[Neu5Ac(a2-6)Gal(b1-4)GlcNAc(b1-2)]Man(a1-3)]Man(b1-4)GlcNAc(b1-4)GlcNAc(b1-Sp21,2.28915,-17.833499999999994,-3.8805000000000014,528.072825
Neu5Ac(a2-6)Gal(b1-4)GlcNAc(b1-6)[Neu5Ac(a2-6)Gal(b1-4)GlcNAc(b1-2)]Man(a1-6)[GlcNAc(b1-4)][Neu5Ac(a2-6)Gal(b1-4)GlcNAc(b1-2)Man(a1-3)]Man(b1-4)GlcNAc(b1-4)GlcNAc(b1-Sp21,-22.506025,-5.305099999999996,-22.427475,-45.68792500000002
Neu5Ac(a2-6)Gal(b1-4)GlcNAc(b1-6)[Neu5Ac(a2-6)Gal(b1-4)GlcNAc(b1-2)]Man(a1-6)[GlcNAc(b1-4)][Neu5Ac(a2-6)Gal(b1-4)GlcNAc(b1-4)[Neu5Ac(a2-6)Gal(b1-4)GlcNAc(b1-2)]Man(a1-3)]Man(b1-4)GlcNAc(b1-4)GlcNAc(b1-Sp21,-18.59295,-11.386,-10.923949999999998,-70.752275
Gal(a1-3)[Fuc(a1-2)]Gal(b1-3)GalNAc(a1-Sp8,-12.640700000000002,-32.19744999999999,-21.741174999999995,-69.72677499999999
Gal(a1-3)[Fuc(a1-2)]Gal(b1-3)GalNAc(b1-Sp8,1.2609249999999967,-36.21174999999999,-0.9521000000000086,342.8552749999999
Glc(a1-6)Glc(a1-6)Glc(a1-6)Glc(b1-Sp10,1.963125,-13.763125,-4.165625,-355.714425
Glc(a1-4)Glc(a1-4)Glc(a1-4)Glc(b1-Sp10,22.082674999999995,-10.038525,-6.653550000000003,284.6111249999998
Neu5Ac(a2-3)Gal(b1-4)GlcNAc(b1-6)[Neu5Ac(a2-3)Gal(b1-4)GlcNAc(b1-3)]GalNAc(a1-Sp14,-3.2799250000000018,-20.584350000000004,-8.710175,-1262.31215
Fuc(a1-2)Gal(b1-4)[Fuc(a1-3)]GlcNAc(b1-2)Man(a1-6)[Fuc(a1-2)Gal(b1-4)[Fuc(a1-3)]GlcNAc(b1-2)Man(a1-3)]Man(b1-4)GlcNAc(b1-4)[Fuc(a1-6)]GlcNAc(b1-Sp24,0.5357000000000021,-9.236425000000002,18.007025000000013,-14.716474999999946
Fuc(a1-2)Gal(b1-3)[Fuc(a1-4)]GlcNAc(b1-2)Man(a1-6)[Fuc(a1-2)Gal(b1-3)[Fuc(a1-4)]GlcNAc(b1-2)Man(a1-3)]Man(b1-4)GlcNAc(b1-4)[Fuc(a1-6)]GlcNA(cb-S)p(1-4)[Fuc(a1-6)]GlcNAc(b1-Sp19,3.8119250000000013,-0.6002750000000034,42.62480000000001,-79.62915000000002
Neu5Ac(a2-3)Gal(b1-3)GlcNAc(b1-6)[Neu5Ac(a2-3)Gal(b1-4)GlcNAc(b1-2)]Man(a1-6)[Neu5Ac(a2-3)Gal(b1-3)GlcNAc(b1-2)Man(a1-3)]Man(b1-4)GlcNAc(b1-4)GlcNAc(b1-Sp19,-8.408624999999999,-30.08215,9.392475,-106.0509
GlcNAc(b1-6)[GlcNAc(b1-2)]Man(a1-6)[GlcNAc(b1-2)Man(a1-3)]Man(b1-4)GlcNAc(b1-4)[Fuc(a1-6)]GlcNAc(b1-Sp24,-1.0783749999999994,-12.802749999999996,6.188074999999998,-27.714475
Gal(b1-3)GlcNAc(b1-2)Man(a1-6)[GlcNAc(b1-4)][Gal(b1-3)GlcNAc(b1-2)Man(a1-3)]Man(b1-4)GlcNAc(b1-4)GlcNAc(b1-Sp21,-9.063824999999998,-10.64085,-2.9676749999999963,-246.85245000000003
Neu5Ac(a2-6)Gal(b1-4)GlcNAc(b1-6)[Gal(b1-3)GlcNAc(b1-3)]Gal(b1-4)Glc(b1-Sp21,-9.793175000000002,-33.096450000000004,-6.434349999999998,-79.15944999999998
Neu5Ac(a2-3)Gal(b1-4)GlcNAc(b1-2)Man(a1-Sp0,20.669925,-30.172025,3.521550000000005,151.81787499999996
Neu5Ac(a2-3)Gal(b1-4)GlcNAc(b1-6)GalNAc(a1-Sp14,-7.4360000000000035,-28.274225,-18.35645,-145.50549999999996
Neu5Ac(a2-6)Gal(b1-4)GlcNAc(b1-6)GalNAc(a1-Sp14,19.035450000000008,-25.136924999999994,2.083949999999998,339.7328249999996
Neu5Ac(a2-6)Gal(b1-4)GlcNAc(b1-6)[Neu5Ac(a2-6)Gal(b1-4)GlcNAc(b1-3)]GalNAc(a1-Sp14,-10.077875000000002,-23.29555000000001,-10.662599999999994,-97.06435
Neu5Ac(a2-6)Gal(b1-4)GlcNAc(b1-2)Man(a1-6)[Neu5Ac(a2-6)Gal(b1-4)GlcNAc(b1-2)Man(a1-3)]Man(b1-4)GlcNAc(b1-4)[Fuc(a1-6)]GlcNAc(b1-Sp24,8.068050000000001,-9.009124999999996,4.6511,-24.91047500000005
Neu5Ac(a2-3)Gal(b1-4)GlcNAc(b1-2)Man(a1-6)[Neu5Ac(a2-3)Gal(b1-4)GlcNAc(b1-2)Man(a1-3)]Man(b1-4)GlcNAc(b1-4)[Fuc(a1-6)]GlcNAc(b1-Sp24,-9.957075000000003,-12.994925,1.4862499999999947,-38.824475000000014
Man(a1-6)[Man(a1-3)]Man(b1-4)GlcNAc(b1-4)[Fuc(a1-6)]GlcNAc(b1-Sp19,-8.153250000000002,-1.4696999999999996,13.9956,-1.9711749999999952
Gal(b1-4)GlcNAc(b1-6)[Gal(b1-4)GlcNAc(b1-2)]Man(a1-6)[Gal(b1-4)GlcNAc(b1-2)Man(a1-3)]Man(b1-4)GlcNAc(b1-4)[Fuc(a1-6)]GlcNAc(b1-Sp24,-7.298149999999996,-5.377299999999997,4.660199999999996,-33.176775000000006
Neu5Ac(a2-3)Gal(b1-3)GlcNAc(b1-2)Man(a1-6)[GlcNAc(b1-4)][Neu5Ac(a2-3)Gal(b1-3)GlcNAc(b1-2)Man(a1-3)]Man(b1-4)GlcNAc(b1-4)GlcNAc(a1-Sp21,-0.6909499999999937,-12.470650000000004,-9.109349999999992,-80.45832499999999
Neu5Ac(a2-6)Gal(b1-4)GlcNAc(b1-6)[Fuc(a1-2)Gal(b1-4)[Fuc(a1-3)]GlcNAc(b1-3)]Gal(b1-4)Glc(a1-Sp21,2.153650000000006,-13.282525,-14.024575000000004,-68.435925
Gal(b1-3)GlcNAc(b1-6)GalNAc(a1-Sp14,-12.424775,3.930299999999996,-20.75725,-99.22220000000004
Gal(a1-3)Gal(b1-3)GlcNAc(b1-6)GalNAc(a1-Sp14,1.7047249999999927,-32.031800000000004,-6.490024999999987,-58.98664999999983
Gal(b1-3)[Fuc(a1-4)]GlcNAc(b1-6)GalNAc(a1-Sp14,18.5377,-20.733025,4.647749999999995,-131.15085000000002
Neu5Ac(a2-3)Gal(b1-3)GlcNAc(b1-6)GalNAc(a1-Sp14,6.290674999999991,-28.956225,4.170600000000007,1100.295875
(3S)Gal(b1-3)[Fuc(a1-4)]GlcNAc(b1-Sp0,-3.6572500000000012,-20.46305,22.84985,-48.336675
Gal(b1-4)[Fuc(a1-3)]GlcNAc(b1-6)[Neu5Ac(a2-6)[Neu5Ac(a2-3)Gal(b1-3)]GlcNAc(b1-3)]Gal(b1-4)Glc(a1-Sp21,10.092999999999996,-9.69735,13.868875000000005,550.99345
Fuc(a1-2)Gal(b1-4)GlcNAc(b1-6)GalNAc(a1-Sp14,5.650925000000001,-10.969174999999995,5.9840000000000035,-1240.116025
Gal(a1-3)Gal(b1-4)GlcNAc(b1-6)GalNAc(a1-Sp14,-3.7903499999999983,-24.1319,-11.172,173.821025
Gal(b1-4)[Fuc(a1-3)]GlcNAc(b1-2)Man(a1-Sp0,-2.802099999999996,-14.52575,8.201850000000004,-37.609925
Fuc(a1-2)(6S)Gal(b1-3)GlcNAc(b1-Sp0,-16.164225000000002,-31.91549999999999,-11.500874999999995,-118.028575
Gal(a1-3)[Fuc(a1-2)]Gal(b1-4)GlcNAc(b1-6)GalNAc(a1-Sp14,3.851324999999999,-21.5508,5.877174999999998,-42.22095
Fuc(a1-2)Gal(b1-4)GlcNAc(b1-2)Man(a1-Sp0,-7.435799999999998,-30.993200000000005,-11.565350000000002,-204.763425
Fuc(a1-2)Gal(b1-3)(6S)GlcNAc(b1-Sp0,-13.192575,-19.145200000000006,-3.1158750000000026,-213.74620000000007
Fuc(a1-2)(6S)Gal(b1-3)(6S)GlcNAc(b1-Sp0,-33.20519999999999,-33.1343,-22.800625,1161.3460750000004
Neu5Ac(a2-6)GalNAc(b1-4)(6S)GlcNAc(b1-Sp8,-16.4647,-23.891875,-17.78215,-97.362875
GalNAc(b1-4)[Fuc(a1-3)](6S)GlcNAc(b1-Sp8,-8.100325000000002,-24.533875,-20.1062,746.9635499999997
(3S)GalNAc(b1-4)[Fuc(a1-3)]GlcNAc(b1-Sp8,-8.677174999999998,-32.542575,-1.7914999999999992,-90.666525
Fuc(a1-2)Gal(b1-3)GlcNAc(b1-6)[Fuc(a1-2)Gal(b1-3)GlcNAc(b1-3)]GalNAc(a1-Sp14,-3.3234749999999984,-8.524175,21.114975,-68.48647499999993
GalNAc(a1-3)[Fuc(a1-2)]Gal(b1-3)GlcNAc(b1-6)GalNAc(a1-Sp14,-7.373674999999995,4.6075,-18.22525,-47.50225
GlcNAc(b1-6)[GlcNAc(b1-2)]Man(a1-6)[GlcNAc(b1-4)][GlcNAc(b1-4)[GlcNAc(b1-2)]Man(a1-3)]Man(b1-4)GlcNAc(b1-4)[Fuc(a1-6)]GlcNAc(a1-Sp21,-15.604050000000008,0.5562000000000022,-23.40997500000001,-37.24047499999999
Gal(b1-4)GlcNAc(b1-6)[Gal(b1-4)GlcNAc(b1-2)]Man(a1-6)[GlcNAc(b1-4)]Gal(b1-4)GlcNAc(b1-4)[Gal (b1-4)GlcNAc(b1-2)]Man(a1-3)]Man(b1-4)GlcNAc(b1-4)[Fuc(a1-6)]GlcNAc(a1-Sp21,-9.944650000000003,-6.743674999999998,-4.012774999999999,-47.275575
Gal(b1-3)GlcNAc(a1-3)Gal(b1-4)GlcNAc(b1-Sp8 ,-12.092125,-10.838349999999995,-23.73287499999999,-75.66944999999998
Gal(b1-3)(6S)GlcNAc(b1-Sp8 ,-24.7071,-2.6336749999999984,-39.12,-57.48512500000001
(6S)(4S)GalNAc(b1-4)GlcNAc(a1-Sp8,-19.978325,-1.8418999999999992,-39.385975,-59.875525
(6S)GalNAc(b1-4)GlcNAc(a1-Sp8 ,-10.424024999999997,-29.24375,60.5048,13306.493675
(3S)GalNAc(b1-4)(3S)GlcNAc(a1-Sp8,-8.729375000000006,-20.078100000000006,-46.17665000000001,-108.45732499999997
GalNAc(b1-4)(6S)GlcNAc(a1-Sp8 ,-19.8602,-47.53300000000002,-29.861725000000003,-165.2072750000001
(3S)GalNAc(b1-4)GlcNAc(a1-Sp8 ,-18.694624999999988,-23.23657500000001,55.402450000000016,20253.350125
(4S)GalNac(b1-Sp10,-5.111825,-38.23132500000001,-7.637625,-57.70512500000001
Gal(b1-4)(6P)GlcNAc(b1-Sp0 ,1.18125,-8.519800000000002,-0.972175,-656.291575
(6P)Gal(b1-4)GlcNAc(b1-SP0 ,-1.599024999999994,40.1217,-39.11109999999999,77.0632
GalNAc(a1-3)[Fuc(a1-2)]Gal(b1-4)GlcNAc(b1-6)GalNAc(a1-Sp14,-5.239200000000002,-8.737449999999999,-9.272775,-71.509425
Neu5Ac(a2-6)Gal(b1-4)GlcNAc(b1-2)Ma(n1-Sp0,-9.133675,-20.111200000000004,10.767300000000002,-153.07425
Gal(a1-3)Gal(b1-4)GlcNAc(b1-2)Man(a1-Sp0,-6.673175000000002,-13.380775,-4.498175,-18.796799999999976
Gal(a1-3)[Fuc(a1-2)]Gal(b1-4)GlcNAc(b1-2)Man(a1-Sp0,-4.584375,9.570325000000011,3.9613749999999968,545.06185
GalNAc(a1-3)[Fuc(a1-2)]Gal(b1-4) GlcNAc(b1-2)Man(a1-Sp0,-9.339600000000004,-0.006074999999999164,-3.835725000000004,-47.827725
 Gal(b1-3)GlcNAc(b1-2)Man(a1-Sp0,-14.981425000000002,-16.808125,8.911275000000002,909.54005
Gal(a1-3)[Fuc(a1-2)]Gal(b1-3)GlcNAc(b1-6)GalNAc(a1-Sp14,-6.624024999999996,-18.57965,13.656949999999995,-227.967725
Neu5Ac(a2-3)Gal(b1-3)GlcNAc(b1-2)Man(a1-Sp0,6.474049999999997,-34.34585,27.5012,-26.71839999999995
Gal(a1-3)Gal(b1-3)GlcNAc(b1-2)Man(a1-Sp0,-9.7091,-6.070475000000003,-9.595949999999998,-101.16497500000004
GalNAc(b1-4)GlcNAc(b1-2)Man(a1-Sp0,-2.4369500000000013,-10.617300000000004,33.355475,12353.781575
Neu5Ac(a2-3)Gal(b1-3)GlcNAc(b1-4)Gal(b1-4)Glc(b1-Sp0,13.524825,-2.6106,-5.208024999999999,-34.282525
GlcNAc(b1-2) Man(a1-6)[GlcNAc(b1-4)][GlcNAc(b1-2)Man(a1-3)]Man(b1-4)GlcNAc(b1-4)[Fuc(a1-6)]GlcNAc(a1-Sp21,0.9887249999999989,-9.544425,97.04994999999998,3700.89315
Gal(b1-4)GlcNAc(b1-2)Man(a1-6)[GlcNAc(b1-4)][Gal(b1-4)GlcNAc(b1-2)Man(a1-3)]Man(b1-4)GlcNAc(b1-4)[Fuc(a1-6)]GlcNAc(a1-Sp21,-4.9497750000000025,-8.159149999999999,9.596074999999992,-25.900425
Gal(b1-4)GlcNAc(b1-2)Man(a1-6)[Gal(b1-4)GlcNAc(b1-4)][Gal(b1-4)GlcNAc(b1-2)Man(a1-3)]Man(b1-4)GlcNAc(b1-4)[Fuc(a1-6)]GlcNAc(a1-Sp21,-2.2082500000000014,-8.431575,3.2685749999999985,19.5653
Fuc(a1-4)[Gal(b1-3)]GlcNAc(b1-2)Man(a1-Sp0,11.424799999999996,-7.645424999999998,5.063150000000007,4.977650000000012
Neu5Ac(a2-3)Gal(b1-4)[Fuc(a1-3)]GlcNAc(b1-2)Man(a1-Sp0,-3.5325500000000005,-14.762450000000005,-17.528299999999994,152.33849999999995
GlcNAc(b1-3)Gal(b1-4)GlcNAc(b1-6)[GlcNAc(b1-3)]Gal(b1-4)GlcNAc(a1-Sp0,12.191925000000005,-6.2666499999999985,50.77912500000002,18500.815950000004
GalNAc(a1-3)[Fuc(a1-2)]Gal(b1-3)GalNAc(b1-3)Gal(a1-4)Gal(b1-4)Glc(a1-Sp21,-8.070549999999997,-39.99242500000001,-7.076525,-104.77095000000004
Gal(a1-3)[Fuc(a1-2)]Gal(b1-3)GalNAc(b1-3)Gal(a1-4)Gal(b1-4)Glc(a1-Sp21,-2.819224999999996,-24.228050000000003,-13.077450000000002,-75.655625
Gal(b1-3)GalNAc(b1-3)Ga(l1-Sp21,-0.1869750000000004,-36.733525,-2.37,-195.388375
GlcNAc(b1-3)Gal(b1-4)GlcNAc(b1-2)Man(a1-6)[GlcNAc(b1-3)Gal(b1-4)GlcNAc(b1-2)Man(a1-3)]Man(b1-4)GlcNAc(b1-4)GlcNAc(b1-Sp12,-20.336600000000008,-10.063599999999994,-61.52865,94.568325
GlcNAc(b1-3)Gal(b1-4)GlcNAc(b1-2)Man(a1-6)[GlcNAc(b1-3)Gal(b1-4)GlcNAc(b1-2)Man(a1-3)]Man(b1-4)GlcNAc(b1-4)GlcNAc(b1-Sp25,8.018599999999996,-23.290149999999993,16.550525000000004,-640.7243
Gal(b1-4)GlcNAc(b1-3)Gal(b1-4)GlcNAc(b1-2)Man(a1-6)[Gal(b1-4)GlcNAc(b1-3)Gal(b1-4)GlcNAc(b1-2)Man(a1-3)]Man(b1-4)GlcNAc(b1-4)GlcNAc(b1-Sp12,76.754425,84.59119999999999,120.70047499999998,-57.16497500000001
Gal(b1-4)GlcNAc(b1-3)Gal(b1-4)GlcNAc(b1-2)Man(a1-6)[Gal(b1-4)GlcNAc(b1-3)Gal(b1-4)GlcNAc(b1-2)Man(a1-3)]Man(b1-4)GlcNAc(b1-4)GlcNAc(b1-Sp24,21.193249999999995,-6.141700000000003,20.884850000000004,151.211325
Neu5Gc(a2-3)Gal(b1-4)GlcNAc(b1-3)Gal(b1-4)GlcNAc(b1-2)Man(a1-6)[Neu5Gc(a2-3)Gal(b1-4)GlcNAc(b1-3)Gal(b1-4)GlcNAc(b1-2)Man(a1-3)]Man(b1-4)GlcNAc(b1-4)GlcNAc(b1-Sp24,12.3299,-3.943299999999999,-1.5341999999999985,-87.6404
Fuc(a1-2)Gal(b1-4)GlcNAc(b1-3)Gal(b1-4)GlcNAc(b1-2)Man(a1-6)[Fuc(a1-2)Gal(b1-4)GlcNAc(b1-3)Gal(b1-4)GlcNAc(b1-2)Man(a1-3)]Man(b1-4)GlcNAc(b1-4)GlcNAc(b1-Sp24,20.1234,7.158725000000004,11.568374999999996,-55.14017499999998
GlcNAc(b1-3)Gal(b1-4)GlcNAc(b1-3)Gal(b1-4)GlcNAc(b1-2)Man(a1-6)[GlcNAc(b1-3)Gal(b1-4)GlcNAc(b1-3)Gal(b1-4)GlcNAc(b1-2)Man(a1-3)]Man(b1-4)GlcNAc(b1-4)GlcNAc(b1-Sp12,90.75575,16.500825000000006,95.791825,507.61657499999984
GlcNAc(b1-3)Gal(b1-4)GlcNAc(b1-3)Gal(b1-4)GlcNAc(b1-2)Man(a1-6)[GlcNAc(b1-3)Gal(b1-4)GlcNAc(b1-3)Gal(b1-4)GlcNAc(b1-2)Man(a1-3)]Man(b1-4)GlcNAc(b1-4)GlcNAc(b1-Sp25,13.44075,-5.124700000000006,29.943825000000004,5343.0926
Gal(b1-4)GlcNAc(b1-3)Gal(b1-4)GlcNAc(b1-3)Gal(b1-4)GlcNAc(b1-2)Man(a1-6)[Gal(b1-4)GlcNAc(b1-3)Gal(b1-4)GlcNAc(b1-3)Gal(b1-4)GlcNAc(b1-2)Man(a1-3)]Man(b1-4)GlcNAc(b1-4)GlcNAc(b1-Sp12,208.26165,175.28065,248.20255,-300.0929250000001
Gal(b1-4)GlcNAc(b1-3)Gal(b1-4)GlcNAc(b1-3)Gal(b1-4)GlcNAc(b1-2)Man(a1-6)[Gal(b1-4)GlcNAc(b1-3)Gal(b1-4)GlcNAc(b1-3)Gal(b1-4)GlcNAc(b1-2)Man(a1-3)]Man(b1-4)GlcNAc(b1-4)GlcNAc(b1-Sp24,4.545499999999997,-10.339899999999998,32.721,65.28460000000001
GlcNAc(b1-3)Gal(b1-4)GlcNAc(b1-3)Gal(b1-4)GlcNAc(b1-3)Gal(b1-4)GlcNAc(b1-2)Man(a1-6)[GlcNAc(b1-3)Gal(b1-4)GlcNAc(b1-3)Gal(b1-4)GlcNAc(b1-3)Gal(b1-4)GlcNAc(b1-2)Man(a1-3)]Man(b1-4)GlcNAc(b1-4)GlcNAc(b1-Sp25,5.8966999999999965,-23.406675000000003,91.65779999999998,10460.755875
Gal(b1-4)GlcNAc(b1-3)Gal(b1-4)GlcNAc(b1-3)Gal(b1-4)GlcNAc(b1-3)Gal(b1-4)GlcNAc(b1-2)Man(a1-6)[Gal(b1-4)GlcNAc(b1-3)Gal(b1-4)GlcNAc(b1-3)Gal(b1-4)GlcNAc(b1-3)Gal(b1-4)GlcNAc(b1-2)Man(a1-3)]Man(b1-4)GlcNAc(b1-4)GlcNAc(b1-Sp25,6.0557250000000025,-21.347825,10.891475,14324.89235
Gal(b1-3)GlcNAc(b1-3)Gal(b1-4)GlcNAc(b1-2)Man(a1-6)[Gal(b1-3)GlcNAc(b1-3)Gal(b1-4)GlcNAc(b1-2)Man(a1-3)]Man(b1-4)GlcNAc(b1-4)GlcNAc(a1-Sp25,11.99805,3.617275,10.054574999999998,-27.44592500000001
Neu5Gc(a2-8)Neu5Gc(a2-3)Gal(b1-4)GlcNAc(a1-Sp0,-3.1317249999999976,7.708025000000003,-18.458224999999995,-39.490625
Neu5Ac(a2-8)Neu5Gc(a2-3)Gal(b1-4)GlcNAc(a1-Sp0,-9.144525,-11.110075,-4.142124999999996,-36.91864999999999
Neu5Gc(a2-8)Neu5Ac(a2-3)Gal(b1-4)GlcNAc(a1-Sp0,6.8609750000000025,-3.655425000000002,-3.8256000000000014,-46.47165000000001
Neu5Gc(a2-8)Neu5Gc(a2-3)Gal(b1-4)GlcNAc(b1-3)Gal(b1-4)GlcNAc(a1-Sp0,5.354200000000006,-6.139750000000002,-6.802425000000005,50.29967500000001
Neu5Gc(a2-8)Neu5Gc(a2-6)Gal(b1-4)GlcNAc(a1-Sp0,-11.491925000000002,-13.510699999999995,1.5002999999999993,115.13490000000002
Neu5Ac(a2-8)Neu5Ac(a2-3)Gal(b1-4)GlcNAc(a1-Sp0,-5.161574999999997,-17.712575,-7.825650000000001,956.03515
GlcNAc(b1-3)Gal(b1-4)GlcNAc(b1-6)[GlcNAc(b1-3)Gal(b1-4)GlcNAc(b1-2)]Man(a1-6)[GlcNAc(b1-3)Gal(b1-4)GlcNAc(b1-2)]Man(a1-3)]Man(b1-4)GlcNAc(b1-4)GlcNAc(a1-Sp24,2.9245750000000013,0.5552499999999974,25.22085,3527.979925
Gal(b1-4)GlcNAc(b1-3)Gal(b1-4)GlcNAc(b1-6)[Gal(b1-4)GlcNAc(b1-3)Gal(b1-4)GlcNAc(b1-2)]Man(a1-6)[Gal(b1-4)GlcNAc(b1-3)Gal(b1-4)GlcNAc(b1-2)Man(a1-3)]Man(a1-4)GlcNAc(b1-4)GlcNAc(a1-Sp24,-11.6475,-33.28190000000001,26.217725,-74.933475
Gal(a1-3)Gal(b1-4)GlcNAc(b1-2)Man(a1-6)[Gal(a1-3)Gal(b1-4)GlcNAc(b1-2)Man(a1-3)]Man(b1-4)GlcNAc(b1-4)GlcNAc(a1-Sp24,24.24295,-10.288599999999997,29.90945,70.78782499999993
GlcNAc(b1-3)Gal(b1-4)GlcNAc(b1-6)[GlcNAc(b1-3)Gal(b1-3)]GalNAc(a1-Sp14,-6.1365750000000086,-64.112125,-18.884425,108.066875
GalNAc(b1-3)GlcNAc(b1-Sp0 ,-20.042825,-20.502299999999988,-21.830325,4142.021599999999
GalNAc(b1-4)GlcNAc(b1-3)GalNAc(b1-4)GlcNAc(b1-Sp0 ,-9.041625000000003,-42.68947500000001,243.379125,4490.918950000001
GlcNAc(b1-3)Gal(b1-4)GlcNAc(b1-3)Gal(b1-4)GlcNAc(b1-3)Gal(b1-4)GlcNAc(b1-3)Gal(b1-4)GlcNAc(b1-2)Man(a1-6)[GlcNAc(b1-3)Gal(b1-4)GlcNAc(b1-3)Gal(b1-4)GlcNAc(b1-3)Gal(b1-4)GlcNAc(b1-3)Gal(b1-4)GlcNAc(b1-2)Man(a1-3)]Man(b1-4)GlcNAc(b1-4)GlcNAc(b1-Sp25,15.907875000000004,-3.9768000000000043,70.543875,5572.089175
Gal(b1-4)GlcNAc(b1-3)Gal(b1-4)GlcNAc(b1-3)Gal(b1-4)GlcNAc(b1-3)Gal(b1-4)GlcNAc(b1-3)Gal(b1-4)GlcNAc(b1-2)Man(a1-6)[Gal(b1-4)GlcNAc(b1-3)Gal(b1-4)GlcNAc(b1-3)Gal(b1-4)GlcNAc(b1-3)Gal(b1-4)GlcNAc(b1-3)Gal(b1-4)GlcNAc(b1-2)Man(a1-3)]Man(b1-4)GlcNAc(b1-4)GlcNAc(b1-Sp25,-4.144625000000005,-26.935075,17.66214999999999,2338.033275
GlcNA(b1-3)Gal(b1-3)GalNAc(a1-Sp14,-2.446425,-23.63735,18.198575000000005,-159.761075
Gal(b1-3)GlcNAc(b1-6)[Gal(b1-3)]GalNAc(a1-Sp14,-6.947000000000003,-35.970975,-12.988175000000005,-75.47065000000006
Gal(b1-4)GlcNAc(b1-3)Gal(b1-4)GlcNAc(b1-3)Gal(b1-4)GlcNAc(b1-3)Gal(b1-4)GlcNAc(b1-3)Gal(b1-4)GlcNAc(b1-3)Gal(b1-4)GlcNAc(b1-2)Man(a1-6)[Gal(b1-4)GlcNAc(b1-3)Gal(b1-4)GlcNAc(b1-3)Gal(b1-4)GlcNAc(b1-3)Gal(b1-4)GlcNAc(b1-3)Gal(b1-4)GlcNAc(b1-3)Gal(b1-4)GlcNAc(b1-2)Man(a1-3)]Man(b1-4)GlcNAc(b1-4)GlcNAc(b1-Sp25,-10.020275000000002,-3.0845999999999982,-25.545275000000004,11859.327924999998
(3S)GlcA(b1-3)Gal(b1-4)GlcNAc(b1-3)Gal(b1-4)Glc(a1-Sp0,-14.743975000000002,-34.084149999999994,-8.73735,-52.13139999999999
(3S)GlcA(b1-3)Gal(b1-4)GlcNAc(b1-2)Man(a1-Sp0,-11.967475,-15.082275,-26.63907500000001,-79.22682499999998
Gal(b1-3)GlcNAc(b1-3)Gal(b1-4)GlcNAc(b1-3)Gal(b1-4)GlcNAc(b1-6)[Gal(b1-3)GlcNAc(b1-3)Gal(b1-4)GlcNAc(b1-3)Gal(b1-4)GlcNA(b1-2)]Man(a1-6)[Gal(b1-3)GlcNAc(b1-3)Gal(b1-4)GlcNAc(b1-3)Gal(b1-4)GlcNAc(b1-2)Man(a1-3)]Man(b1-4)GlcNAc(b1-4)[Fuc(a1-6)]GlcNAc(b1-Sp24,0.4973749999999981,-6.804825000000001,66.69920000000002,-86.47945
Gal(b1-3)GlcNAc(b1-3)Gal(b1-4)GlcNAc(b1-6)[Gal(b1-3)GlcNAc(b1-3)Gal(b1-4)GlcNA(b1-2)]Man(a1-6)[Gal(b1-3)GlcNAc(b1-3)Gal(b1-4)GlcNAc(b1-2)Man(a1-3)]Man(b1-4)GlcNAc(b1-4)[Fuc(a1-6)]GlcNAc(b1-Sp24,7.059850000000001,-18.646675,13.001299999999993,612.1903
Neu5Ac(a2-8)Neu5Ac(a2-3)Gal(b1-3)GalNAc(b1-4)[Neu5Ac(a2-3)]Gal(b1-4)Glc(a1-Sp21,-5.803349999999997,-33.87865000000001,-3.3658,-64.44479999999999
GlcNAc(b1-3)Gal(b1-4)GlcNAc(b1-2)Man(a1-6)[GlcNAc(b1-3)Gal(b1-4)GlcNAc(b1-2)Man(a1-3)]Man(b1-4)GlcNAc(b1-4)[Fuc(a1-6)]GlcNAc(b1-Sp24,7.827375,-29.429725000000005,12.797624999999995,-51.25875
Gal(b1-4)GlcNAc(b1-3)Gal(b1-4)GlcNAc(b1-2)Man(a1-6)[Gal(b1-4)GlcNAc(b1-3)Gal(b1-4)GlcNAc(b1-2)Man(a1-3)]Man(b1-4)GlcNAc(b1-4)[Fuc(a1-6)]GlcNAc(b1-Sp24,29.735525,-21.92975,35.03590000000001,998.87125
GlcNAc(b1-3)Gal(b1-4)GlcNAc(b1-3)Gal(b1-4)GlcNAc(b1-2)Man(a1-6)[GlcNAc(b1-3)Gal(b1-4)GlcNAc(b1-3)Gal(b1-4)GlcNAc(b1-2)Man(a1-3)]Man(b1-4)GlcNAc(b1-4)[Fuc(a1-6)]GlcNAc(b1-Sp24,-7.987775000000003,-38.59815000000001,20.758125,-839.456775
Gal(b1-4)GlcNAc(b1-3)Gal(b1-4)GlcNAc(b1-3)Gal(b1-4)GlcNAc(b1-2)Man(a1-6)[Gal(b1-4)GlcNAc(b1-3)Gal(b1-4)GlcNAc(b1-3)Gal(b1-4)GlcNAc(b1-2)Man(a1-3)]Man(b1-4)GlcNAc(b1-4)[Fuc(a1-6)]GlcNAc(b1-Sp24,-1.2589749999999995,-27.26017500000001,-10.695974999999997,2447.111025000001
GlcNAc(b1-3)Gal(b1-4)GlcNAc(b1-3)Gal(b1-4)GlcNAc(b1-3)Gal(b1-4)GlcNAc(b1-2)Man(a1-6)[GlcNAc(b1-3)Gal(b1-4)GlcNAc(b1-3)Gal(b1-4)GlcNAc(b1-3)Gal(b1-4)GlcNAc(b1-2)Man(a1-3)]Man(b1-4)GlcNAc(b1-4)[Fuc(a1-6)]GlcNAc(b1-Sp24,4.735,-39.938675,17.508500000000005,132.23597500000002
Gal(b1-4)GlcNAc(b1-3)Gal(b1-4)GlcNAc(b1-3)Gal(b1-4)GlcNAc(b1-3)Gal(b1-4)GlcNAc(b1-2)Man(a1-6)[Gal(b1-4)GlcNAc(b1-3)Gal(b1-4)GlcNAc(b1-3)Gal(b1-4)GlcNAc(b1-3)Gal(b1-4)GlcNAc(b1-2)Man(a1-3)]Man(b1-4)GlcNAc(b1-4)[Fuc(a1-6)]GlcNAc(b1-Sp24,2.3555,-20.021275000000006,51.14920000000001,3706.501325000001
GlcNAc(b1-3)Gal(b1-4)GlcNAc(b1-3)Gal(b1-4)GlcNAc(b1-3)Gal(b1-4)GlcNAc(b1-3)Gal(b1-4)GlcNAc(b1-2)Man(a1-6)[GlcNAc(b1-3)Gal(b1-4)GlcNAc(b1-3)Gal(b1-4)GlcNAc(b1-3)Gal(b1-4)GlcNAc(b1-3)Gal(b1-4)GlcNAc(b1-2)Man(a1-3)]Man(b1-4)GlcNAc(b1-4)[Fuc(a1-6)]GlcNAc(b1-Sp19,-7.219024999999998,-16.979525000000002,-7.325125000000002,949.235175
Gal(b1-4)GlcNAc(b1-3)Gal(b1-4)GlcNAc(b1-3)Gal(b1-4)GlcNAc(b1-3)Gal(b1-4)GlcNAc(b1-3)Gal(b1-4)GlcNAc(b1-2)Man(a1-6)[Gal(b1-4)GlcNAc(b1-3)Gal(b1-4)GlcNAc(b1-3)Gal(b1-4)GlcNAc(b1-3)Gal(b1-4)GlcNAc(b1-3)Gal(b1-4)GlcNAc(b1-2)Man(a1-3)]Man(b1-4)GlcNAc(b1-4)[Fuc(a1-6)]GlcNAc(b1-Sp19,1.4502500000000025,-30.35692499999999,25.35345,4647.806025
Gal(b1-4)GlcNAc(b1-3)Gal(b1-4)GlcNAc(b1-6)[Gal(b1-4)GlcNAc(b1-3)Gal(b1-4)GlcNA(b1-2)]Man(a1-6)[Gal(b1-4)GlcNAc(b1-3)Gal(b1-4)GlcNAc(b1-2)Man(a1-3)]Man(b1-4)GlcNAc(b1-4)[Fuc(a1-6)]GlcNAc(b1-Sp24,5.508725000000003,-21.10585,17.794375,2212.6368
GlcNAc(b1-3)Gal(b1-4)GlcNAc(b1-3)Gal(b1-4)GlcNAc(b1-6)[GlcNAc(b1-3)Gal(b1-4)GlcNAc(b1-3)Gal(b1-4)GlcNA(b1-2)]Man(a1-6)[GlcNAc(b1-3)Gal(b1-4)GlcNAc(b1-3)Gal(b1-4)GlcNAc(b1-2)Man(a1-3)]Man(b1-4)GlcNAc(b1-4)[Fuc(a1-6)]GlcNAc(b1-Sp24,8.548525000000005,-18.487475,110.72615000000002,17171.192799999993
Gal(b1-4)GlcNAc(b1-3)Gal(b1-4)GlcNAc(b1-3)Gal(b1-4)GlcNAc(b1-6)[Gal(b1-4)GlcNAc(b1-3)Gal(b1-4)GlcNAc(b1-3)Gal(b1-4)GlcNA(b1-2)]Man(a1-6)[Gal(b1-4)GlcNAc(b1-3)Gal(b1-4)GlcNAc(b1-3)Gal(b1-4)GlcNAc(b1-2)Man(a1-3)]Man(b1-4)GlcNAc(b1-4)[Fuc(a1-6)]GlcNAc(b1-Sp24,7.885449999999995,-16.7484,26.76685000000001,11975.229675
GlcNAc(b1-3)Gal(b1-4)GlcNAc(b1-3)Gal(b1-4)GlcNAc(b1-3)Gal(b1-4)GlcNAc(b1-6)[GlcNAc(b1-3)Gal(b1-4)GlcNAc(b1-3)Gal(b1-4)GlcNAc(b1-3)Gal(b1-4)GlcNA(b1-2)]Man(a1-6)[GlcNAc(b1-3)Gal(b1-4)GlcNAc(b1-3)Gal(b1-4)GlcNAc(b1-3)Gal(b1-4)GlcNAc(b1-2)Man(a1-3)]Man(b1-4)GlcNAc(b1-4)[Fuc(a1-6)]GlcNAc(b1-Sp24,-2.240599999999997,-30.570275,290.644125,16244.197324999996
Gal(b1-4)GlcNAc(b1-3)Gal(b1-4)GlcNAc(b1-3)Gal(b1-4)GlcNAc(b1-3)Gal(b1-4)GlcNAc(b1-6)[Gal(b1-4)GlcNAc(b1-3)Gal(b1-4)GlcNAc(b1-3)Gal(b1-4)GlcNAc(b1-3)Gal(b1-4)GlcNA(b1-2)]Man(a1-6)[Gal(b1-4)GlcNAc(b1-3)Gal(b1-4)GlcNAc(b1-3)Gal(b1-4)GlcNAc(b1-3)Gal(b1-4)GlcNAc(b1-2)Man(a1-3)]Man(b1-4)GlcNAc(b1-4)[Fuc(a1-6)]GlcNAc(b1-Sp24,-9.580475000000003,-17.605425,113.14495,18441.140625
GlcNAc(b1-3)Gal(b1-4)GlcNAc(b1-3)Gal(b1-4)GlcNAc(b1-3)Gal(b1-4)GlcNAc(b1-3)Gal(b1-4)GlcNAc(b1-6)[GlcNAc(b1-3)Gal(b1-4)GlcNAc(b1-3)Gal(b1-4)GlcNAc(b1-3)Gal(b1-4)GlcNAc(b1-3)Gal(b1-4)GlcNA(b1-2)]Man(a1-6)[GlcNAc(b1-3)Gal(b1-4)GlcNAc(b1-3)Gal(b1-4)GlcNAc(b1-3)Gal(b1-4)GlcNAc(b1-3)Gal(b1-4)GlcNAc(b1-2)Man(a1-3)]Man(b1-4)GlcNAc(b1-4)[Fuc(a1-6)]GlcNAc(b1-Sp24,-4.717074999999999,-12.894375,305.9641000000001,8629.51895
Gal(b1-4)GlcNAc(b1-3)Gal(b1-4)GlcNAc(b1-3)Gal(b1-4)GlcNAc(b1-3)Gal(b1-4)GlcNAc(b1-3)Gal(b1-4)GlcNAc(b1-6)[Gal(b1-4)GlcNAc(b1-3)Gal(b1-4)GlcNAc(b1-3)Gal(b1-4)GlcNAc(b1-3)Gal(b1-4)GlcNAc(b1-3)Gal(b1-4)GlcNA(b1-2)]Man(a1-6)[Gal(b1-4)GlcNAc(b1-3)Gal(b1-4)GlcNAc(b1-3)Gal(b1-4)GlcNAc(b1-3)Gal(b1-4)GlcNAc(b1-3)Gal(b1-4)GlcNAc(b1-2)Man(a1-3)]Man(b1-4)GlcNAc(b1-4)[Fuc(a1-6)]GlcNAc(b1-Sp24,-1.538475,-4.486075000000001,18.5688,19602.416225
Gal(b1-4)GlcNAc(b1-3)Gal(b1-4)GlcNAc(b1-3)GalNAc(a1-Sp14,100.622925,1.6810249999999949,171.021525,-86.62367499999996
Gal(b1-4)GlcNAc(b1-3)Gal(b1-4)GlcNAc(b1-6)[Gal(b1-3)]GalNAc(a1-Sp14,90.00490000000002,-7.618650000000002,59.52342499999999,294.71755000000013
Gal(b1-4)GlcNAc(b1-3)Gal(b1-4)GlcNAc(b1-6)[Gal(b1-4)GlcNAc(b1-3)Gal(b1-4)GlcNAc(b1-3)]GalNAc(a1-Sp14,60.82847500000001,-8.734275,131.81252500000002,-563.9304499999997
Neu5Ac(a2-3)Gal(b1-4)GlcNAc(b1-3)Gal(b1-4)GlcNAc(b1-3)GalNAc(a1-Sp14,2.3413250000000008,-22.482225,0.7663750000000036,289.6654749999999
GlcNAc(b1-3)Gal(b1-4)GlcNAc(b1-3)GalNAc(a1-Sp14,0.8092249999999979,-51.85722500000001,5.6167000000000025,2564.103075
GlcNAc(b1-3)Gal(b1-4)GlcNAc(b1-6)[Gal(b1-3)]GalNAc(a1-Sp14,-5.804499999999997,-22.690825,34.760225,-325.95490000000007
GlcNAc(b1-3)Gal(b1-4)GlcNAc(b1-6)[GlcNAc(b1-3)Gal(b1-4)GlcNAc(b1-3)]GalNAc(a1-Sp14,17.4696,-9.354774999999997,-7.254075000000004,2768.8150250000012
Neu5Ac(a2-3)Gal(b1-4)GlcNAc(b1-3)Gal(b1-4)GlcNAc(b1-6)[Neu5Ac(a2-3)Gal(b1-4)GlcNAc(b1-3)Gal(b1-4)GlcNAc(b1-3)]GalNAc(a1-Sp14,28.799574999999994,-5.717799999999992,7.133175000000001,-2053.04045
Neu5Ac(a2-6)Gal(b1-4)GlcNAc(b1-3)Gal(b1-4)GlcNAc(b1-3)GalNAc(a1-Sp14,-10.859925,-27.991825,-7.661625000000001,2476.5627
GlcNAc(b1-3)Gal(b1-4)GlcNAc(b1-3)Gal(b1-4)GlcNAc(b1-3)GalNAc(a1-Sp14,-14.232750000000005,-11.407049999999998,-38.33585,-207.8057000000001
Gal(b1-4)GlcNAc(b1-3)Gal(b1-3)GalNAc(a1-Sp14,-4.826149999999998,-9.435650000000004,-5.9110000000000005,3900.417875000001
Neu5Ac(a2-3)Gal(b1-4)GlcNAc(b1-3)Gal(b1-4)GlcNAc(b1-6)[Gal(b1-3)]GalNAc(a1-Sp14,21.1643,-26.99795000000001,32.42067499999999,730.0968749999997
Neu5Ac(a2-6)Gal(b1-4)GlcNAc(b1-3)Gal(b1-4)GlcNAc(b1-6)[Gal(b1-3)]GalNAc(a1-Sp14,15.239750000000008,-38.8607,-6.620750000000001,-236.118275
Neu5Ac(a2-6)Gal(b1-4)GlcNAc(b1-6)[Gal(b1-3)]GalNAc(a1-Sp14,0.19405000000000072,-13.661999999999995,-5.788850000000003,894.87785
Neu5Ac(a2-3)Gal(b1-4)GlcNAc(b1-3)Gal(b1-4)GlcNAc(b1-2)Man(a1-6)[Neu5Ac(a2-3)Gal(b1-4)GlcNAc(b1-3)Gal(b1-4)GlcNAc(b1-2)Man(a1-3)]Man(b1-4)GlcNAc(b1-4)GlcNAc(b1-Sp12,100.2137,-13.874725000000002,147.04962500000005,-397.41125
GlcNAc(b1-6)[Neu5Ac(a2-3)Gal(b1-3)]GalNAc(a1-Sp14,-0.968124999999997,-28.24575,-1.8411250000000048,1633.081225
Neu5Ac(a2-6)Gal(b1-4)GlcNAc(b1-3)Gal(b1-4)GlcNAc(b1-6)[Neu5Ac(a2-6)Gal(b1-4)GlcNAc(b1-3)Gal(b1-4)GlcNAc(b1-3)]GalNAc(a1-Sp14,125.347975,-16.481849999999998,155.50032500000003,-759.8873
Neu5Ac(a2-6)Gal(b1-4)GlcNAc(b1-3)Gal(b1-4)GlcNAc(b1-3)Gal(b1-4)GlcNAc(b1-2)Man(a1-6)[Neu5Ac(a2-6)Gal(b1-4)GlcNAc(b1-3)Gal(b1-4)GlcNAc(b1-3)Gal(b1-4)GlcNAc(b1-2)Man(a1-3)]Man(b1-4)GlcNAc(b1-4)GlcNAc(b1-Sp12,65.1169,3.2935250000000065,70.68019999999999,328.4366999999998
Neu5Ac(a2-3)Gal(b1-4)GlcNAc(b1-3)Gal(b1-4)GlcNAc(b1-3)Gal(b1-4)GlcNAc(b1-2)Man(a1-6)[Neu5Ac(a2-3)Gal(b1-4)GlcNAc(b1-3)Gal(b1-4)GlcNAc(b1-3)Gal(b1-4)GlcNAc(b1-2)Man(a1-3)]Man(b1-4)GlcNAc(b1-4)GlcNAc(b1-Sp12,73.89335000000003,12.630050000000004,49.120275,1220.4427500000004
Neu5Ac(a2-6)Gal(b1-4)GlcNAc(b1-3)Gal(b1-4)GlcNAc(b1-2)Man(a1-6)[Neu5Ac(a2-6)Gal(b1-4)GlcNAc(b1-3)Gal(b1-4)GlcNAc(b1-2)Man(a1-3)]Man(b1-4)GlcNAc(b1-4)GlcNAc(b1-Sp12,22.472400000000004,-10.683599999999997,25.993625,-103.44777500000002
GlcNAc(b1-3)Fuc(a1-Sp21,-5.177349999999997,-3.3130499999999934,4.6226750000000045,625.38255
Gal(b1-3)GalNAc(b1-4)[Neu5Ac(a2-8)Neu5Ac(a2-8)Neu5Ac(a2-3)]Gal(b1-4)Glc(b1-Sp21,46.01425,8.742650000000001,29.934525000000008,-1899.306375
