IUPAC,MNA-M (10ug/ml),MNA-M (50ug/ml),MNA-M (100ug/ml)
Gal(a1-Sp8,9.889550711188386,10.809942864326338,10.704722336271352
Glc(a1-Sp8,9.342043095731254,7.691971832317554,8.28576137982099
Man(a1-Sp8,10.323955303847132,19.066874757613014,8.2239838174695
GalNAc(a1-Sp8,2.483694010273139,5.24355997097073,9.60882580009992
GalNAc(a1-Sp15,9.571180954650613,7.400722278433322,8.270493763726165
Fuc(a1-Sp8,9.146908235573367,6.7706384491543075,6.584447385072441
Fuc(a1-Sp9,4.450536451092163,7.377228216783048,7.409146795009542
Rha(a1-Sp8,10.881060033838587,5.3254128159232845,2.565294086454808
Neu5Ac(a1-Sp8,17.11150943690143,4.473847839015833,11.566764079609005
Neu5Ac(a1-Sp11,29.71620142328367,5.787194619733003,7.534187038371601
Neu5Ac(b1-Sp8,1.908089708757611,9.300015527003168,6.871792111960317
Gal(b1-Sp8,14.610857968961527,14.889793478084242,11.063207047988687
Glc(b1-Sp8,4.592845651663027,24.052643315514025,5.841540157855084
Man(b1-Sp8,3.026845201828722,10.689170648332217,39.93381948252006
GalNAc(b1-Sp8,7.2502347568889105,8.27744422673247,5.6472436352466095
GlcNAc(b1-Sp0,7.474411719270399,6.273626790182862,6.751881865759102
GlcNAc(b1-Sp8,6.636128955196693,5.556848369054762,11.795739412318895
GlcN[Gc](b1-Sp8,10.479945638217776,13.908978619222909,16.64827539223908
Gal(b1-4)GlcNAc(b1-6)[Gal(b1-4)GlcNAc(b1-3)]GalNAc(a1-Sp8,9.868772321275157,8.544885651663222,9.957731721799494
Gal(b1-4)GlcNAc(b1-6)[Gal(b1-4)GlcNAc(b1-3)]GalNAc(a1-Sp14,22.90317500877335,24.51308117616337,21.04632960827136
GlcNAc(b1-6)[GlcNAc(b1-4)][GlcNAc(b1-3)]GlcNAc(a1-Sp8,1.4506153510378434,40.904678106910964,10.72855513054608
6S(3S)Gal(b1-4)(6S)GlcNAc(b1-Sp0,5.4042825012515125,3.3931699175206003,7.257612600745503
6S(3S)Gal(b1-4)GlcNAc(b1-Sp0,8.74148625902179,6.086116752837287,9.882645557533332
(3S)Gal(b1-4)[Fuc(a1-3)](6S)Glc(a1-Sp0,14.440717727632705,16.93058655077621,9.422307039149123
(3S)Gal(b1-4)Glc(b1-Sp8,6.820003642411063,4.193254186090635,10.87024926159316
(3S)Gal(b1-4)(6S)Glc(b1-Sp0,3.4852357366467888,17.292793042647368,4.4671877932318695
(3S)Gal(b1-4)(6S)Glc(b1-Sp8,6.533173676131692,14.560452835677884,11.021267308254533
(3S)Gal(b1-3)[Fuc(a1-4)]GlcNAc(b1-Sp8,6.0967951550384285,6.146243791875384,14.437952024785234
(3S)Gal(b1-3)GalNAc(a1-Sp8,11.695575132608914,28.932680298510604,4.617524519606441
(3S)Gal(b1-3)GlcNAc(b1-Sp0,4.517682921863801,1.7757815359253242,5.2430664214754215
(3S)Gal(b1-3)GlcNAc(b1-Sp8,8.136969840180067,8.730414938019843,5.534038641820878
(3S)Gal(b1-4)[Fuc(a1-3)]GlcNAc(a1-Sp0 ,12.8178351683634,14.582911443049813,16.947703835524937
(3S)Gal(b1-4)[Fuc(a1-3)]GlcNAc(a1-Sp8,12.834617846635195,18.28290914615797,7.593527879001081
(3S)Gal(b1-4)(6S)GlcNAc(b1-Sp0,24.30470324278821,9.001917731007836,3.5523830902648994
(3S)Gal(b1-4)(6S)GlcNAc(b1-Sp8,18.167163388629685,16.28597238983598,9.246423460407089
(3S)Gal(b1-4)GlcNAc(b1-Sp0,3.208823089935002,14.990976303318837,2.0902161945597872
(3S)Gal(b1-4)GlcNAc(b1-Sp8,7.786164027084628,14.871248846459839,23.946416138450303
(3S)Gal(b1-Sp8,3.3361648494192635,29.61235894660369,25.44601077279437
(6S)(4S)Gal(b1-4)GlcNAc(b1-Sp0,7.021943250031768,8.227919449046677,2.678821500056848
(4S)Gal(b1-4)GlcNAc(b1-Sp8,3.4683604602895564,5.126543323640863,1.9293191208299385
(6P)Man(a1-Sp8,13.671402438758802,18.30395655962576,2.6974238282417904
(6S)Gal(b1-4)Glc(b1-Sp0,7.428062720970187,2.2422243232632852,6.013718375722326
(6S)Gal(b1-4)Glc(b1-Sp8,5.61183506350641,7.929793598144075,8.235995669974171
(6S)Gal(b1-4)GlcNAc(b1-Sp8,6.1591293748927445,7.546468737319024,9.54617872222526
(6S)Gal(b1-4)(6S)Glc(b1-Sp8,8.286678368321049,6.700201455864352,5.3307560216633565
Neu5Ac(a2-3)(6S)Gal(b1-4)GlcNAc(b1-Sp8,11.922728615827285,10.072959577337077,7.4328949140515395
(6S)GlcNAc(b1-Sp8,18.205565807993075,9.149477854865086,35.53334034184187
"Neu5,9Ac2(a1-Sp8",9.746311555489434,15.135108714371142,22.28619333793536
"Neu5,9Ac2(a2-6)Gal(b1-4)GlcNAc(b1-Sp8",2.3754566457490456,6.724055755953146,14.11626299046009
Man(a1-6)[Man(a1-3)]Man(b1-4)GlcNAc(b1-4)GlcNAc(b1-Sp12,293.8028685323628,1539.7694504974093,1079.0025421521561
Man(a1-6)[Man(a1-3)]Man(b1-4)GlcNAc(b1-4)GlcNAc(b1-Sp13,177.4975625629422,2885.9431429231336,1600.2500219553174
GlcNAc(b1-2)Man(a1-6)[GlcNAc(b1-2)Man(a1-3)]Man(b1-4)GlcNAc(b1-4)GlcNAc(b1-Sp12,29.192666098225725,397.1338704457588,151.40371270210719
GlcNAc(b1-2)Man(a1-6)[GlcNAc(b1-2)Man(a1-3)]Man(b1-4)GlcNAc(b1-4)GlcNAc(b1-Sp13,21.199346610837946,445.8902923122544,1353.6550552888111
Gal(b1-4)GlcNAc(b1-2)Man(a1-6)[Gal(b1-4)GlcNAc(b1-2)Man(a1-3)]Man(b1-4)GlcNAc(b1-4)GlcNAc(b1-Sp12,12.740702712566053,179.32606569919338,907.7356595530496
Neu5Ac(a2-6)Gal(b1-4)GlcNAc(b1-2)Man(a1-6)[Neu5Ac(a2-6)Gal(b1-4)GlcNAc(b1-2)Man(a1-3)]Man(b1-4)GlcNAc(b1-4)GlcNAc(b1-Sp12,8.379769809686518,304.61196996814897,230.6485317850816
Neu5Ac(a2-6)Gal(b1-4)GlcNAc(b1-2)Man(a1-6)[Neu5Ac(a2-6)Gal(b1-4)GlcNAc(b1-2)Man(a1-3)]Man(b1-4)GlcNAc(b1-4)GlcNAc(b1-Sp13,12.680163812920554,307.906323473585,10.705741176077737
Neu5Ac(a2-6)Gal(b1-4)GlcNAc(b1-2)Man(a1-6)[Neu5Ac(a2-6)Gal(b1-4)GlcNAc(b1-2)M(an-a)(a1-3)]Man(b1-4)GlcNAc(b1-4)GlcNAc(b1-Sp21,28.321972618563642,111.40329118549562,528.276720706144
Neu5Ac(a2-6)Gal(b1-4)GlcNAc(b1-2)Man(a1-6)[Neu5Ac(a2-6)Gal(b1-4)GlcNAc(b1-2)Man(a1-3)]Man(b1-4)GlcNAc(b1-4)GlcNAc(b1-Sp24,3.678996804384172,62.82256167197533,92.80080398625341
Fuc(a1-2)Gal(b1-3)GalNAc(b1-3)Gal(a1-Sp9,16.766663600008062,29.45304908098093,34.42662583828351
Fuc(a1-2)Gal(b1-3)GalNAc(b1-3)Gal(a1-4)Gal(b1-4)Glc(b1-Sp9,5.461131626549574,13.276456098422253,47.23951518530326
Fuc(a1-2)Gal(b1-3)[Fuc(a1-4)]GlcNAc(b1-Sp8,7.093089402780242,25.028683849585466,3.6044652978400786
Fuc(a1-2)Gal(b1-3)GalNAc(a1-Sp8,2.248901327315169,3.1995139624376283,16.494766761486293
Fuc(a1-2)Gal(b1-3)GalNAc(a1-Sp14,2.22344054470396,7.101807075843444,12.393482805759914
Fuc(a1-2)Gal(b1-3)GalNAc(b1-4)[Neu5Ac(a2-3)]Gal(b1-4)Glc(b1-Sp0,16.840862235051986,6.711070457088049,6.946547608944553
Fuc(a1-2)Gal(b1-3)GalNAc(b1-4)[Neu5Ac(a2-3)]Gal(b1-4)Glc(b1-Sp9,17.620506981615673,6.175231289325657,9.048665701407767
Fuc(a1-2)Gal(b1-3)GlcNAc(b1-3)Gal(b1-4)Glc(b1-Sp8,8.690533530418799,23.74693426676377,4.726890848820897
Fuc(a1-2)Gal(b1-3)GlcNAc(b1-3)Gal(b1-4)Glc(b1-Sp10,9.210959658426855,7.96165242914434,6.557884117355753
Fuc(a1-2)Gal(b1-3)GlcNAc(b1-Sp0,9.799207982281017,10.92239989577992,9.535143925849606
Fuc(a1-2)Gal(b1-3)GlcNAc(b1-Sp8,11.631887358285114,5.166749609038549,7.523990569006583
Fuc(a1-2)Gal(b1-4)[Fuc(a1-3)]GlcNAc(b1-3)Gal(b1-4)[Fuc(a1-3)]GlcNAc(b1-Sp0,5.403783781141988,5.5065871853626405,12.212057623342329
Fuc(a1-2)Gal(b1-4)[Fuc(a1-3)]GlcNAc(b1-3)Gal(b1-4)[Fuc(a1-3)]GlcNAc(b1-3)Gal(b1-4)[Fuc(a1-3)]GlcNAc(b1-Sp0,14.410872849200821,12.403017050265115,8.880283945300755
Fuc(a1-2)Gal(b1-4)[Fuc(a1-3)]GlcNAc(b1-Sp0,2.335064800492661,5.9851184499556735,11.510229939891186
Fuc(a1-2)Gal(b1-4)[Fuc(a1-3)]GlcNAc(b1-Sp8,20.061641680497306,6.807897995955389,11.230228471852213
Fuc(a1-2)Gal(b1-4)GlcNAc(b1-3)Gal(b1-4)GlcNAc(b1-Sp0,7.290817086525122,4.3188367064137445,8.23537539697898
Fuc(a1-2)Gal(b1-4)GlcNAc(b1-3)Gal(b1-4)GlcNAc(b1-3)Gal(b1-4)GlcNAc(b1-Sp0,4.719426067860384,10.870292293639883,9.969749593102467
Fuc(a1-2)Gal(b1-4)GlcNAc(b1-Sp0,7.176588552137202,6.877643810383028,16.774266091546295
Fuc(a1-2)Gal(b1-4)GlcNAc(b1-Sp8,5.625413602275544,8.046980387025101,10.396088800922524
Fuc(a1-2)Gal(b1-4)Glc(b1-Sp0,13.522227849729495,4.5675328446182695,12.732920474207793
Fuc(a1-2)Gal(b1-Sp8,17.848135591241274,5.982566501859091,21.423406031877068
Fuc(a1-3)GlcNAc(b1-Sp8,6.354835977951487,12.368741399053766,46.60324657564106
Fuc(a1-4)GlcNAc(b1-Sp8,17.566896725256697,4.0675788998698845,19.502192799443485
Fuc(b1-3)GlcNAc(b1-Sp8,10.04734728087468,8.48992361351581,29.502056704957013
GalNAc(a1-3)[Fuc(a1-2)]Gal(b1-3)GlcNAc(b1-Sp0,8.740142113403861,15.372442656991765,12.797502114214835
GalNAc(a1-3)[Fuc(a1-2)]Gal(b1-4)[Fuc(a1-3)]GlcNAc(b1-Sp0,11.122663222148363,23.79763442823669,11.420058156740994
(3S)Gal(b1-4)[Fuc(a1-3)]Glc(b1-Sp0,9.49805574328241,5.663517315237943,14.7831627367083
GalNAc(a1-3)[Fuc(a1-2)]Gal(b1-4)GlcNAc(b1-Sp0,6.9775040699856765,7.9378737335111795,4.738650226506127
GalNAc(a1-3)[Fuc(a1-2)]Gal(b1-4)GlcNAc(b1-Sp8,8.251191519209003,4.9454976017754415,17.89575445266279
GalNAc(a1-3)[Fuc(a1-2)]Gal(b1-4)Glc(b1-Sp0,9.841857794601925,9.127969058704501,1.3559223711800945
GlcNAc(b1-3)Gal(b1-3)GalNAc(a1-Sp8,15.782624250817733,9.727316138372046,8.721508908249001
GalNAc(a1-3)[Fuc(a1-2)]Gal(b1-Sp8,1.6927427300096411,19.246180778079065,5.4827932552668805
GalNAc(a1-3)[Fuc(a1-2)]Gal(b1-Sp18,12.861147634251013,4.3358289690861485,6.467910446388384
GalNAc(a1-3)GalNAc(b1-Sp8,12.293327865960467,4.567712947325675,7.45838366068681
GalNAc(a1-3)Gal(b1-Sp8,13.30350345999127,10.706738639559367,8.890906998726278
GalNAc(a1-4)[Fuc(a1-2)]Gal(b1-4)GlcNAc(b1-Sp8,11.137054835996812,7.410563533677216,7.8308594821492425
GalNAc(b1-3)GalNAc(a1-Sp8,8.244087724899185,19.783589890677053,12.65673970562058
GalNAc(b1-3)[Fuc(a1-2)]Gal(b1-Sp8,12.790080423515716,6.20392729540463,22.29527630753129
GalNAc(b1-3)Gal(a1-4)Gal(b1-4)GlcNAc(b1-Sp0,10.295159506089904,15.712920600257595,10.956527077196206
GalNAc(b1-4)[Fuc(a1-3)]GlcNAc(b1-Sp0,14.656250596560044,16.369249943389782,38.92148430284572
GalNAc(b1-4)GlcNAc(b1-Sp0,30.27433799892796,17.398233260305506,56.44480772884841
GalNAc(b1-4)GlcNAc(b1-Sp8,14.722172120620199,24.52075508224275,15.600790728971619
Gal(a1-2)Gal(b1-Sp8,6.333243140432355,10.737302116880507,14.432413950202518
Gal(a1-3)[Fuc(a1-2)]Gal(b1-3)GlcNAc(b1-Sp0,3.902336959972793,6.673871452662767,6.345867481545235
Gal(a1-3)[Fuc(a1-2)]Gal(b1-3)GlcNAc(b1-Sp8,23.49654302083607,16.601990615184288,13.286238928430238
Gal(a1-3)[Fuc(a1-2)]Gal(b1-4)[Fuc(a1-3)]GlcNAc(b1-Sp0,37.036433602017546,16.97327785164587,8.266027022699635
Gal(a1-3)[Fuc(a1-2)]Gal(b1-4)[Fuc(a1-3)]GlcNAc(b1-Sp8,2.606034283478772,6.012418853437167,7.095909392683001
Gal(a1-3)[Fuc(a1-2)]Gal(b1-4)GlcNAc(a1-Sp0,12.25794848533669,8.708983715107058,2.2039020168782364
Gal(a1-3)[Fuc(a1-2)]Gal(b1-4)Glc(b1-Sp0,5.5115426566282935,3.0210976585506137,9.253582210645057
Gal(a1-3)[Fuc(a1-2)]Gal(b1-Sp8,10.335799775013363,13.64736255349992,8.647520073167414
Gal(a1-3)[Fuc(a1-2)]Gal(b1-Sp18,5.413422859276132,9.899011882842993,16.393234866325184
Gal(a1-4)[Gal(a1-3)]Gal(b1-4)GlcNAc(b1-Sp8,10.095853229585561,9.426852091189721,21.92937664023232
Gal(a1-3)GalNAc(a1-Sp8,15.35935511786438,21.454307507099045,85.07082851570912
Gal(a1-3)GalNAc(a1-Sp16,10.855567824047704,10.525901967052516,18.8709406192652
Gal(a1-3)GalNAc(b1-Sp8,6.5102633517521085,7.233595270852518,4.557814421682849
Gal(a1-3)Gal(b1-4)[Fuc(a1-3)]GlcNAc(b1-Sp8,6.143277091463482,4.836933994794638,11.101354762482824
Gal(a1-3)Gal(b1-3)GlcNAc(b1-Sp0,4.419830209691339,4.674158467128958,1.7291522342369543
Gal(a1-3)Gal(b1-4)GlcNAc(b1-Sp8,12.522836675816176,7.160279094362638,7.1162193438065575
Gal(a1-3)Gal(b1-4)Glc(b1-Sp0,5.015450154854826,11.250073280650218,6.867346851768891
Gal(a1-3)Gal(b1-4)Glc(a1-Sp10,3.663890621889074,7.989739843230192,9.764563581304314
Gal(a1-3)Gal(b1-Sp8,13.430065305469228,10.201932732085622,15.26275201058665
Gal(a1-4)[Fuc(a1-2)]Gal(b1-4)GlcNAc(b1-Sp8,17.155927771157288,15.933867531037981,19.232570786818897
Gal(a1-4)Gal(b1-4)GlcNAc(b1-Sp0,6.847396700145702,4.011956587086491,58.5399622538029
Gal(a1-4)Gal(b1-4)GlcNAc(b1-Sp8,28.09955671601721,11.841853910459529,15.411639979871365
Gal(a1-4)Gal(b1-4)Glc(b1-Sp0,6.384189657466324,5.561374120365099,4.250258464591711
Gal(a1-4)GlcNAc(b1-Sp8,2.376697626259308,4.417396987197325,5.861712258589632
Gal(a1-6)Glc(b1-Sp8,9.877409542444145,7.829661020120863,8.491858353495621
Gal(b1-2)Gal(b1-Sp8,14.841128318628616,17.656643319229733,11.849101328933495
Gal(b1-3)[Fuc(a1-4)]GlcNAc(b1-3)Gal(b1-4)[Fuc(a1-3)]GlcNAc(b1-Sp0,5.370206286773341,21.07905881595916,1.87691899754181
Gal(b1-3)[Fuc(a1-4)]GlcNAc(b1-3)Gal(b1-4)GlcNAc(b1-Sp0,23.230435198463244,3.5107873803464766,7.784318632139021
Gal(b1-3)[Fuc(a1-4)]GlcNAc(a1-Sp0,11.722907231143658,16.730254601245612,94.26401645960495
Gal(b1-3)[Fuc(a1-4)]GlcNAc(a1-Sp8 ,12.835971934112868,9.635117937826877,6.8357438694824415
Fuc(a1-4)[Gal(b1-3)]GlcNAc(b1-Sp8,12.355757154831373,6.074326313537438,13.858478038250425
Gal(b1-4)GlcNAc(b1-6)GalNAc(a1-Sp8,12.54968218890423,4.3783931636884015,17.322904941795972
Gal(b1-4)GlcNAc(b1-6)GalNAc(a1-Sp14,56.66412601408408,35.983774876185485,62.68867335127214
GlcNAc(b1-6)[Gal(b1-3)]GalNAc(a1-Sp8,27.879306054536208,17.98286848445395,36.840481493177684
GlcNAc(b1-6)[Gal(b1-3)]GalNAc(a1-Sp14,2.9554044348165545,4.517489842360838,13.4645049384174
Neu5Ac(a2-6)[Gal(b1-3)]GalNAc(a1-Sp8,3.3978834534652966,2.033836737138294,9.134761874792712
Neu5Ac(a2-6)[Gal(b1-3)]GalNAc(a1-Sp14,19.493125951708386,13.171475416849358,10.012180651378268
Neu5Ac(b2-6)[Gal(b1-3)]GalNAc(a1-Sp8,6.778583955554438,3.9994670461616937,8.654792496068291
Neu5Ac(a2-6)[Gal(b1-3)]GlcNAc(b1-4)Gal(b1-4)Glc(b1-Sp10,8.717779198616661,5.028693644393809,7.940952356140912
Gal(b1-3)GalNAc(a1-Sp8,3.7320118399240614,18.068496342344968,11.326094804587324
Gal(b1-3)GalNAc(a1-Sp14,3.9200201822397096,13.819171346930814,10.129068890204072
Gal(b1-3)GalNAc(a1-Sp16,3.4117347547350088,18.14893458110329,10.53232147008278
Gal(b1-3)GalNAc(b1-Sp8,3.457603151510209,15.77369780835068,8.528315948405831
Gal(b1-3)GalNAc(b1-3)Gal(a1-4)Gal(b1-4)Glc(b1-Sp0,21.897443780553466,18.38333757988015,18.184829528185485
Gal(b1-3)GalNAc(b1-4)[Neu5Ac(a2-3)]Gal(b1-4)Glc(b1-Sp0,16.108648413688634,12.148916532315422,8.312596757682481
Gal(b1-3)GalNAc(b1-4)Gal(b1-4)Glc(b1-Sp8,3.673295082529192,6.7598341328270175,25.872437830375905
Gal(b1-3)Gal(b1-Sp8,6.69177648031522,8.363918738645582,5.4893316195295245
Gal(b1-3)GlcNAc(b1-3)Gal(b1-4)GlcNAc(b1-Sp0,5.4372963177177205,6.397866228868808,10.529395589491353
Gal(b1-3)GlcNAc(b1-3)Gal(b1-4)Glc(b1-Sp10,9.089683213768595,9.870548489656825,2.223293211094748
Gal(b1-3)GlcNAc(b1-Sp0,4.5228951210295945,22.855981745905517,3.286188433428612
Gal(b1-3)GlcNAc(b1-Sp8,11.298366603887196,21.721387840770372,4.961563821350415
Gal(b1-4)[Fuc(a1-3)]GlcNAc(b1-Sp0,8.634751311367726,4.043760205036067,11.687622007455847
Gal(b1-4)[Fuc(a1-3)]GlcNAc(b1-Sp8,10.981464107151947,3.649236512843024,7.7401383279521205
Gal(b1-4)[Fuc(a1-3)]GlcNAc(b1-4)Gal(b1-4)[Fuc(a1-3)]GlcNAc(b1-Sp0,24.68955750386521,21.854216588872124,10.81134545477575
Gal(b1-4)[Fuc(a1-3)]GlcNAc(b1-4)Gal(b1-4)[Fuc(a1-3)]GlcNAc(b1-4)Gal(b1-4)[Fuc(a1-3)]GlcNAc(b1-Sp0,5.978769109315063,7.5654241499843655,6.494796161735942
Gal(b1-4)(6S)Glc(b1-Sp0,14.668707243965526,19.505506216878004,54.59673706694078
Gal(b1-4)(6S)Glc(b1-Sp8,3.574659305327812,4.673933765309472,9.539214416073957
Gal(b1-4)GalNAc(a1-3)[Fuc(a1-2)]Gal(b1-4)GlcNAc(b1-Sp8,7.494684531052661,13.085670402740796,3.452439301300845
Gal(b1-4)GalNAc(b1-3)[Fuc(a1-2)]Gal(b1-4)GlcNAc(b1-Sp8,2.9939117744738724,6.353590728805772,59.65689114083274
Gal(b1-4)GlcNAc(b1-3)GalNAc(a1-Sp8,10.478096281410092,7.020812379098303,6.149942702714123
Gal(b1-4)GlcNAc(b1-3)GalNAc(a1-Sp14,5.572602784755677,12.261743994908171,10.470116965599473
Gal(b1-4)GlcNAc(b1-3)Gal(b1-4)[Fuc(a1-3)]GlcNAc(b1-3)Gal(b1-4)[Fuc(a1-3)]GlcNAc(b1-Sp0,5.7931484844167445,9.050503360955492,6.432886071002665
Gal(b1-4)GlcNAc(b1-3)Gal(b1-4)GlcNAc(b1-3)Gal(b1-4)GlcNAc(b1-Sp0,20.694909548384928,11.981558182577924,6.637710360508362
Gal(b1-4)GlcNAc(b1-3)Gal(b1-4)GlcNAc(b1-Sp0,8.61305274351086,20.31844574510232,36.955188344658254
Gal(b1-4)GlcNAc(b1-3)Gal(b1-4)Glc(b1-Sp0,4.3038800288228325,5.401421456740193,25.449354668635525
Gal(b1-4)GlcNAc(b1-3)Gal(b1-4)Glc(b1-Sp8,14.698824853028214,28.363216479388704,5.754535563289764
Gal(b1-4)GlcNAc(b1-6)[Gal(b1-3)]GalNAc(a1-Sp8,6.925506088546892,14.418322188798527,50.367678538192216
Gal(b1-4)GlcNAc(b1-6)[Gal(b1-3)]GalNAc(a1-Sp14,22.246511655088767,18.763310146910825,19.817808151823925
Gal(b1-4)GlcNAc(b1-Sp0,8.423034571538532,16.16443845297449,22.89076208624709
Gal(b1-4)GlcNAc(b1-Sp8,7.070437342908844,2.4838686618190304,4.751985440757016
Gal(b1-4)GlcNAc(b1-Sp23,3.4022209485128982,6.268316581294638,3.200834112644181
Gal(b1-4)Glc(b1-Sp0,11.65231188634541,5.563506609744132,6.781207153351574
Gal(b1-4)Glc(b1-Sp8,7.214896003177505,18.611589513414298,11.953865018861752
GlcNAc(a1-3)Gal(b1-4)GlcNAc(b1-Sp8,2.447401591314076,5.404832945306143,11.760702112083564
GlcNAc(a1-6)Gal(b1-4)GlcNAc(b1-Sp8,6.305032937000935,6.677214628558331,213.69217158123158
GlcNAc(b1-2)Gal(b1-3)GalNAc(a1-Sp8,6.925360898658379,7.8685458048167956,6.292674560881612
GlcNAc(b1-6)[GlcNAc(b1-3)]GalNAc(a1-Sp8,3.7667211240901035,9.59748503532739,12.899817807240536
GlcNAc(b1-6)[GlcNAc(b1-3)]GalNAc(a1-Sp14,2.6634937137777013,9.220116847234996,121.51567060985369
GlcNAc(b1-6)[GlcNAc(b1-3)]Gal(b1-4)GlcNAc(b1-Sp8,6.308818337520383,12.716736076885715,33.12281101728334
GlcNAc(b1-3)GalNAc(a1-Sp8,1.708735066991529,6.159173755396629,7.035709266307131
GlcNAc(b1-3)GalNAc(a1-Sp14,4.313520111618049,14.105683817525476,9.572625760817491
GlcNAc(b1-3)Gal(b1-Sp8,5.471859555946206,3.421429893577635,8.032936093930239
GlcNAc(b1-3)Gal(b1-4)GlcNAc(b1-Sp0,5.9491667558714925,5.029528794695051,10.574851581779614
GlcNAc(b1-3)Gal(b1-4)GlcNAc(b1-Sp8,0.987296177699476,1.222196204584195,6.3410892720283805
GlcNAc(b1-3)Gal(b1-4)GlcNAc(b1-3)Gal(b1-4)GlcNAc(b1-Sp0,11.095731630075884,7.394003486328184,5.487199791028817
GlcNAc(b1-3)Gal(b1-4)Glc(b1-Sp0,4.327936840266196,9.108208970437966,4.3112873641949045
GlcNAc(b1-4)(a1-MDPLys,7.054357034426787,8.900130881060118,8.562125983266858
GlcNAc(b1-6)[GlcNAc(b1-4)]GalNAc(a1-Sp8,9.266514042643003,14.586223307256978,10.937766661549333
GlcNAc(b1-4)Gal(b1-4)GlcNAc(b1-Sp8,4.251670817749189,8.331469069487882,5.96937534867203
GlcNAc(b1-4)GlcNAc(b1-4)GlcNAc(b1-4)GlcNAc(b1-4)GlcNAc(b1-4)GlcNAc(b1-Sp8,4.661842301780129,9.023284232473227,57.937510129528114
GlcNAc(b1-4)GlcNAc(b1-4)GlcNAc(b1-4)GlcNAc(b1-4)GlcNAc(b1-Sp8,6.816864084203235,9.99859455569465,3.840986598952581
GlcNAc(b1-4)GlcNAc(b1-4)GlcNAc(b1-Sp8,4.82787401451197,6.344837343003099,223.32650938129441
GlcNAc(b1-6)GalNAc(a1-Sp8,17.32894686875114,6.1987135003966785,3.7163926850060696
GlcNAc(b1-6)GalNAc(a1-Sp14,3.2160489428021086,4.365014411106413,46.892694829934165
GlcNAc(b1-6)Gal(b1-4)GlcNAc(b1-Sp8,9.639412616095102,14.47000848660774,12.772488494416427
Glc(a1-4)Glc(b1-Sp8,11.758343965740506,5.717314437959483,48.25953632520036
Glc(a1-4)Glc(a1-Sp8,8.397634490339126,10.615360498667329,5.3232016568978455
Glc(a1-6)Glc(a1-6)Glc(b1-Sp8,7.369780122624646,2.969580358681447,3.4765233303785927
Glc(b1-4)Glc(b1-Sp8,5.392929939899705,2.6629401151108643,7.6821597147764145
Glc(b1-6)Glc(b1-Sp8,12.42005742794023,8.333683302267984,9.046024380310207
G-ol(a1-Sp8,1.0003093600648425,6.2285981897329386,16.575399410170082
GlcA(a1-Sp8,16.596084506769472,5.949136740387901,18.27995215828441
GlcA(b1-Sp8,31.314465395444607,19.57418598296824,17.188383484784175
GlcA(b1-3)Gal(b1-Sp8,12.351967195113769,21.481213054356747,6.405102519606283
GlcA(b1-6)Gal(b1-Sp8,10.599136514200893,20.949765235041028,8.081345643053501
KDN(a2-3)Gal(b1-3)GlcNAc(b1-Sp0,4.631687505650612,10.054763862799897,40.25435318715032
KDN(a2-3)Gal(b1-4)GlcNAc(b1-Sp0,8.097511710550343,32.69547720506105,21.5186789567227
Man(a1-2)Man(a1-2)Man(a1-3)Man(a1-Sp9,9.398285578586504,3.1616311268868795,17.350252221101393
Man(a1-2)Man(a1-6)[Man(a1-2)Man(a1-3)]Man(a1-Sp9,6.3662400323241535,11.816299413521989,16.89015531058944
Man(a1-2)Man(a1-3)Man(a1-Sp9,6.025122040257775,10.811240399502422,5.077719312512917
Man(a1-6)[Man(a1-2)Man(a1-3)]Man(a1-6)[Man(a1-2)Man(a1-3)]Man(b1-4)GlcNAc(b1-4)GlcNAc(b1-Sp12,9.997080634865359,176.89517474980076,57.389106690830154
Man(a1-2)Man(a1-6)[Man(a1-3)]Man(a1-6)[Man(a1-2)Man(a1-2)Man(a1-3)]Man(b1-4)GlcNAc(b1-4)GlcNAc(b1-Sp12,8.481984189248802,3.633419373331392,69.47406924420929
Man(a1-2)Man(a1-6)[Man(a1-2)Man(a1-3)]Man(a1-6)[Man(a1-2)Man(a1-2)Man(a1-3)]Man(b1-4)GlcNAc(b1-4)GlcNAc(b1-Sp12,26.93655195917189,31.67932559583092,119.62310887385708
Man(a1-6)[Man(a1-3)]Man(a1-Sp9,8.236935362337944,11.303715438002374,12.130727459499981
Man(a1-2)Man(a1-2)Man(a1-6)[Man(a1-3)]Man(a1-Sp9,11.788402317815011,13.407964081719015,16.000926793236097
Man(a1-6)[Man(a1-3)]Man(a1-6)[Man(a1-2)Man(a1-3)]Man(b1-4)GlcNAc(b1-4)GlcNAc(b1-Sp12,48.2014983517084,442.9396985414232,1384.0830762581836
Man(a1-6)[Man(a1-3)]Man(a1-6)[Man(a1-3)]Man(b1-4)GlcNAc(b1-4)GlcNAc(b1-Sp12,66.36892287484238,4594.977019669338,1201.2704231748335
Man(b1-4)GlcNAc(b1-Sp0,14.187275453817769,31.283820946763612,12.159601319499195
Neu5Ac(a2-3)Gal(b1-4)GlcNAc(b1-3)Gal(b1-4)[Fuc(a1-3)]GlcNAc(b1-Sp0,8.143082093153266,4.364625384459308,9.802439999433796
(3S)Gal(b1-4)[Fuc(a1-3)](6S)GlcNAc(b1-Sp8,6.496883226081053,8.891680635103173,5.848833841031884
Fuc(a1-2)(6S)Gal(b1-4)GlcNAc(b1-Sp0,3.3493800884143856,10.26681602847251,4.3459004724759565
Fuc(a1-2)Gal(b1-4)(6S)GlcNAc(b1-Sp8,8.303989793266076,2.096937548744203,2.372081976344833
Fuc(a1-2)(6S)Gal(b1-4)(6S)Glc(b1-Sp0,14.49329218926234,10.080795151673321,4.0187802680042575
Neu5Ac(a2-3)Gal(b1-3)GalNAc(a1-Sp8,12.948473612746787,6.813826057546527,10.458324149172599
Neu5Ac(a2-3)Gal(b1-3)GalNAc(a1-Sp14,9.860294837038754,32.73277322474374,9.401262030706302
GalNAc(b1-4)[Neu5Ac(a2-8)Neu5Ac(a2-8)Neu5Ac(a2-8)Neu5Ac(a2-3)]Gal(b1-4)Glc(b1-Sp0,6.869815340798235,20.392783690703762,7.815310687095878
GalNAc(b1-4)[Neu5Ac(a2-8)Neu5Ac(a2-8)Neu5Ac(a2-3)]Gal(b1-4)Glc(b1-Sp0,6.432077550061206,21.01755023537865,14.697898528106027
Neu5Ac(a2-8)Neu5Ac(a2-8)Neu5Ac(a2-3)Gal(b1-4)Glc(b1-Sp0,12.340717234524893,24.042117584408,27.674771479499146
GalNAc(b1-4)[Neu5Ac(a2-8)Neu5Ac(a2-3)]Gal(b1-4)Glc(b1-Sp0,1.9578781456805057,13.987534587475848,6.87060614665839
Neu5Ac(a2-8)Neu5Ac(a2-8)Neu5Ac(a1-Sp8,3.333749760029984,2.325581794411925,16.613212068586655
Neu5Ac(a2-3)(6S)Gal(b1-4)[Fuc(a1-3)]GlcNAc(b1-Sp8,9.761649114433991,8.50821576634412,5.14140012148117
GalNAc(b1-4)[Neu5Ac(a2-3)]Gal(b1-4)GlcNAc(b1-Sp0,0.9795625056626128,6.993203536768161,9.99812963658682
GalNAc(b1-4)[Neu5Ac(a2-3)]Gal(b1-4)GlcNAc(b1-Sp8,8.603286090936418,4.0204680335959235,5.698083926198351
GalNAc(b1-4)[Neu5Ac(a2-3)]Gal(b1-4)Glc(b1-Sp0,3.278863749329432,4.64198276386288,3.1336548771628765
Neu5Ac(a2-3)Gal(b1-3)GalNAc(b1-4)[Neu5Ac(a2-3)]Gal(b1-4)Glc(b1-Sp0,12.790985384083328,6.185561152865065,10.004141883698312
Neu5Ac(a2-6)[Neu5Ac(a2-3)]GalNAc(a1-Sp8,482.1987165865361,138.97997203368004,8.931612038708359
Neu5Ac(a2-3)GalNAc(a1-Sp8,9.269141323768887,18.490705957205453,7.052405632831965
Neu5Ac(a2-3)GalNAc(b1-4)GlcNAc(b1-Sp0,7.689031557788452,5.4354250660980234,3.766875503982044
Neu5Ac(a2-3)Gal(b1-3)(6S)GlcNAc(a1-Sp8,42.82141285232385,15.902041092550578,4.725927432349554
Neu5Ac(a2-3)Gal(b1-3)[ Fuc(a1-4)]GlcNAc(b1-Sp8,3.445744741344032,6.8021449702771495,12.309300674523847
Neu5Ac(a2-3)Gal(b1-3)[Fuc(a1-4)]GlcNAc(b1-3)Gal(b1-4)[Fuc(a1-3)]GlcNAc(b1-Sp0,9.651842423081716,15.507120111607875,235.7339703334717
Neu5Ac(a2-3)Gal(b1-4)[Neu5Ac(a2-3)Gal(b1-3)]GlcNAc(b1-Sp8,19.893895059770635,6.234779167634303,7.904964526591287
Neu5Ac(a2-3)Gal(b1-3)(6S)GalNAc(a1-Sp8,3.8189394229070066,4.27333023842842,5.974499161366308
Neu5Ac(a2-6)[Neu5Ac(a2-3)Gal(b1-3)]GalNAc(a1-Sp8,5.557868231840335,7.195039858761497,4.10540860369992
Neu5Ac(a2-6)[Neu5Ac(a2-3)Gal(b1-3)]GalNAc(a1-Sp14,11.249801934960168,12.621092970763895,37.807170059482985
Neu5Ac(a2-3)Gal(b1-Sp8,6.546368595068562,10.951749208041301,6.133652818671759
Neu5Ac(a2-3)Gal(b1-3)GalNAc(b1-3)Gal(a1-4)Gal(b1-4)Glc(b1-Sp0,13.420268016946121,19.959784785997407,13.438982227708529
Neu5Ac(a2-3)Gal(b1-3)GlcNAc(b1-3)Gal(b1-4)GlcNAc(b1-Sp0,6.631613011113258,13.58296887806565,20.03419808350629
Fuc(a1-2)(6S)Gal(b1-4)Glc(b1-Sp0,10.895785239715405,9.76701838446616,24.009402691862203
Neu5Ac(a2-3)Gal(b1-3)GlcNAc(b1-Sp0,11.587032177395544,13.221299128552635,14.634551178176505
Neu5Ac(a2-3)Gal(b1-3)GlcNAc(b1-Sp8,7.687394866218775,6.278599085982478,5.765910471324822
Neu5Ac(a2-3)Gal(b1-4)(6S)GlcNAc(b1-Sp8,6.171929126496832,18.956833216261774,4.285705719404828
Neu5Ac(a2-3)Gal(b1-4)[Fuc(a1-3)](6S)GlcNAc(b1-Sp8,4.858258787792869,5.6403102571283,5.748141996259895
Neu5Ac(a2-3)Gal(b1-4)[Fuc(a1-3)]GlcNAc(b1-3)Gal(b1-4)[Fuc(a1-3)]GlcNAc(b1-3)Gal(b1-4)[Fuc(a1-3)]GlcNAc(b1-Sp0,6.840443799686288,16.889842379173743,7.4273239700334335
Neu5Ac(a2-3)Gal(b1-4)[Fuc(a1-3)]GlcNAc(b1-Sp0,14.859816596529724,11.860705895800074,2.3019765425608307
Neu5Ac(a2-3)Gal(b1-4)[Fuc(a1-3)]GlcNAc(b1-Sp8,1.7580240603207522,7.8418077358901535,5.561557915428613
Neu5Ac(a2-3)Gal(b1-4)[Fuc(a1-3)]GlcNAc(b1-3)Gal(b1-Sp8,5.3338032630728565,20.164163943408774,6.09605307138694
Neu5Ac(a2-3)Gal(b1-4)[Fuc(a1-3)]GlcNAc(b1-3)Gal(b1-4)GlcNAc(b1-Sp8,6.635590411498157,4.819880694495108,8.577686032180651
Neu5Ac(a2-3)Gal(b1-4)GlcNAc(b1-3)Gal(b1-4)GlcNAc(b1-3)Gal(b1-4)GlcNAc(b1-Sp0,9.206675435564843,135.32636587234822,9.369561719160977
Neu5Ac(a2-3)Gal(b1-4)GlcNAc(b1-Sp0,7.743909544280582,3.1150706043362746,7.1188349629112
Neu5Ac(a2-3)Gal(b1-4)GlcNAc(b1-Sp8,16.04166383899543,4.876596242941038,9.01141348305027
Neu5Ac(a2-3)Gal(b1-4)GlcNAc(b1-3)Gal(b1-4)GlcNAc(b1-Sp0,4.964562537626039,6.110533484893116,2.2491773459052355
Fuc(a1-2)Gal(b1-4)(6S)Glc(b1-Sp0,8.775993660549231,12.312482872915325,4.767268297113825
Neu5Ac(a2-3)Gal(b1-4)Glc(b1-Sp0,11.248677688362589,16.529485140802112,6.595999613149301
Neu5Ac(a2-3)Gal(b1-4)Glc(b1-Sp8,7.69148360780719,13.916189510153279,8.973467394630681
Neu5Ac(a2-6)GalNAc(a1-Sp8,1.043311885296051,4.298614152161914,2.1024689763862563
Neu5Ac(a2-6)GalNAc(b1-4)GlcNAc(b1-Sp0,9.690167147337213,30.44568665633661,10.63575191743239
Neu5Ac(a2-6)Gal(b1-4)(6S)GlcNAc(b1-Sp8,10.285087650371938,11.512008548287008,6.805712423827
Neu5Ac(a2-6)Gal(b1-4)GlcNAc(b1-Sp0,12.783470954061475,33.813260132774346,6.377523867458288
Neu5Ac(a2-6)Gal(b1-4)GlcNAc(b1-Sp8,12.037776752927988,5.600879384227686,3.1890120209870667
Neu5Ac(a2-6)Gal(b1-4)GlcNAc(b1-3)Gal(b1-4)[Fuc(a1-3)]GlcNAc(b1-3)Gal(b1-4)[Fuc(a1-3)]GlcNAc(b1-Sp0,9.075106929948538,16.173681122428494,6.882298294659043
Neu5Ac(a2-6)Gal(b1-4)GlcNAc(b1-3)Gal(b1-4)GlcNAc(b1-Sp0,5.6861276955411375,6.718375804401437,120.30668472905676
Neu5Ac(a2-6)Gal(b1-4)Glc(b1-Sp0,6.221336556292923,11.665320049474266,7.455130173019535
Neu5Ac(a2-6)Gal(b1-4)Glc(b1-Sp8,12.30577766589742,29.52601382819099,8.384558395447318
Neu5Ac(a2-6)Gal(b1-Sp8,11.741769004817808,11.99597571674212,54.978068668901976
Neu5Ac(a2-8)Neu5Ac(a1-Sp8,8.161794186941991,3.3966507395766583,15.899673116451163
Neu5Ac(a2-8)Neu5Ac(a2-3)Gal(b1-4)Glc(b1-Sp0,7.4991146523550825,4.189772316805138,5.235896686257914
Gal(b1-3)[Fuc(a1-4)]GlcNAc(b1-3)Gal(b1-3)[Fuc(a1-4)]GlcNAc(b1-Sp0,11.370828183081771,13.06340934850727,30.53957618646935
Neu5Ac(b2-6)GalNAc(a1-Sp8,15.762338416724011,7.3759499281448475,7.632741223341715
Neu5Ac(b2-6)Gal(b1-4)GlcNAc(b1-Sp8,3.7860212742622967,7.120244435176836,26.2000200981316
Neu5Gc(a2-3)Gal(b1-3)[Fuc(a1-4)]GlcNAc(b1-Sp0,8.675736047688787,10.878167549883267,5.514726191072418
Neu5Gc(a2-3)Gal(b1-3)GlcNAc(b1-Sp0,4.889447162341907,4.694783953406874,1.937125351304522
Neu5Gc(a2-3)Gal(b1-4)[Fuc(a1-3)]GlcNAc(b1-Sp0,26.032806436174607,6.073214426479606,17.249668651600242
Neu5Gc(a2-3)Gal(b1-4)GlcNAc(b1-Sp0,2.831915041539915,3.6179261549263297,31.40510358167653
Neu5Gc(a2-3)Gal(b1-4)Glc(b1-Sp0,9.46976399965526,3.9429479280524826,7.884685483052994
Neu5Gc(a2-6)GalNAc(a1-Sp0,41.526027721859776,79.22410113449794,150.21906917195682
Neu5Gc(a2-6)Gal(b1-4)GlcNAc(b1-Sp0,20.368948386126046,2.9723910919213496,31.64266935130209
Neu5Gc(a1-Sp8,11.893310377231685,15.604381406728894,68.77963022733674
Neu5Ac(a2-3)Gal(b1-4)GlcNAc(b1-6)[Gal(b1-3)]GalNAc(a1-Sp14,4.745443093466972,5.208780800724867,3.7842738228974175
Gal(b1-3)GlcNAc(b1-3)Gal(b1-3)GlcNAc(b1-Sp0,9.151356014411196,2.8820630434927432,6.467362071908973
Gal(b1-4)[Fuc(a1-3)](6S)GlcNAc(b1-Sp0 ,29.62458690022807,23.827672451094905,31.91953708885296
Gal(b1-4)[Fuc(a1-3)](6S)Glc(b1-Sp0,15.835665299017286,14.299400578433373,18.32794750490353
Gal(b1-4)[Fuc(a1-3)]GlcNAc(b1-3)Gal(b1-3)[Fuc(a1-4)]GlcNAc(b1-Sp0,4.364082047807968,12.77145941709481,11.602607786757845
Gal(b1-4)GlcNAc(b1-3)Gal(b1-3)GlcNAc(b1-Sp0,13.961796710547931,7.936466788344794,13.944732937684153
Neu5Ac(a2-3)Gal(b1-3)GlcNAc(b1-3)Gal(b1-3)GlcNAc(b1-Sp0,15.527020075876338,7.4535459907236925,11.577839289601213
Neu5Ac(a2-3)Gal(b1-4)GlcNAc(b1-3)Gal(b1-3)GlcNAc(b1-Sp0,17.588329038029734,6.701336325129483,12.385652394975695
4S(3S)Gal(b1-4)GlcNAc(b1-Sp0,1.2585619319948398,8.233761562564652,10.211576329955127
(6S)Gal(b1-4)(6S)GlcNAc(b1-Sp0,6.7019414595075855,6.059127820830878,5.123450337012486
(6P)Glc(b1-Sp10,17.15906074437545,11.4284047310127,8.891217701895494
Neu5Ac(a2-3)Gal(b1-4)[Fuc(a1-3)]GlcNAc(b1-6)[Gal(b1-3)]GalNAc(a1-Sp14,7.867822748966978,3.0619709959434505,35.918944043348034
Gal(b1-3)Gal(b1-4)GlcNAc(b1-Sp8,5.970569463278466,6.751733958707688,15.796795268740432
Neu5Ac(a2-6)Gal(b1-4)GlcNAc(b1-2)Man(a1-6)[Gal(b1-4)GlcNAc(b1-2)Man(a1-3)]Man(b1-4)GlcNAc(b1-4)GlcNAc(b1-Sp12,2.0626262878508697,115.14002311713816,228.68608931537875
Gal(b1-4)GlcNAc(b1-6)[Gal(b1-4)GlcNAc(b1-3)]Gal(b1-4)GlcNAc(a1-Sp0,8.715878518925479,2.117759592116157,12.515510371634884
GlcNAc(b1-6)[Gal(b1-4)GlcNAc(b1-3)]Gal(b1-4)GlcNAc(a1-Sp0,15.086892813382757,4.707439456151652,4.096971473743345
Gal(b1-4)GlcNAc(a1-6)Gal(b1-4)GlcNAc(b1-Sp0,4.057737329575843,3.7373862908009214,5.874740547107872
Gal(b1-4)GlcNAc(b1-6)Gal(b1-4)GlcNAc(b1-Sp0,9.550345355012027,7.773483014871774,13.56596409106191
GalNAc(b1-3)Gal(b1-Sp8,14.344556324816521,1.5645421747804271,18.73199897537189
GlcA(b1-3)GlcNAc(b1-Sp8,3.855968011623893,4.00541443829475,10.038189637703598
Neu5Ac(a2-6)Gal(b1-4)GlcNAc(b1-2)Man(a1-6)[GlcNAc(b1-2)Man(a1-3)]Man(b1-4)GlcNAc(b1-4)GlcNAc(b1-Sp12,32.59587747359067,301.26787302090895,36.67070725073585
GlcNAc(b1-3)Ma(n1-Sp10,2.9221373421977748,1.4593886719559652,14.512091318247926
GlcNAc(b1-4)GlcNAc(b1-Sp10,6.4272264958663525,8.766615124959385,28.04241803071139
GlcNAc(b1-4)GlcNAc(b1-Sp12,11.472873324026828,7.35972769989941,12.217048208787313
MurNAc(b1-4)GlcNAc(b1-Sp10,7.838006808706747,2.7019628289757573,17.153449295379847
Man(a1-6)Man(b1-Sp10,26.885381507428878,17.256531448000587,17.18484045644126
Man(a1-6)[Man(a1-3)]Man(a1-6)[Man(a1-3)]Man(b1-Sp10,9.197020698166288,2.3858405988945117,22.008476479510488
Man(a1-2)Man(a1-6)[Man(a1-3)]Man(a1-6)[Man(a1-2)Man(a1-2)Man(a1-3)]Man(a1-Sp9,3.5280778803762094,18.06036237417917,2.7767203248616714
Man(a1-2)Man(a1-6)[Man(a1-2)Man(a1-3)]Man(a1-6)[Man(a1-2)Man(a1-2)Man(a1-3)]Man(a1-Sp9,16.488705124291393,6.875023293536294,11.916703036040053
Neu5Ac(a2-3)Gal(b1-4)GlcNAc(b1-6)[Neu5Ac(a2-3)Gal(b1-3)]GalNAc(a1-Sp14,8.217225172110512,7.007153446003112,22.071242464554786
Neu5Ac(a2-6)Gal(b1-4)GlcNAc(b1-2)Man(a1-6)[Neu5Ac(a2-3)Gal(b1-4)GlcNAc(b1-2)Man(a1-3)]Man(b1-4)GlcNAc(b1-4)GlcNAc(b1-Sp12,7.061167656686343,22.043797315794087,168.56449430721668
Gal(b1-4)GlcNAc(b1-2)Man(a1-6)[Neu5Ac(a2-6)Gal(b1-4)GlcNAc(b1-2)Man(a1-3)]Man(b1-4)GlcNAc(b1-4)GlcNAc(b1-Sp12,6.8450261158499535,736.5900929544277,427.558955385448
GlcNAc(b1-2)Man(a1-6)[Neu5Ac(a2-6)Gal(b1-4)GlcNAc(b1-2)Man(a1-3)]Man(b1-4)GlcNAc(b1-4)GlcNAc(b1-Sp12,6.224857392744108,274.8730968460253,411.1408035294991
Neu5Ac(a2-8)Neu5Ac(b1-Sp17,7.592524649230095,4.992493752625029,7.519994198302253
Neu5Ac(a2-8)Neu5Ac(a2-8)Neu5Ac(b1-Sp8,6.6353087274946505,5.097012250573865,17.67722580271009
Neu5Gc(b2-6)Gal(b1-4)GlcNAc(a1-Sp8,2.6460635133470847,19.06591232092413,21.89483710092022
Gal(b1-3)GlcNAc(b1-2)Man(a1-6)[Gal(b1-3)GlcNAc(b1-2)Man(a1-3)]Man(b1-4)GlcNAc(b1-4)GlcNAc(b1-Sp19,9.63336219741948,116.9544347423646,593.1587838549095
Neu5Ac(a2-3)Gal(b1-4)GlcNAc(b1-2)Man(a1-6)[Neu5Ac(a2-3)Gal(b1-4)GlcNAc(b1-2)Man(a1-3)]Man(b1-4)GlcNAc(b1-4)GlcNAc(b1-Sp12,21.038522217510113,54.804900324361896,245.45590664725742
Neu5Ac(a2-3)Gal(b1-4)GlcNAc(b1-2)Man(a1-6)[Neu5Ac(a2-6)Gal(b1-4)GlcNAc(b1-2)Man(a1-3)]Man(b1-4)GlcNAc(b1-4)GlcNAc(b1-Sp12,8.232290542532187,40.788003678100026,627.8209133887582
Gal(b1-4)[Fuc(a1-3)]GlcNAc(b1-2)Man(a1-6)[Gal(b1-4)[Fuc(a1-3)]GlcNAc(b1-2)Man(a1-3)]Man(b1-4)GlcNAc(b1-4)GlcNAc(b1-Sp20,5.765456090371348,46.592607727155574,444.83918701633314
"Neu5,9Ac2(a2-3)Gal(b1-4)GlcNAc(b1-Sp0",11.325309812796887,6.9955532425370635,13.841794698033093
"Neu5,9Ac2(a2-3)Gal(b1-4)GlcNAc(b1-Sp0",3.895788698389576,3.9124660921845336,15.999098401550643
Neu5Ac(a2-6)Gal(b1-4)GlcNAc(b1-3)Gal(b1-3)GlcNAc(b1-Sp0,11.943954823675444,3.0781106622677967,3.976741488014983
Neu5Ac(a2-3)Gal(b1-3)[Fuc(a1-4)]GlcNAc(b1-3)Gal(b1-3)[Fuc(a1-4)]GlcNAc(b1-Sp0,12.726726260217134,6.97630052887383,43.63750283513793
Neu5Ac(a2-6)Gal(b1-4)GlcNAc(b1-3)Gal(b1-4)GlcNAc(b1-3)Gal(b1-4)GlcNAc(b1-Sp0,10.58090192890789,10.636498933076307,8.481595067163566
Gal(a1-4)Gal(b1-4)GlcNAc(b1-3)Gal(b1-4)Glc(b1-Sp0,3.4325514712091443,6.092681950435843,22.86882954115713
GalNAc(b1-3)Gal(a1-4)Gal(b1-4)GlcNAc(b1-3)Gal(b1-4)Glc(b1-Sp0,8.924004106341485,16.49719614750236,11.803933461068532
GalNAc(a1-3)[Fuc(a1-2)]Gal(b1-4)GlcNAc(b1-3)Gal(b1-4)GlcNAc(b1-Sp0,3.0720936015471065,9.521815321101677,27.06566934408483
GalNAc(a1-3)[Fuc(a1-2)]Gal(b1-4)GlcNAc(b1-3)Gal(b1-4)GlcNAc(b1-3)Gal(b1-4)GlcNAc(b1-Sp0,7.675610685096244,3.2099865472199323,13.965019444908284
Neu5Ac(a2-3)Gal(b1-4)[Fuc(a1-3)]GlcNAc(b1-6)[Neu5Ac(a2-3)Gal(b1-3)]GalNAc(a1-Sp14,6.115029353091332,10.915575359511127,26.48749006787601
GlcNAc(a1-4)Gal(b1-4)GlcNAc(b1-3)Gal(b1-4)GlcNAc(b1-3)Gal(b1-4)GlcNAc(b1-Sp0,6.728809023581612,8.913000615954198,8.46038049198537
GlcNAc(a1-4)Gal(b1-4)GlcNAc(b1-Sp0,4.239507707662956,5.854844577783426,5.428838648289955
GlcNAc(a1-4)Gal(b1-3)GlcNAc(b1-Sp0,15.059109803150168,3.655393840500179,8.549728908519063
GlcNAc(a1-4)Gal(b1-4)GlcNAc(b1-3)Gal(b1-4)Glc(b1-Sp0,28.141194058710433,5.569976157040599,6.133379205829803
GlcNAc(a1-4)Gal(b1-4)GlcNAc(b1-3)Gal(b1-4)[Fuc(a1-3)]GlcNAc(b1-3)Gal(b1-4)[Fuc(a1-3)]GlcNAc(b1-Sp0,2.9081924608191847,25.47627207043241,36.17789900002315
GlcNAc(a1-4)Gal(b1-4)GlcNAc(b1-3)Gal(b1-4)GlcNAc(b1-Sp0,3.572256441312684,11.384141968948155,4.743129690404864
GlcNAc(a1-4)Gal(b1-3)GalNAc(a1-Sp14,7.439958405125643,9.173859632083246,22.916002489290577
Neu5Ac(a2-6)Gal(b1-4)GlcNAc(b1-2)Man(a1-6)[Man(a1-3)]Man(b1-4)GlcNAc(b1-4)GlcNAc(a1-Sp12,17.14108387498534,1040.812080688566,2239.6286429916213
Man(a1-6)[Neu5Ac(a2-6)Gal(b1-4)GlcNAc(b1-2)Man(a1-3)]Man(b1-4)GlcNAc(b1-4)GlcNAc(a1-Sp12,26.73525534296113,445.1136206149516,1068.622877427115
Neu5Ac(a2-6)Gal(b1-4)GlcNAc(b1-2)Man(a1-6)Man(b1-4)GlcNAc(b1-4)GlcNAc(a1-Sp12,6.071561473240084,15.310884510591366,17.188725698938054
Neu5Ac(a2-6)Gal(b1-4)GlcNAc(b1-2)Man(a1-3)Man(b1-4)GlcNAc(b1-4)GlcNAc(a1-Sp12,12.978125487270253,250.97789548452636,1103.3011711627066
Gal(b1-4)GlcNAc(b1-2)Man(a1-3)Man(b1-4)GlcNAc(b1-4)GlcNAc(a1-Sp12,15.448610744524315,247.92496362353683,1073.895939486886
Gal(b1-4)GlcNAc(b1-2)Man(a1-6)Man(b1-4)GlcNAc(b1-4)GlcNAc(a1-Sp12,9.015303726811787,34.24631773256798,77.59918124623908
Man(a1-6)[Gal(b1-4)GlcNAc(b1-2)Man(a1-3)]Man(b1-4)GlcNAc(b1-4)GlcNAc(b1-Sp12,13.77261966572324,152.30745219019906,164.36232810911292
GlcNAc(b1-2)Man(a1-6)[GlcNAc(b1-2)Man(a1-3)]Man(b1-4)GlcNAc(b1-4)[Fuc(a1-6)]GlcNAc(b1-Sp22,12.545199975289352,184.67824540193283,121.378477728919
Gal(b1-4)GlcNAc(b1-2)Man(a1-6)[Gal(b1-4)GlcNAc(b1-2)Man(a1-3)]Man(b1-4)GlcNAc(b1-4)[Fuc(a1-6)]GlcNAc(b1-Sp22,7.675381810481273,17.713388736842592,106.15716881772305
Gal(b1-3)GlcNAc(b1-2)Man(a1-6)[Gal(b1-3)GlcNAc(b1-2)Man(a1-3)]Man(b1-4)GlcNAc(b1-4)[Fuc(a1-6)]GlcNAc(b1-Sp22,135.21934304229558,192.48433588276728,13.554224690817495
(6S)GlcNAc(b1-3)Gal(b1-4)GlcNAc(b1-Sp0,7.0066422747751735,18.187287329959354,7.048169526432615
KDN(a2-3)Gal(b1-4)[Fuc(a1-3)]GlcNAc(a1-Sp0,3.206988898613913,11.08221697266244,14.6173615720884
KDN(a2-6)Gal(b1-4)GlcNAc(a1-Sp0,3.2638489293062123,8.420390177222593,8.880001347362883
KDN(a2-3)Gal(b1-4)Glc(a1-Sp0,16.3646620957833,8.808814472825881,8.71488025558393
KDN(a2-3)Gal(b1-3)GalNAc(a1-Sp14,9.362843747850684,27.40925895001847,18.492379359617306
Fuc(a1-2)Gal(b1-3)GlcNAc(b1-2)Man(a1-6)[Fuc(a1-2)Gal(b1-3)GlcNAc(b1-2)Man(a1-3)]Man(b1-4)GlcNAc(b1-4)GlcNAc(b1-Sp20,7.564968485944487,12.279636170064922,36.78396055796601
Fuc(a1-2)Gal(b1-4)GlcNAc(b1-2)Man(a1-6)[Fuc(a1-2)Gal(b1-4)GlcNAc(b1-2)Man(a1-3)]Man(b1-4)GlcNAc(b1-4)GlcNAc(b1-Sp20,34.35053895912697,49.386273517816,258.95459337048266
Fuc(a1-2)Gal(b1-4)[Fuc(a1-3)]GlcNAc(b1-2)Man(a1-6)[Fuc(a1-2)Gal(b1-4)[Fuc(a1-3)]GlcNAc(b1-2)Man(a1-3)]Man(b1-4)GlcNAc(b1-4)GlcNA(b1-Sp20,14.590649812208495,40.88131947825724,16.415481499157053
Gal(a1-3)Gal(b1-4)GlcNAc(b1-2)Man(a1-6)[Gal(a1-3)Gal(b1-4)GlcNAc(b1-2)Man(a1-3)]Man(b1-4)GlcNAc(b1-4)GlcNAc(b1-Sp20,16.342800213039894,173.45938652666518,622.2171578665439
Gal(b1-4)GlcNAc(b1-2)Man(a1-6)[Man(a1-3)]Man(b1-4)GlcNAc(b1-4)GlcNAc(b1-Sp12,54.9131067561205,3624.1717540786763,939.5661637085003
Fuc(a1-4)[Gal(b1-3)]GlcNAc(b1-2)Man(a1-6)[Fuc(a1-4)[Gal(b1-3)]GlcNAc(b1-2)Man(a1-3)]Man(b1-4)GlcNAc(b1-4)[Fuc(a1-6)]GlcNAc(b1-Sp22,22.20642578074718,12.030400724137714,34.70791393418077
Neu5Ac(a2-6)GlcNAc(b1-4)GlcNAc(a1-Sp21,4.7693377164270245,10.900447610075462,12.474963226265109
Neu5Ac(a2-6)GlcNAc(b1-4)GlcNAc(b1-4)GlcNAc(a1-Sp21,13.272543536187776,4.6624369539079735,10.72813023985694
Gal(b1-4)[Fuc(a1-3)]GlcNAc(b1-6)[Fuc(a1-2)Gal(b1-4)GlcNAc(b1-3)]Gal(b1-4)Glc(a1-Sp21,1.9832274991370304,10.21845812276326,5.623885296586894
Gal(b1-4)GlcNAc(b1-2)Man(a1-6)[Gal(b1-4)GlcNAc(b1-4)[Gal(b1-4)GlcNAc(b1-2)]Man(a1-3)]Man(b1-4)GlcNAc(b1-4)GlcNAc(a1-Sp21,20.571529546336574,55.61627372924856,511.2904701352599
GalNAc(a1-3)[Fuc(a1-2)]Gal(b1-4)GlcNAc(b1-2)Man(a1-6)[GalNAc(a1-3)[Fuc(a1-2)]Gal(b1-4)GlcNAc(b1-2)Man(a1-3)]Man(b1-4)GlcNAc(b1-4)GlcNAc(b1-Sp20,2.9561690496316246,31.520630874021865,427.6166461682357
Gal(a1-3)[Fuc(a1-2)]Gal(b1-4)GlcNAc(b1-2)Man(a1-6)[Gal(a1-3)[Fuc(a1-2)]Gal(b1-4)GlcNAc(b1-2)Man(a1-3)]Man(b1-4)GlcNAc(b1-4)GlcNAc(b1-Sp20,23.828035850425586,34.71743404606268,477.1651924485048
Gal(a1-3)Gal(b1-4)[Fuc(a1-3)]GlcNAc(b1-2)Man(a1-6)[Gal(a1-3)Gal(b1-4)[Fuc(a1-3)]GlcNAc(b1-2)Man(a1-3)]Man(b1-4)GlcNAc(b1-4)GlcNAc(b1-Sp20,22.57981856828497,29.16197621222712,50.38199689157332
GalNAc(a1-3)[Fuc(a1-2)]Gal(b1-3)GlcNAc(b1-2)Man(a1-6)[GalNAc(a1-3)[Fuc(a1-2)]Gal(b1-3)GlcNAc(b1-2)Man(a1-3)]Man(b1-4)GlcNAc(b1-4)GlcNAc(b1-Sp20,24.36517174527335,5.963046267359204,9.269547271397162
Gal(a1-3)[Fuc(a1-2)]Gal(b1-3)GlcNAc(b1-2)Man(a1-6)[Gal(a1-3)[Fuc(a1-2)]Gal(b1-3)GlcNAc(b1-2)Man(a1-3)]Man(b1-4)GlcNAc(b1-4)GlcNAc(b1-Sp20,8.451916694848963,8.989569953006653,9.646336402446607
Fuc(a1-4)[Fuc(a1-2)Gal(b1-3)]GlcNAc(b1-2)Man(a1-3)[Fuc(a1-4)[Fuc(a1-2)Gal(b1-3)]GlcNAc(b1-2)Man(a1-3)]Man(b1-4)GlcNAc(b1-4)GlcNAc(b1-Sp19,23.413352352931014,33.43670931546145,20.120191648254725
Neu5Ac(a2-3)Gal(b1-4)GlcNAc(b1-3)GalNAc(a1-Sp14,9.149064464514028,12.885806712910915,8.417694158289429
Neu5Ac(a2-6)Gal(b1-4)GlcNAc(b1-3)GalNAc(a1-Sp14,32.7054506488852,2.2151335016201488,4.8925360932070046
Neu5Ac(a2-3)Gal(b1-4)[Fuc(a1-3)]GlcNAc(b1-3)GalNAc(a1-Sp14,15.009771896195906,46.02142799576264,4.700264634039193
GalNAc(b1-4)GlcNAc(b1-2)Man(a1-6)[GalNAc(b1-4)GlcNAc(b1-2)Man(a1-3)]Man(b1-4)GlcNAc(b1-4)GlcNAc(a1-Sp12,17.55693215634497,29.2721075478574,122.48827957066948
Gal(b1-3)GalNAc(a1-3)[Fuc(a1-2)]Gal(b1-4)Glc(a1-Sp0,4.909718294702183,1.9237943417025376,6.66997798216005
Gal(b1-3)GalNAc(a1-3)[Fuc(a1-2)]Gal(b1-4)GlcNAc(a1-Sp0,433.4867733673415,54.08773306843704,7.3218331843876525
Gal(b1-3)GlcNac(b1-3)Gal(b1-4)GlcNac(b1-6)[Gal(b1-3)GlcNac(b1-3)]Gal(b1-4)Glc(b1-Sp0,16.258333369895773,21.893489267873743,3.827166204038381
Gal(b1-4)[Fuc(a1-3)]GlcNAc(b1-6)[Gal(b1-3)GlcNAc(b1-3)]Gal(b1-4)Glc(a1-Sp21,10.029323748887563,22.08882606000525,10.16467253940497
Gal(b1-4)GlcNAc(b1-6)[Fuc(a1-4)[Fuc(a1-2)Gal(b1-3)]GlcNAc(b1-3)]Gal(b1-4)Glc(a1-Sp21,15.14258228891845,197.2308318200508,38.64406375140303
Gal(b1-4)[Fuc(a1-3)]GlcNAc(b1-6)[Fuc(a1-4)[Fuc(a1-2)Gal(b1-3)]GlcNAc(b1-3)]Gal(b1-4)Glc(a1-Sp21,6.2779985411355375,11.051228572237262,17.539668554902438
Gal(b1-3)GlcNAc(b1-3)Gal(b1-4)[Fuc(a1-3)]GlcNAc(b1-6)[Gal(b1-3)GlcNAc(b1-3)]Gal(b1-4)Glc(a1-Sp21,20.52450305407336,8.481928139285309,14.759755650190597
Gal(b1-4)GlcNac(b1-6)[Gal(b1-4)GlcNac(b1-2)]Man(a1-6)[Gal(b1-4)GlcNac(b1-4)[Gal(b1-4)GlcNac(b1-2)]Man(a1-3)]Man(b1-4)GlcNac(b1-4)GlcNac(b1-Sp21,41.31547366788996,121.55109405584595,76.77949606518885
GlcNac(b1-2)Man(a1-6)[GlcNac(b1-4)[GlcNac(b1-2)]Man(a1-3)]Man(b1-4)GlcNac(b1-4)GlcNac(a1-Sp21,13.986114968424747,23.606362984667765,52.39720091203207
Fuc(a1-2)Gal(b1-3)GalNAc(a1-3)[Fuc(a1-2)]Gal(b1-4)Glc(b1-Sp0,20.110315757010536,16.378783922781544,12.83596474711452
Fuc(a1-2)Gal(b1-3)GalNAc(a1-3)[Fuc(a1-2)]Gal(b1-4)GlcNAc(b1-Sp0,6.5703396814142465,10.859171148542291,57.82216429290618
Gal(b1-3)GlcNAc(b1-3)GalNAc(a1-Sp14,12.551959148674754,5.96513593663212,6.862408557253549
GalNAc(b1-4)[Neu5Ac(a2-3)]Gal(b1-4)GlcNAc(b1-3)GalNAc(a1-Sp14,47.70203077706268,32.418446266130736,67.39853159984901
GalNAc(a1-3)[Fuc(a1-2)]Gal(b1-3)GalNAc(a1-3)[Fuc(a1-2)]Gal(b1-4)GlcNAc(b1-Sp0,4.587952481863048,17.274027874504732,8.191664800474522
Gal(a1-3)Gal(b1-3)GlcNAc(b1-2)Man(a1-6)[Gal(a1-3)Gal(b1-3)GlcNAc(b1-2)Man(a1-3)]Man(b1-4)GlcNAc(b1-4)GlcNAc(a1-Sp19,16.649380933311008,22.942611884075717,11.610516545894933
Gal(a1-3)Gal(b1-3)[Fuc(a1-4)]GlcNAc(b1-2)Man(a1-6)[Gal(a1-3)Gal(b1-3)[Fuc(a1-4)]GlcNAc(b1-2)Man(a1-3)]Man(b1-4)GlcNAc(b1-4)GlcNAc(a1-Sp19,6.817554064508776,18.193435734420948,13.351891570485456
Neu5Ac(a2-3)Gal(b1-3)GlcNAc(b1-2)Man(a1-6)[Neu5Ac(a2-3)Gal(b1-3)GlcNAc(b1-2)Man(a1-3)]Man(b1-4)GlcNAc(b1-4)GlcNAc(a1-Sp19,9.155354179385956,27.52440676810007,11.212789368804119
GlcNAc(b1-2)Man(a1-6)[Gal(b1-4)GlcNAc(b1-2)Man(a1-3)]Man(b1-4)GlcNAc(b1-4)GlcNAc(a1-Sp12,15.762471780862901,355.31799079571715,264.7020421226378
Gal(b1-4)GlcNAc(b1-2)Man(a1-6)[GlcNAc(b1-2)Man(a1-3)]Man(b1-4)GlcNAc(b1-4)GlcNAc(a1-Sp12,39.135485574135096,96.57008680513424,1073.8089368681256
Neu5Ac(a2-3)Gal(b1-3)GlcNAc(b1-3)GalNAc(a1-Sp14,5.645800947606996,13.392308418143113,10.621908138843237
Fuc(a1-2)Gal(b1-4)GlcNac(b1-3)GalNac(a1-Sp14,9.96178169451464,16.005199473608556,6.5809492635308
Gal(b1-4)[Fuc(a1-3)]GlcNac(b1-3)GalNac(a1-Sp14,19.86708101533793,5.692959779411693,5.1118057053419435
GalNac(a1-3)GalNac(b1-3)Gal(a1-4)Gal(b1-4)GlcNac(b1-Sp0,21.247453306690648,1.2415701725369048,10.842817893387618
Gal(a1-4)Gal(b1-3)GlcNac(b1-2)Man(a1-6)[Gal(a1-4)Gal(b1-3)GlcNac(b1-2)Man(a1-3)]Man(b1-4)GlcNac(b1-4)GlcNac(b1-Sp19,9.057934137907264,104.22009445355788,634.0307472107132
Gal(a1-4)Gal(b1-4)GlcNac(b1-2)Man(a1-6)[Gal(a1-4)Gal(b1-4)GlcNac(b1-2)Man(a1-3)]Man(b1-4)GlcNac(b1-4)GlcNac(b1-Sp24,38.04100139019992,213.0465930741714,752.4095076434484
Gal(a1-3)Gal(b1-4)GlcNac(b1-3)GalNac(a1-Sp14,17.662445528932274,11.295717759804676,6.557312461926254
Gal(b1-3)GlcNAc(b1-6)Gal(b1-4)GlcNAc(b1-Sp0,7.5729970280376175,5.31937738360107,11.53524346932767
Gal(b1-3)GlcNAc(a1-6)Gal(b1-4)GlcNAc(b1-Sp0,6.376231730092107,6.154247326304692,7.523078634442152
GalNAc(b1-3)Gal(a1-6)Gal(b1-4)Glc(b1-Sp8,12.088451637099755,10.608008279282847,15.432190263077796
Gal(a1-3)[Fuc(a1-2)]Gal(b1-4)[Fuc(a1-3)]Glc(b1-Sp21,10.282421453261872,7.254761128390102,12.564585242756731
Gal(b1-4)GlcNAc(b1-6)[Neu5Ac(a2-6)Gal(b1-3)GlcNAc(b1-3)]Gal(b1-4)Glc(a1-Sp21,8.559927620605215,5.382425328402923,2.3451329379518486
Gal(b1-3)GalNAc(b1-4)[Neu5Ac(a2-8)Neu5Ac(a2-3)]Gal(b1-4)Glc(b1-Sp0,12.743594434067655,7.369030099228349,14.822847831276102
Neu5Ac(a2-3)Gal(b1-3)GalNAc(b1-4)[Neu5Ac(a2-8)Neu5Ac(a2-3)]Gal(b1-4)Glc(b1-Sp0,4.6583660371243125,9.147615633048863,4.072275685964781
Gal(a1-3)[Fuc(a1-2)]Gal(b1-4)GlcNAc(b1-3)GalNAc(a1-Sp14,9.043126824417538,27.77236751245141,14.772024773086011
GalNAc(a1-3)[Fuc(a1-2)]Gal(b1-4)GlcNAc(b1-3)GalNAc(a1-Sp14,15.134674924022427,16.68477006022258,18.8839278714952
GalNAc(a1-3)GalNAc(b1-3)Gal(a1-4)Gal(b1-4)Glc(b1-Sp0,10.209985588301947,6.6744924612912175,7.2030426808745185
Fuc(a1-2)Gal(b1-4)[Fuc(a1-3)]GlcNAc(b1-3)GalNAc(a1-Sp14,14.490473610243649,26.52657224927181,6.898147205047136
Gal(a1-3)[Fuc(a1-2)]Gal(b1-4)[Fuc(a1-3)]GlcNAc(b1-3)GalNAc(a1-Sp14,5.359116293056159,18.725882767865237,10.037751955824929
GalNAc(a1-3)[Fuc(a1-2)]Gal(b1-4)[Fuc(a1-3)]GlcNAc(b1-3)GalNAc(a1-Sp14,35.98083789624461,13.376087653315112,25.04869050449544
Gal(b1-4)[Fuc(a1-3)]GlcNAc(b1-2)Man(a1-6)[Gal(b1-4)[Fuc(a1-3)]GlcNAc(b1-2)Man(a1-3)]Man(b1-4)GlcNAc(b1-4)[Fuc(a1-6)]GlcNAc(b1-Sp22,11.574535114746515,13.75572391515619,32.2638446508885
Fuc(a1-2)Gal(b1-4)GlcNAc(b1-2)Man(a1-6)[Fuc(a1-2)Gal(b1-4)GlcNAc(b1-2)Man(a1-3)]Man(b1-4)GlcNAc(b1-4)[Fuc(a1-6)]GlcNAc(b1-Sp22,8.827610340054289,8.445384880661143,17.58870404634748
GlcNAc(b1-2)[GlcNAc(b1-6)]Man(a1-6)[GlcNAc(b1-2)Man(a1-3)]Man(b1-4)GlcNAc(b1-4)GlcNAc(b1-Sp19,11.333553474381533,114.7197797726701,497.15325200583175
Fuc(a1-2)Gal(b1-3)GlcNAc(b1-3)GalNAc(a1-Sp14,9.05512627792493,21.208963001111115,10.348738010139206
Gal(a1-3)[Fuc(a1-2)]Gal(b1-3)GlcNAc(b1-3)GalNAc(a1-Sp14,6.281938969975752,17.627395054100692,31.31370266793489
GalNAc(a1-3)[Fuc(a1-2)]Gal(b1-3)GlcNAc(b1-3)GalNAc(a1-Sp14,24.103054231915642,15.561706395936588,22.377676535091105
Gal(a1-3)Gal(b1-3)GlcNAc(b1-3)GalNAc(a1-Sp14,11.605732241834927,4.863443229767019,42.511339869684576
Fuc(a1-2)Gal(b1-3)GlcNAc(b1-2)Man(a1-6)[Fuc(a1-2)Gal(b1-3)GlcNAc(b1-2)Man(a1-3)]Man(b1-4)GlcNAc(b1-4)[Fuc(a1-6)]GlcNAc(b1-Sp22,16.205346434021905,6.266070590090723,13.154420144163206
Gal(a1-3)[Fuc(a1-2)]Gal(b1-4)GlcNAc(b1-2)Man(a1-6)[Gal(a1-3)[Fuc(a1-2)]Gal(b1-4)GlcNAc(b1-2)Man(a1-3)]Man(b1-4)GlcNAc(b1-4)[Fuc(a1-6)]GlcNAc(b1-Sp22,8.984727695558345,19.437630940523555,75.2221580375756
Gal(b1-3)GlcNAc(b1-6)[Gal(b1-3)GlcNAc(b1-2)]Man(a1-6)[Gal(b1-3)GlcNAc(b1-2)Man(a1-3)]Man(b1-4)GlcNAc(b1-4)GlcNAc(b1-Sp19,1.2614454909613309,108.319124608826,235.4575530791592
Gal(b1-4)GlcNAc(b1-6)[Fuc(a1-2)Gal(b1-3)GlcNAc(b1-3)]Gal(b1-4)Glc(a1-Sp21,7.134340269604476,11.988336679838731,76.7676657512513
Fuc(a1-3)GlcNAc(b1-6)[Gal(b1-4)GlcNAc(b1-3)]Gal(b1-4)Glc(a1-Sp21,22.546102146564802,13.498859555872405,12.347010662875796
GlcNAc(b1-2)Man(a1-6)[GlcNAc(b1-4)][GlcNAc(b1-2)Man(a1-3)]Man(b1-4)GlcNac(b1-4)GlcNAc(a1-Sp21,6.631292431343987,86.00502542190527,212.6539210422524
GlcNAc(b1-2)Man(a1-6)[GlcNAc(b1-4)][GlcNAc(b1-4)[GlcNAc(b1-2)]Man(a1-3)]Man(b1-4)GlcNAc(b1-4)GlcNAc(a1-Sp21,6.320910630070109,7.809338987178638,18.771296497289857
GlcNAc(b1-6)[GlcNAc(b1-2)]Man(a1-6)[GlcNAc(b1-4)][GlcNAc(b1-2)Man(a1-3)]Man(b1-4)GlcNAc(b1-4)GlcNAc(a1-Sp21,21.963617168606767,406.0165459274749,484.61211739675895
GlcNAc(b1-6)[GlcNAc(b1-2)]Man(a1-6)[GlcNAc(b1-4)][GlcNAc(b1-4)[GlcNAc(b1-2)]Man(a1-3)]Man(b1-4)GlcNAc(b1-4)GlcNAc(a1-Sp21,13.951988245168971,11.390125285929322,10.7463765320766
Gal(b1-4)GlcNAc(b1-2)Man(a1-6)[GlcNAc(b1-4)][Gal(b1-4)GlcNAc(b1-2)Man(a1-3)]Man(b1-4)GlcNAc(b1-4)GlcNAc(a1-Sp21,19.39829900624881,103.33062434058563,474.5763617914239
Gal(b1-4)GlcNAc(b1-2)Man(a1-6)[GlcNAc(b1-4)][Gal(b1-4)GlcNAc(b1-4)[Gal(b1-4)GlcNAc(b1-2)]Man(a1-3)]Man(b1-4)GlcNAc(b1-4)GlcNAc(a1-Sp21,5.5025922263208535,20.7295886153906,17.382369315175506
Gal(b1-4)GlcNAc(b1-6)[Gal(b1-4)GlcNAc(b1-2)]Man(a1-6)[GlcNAc(b1-4)][Gal(b1-4)GlcNAc(b1-2)Man(a1-3)]Man(b1-4)GlcNAc(b1-4)GlcNAc(a1-Sp21,28.13297366235345,218.4027539425451,449.25168792511977
Gal(b1-4)GlcNAc(b1-6)[Gal(b1-4)GlcNAc(b1-2)]Man(a1-6)[GlcNAc(b1-4)][Gal(b1-4)GlcNAc(b1-4)[Gal(b1-4)GlcNAc(b1-2)]Man(a1-3)]Man(b1-4)GlcNAc(b1-4)GlcNAc(a1-Sp21,3.3560908702189085,7.931314356975562,8.012557576912211
Gal(b1-4)Gal(b1-Sp10,9.06996329026015,22.61017810461697,16.3259699526807
Gal(b1-6)Gal(b1-Sp10,11.985917001318667,13.385915255315936,13.178066006405
Neu5Ac(a2-3)Gal(b1-4)GlcNAc(b1-3)Gal(b1-Sp8,1.9289910443458933,7.235070405266758,7.6227229817062865
GalNAc(b1-6)GalNAc(b1-Sp8,12.536117615381038,27.51060020894977,51.67154946379279
(6S)Gal(b1-3)GlcNAc(b1-Sp0,15.304071854466276,18.808989731220702,28.35643401669779
(6S)Gal(b1-3)(6S)GlcNAc(a1-Sp0,9.870469658025398,6.250420641511513,3.409071875036745
Fuc(a1-2)Gal(b1-4) GlcNAc(b1-2)Man(a1-6)[Fuc(a1-2)Gal(b1-4)GlcNAc(b1-2)[Fuc(a1-2)Gal(b1-4)GlcNAc(b1-4)]Man(a1-3)]Man(b1-4)GlcNAc(b1-4)GlcNAc(b1-N,17.741114743701058,23.332398927441,72.96705740599631
Fuc(a1-2)Gal(b1-4)[Fuc(a1-3)]GlcNAc(b1-2)Man(a1-6)[Fuc(a1-2)Gal(b1-4)[Fuc(a1-3)]GlcNAc(b1-4)[Fuc(a1-2)Gal(b1-4)[Fuc(a1-3)]GlcNAc(b1-2)]Man(a1-3)]Man(b1-4)GlcNAc(b1-4)GlcNAc(b1-N,8.621546874498026,15.778004018965767,21.239846305548514
Gal(b1-4)[Fuc(a1-3)]GlcNAc(b1-6)GalNAc(a1-Sp14,31.26014932064733,18.47704287478564,9.522789664273805
Gal(b1-4)GlcNAc(b1-2)Man(a1-Sp0,9.056412515035966,5.927121334101968,13.172725155759027
Fuc(a1-2)Gal(b1-4)GlcNAc(b1-6)[Fuc(a1-2)Gal(b1-4)GlcNAc(b1-3)]GalNAc(a1-Sp14,9.841325202430827,8.779659458278173,77.19317191169961
Gal(a1-3)Fuc(a1-2)Gal(b1-4)GlcNAc(b1-6)[Gal(a1-3)Fuc(a1-2)Gal(b1-4)GlcNAc(b1-3)]GalNAc(a1-Sp14,22.904150601000985,20.49988113044805,5.7507826883970035
GalNAc(a1-3)[Fuc(a1-2)]Gal(b1-4)GlcNAc(b1-6)[GalNAc(a1-3)[Fuc(a1-2)]Gal(b1-4)GlcNAc(b1-3)]GalNAc(a1-Sp14,4.5603234961093175,4.635255117304767,7.97418928684917
Neu5Ac(a2-8)Neu5Ac(a2-3)Gal(b1-3)GalNAc(b1-4)[Neu5Ac(a2-8)Neu5Ac(a2-3)]Gal(b1-4)Glc(b1-Sp0,8.405424307503269,4.269131612225136,5.98444968258014
GalNAc(b1-4)Gal(b1-4)Glc(b1-Sp0,7.887696513980918,10.449217384530133,35.62241836587365
GalNAc(a1-3)[Fuc(a1-2)]Gal(b1-4)GlcNAc(b1-2)Man(a1-6)[GalNAc(a1-3)[Fuc(a1-2)]Gal(b1-4)GlcNAc(b1-2)Man(a1-3)]Man(b1-4)GlcNAc(b1-4)[Fuc(a1-6)]GlcNAc(b1-Sp22,9.496049366052176,13.44253968328406,19.200672753751785
Gal(a1-3)[Fuc(a1-2)]Gal(b1-3)GlcNAc(b1-2)Man(a1-6)[Gal(a1-3)[Fuc(a1-2)]Gal(b1-3)GlcNAc(b1-2)Man(a1-3)]Man(b1-4)GlcNAc(b1-4)[Fuc(a1-6)]GlcNAc(b1-Sp22,15.075957874791904,26.92476210360704,21.530222902604415
Neu5Ac(a2-6)Gal(b1-4)GlcNAc(b1-6)[Fuc(a1-2)Gal(b1-3)GlcNAc(b1-3)]Gal(b1-4)Glc(a1-Sp21,8.462888287300817,15.464457886607818,2.454746607934648
GalNAc(a1-3)[Fuc(a1-2)]Gal(b1-3)GlcNAc(b1-2)Man(a1-6)[GalNAc(a1-3)[Fuc(a1-2)]Gal(b1-3)GlcNAc(b1-2)Man(a1-3)]Man(b1-4)GlcNAc(b1-4)[Fuc(a1-6)]GlcNAc(b1-Sp22,11.840911685761352,25.36339761064817,12.253765114717465
Gal(b1-4)GlcNAc(b1-6)[Gal(b1-4)GlcNAc(b1-2)]Man(a1-6)[Gal(b1-4)GlcNAc(b1-2)Man(a1-3)]Man(b1-4)GlcNAc(b1-4)GlcNAc(b1-Sp19,19.38682104050759,549.1690214468468,669.2726294009876
Neu5Ac(a2-3)Gal(b1-4)GlcNAc(b1-2)Man(a1-6)[GlcNAc(b1-4)][Neu5Ac(a2-3)Gal(b1-4)GlcNAc(b1-2)Man(a1-3)]Man(b1-4)GlcNAc(b1-4)GlcNAc(b1-Sp21,18.897703206011567,92.08540237328181,165.3312515855759
Neu5Ac(a2-3)Gal(b1-4)GlcNAc(b1-4)Man(a1-6)[GlcNAc(b1-4)][Neu5Ac(a2-3)Gal(b1-4)GlcNAc(b1-4)[Neu5Ac(a2-3)Gal(b1-4)GlcNAc(b1-2)]Man(a1-3)]Man(b1-4)GlcNAc(b1-4)GlcNAc(b1-Sp21,4.889202264855351,5.7592642535744165,26.109365420652534
Neu5Ac(a2-3)Gal(b1-4)GlcNAc(b1-6)[Neu5Ac(a2-3)Gal(b1-4)GlcNAc(b1-2)]Man(a1-6)[GlcNAc(b1-4)][Neu5Ac(a2-3)Gal(b1-4)GlcNAc(b1-2)Man(a1-3)]Man(b1-4)GlcNAc(b1-4)GlcNAc(b1-Sp21,14.454648589640627,29.002015325625482,154.6068310545507
Neu5Ac(a2-3)Gal(b1-4)GlcNAc(b1-6)[Neu5Ac(a2-3)Gal(b1-4)GlcNAc(b1-2)]Man(a1-6)[GlcNAc(b1-4)][Neu5Ac(a2-3)Gal(b1-4)GlcNAc(b1-4)[Neu5Ac(a2-3)Gal(b1-4)GlcNAc(b1-2)]Man(a1-3)]Man(b1-4)GlcNAc(b1-4)GlcNAc(b1-Sp21,15.485486989759154,18.03387522162573,4.00909146399364
Neu5Ac(a2-6)Gal(b1-4)GlcNAc(b1-2)Man(a1-6)[GlcNAc(b1-4)][Neu5Ac(a2-6)Gal(b1-4)GlcNAc(b1-2)Man(a1-3)]Man(b1-4)GlcNAc(b1-4)GlcNAc(b1-Sp21,10.305912542645931,17.496969615601508,42.95415681959238
Neu5Ac(a2-6)Gal(b1-4)GlcNAc(b1-4)Man(a1-6)[GlcNAc(b1-4)][Neu5Ac(a2-6)Gal(b1-4)GlcNAc(b1-4)[Neu5Ac(a2-6)Gal(b1-4)GlcNAc(b1-2)]Man(a1-3)]Man(b1-4)GlcNAc(b1-4)GlcNAc(b1-Sp21,17.108246203001055,27.089749950411736,22.69660013937477
Neu5Ac(a2-6)Gal(b1-4)GlcNAc(b1-6)[Neu5Ac(a2-6)Gal(b1-4)GlcNAc(b1-2)]Man(a1-6)[GlcNAc(b1-4)][Neu5Ac(a2-6)Gal(b1-4)GlcNAc(b1-2)Man(a1-3)]Man(b1-4)GlcNAc(b1-4)GlcNAc(b1-Sp21,14.822175736684773,14.595112227158616,59.01607668184353
Neu5Ac(a2-6)Gal(b1-4)GlcNAc(b1-6)[Neu5Ac(a2-6)Gal(b1-4)GlcNAc(b1-2)]Man(a1-6)[GlcNAc(b1-4)][Neu5Ac(a2-6)Gal(b1-4)GlcNAc(b1-4)[Neu5Ac(a2-6)Gal(b1-4)GlcNAc(b1-2)]Man(a1-3)]Man(b1-4)GlcNAc(b1-4)GlcNAc(b1-Sp21,4.924171868784988,9.092060441396104,10.547848317824508
Gal(a1-3)[Fuc(a1-2)]Gal(b1-3)GalNAc(a1-Sp8,2.9956319649060084,10.203842446312366,19.462486514553248
Gal(a1-3)[Fuc(a1-2)]Gal(b1-3)GalNAc(b1-Sp8,6.277347159097811,21.673961188082348,21.742164705992337
Glc(a1-6)Glc(a1-6)Glc(a1-6)Glc(b1-Sp10,16.878067027037392,16.135136320155457,21.21626302868869
Glc(a1-4)Glc(a1-4)Glc(a1-4)Glc(b1-Sp10,11.497516937836313,23.4235513246106,7.365398361878787
Neu5Ac(a2-3)Gal(b1-4)GlcNAc(b1-6)[Neu5Ac(a2-3)Gal(b1-4)GlcNAc(b1-3)]GalNAc(a1-Sp14,7.3340565570835325,8.570761270884871,12.059576302500565
Fuc(a1-2)Gal(b1-4)[Fuc(a1-3)]GlcNAc(b1-2)Man(a1-6)[Fuc(a1-2)Gal(b1-4)[Fuc(a1-3)]GlcNAc(b1-2)Man(a1-3)]Man(b1-4)GlcNAc(b1-4)[Fuc(a1-6)]GlcNAc(b1-Sp24,20.452811478213288,57.42968912023344,22.84699301445875
Fuc(a1-2)Gal(b1-3)[Fuc(a1-4)]GlcNAc(b1-2)Man(a1-6)[Fuc(a1-2)Gal(b1-3)[Fuc(a1-4)]GlcNAc(b1-2)Man(a1-3)]Man(b1-4)GlcNAc(b1-4)[Fuc(a1-6)]GlcNA(cb-S)p(1-4)[Fuc(a1-6)]GlcNAc(b1-Sp19,13.552770631990096,10.482854563010537,7.402203316355719
Neu5Ac(a2-3)Gal(b1-3)GlcNAc(b1-6)[Neu5Ac(a2-3)Gal(b1-4)GlcNAc(b1-2)]Man(a1-6)[Neu5Ac(a2-3)Gal(b1-3)GlcNAc(b1-2)Man(a1-3)]Man(b1-4)GlcNAc(b1-4)GlcNAc(b1-Sp19,9.677492087829364,47.914909876041285,39.986890717416564
GlcNAc(b1-6)[GlcNAc(b1-2)]Man(a1-6)[GlcNAc(b1-2)Man(a1-3)]Man(b1-4)GlcNAc(b1-4)[Fuc(a1-6)]GlcNAc(b1-Sp24,8.069885234778715,53.95558321035747,284.7334500254952
Gal(b1-3)GlcNAc(b1-2)Man(a1-6)[GlcNAc(b1-4)][Gal(b1-3)GlcNAc(b1-2)Man(a1-3)]Man(b1-4)GlcNAc(b1-4)GlcNAc(b1-Sp21,19.446656672806274,118.63469690730871,165.7989958043039
Neu5Ac(a2-6)Gal(b1-4)GlcNAc(b1-6)[Gal(b1-3)GlcNAc(b1-3)]Gal(b1-4)Glc(b1-Sp21,3.655353998360932,3.091805043983208,60.11223441810049
Neu5Ac(a2-3)Gal(b1-4)GlcNAc(b1-2)Man(a1-Sp0,70.18702225957922,20.145115406635576,21.502035402007106
Neu5Ac(a2-3)Gal(b1-4)GlcNAc(b1-6)GalNAc(a1-Sp14,6.638685909312185,11.202984379322023,20.356346054465828
Neu5Ac(a2-6)Gal(b1-4)GlcNAc(b1-6)GalNAc(a1-Sp14,13.375001367476575,11.72526276009767,10.443066598905057
Neu5Ac(a2-6)Gal(b1-4)GlcNAc(b1-6)[Neu5Ac(a2-6)Gal(b1-4)GlcNAc(b1-3)]GalNAc(a1-Sp14,142.0982333923349,48.005092366886785,15.552832560233727
Neu5Ac(a2-6)Gal(b1-4)GlcNAc(b1-2)Man(a1-6)[Neu5Ac(a2-6)Gal(b1-4)GlcNAc(b1-2)Man(a1-3)]Man(b1-4)GlcNAc(b1-4)[Fuc(a1-6)]GlcNAc(b1-Sp24,6.8414869270746275,11.602471611796243,42.100946453259226
Neu5Ac(a2-3)Gal(b1-4)GlcNAc(b1-2)Man(a1-6)[Neu5Ac(a2-3)Gal(b1-4)GlcNAc(b1-2)Man(a1-3)]Man(b1-4)GlcNAc(b1-4)[Fuc(a1-6)]GlcNAc(b1-Sp24,8.01220747380729,99.15127610819408,78.79534307776473
Man(a1-6)[Man(a1-3)]Man(b1-4)GlcNAc(b1-4)[Fuc(a1-6)]GlcNAc(b1-Sp19,25.495111030993403,1020.3793114601224,1240.7994642695555
Gal(b1-4)GlcNAc(b1-6)[Gal(b1-4)GlcNAc(b1-2)]Man(a1-6)[Gal(b1-4)GlcNAc(b1-2)Man(a1-3)]Man(b1-4)GlcNAc(b1-4)[Fuc(a1-6)]GlcNAc(b1-Sp24,15.42707947096057,91.15263737535943,275.73973284672815
Neu5Ac(a2-3)Gal(b1-3)GlcNAc(b1-2)Man(a1-6)[GlcNAc(b1-4)][Neu5Ac(a2-3)Gal(b1-3)GlcNAc(b1-2)Man(a1-3)]Man(b1-4)GlcNAc(b1-4)GlcNAc(a1-Sp21,7.264508661292941,35.497435160773705,15.275233037502224
Neu5Ac(a2-6)Gal(b1-4)GlcNAc(b1-6)[Fuc(a1-2)Gal(b1-4)[Fuc(a1-3)]GlcNAc(b1-3)]Gal(b1-4)Glc(a1-Sp21,15.801650208417053,4.703737013889415,7.561880388886973
Gal(b1-3)GlcNAc(b1-6)GalNAc(a1-Sp14,4.761687883076059,5.063319977379808,8.652820745090393
Gal(a1-3)Gal(b1-3)GlcNAc(b1-6)GalNAc(a1-Sp14,14.105453175368028,1.4382875674448885,8.279890200157652
Gal(b1-3)[Fuc(a1-4)]GlcNAc(b1-6)GalNAc(a1-Sp14,27.30653675238161,3.642052687244748,7.15573799891854
Neu5Ac(a2-3)Gal(b1-3)GlcNAc(b1-6)GalNAc(a1-Sp14,1.9775941045876948,7.811954752173108,16.684182415989106
(3S)Gal(b1-3)[Fuc(a1-4)]GlcNAc(b1-Sp0,13.180251022900386,6.141704829212031,2.145228886583749
Gal(b1-4)[Fuc(a1-3)]GlcNAc(b1-6)[Neu5Ac(a2-6)[Neu5Ac(a2-3)Gal(b1-3)]GlcNAc(b1-3)]Gal(b1-4)Glc(a1-Sp21,12.3413129724245,5.427229384010467,1.784495712846249
Fuc(a1-2)Gal(b1-4)GlcNAc(b1-6)GalNAc(a1-Sp14,8.327227320463077,4.980797511359667,9.904860388549992
Gal(a1-3)Gal(b1-4)GlcNAc(b1-6)GalNAc(a1-Sp14,8.797441824189569,4.103075485839852,6.452846995642058
Gal(b1-4)[Fuc(a1-3)]GlcNAc(b1-2)Man(a1-Sp0,8.780439532420916,5.786356647249344,5.716995082135947
Fuc(a1-2)(6S)Gal(b1-3)GlcNAc(b1-Sp0,8.502236597311713,8.694758969775988,17.574395043997967
Gal(a1-3)[Fuc(a1-2)]Gal(b1-4)GlcNAc(b1-6)GalNAc(a1-Sp14,5.538800086962272,7.085983255695707,14.448546144393447
Fuc(a1-2)Gal(b1-4)GlcNAc(b1-2)Man(a1-Sp0,3.8506251760807317,8.591436739374075,13.275693873893482
Fuc(a1-2)Gal(b1-3)(6S)GlcNAc(b1-Sp0,2.9822351416345403,6.9099478681101445,73.25546345609091
Fuc(a1-2)(6S)Gal(b1-3)(6S)GlcNAc(b1-Sp0,53.23499554660137,12.909011040225609,31.21196955639242
Neu5Ac(a2-6)GalNAc(b1-4)(6S)GlcNAc(b1-Sp8,4.8154726852615415,15.159061905754585,9.536417058264961
GalNAc(b1-4)[Fuc(a1-3)](6S)GlcNAc(b1-Sp8,5.737361120105655,6.003409197211754,21.23176808815428
(3S)GalNAc(b1-4)[Fuc(a1-3)]GlcNAc(b1-Sp8,7.1929934748452755,6.6733751787107884,10.675798040115463
Fuc(a1-2)Gal(b1-3)GlcNAc(b1-6)[Fuc(a1-2)Gal(b1-3)GlcNAc(b1-3)]GalNAc(a1-Sp14,7.667710963297107,8.170894842263808,8.382158213481384
GalNAc(a1-3)[Fuc(a1-2)]Gal(b1-3)GlcNAc(b1-6)GalNAc(a1-Sp14,12.944929539237876,8.579500056675787,4.013749868472969
GlcNAc(b1-6)[GlcNAc(b1-2)]Man(a1-6)[GlcNAc(b1-4)][GlcNAc(b1-4)[GlcNAc(b1-2)]Man(a1-3)]Man(b1-4)GlcNAc(b1-4)[Fuc(a1-6)]GlcNAc(a1-Sp21,8.35591333507794,4.708887939754628,25.595460665907154
Gal(b1-4)GlcNAc(b1-6)[Gal(b1-4)GlcNAc(b1-2)]Man(a1-6)[GlcNAc(b1-4)]Gal(b1-4)GlcNAc(b1-4)[Gal (b1-4)GlcNAc(b1-2)]Man(a1-3)]Man(b1-4)GlcNAc(b1-4)[Fuc(a1-6)]GlcNAc(a1-Sp21,3.4598550975197373,11.99234637518862,1.7581434782178391
Gal(b1-3)GlcNAc(a1-3)Gal(b1-4)GlcNAc(b1-Sp8 ,4.325947601393247,6.213752040434184,5.6691677084618615
Gal(b1-3)(6S)GlcNAc(b1-Sp8 ,16.155308648449484,7.365234368923137,5.518042385363369
(6S)(4S)GalNAc(b1-4)GlcNAc(a1-Sp8,10.946357006328627,3.00974786471663,9.447855968595908
(6S)GalNAc(b1-4)GlcNAc(a1-Sp8 ,10.83622531465639,3.386619165062226,1.8804870297788985
(3S)GalNAc(b1-4)(3S)GlcNAc(a1-Sp8,5.4101435883594275,6.331171453675296,12.466014063411214
GalNAc(b1-4)(6S)GlcNAc(a1-Sp8 ,23.597252304805888,21.993574696033374,2.0807070352807164
(3S)GalNAc(b1-4)GlcNAc(a1-Sp8 ,7.7387358176793715,6.015585051278608,30.13940930420944
(4S)GalNac(b1-Sp10,18.45152052801701,15.23646065733443,15.355897134407355
Gal(b1-4)(6P)GlcNAc(b1-Sp0 ,4.9031452279803664,9.71807337644658,14.275229799522196
(6P)Gal(b1-4)GlcNAc(b1-SP0 ,7.3851056166561815,7.662983741935438,33.84103815974277
GalNAc(a1-3)[Fuc(a1-2)]Gal(b1-4)GlcNAc(b1-6)GalNAc(a1-Sp14,13.224742656727456,4.97051821334222,4.832080108676458
Neu5Ac(a2-6)Gal(b1-4)GlcNAc(b1-2)Ma(n1-Sp0,9.161532357271533,2.147116459153241,17.727420522362145
Gal(a1-3)Gal(b1-4)GlcNAc(b1-2)Man(a1-Sp0,5.1453357098120165,11.76049264302592,13.983249960458634
Gal(a1-3)[Fuc(a1-2)]Gal(b1-4)GlcNAc(b1-2)Man(a1-Sp0,7.321564368812628,5.455574471431321,14.852197704604757
GalNAc(a1-3)[Fuc(a1-2)]Gal(b1-4) GlcNAc(b1-2)Man(a1-Sp0,4.049581866069632,9.730084618679667,7.653792440570411
 Gal(b1-3)GlcNAc(b1-2)Man(a1-Sp0,19.682384449468177,8.223674826580469,19.991832923805
Gal(a1-3)[Fuc(a1-2)]Gal(b1-3)GlcNAc(b1-6)GalNAc(a1-Sp14,2.920002767550056,4.658295124738952,9.677475195697127
Neu5Ac(a2-3)Gal(b1-3)GlcNAc(b1-2)Man(a1-Sp0,15.014332562893586,7.631075594348849,1.3392692547305682
Gal(a1-3)Gal(b1-3)GlcNAc(b1-2)Man(a1-Sp0,7.925842976985687,19.558406260395227,60.07700442417631
GalNAc(b1-4)GlcNAc(b1-2)Man(a1-Sp0,6.185307591920282,11.524884335319815,3.4467992885912437
Neu5Ac(a2-3)Gal(b1-3)GlcNAc(b1-4)Gal(b1-4)Glc(b1-Sp0,11.768916272785418,218.70673830246412,6.1286729647752205
GlcNAc(b1-2) Man(a1-6)[GlcNAc(b1-4)][GlcNAc(b1-2)Man(a1-3)]Man(b1-4)GlcNAc(b1-4)[Fuc(a1-6)]GlcNAc(a1-Sp21,11.476659094876,279.44402446234056,158.1277455848291
Gal(b1-4)GlcNAc(b1-2)Man(a1-6)[GlcNAc(b1-4)][Gal(b1-4)GlcNAc(b1-2)Man(a1-3)]Man(b1-4)GlcNAc(b1-4)[Fuc(a1-6)]GlcNAc(a1-Sp21,17.72819270679239,46.44523673491185,120.7846432723299
Gal(b1-4)GlcNAc(b1-2)Man(a1-6)[Gal(b1-4)GlcNAc(b1-4)][Gal(b1-4)GlcNAc(b1-2)Man(a1-3)]Man(b1-4)GlcNAc(b1-4)[Fuc(a1-6)]GlcNAc(a1-Sp21,9.804620449011225,29.99930663525531,127.45951919743722
Fuc(a1-4)[Gal(b1-3)]GlcNAc(b1-2)Man(a1-Sp0,17.581992618490826,9.80315553312637,9.759130051520994
Neu5Ac(a2-3)Gal(b1-4)[Fuc(a1-3)]GlcNAc(b1-2)Man(a1-Sp0,5.173260672196982,9.338356727453,4.055346965324493
GlcNAc(b1-3)Gal(b1-4)GlcNAc(b1-6)[GlcNAc(b1-3)]Gal(b1-4)GlcNAc(a1-Sp0,11.21901689691808,13.350808915161906,3.338294793253972
GalNAc(a1-3)[Fuc(a1-2)]Gal(b1-3)GalNAc(b1-3)Gal(a1-4)Gal(b1-4)Glc(a1-Sp21,43.169397613847934,8.185144628736467,7.3712575468843795
Gal(a1-3)[Fuc(a1-2)]Gal(b1-3)GalNAc(b1-3)Gal(a1-4)Gal(b1-4)Glc(a1-Sp21,5.787839608682437,14.105908596843367,51.59257293554961
Gal(b1-3)GalNAc(b1-3)Ga(l1-Sp21,15.731480541126235,29.30863664991373,35.431929789715575
GlcNAc(b1-3)Gal(b1-4)GlcNAc(b1-2)Man(a1-6)[GlcNAc(b1-3)Gal(b1-4)GlcNAc(b1-2)Man(a1-3)]Man(b1-4)GlcNAc(b1-4)GlcNAc(b1-Sp12,10.719824582675457,236.85814462563744,667.3766974495418
GlcNAc(b1-3)Gal(b1-4)GlcNAc(b1-2)Man(a1-6)[GlcNAc(b1-3)Gal(b1-4)GlcNAc(b1-2)Man(a1-3)]Man(b1-4)GlcNAc(b1-4)GlcNAc(b1-Sp25,8.661019128832338,188.76861984517063,627.9676109736811
Gal(b1-4)GlcNAc(b1-3)Gal(b1-4)GlcNAc(b1-2)Man(a1-6)[Gal(b1-4)GlcNAc(b1-3)Gal(b1-4)GlcNAc(b1-2)Man(a1-3)]Man(b1-4)GlcNAc(b1-4)GlcNAc(b1-Sp12,27.24547415541405,18.934187033752792,35.37021288875373
Gal(b1-4)GlcNAc(b1-3)Gal(b1-4)GlcNAc(b1-2)Man(a1-6)[Gal(b1-4)GlcNAc(b1-3)Gal(b1-4)GlcNAc(b1-2)Man(a1-3)]Man(b1-4)GlcNAc(b1-4)GlcNAc(b1-Sp24,14.170737546672447,135.7144966447926,750.3361267550943
Neu5Gc(a2-3)Gal(b1-4)GlcNAc(b1-3)Gal(b1-4)GlcNAc(b1-2)Man(a1-6)[Neu5Gc(a2-3)Gal(b1-4)GlcNAc(b1-3)Gal(b1-4)GlcNAc(b1-2)Man(a1-3)]Man(b1-4)GlcNAc(b1-4)GlcNAc(b1-Sp24,12.157186600251446,157.52874292239224,249.60450983902862
Fuc(a1-2)Gal(b1-4)GlcNAc(b1-3)Gal(b1-4)GlcNAc(b1-2)Man(a1-6)[Fuc(a1-2)Gal(b1-4)GlcNAc(b1-3)Gal(b1-4)GlcNAc(b1-2)Man(a1-3)]Man(b1-4)GlcNAc(b1-4)GlcNAc(b1-Sp24,5.3280578118735535,31.399008080024853,365.21993282206597
GlcNAc(b1-3)Gal(b1-4)GlcNAc(b1-3)Gal(b1-4)GlcNAc(b1-2)Man(a1-6)[GlcNAc(b1-3)Gal(b1-4)GlcNAc(b1-3)Gal(b1-4)GlcNAc(b1-2)Man(a1-3)]Man(b1-4)GlcNAc(b1-4)GlcNAc(b1-Sp12,17.176312413029017,61.006022781006095,15.629099203516901
GlcNAc(b1-3)Gal(b1-4)GlcNAc(b1-3)Gal(b1-4)GlcNAc(b1-2)Man(a1-6)[GlcNAc(b1-3)Gal(b1-4)GlcNAc(b1-3)Gal(b1-4)GlcNAc(b1-2)Man(a1-3)]Man(b1-4)GlcNAc(b1-4)GlcNAc(b1-Sp25,29.48241800919937,481.9087801424146,175.48442697180352
Gal(b1-4)GlcNAc(b1-3)Gal(b1-4)GlcNAc(b1-3)Gal(b1-4)GlcNAc(b1-2)Man(a1-6)[Gal(b1-4)GlcNAc(b1-3)Gal(b1-4)GlcNAc(b1-3)Gal(b1-4)GlcNAc(b1-2)Man(a1-3)]Man(b1-4)GlcNAc(b1-4)GlcNAc(b1-Sp12,15.180052608607898,19.653216245245407,33.811371978772684
Gal(b1-4)GlcNAc(b1-3)Gal(b1-4)GlcNAc(b1-3)Gal(b1-4)GlcNAc(b1-2)Man(a1-6)[Gal(b1-4)GlcNAc(b1-3)Gal(b1-4)GlcNAc(b1-3)Gal(b1-4)GlcNAc(b1-2)Man(a1-3)]Man(b1-4)GlcNAc(b1-4)GlcNAc(b1-Sp24,7.627784587665974,68.19055195059362,654.2263722464617
GlcNAc(b1-3)Gal(b1-4)GlcNAc(b1-3)Gal(b1-4)GlcNAc(b1-3)Gal(b1-4)GlcNAc(b1-2)Man(a1-6)[GlcNAc(b1-3)Gal(b1-4)GlcNAc(b1-3)Gal(b1-4)GlcNAc(b1-3)Gal(b1-4)GlcNAc(b1-2)Man(a1-3)]Man(b1-4)GlcNAc(b1-4)GlcNAc(b1-Sp25,6.195034651503838,51.29930603477185,74.67152404701852
Gal(b1-4)GlcNAc(b1-3)Gal(b1-4)GlcNAc(b1-3)Gal(b1-4)GlcNAc(b1-3)Gal(b1-4)GlcNAc(b1-2)Man(a1-6)[Gal(b1-4)GlcNAc(b1-3)Gal(b1-4)GlcNAc(b1-3)Gal(b1-4)GlcNAc(b1-3)Gal(b1-4)GlcNAc(b1-2)Man(a1-3)]Man(b1-4)GlcNAc(b1-4)GlcNAc(b1-Sp25,10.00140508162058,24.72812959302205,71.78601871127353
Gal(b1-3)GlcNAc(b1-3)Gal(b1-4)GlcNAc(b1-2)Man(a1-6)[Gal(b1-3)GlcNAc(b1-3)Gal(b1-4)GlcNAc(b1-2)Man(a1-3)]Man(b1-4)GlcNAc(b1-4)GlcNAc(a1-Sp25,7.034257006251674,80.71831310273267,306.9372611256657
Neu5Gc(a2-8)Neu5Gc(a2-3)Gal(b1-4)GlcNAc(a1-Sp0,4.637117208909704,5.1108900897168965,2.1892998977983806
Neu5Ac(a2-8)Neu5Gc(a2-3)Gal(b1-4)GlcNAc(a1-Sp0,14.043856764762547,2.483073093802649,2.7560439486094315
Neu5Gc(a2-8)Neu5Ac(a2-3)Gal(b1-4)GlcNAc(a1-Sp0,7.819068457090437,6.702021270420338,8.957439053286016
Neu5Gc(a2-8)Neu5Gc(a2-3)Gal(b1-4)GlcNAc(b1-3)Gal(b1-4)GlcNAc(a1-Sp0,5.202305109195993,6.264322442943581,4.658296839958432
Neu5Gc(a2-8)Neu5Gc(a2-6)Gal(b1-4)GlcNAc(a1-Sp0,6.048295911177517,3.4981245170329767,6.811405967138258
Neu5Ac(a2-8)Neu5Ac(a2-3)Gal(b1-4)GlcNAc(a1-Sp0,4.621230559331576,7.609169736738693,18.480614226715158
GlcNAc(b1-3)Gal(b1-4)GlcNAc(b1-6)[GlcNAc(b1-3)Gal(b1-4)GlcNAc(b1-2)]Man(a1-6)[GlcNAc(b1-3)Gal(b1-4)GlcNAc(b1-2)]Man(a1-3)]Man(b1-4)GlcNAc(b1-4)GlcNAc(a1-Sp24,7.842172177985378,11.96580087173507,150.65309833488274
Gal(b1-4)GlcNAc(b1-3)Gal(b1-4)GlcNAc(b1-6)[Gal(b1-4)GlcNAc(b1-3)Gal(b1-4)GlcNAc(b1-2)]Man(a1-6)[Gal(b1-4)GlcNAc(b1-3)Gal(b1-4)GlcNAc(b1-2)Man(a1-3)]Man(a1-4)GlcNAc(b1-4)GlcNAc(a1-Sp24,7.755342329162519,7.902842817777656,222.87718012873526
Gal(a1-3)Gal(b1-4)GlcNAc(b1-2)Man(a1-6)[Gal(a1-3)Gal(b1-4)GlcNAc(b1-2)Man(a1-3)]Man(b1-4)GlcNAc(b1-4)GlcNAc(a1-Sp24,16.092080030147315,107.13063036378296,740.3476401594858
GlcNAc(b1-3)Gal(b1-4)GlcNAc(b1-6)[GlcNAc(b1-3)Gal(b1-3)]GalNAc(a1-Sp14,12.807714849261757,15.392862598268295,10.0757483485099
GalNAc(b1-3)GlcNAc(b1-Sp0 ,6.793244415042063,3.712060464104357,8.867907009125668
GalNAc(b1-4)GlcNAc(b1-3)GalNAc(b1-4)GlcNAc(b1-Sp0 ,6.3283498325656335,3.1617605236903423,10.095522903577942
GlcNAc(b1-3)Gal(b1-4)GlcNAc(b1-3)Gal(b1-4)GlcNAc(b1-3)Gal(b1-4)GlcNAc(b1-3)Gal(b1-4)GlcNAc(b1-2)Man(a1-6)[GlcNAc(b1-3)Gal(b1-4)GlcNAc(b1-3)Gal(b1-4)GlcNAc(b1-3)Gal(b1-4)GlcNAc(b1-3)Gal(b1-4)GlcNAc(b1-2)Man(a1-3)]Man(b1-4)GlcNAc(b1-4)GlcNAc(b1-Sp25,7.198433978998487,107.08995656439205,45.67675634458411
Gal(b1-4)GlcNAc(b1-3)Gal(b1-4)GlcNAc(b1-3)Gal(b1-4)GlcNAc(b1-3)Gal(b1-4)GlcNAc(b1-3)Gal(b1-4)GlcNAc(b1-2)Man(a1-6)[Gal(b1-4)GlcNAc(b1-3)Gal(b1-4)GlcNAc(b1-3)Gal(b1-4)GlcNAc(b1-3)Gal(b1-4)GlcNAc(b1-3)Gal(b1-4)GlcNAc(b1-2)Man(a1-3)]Man(b1-4)GlcNAc(b1-4)GlcNAc(b1-Sp25,23.495054285388132,33.395481577142554,191.3128625176139
GlcNA(b1-3)Gal(b1-3)GalNAc(a1-Sp14,16.050834207500447,7.6661439687216015,14.87397553208846
Gal(b1-3)GlcNAc(b1-6)[Gal(b1-3)]GalNAc(a1-Sp14,9.923865771798141,14.507156079098804,16.69532177734729
Gal(b1-4)GlcNAc(b1-3)Gal(b1-4)GlcNAc(b1-3)Gal(b1-4)GlcNAc(b1-3)Gal(b1-4)GlcNAc(b1-3)Gal(b1-4)GlcNAc(b1-3)Gal(b1-4)GlcNAc(b1-2)Man(a1-6)[Gal(b1-4)GlcNAc(b1-3)Gal(b1-4)GlcNAc(b1-3)Gal(b1-4)GlcNAc(b1-3)Gal(b1-4)GlcNAc(b1-3)Gal(b1-4)GlcNAc(b1-3)Gal(b1-4)GlcNAc(b1-2)Man(a1-3)]Man(b1-4)GlcNAc(b1-4)GlcNAc(b1-Sp25,14.624672486218865,25.775874226429657,47.93039217497189
(3S)GlcA(b1-3)Gal(b1-4)GlcNAc(b1-3)Gal(b1-4)Glc(a1-Sp0,4.921049443208236,12.019459407283387,60.127013662711285
(3S)GlcA(b1-3)Gal(b1-4)GlcNAc(b1-2)Man(a1-Sp0,1.2300768078999509,20.291124924376835,19.35037858277369
Gal(b1-3)GlcNAc(b1-3)Gal(b1-4)GlcNAc(b1-3)Gal(b1-4)GlcNAc(b1-6)[Gal(b1-3)GlcNAc(b1-3)Gal(b1-4)GlcNAc(b1-3)Gal(b1-4)GlcNA(b1-2)]Man(a1-6)[Gal(b1-3)GlcNAc(b1-3)Gal(b1-4)GlcNAc(b1-3)Gal(b1-4)GlcNAc(b1-2)Man(a1-3)]Man(b1-4)GlcNAc(b1-4)[Fuc(a1-6)]GlcNAc(b1-Sp24,11.117508810580418,9.788705585306381,32.67053832665511
Gal(b1-3)GlcNAc(b1-3)Gal(b1-4)GlcNAc(b1-6)[Gal(b1-3)GlcNAc(b1-3)Gal(b1-4)GlcNA(b1-2)]Man(a1-6)[Gal(b1-3)GlcNAc(b1-3)Gal(b1-4)GlcNAc(b1-2)Man(a1-3)]Man(b1-4)GlcNAc(b1-4)[Fuc(a1-6)]GlcNAc(b1-Sp24,10.491267256270806,30.877140216175427,71.09344670844972
Neu5Ac(a2-8)Neu5Ac(a2-3)Gal(b1-3)GalNAc(b1-4)[Neu5Ac(a2-3)]Gal(b1-4)Glc(a1-Sp21,4.228560511963063,6.515584338274403,5.200742647289284
GlcNAc(b1-3)Gal(b1-4)GlcNAc(b1-2)Man(a1-6)[GlcNAc(b1-3)Gal(b1-4)GlcNAc(b1-2)Man(a1-3)]Man(b1-4)GlcNAc(b1-4)[Fuc(a1-6)]GlcNAc(b1-Sp24,31.637526992007466,442.5880296150737,65.33916464878952
Gal(b1-4)GlcNAc(b1-3)Gal(b1-4)GlcNAc(b1-2)Man(a1-6)[Gal(b1-4)GlcNAc(b1-3)Gal(b1-4)GlcNAc(b1-2)Man(a1-3)]Man(b1-4)GlcNAc(b1-4)[Fuc(a1-6)]GlcNAc(b1-Sp24,17.587070171862067,36.180328304157136,512.644672744662
GlcNAc(b1-3)Gal(b1-4)GlcNAc(b1-3)Gal(b1-4)GlcNAc(b1-2)Man(a1-6)[GlcNAc(b1-3)Gal(b1-4)GlcNAc(b1-3)Gal(b1-4)GlcNAc(b1-2)Man(a1-3)]Man(b1-4)GlcNAc(b1-4)[Fuc(a1-6)]GlcNAc(b1-Sp24,30.67009190926073,19.59222079941864,497.91359565311063
Gal(b1-4)GlcNAc(b1-3)Gal(b1-4)GlcNAc(b1-3)Gal(b1-4)GlcNAc(b1-2)Man(a1-6)[Gal(b1-4)GlcNAc(b1-3)Gal(b1-4)GlcNAc(b1-3)Gal(b1-4)GlcNAc(b1-2)Man(a1-3)]Man(b1-4)GlcNAc(b1-4)[Fuc(a1-6)]GlcNAc(b1-Sp24,4.7838334784981775,88.90622748781887,110.60835102866731
GlcNAc(b1-3)Gal(b1-4)GlcNAc(b1-3)Gal(b1-4)GlcNAc(b1-3)Gal(b1-4)GlcNAc(b1-2)Man(a1-6)[GlcNAc(b1-3)Gal(b1-4)GlcNAc(b1-3)Gal(b1-4)GlcNAc(b1-3)Gal(b1-4)GlcNAc(b1-2)Man(a1-3)]Man(b1-4)GlcNAc(b1-4)[Fuc(a1-6)]GlcNAc(b1-Sp24,10.18406008897402,24.136004075653826,81.11203687776397
Gal(b1-4)GlcNAc(b1-3)Gal(b1-4)GlcNAc(b1-3)Gal(b1-4)GlcNAc(b1-3)Gal(b1-4)GlcNAc(b1-2)Man(a1-6)[Gal(b1-4)GlcNAc(b1-3)Gal(b1-4)GlcNAc(b1-3)Gal(b1-4)GlcNAc(b1-3)Gal(b1-4)GlcNAc(b1-2)Man(a1-3)]Man(b1-4)GlcNAc(b1-4)[Fuc(a1-6)]GlcNAc(b1-Sp24,21.28512603877805,51.426038487067316,57.024817718101986
GlcNAc(b1-3)Gal(b1-4)GlcNAc(b1-3)Gal(b1-4)GlcNAc(b1-3)Gal(b1-4)GlcNAc(b1-3)Gal(b1-4)GlcNAc(b1-2)Man(a1-6)[GlcNAc(b1-3)Gal(b1-4)GlcNAc(b1-3)Gal(b1-4)GlcNAc(b1-3)Gal(b1-4)GlcNAc(b1-3)Gal(b1-4)GlcNAc(b1-2)Man(a1-3)]Man(b1-4)GlcNAc(b1-4)[Fuc(a1-6)]GlcNAc(b1-Sp19,9.097174235259352,51.28763407573864,139.04639821651796
Gal(b1-4)GlcNAc(b1-3)Gal(b1-4)GlcNAc(b1-3)Gal(b1-4)GlcNAc(b1-3)Gal(b1-4)GlcNAc(b1-3)Gal(b1-4)GlcNAc(b1-2)Man(a1-6)[Gal(b1-4)GlcNAc(b1-3)Gal(b1-4)GlcNAc(b1-3)Gal(b1-4)GlcNAc(b1-3)Gal(b1-4)GlcNAc(b1-3)Gal(b1-4)GlcNAc(b1-2)Man(a1-3)]Man(b1-4)GlcNAc(b1-4)[Fuc(a1-6)]GlcNAc(b1-Sp19,13.476778139791675,21.451865378873485,90.05540616144151
Gal(b1-4)GlcNAc(b1-3)Gal(b1-4)GlcNAc(b1-6)[Gal(b1-4)GlcNAc(b1-3)Gal(b1-4)GlcNA(b1-2)]Man(a1-6)[Gal(b1-4)GlcNAc(b1-3)Gal(b1-4)GlcNAc(b1-2)Man(a1-3)]Man(b1-4)GlcNAc(b1-4)[Fuc(a1-6)]GlcNAc(b1-Sp24,11.428785763588381,52.66590250293886,125.64500476943962
GlcNAc(b1-3)Gal(b1-4)GlcNAc(b1-3)Gal(b1-4)GlcNAc(b1-6)[GlcNAc(b1-3)Gal(b1-4)GlcNAc(b1-3)Gal(b1-4)GlcNA(b1-2)]Man(a1-6)[GlcNAc(b1-3)Gal(b1-4)GlcNAc(b1-3)Gal(b1-4)GlcNAc(b1-2)Man(a1-3)]Man(b1-4)GlcNAc(b1-4)[Fuc(a1-6)]GlcNAc(b1-Sp24,24.091523905636066,27.800609270241885,57.85563296948529
Gal(b1-4)GlcNAc(b1-3)Gal(b1-4)GlcNAc(b1-3)Gal(b1-4)GlcNAc(b1-6)[Gal(b1-4)GlcNAc(b1-3)Gal(b1-4)GlcNAc(b1-3)Gal(b1-4)GlcNA(b1-2)]Man(a1-6)[Gal(b1-4)GlcNAc(b1-3)Gal(b1-4)GlcNAc(b1-3)Gal(b1-4)GlcNAc(b1-2)Man(a1-3)]Man(b1-4)GlcNAc(b1-4)[Fuc(a1-6)]GlcNAc(b1-Sp24,18.753780200802183,9.865045851223217,37.0354025955799
GlcNAc(b1-3)Gal(b1-4)GlcNAc(b1-3)Gal(b1-4)GlcNAc(b1-3)Gal(b1-4)GlcNAc(b1-6)[GlcNAc(b1-3)Gal(b1-4)GlcNAc(b1-3)Gal(b1-4)GlcNAc(b1-3)Gal(b1-4)GlcNA(b1-2)]Man(a1-6)[GlcNAc(b1-3)Gal(b1-4)GlcNAc(b1-3)Gal(b1-4)GlcNAc(b1-3)Gal(b1-4)GlcNAc(b1-2)Man(a1-3)]Man(b1-4)GlcNAc(b1-4)[Fuc(a1-6)]GlcNAc(b1-Sp24,19.733630973628077,88.99017896530304,41.80241829355409
Gal(b1-4)GlcNAc(b1-3)Gal(b1-4)GlcNAc(b1-3)Gal(b1-4)GlcNAc(b1-3)Gal(b1-4)GlcNAc(b1-6)[Gal(b1-4)GlcNAc(b1-3)Gal(b1-4)GlcNAc(b1-3)Gal(b1-4)GlcNAc(b1-3)Gal(b1-4)GlcNA(b1-2)]Man(a1-6)[Gal(b1-4)GlcNAc(b1-3)Gal(b1-4)GlcNAc(b1-3)Gal(b1-4)GlcNAc(b1-3)Gal(b1-4)GlcNAc(b1-2)Man(a1-3)]Man(b1-4)GlcNAc(b1-4)[Fuc(a1-6)]GlcNAc(b1-Sp24,22.197821006632623,14.331845850064086,30.996183328742234
GlcNAc(b1-3)Gal(b1-4)GlcNAc(b1-3)Gal(b1-4)GlcNAc(b1-3)Gal(b1-4)GlcNAc(b1-3)Gal(b1-4)GlcNAc(b1-6)[GlcNAc(b1-3)Gal(b1-4)GlcNAc(b1-3)Gal(b1-4)GlcNAc(b1-3)Gal(b1-4)GlcNAc(b1-3)Gal(b1-4)GlcNA(b1-2)]Man(a1-6)[GlcNAc(b1-3)Gal(b1-4)GlcNAc(b1-3)Gal(b1-4)GlcNAc(b1-3)Gal(b1-4)GlcNAc(b1-3)Gal(b1-4)GlcNAc(b1-2)Man(a1-3)]Man(b1-4)GlcNAc(b1-4)[Fuc(a1-6)]GlcNAc(b1-Sp24,7.759912753160736,51.33438980023527,26.05590834046393
Gal(b1-4)GlcNAc(b1-3)Gal(b1-4)GlcNAc(b1-3)Gal(b1-4)GlcNAc(b1-3)Gal(b1-4)GlcNAc(b1-3)Gal(b1-4)GlcNAc(b1-6)[Gal(b1-4)GlcNAc(b1-3)Gal(b1-4)GlcNAc(b1-3)Gal(b1-4)GlcNAc(b1-3)Gal(b1-4)GlcNAc(b1-3)Gal(b1-4)GlcNA(b1-2)]Man(a1-6)[Gal(b1-4)GlcNAc(b1-3)Gal(b1-4)GlcNAc(b1-3)Gal(b1-4)GlcNAc(b1-3)Gal(b1-4)GlcNAc(b1-3)Gal(b1-4)GlcNAc(b1-2)Man(a1-3)]Man(b1-4)GlcNAc(b1-4)[Fuc(a1-6)]GlcNAc(b1-Sp24,19.364256586879343,87.33402172427324,19.51722814754637
Gal(b1-4)GlcNAc(b1-3)Gal(b1-4)GlcNAc(b1-3)GalNAc(a1-Sp14,43.240658130398465,57.39648526477908,76.35358023801716
Gal(b1-4)GlcNAc(b1-3)Gal(b1-4)GlcNAc(b1-6)[Gal(b1-3)]GalNAc(a1-Sp14,33.7344283405322,25.15341440419501,12.330633096479357
Gal(b1-4)GlcNAc(b1-3)Gal(b1-4)GlcNAc(b1-6)[Gal(b1-4)GlcNAc(b1-3)Gal(b1-4)GlcNAc(b1-3)]GalNAc(a1-Sp14,43.68413831032762,43.8583961445144,41.57426913611972
Neu5Ac(a2-3)Gal(b1-4)GlcNAc(b1-3)Gal(b1-4)GlcNAc(b1-3)GalNAc(a1-Sp14,10.187233888671653,19.067383324847352,7.863000438498862
GlcNAc(b1-3)Gal(b1-4)GlcNAc(b1-3)GalNAc(a1-Sp14,8.428400089924137,10.951644691399856,8.147949637127512
GlcNAc(b1-3)Gal(b1-4)GlcNAc(b1-6)[Gal(b1-3)]GalNAc(a1-Sp14,11.247377869530306,7.145900592822441,46.17699180522699
GlcNAc(b1-3)Gal(b1-4)GlcNAc(b1-6)[GlcNAc(b1-3)Gal(b1-4)GlcNAc(b1-3)]GalNAc(a1-Sp14,9.189219893394966,42.254115957738364,6.201776338544732
Neu5Ac(a2-3)Gal(b1-4)GlcNAc(b1-3)Gal(b1-4)GlcNAc(b1-6)[Neu5Ac(a2-3)Gal(b1-4)GlcNAc(b1-3)Gal(b1-4)GlcNAc(b1-3)]GalNAc(a1-Sp14,32.77357988426043,31.75921110464123,13.350955592359908
Neu5Ac(a2-6)Gal(b1-4)GlcNAc(b1-3)Gal(b1-4)GlcNAc(b1-3)GalNAc(a1-Sp14,7.19786626780233,6.5839795723533925,8.258695179980517
GlcNAc(b1-3)Gal(b1-4)GlcNAc(b1-3)Gal(b1-4)GlcNAc(b1-3)GalNAc(a1-Sp14,1.4406401748297044,11.848061546198185,4.9540582666301605
Gal(b1-4)GlcNAc(b1-3)Gal(b1-3)GalNAc(a1-Sp14,5.487855384619748,16.778642028682373,3.5363911306827025
Neu5Ac(a2-3)Gal(b1-4)GlcNAc(b1-3)Gal(b1-4)GlcNAc(b1-6)[Gal(b1-3)]GalNAc(a1-Sp14,28.62663831042397,16.207501819527824,11.280353973612751
Neu5Ac(a2-6)Gal(b1-4)GlcNAc(b1-3)Gal(b1-4)GlcNAc(b1-6)[Gal(b1-3)]GalNAc(a1-Sp14,14.705178302557242,41.48356858270312,27.388338183796392
Neu5Ac(a2-6)Gal(b1-4)GlcNAc(b1-6)[Gal(b1-3)]GalNAc(a1-Sp14,8.701480405272036,14.033848266126506,15.152529583840664
Neu5Ac(a2-3)Gal(b1-4)GlcNAc(b1-3)Gal(b1-4)GlcNAc(b1-2)Man(a1-6)[Neu5Ac(a2-3)Gal(b1-4)GlcNAc(b1-3)Gal(b1-4)GlcNAc(b1-2)Man(a1-3)]Man(b1-4)GlcNAc(b1-4)GlcNAc(b1-Sp12,24.69474276264775,128.13017667498374,74.4176179073447
GlcNAc(b1-6)[Neu5Ac(a2-3)Gal(b1-3)]GalNAc(a1-Sp14,11.11218034545876,7.877680841201506,7.028654977246123
Neu5Ac(a2-6)Gal(b1-4)GlcNAc(b1-3)Gal(b1-4)GlcNAc(b1-6)[Neu5Ac(a2-6)Gal(b1-4)GlcNAc(b1-3)Gal(b1-4)GlcNAc(b1-3)]GalNAc(a1-Sp14,17.318907880695285,17.93419212166145,19.61421944090084
Neu5Ac(a2-6)Gal(b1-4)GlcNAc(b1-3)Gal(b1-4)GlcNAc(b1-3)Gal(b1-4)GlcNAc(b1-2)Man(a1-6)[Neu5Ac(a2-6)Gal(b1-4)GlcNAc(b1-3)Gal(b1-4)GlcNAc(b1-3)Gal(b1-4)GlcNAc(b1-2)Man(a1-3)]Man(b1-4)GlcNAc(b1-4)GlcNAc(b1-Sp12,17.205524168514355,76.46192024659501,40.04378777066727
Neu5Ac(a2-3)Gal(b1-4)GlcNAc(b1-3)Gal(b1-4)GlcNAc(b1-3)Gal(b1-4)GlcNAc(b1-2)Man(a1-6)[Neu5Ac(a2-3)Gal(b1-4)GlcNAc(b1-3)Gal(b1-4)GlcNAc(b1-3)Gal(b1-4)GlcNAc(b1-2)Man(a1-3)]Man(b1-4)GlcNAc(b1-4)GlcNAc(b1-Sp12,28.130307049086518,113.69465791223429,43.18663117195528
Neu5Ac(a2-6)Gal(b1-4)GlcNAc(b1-3)Gal(b1-4)GlcNAc(b1-2)Man(a1-6)[Neu5Ac(a2-6)Gal(b1-4)GlcNAc(b1-3)Gal(b1-4)GlcNAc(b1-2)Man(a1-3)]Man(b1-4)GlcNAc(b1-4)GlcNAc(b1-Sp12,14.675151794672141,157.34929735385964,116.58221941166543
GlcNAc(b1-3)Fuc(a1-Sp21,11.843476501996053,11.783917013455241,4.973910998650863
Gal(b1-3)GalNAc(b1-4)[Neu5Ac(a2-8)Neu5Ac(a2-8)Neu5Ac(a2-3)]Gal(b1-4)Glc(b1-Sp21,15.218394210187464,14.75780034354716,12.207785997844367
