IUPAC,MOA (0.1ug/ml),MOA (1ug/ml),MOA (10ug/ml)
Gal(a1-Sp8,9.318782368,9.718536683,5.960180498
Glc(a1-Sp8,3.73984451,9.368535506,8.035387628
Man(a1-Sp8,5.595792381,8.508377993,12.61055836
GalNAc(a1-Sp8,2.853869937,11.78406358,5.307977925
GalNAc(a1-Sp15,16.3888999,17.19029679,19.18826251
Fuc(a1-Sp8,11.78968294,20.99709817,2.577975372
Fuc(a1-Sp9,11.18549403,11.0581782,8.108181688
Rha(a1-Sp8,19.45838819,11.50361666,9.183910128
Neu5Ac(a1-Sp8,7.913689719,2.201128796,5.911532701
Neu5Ac(a1-Sp11,16.8301563,9.639617117,7.842359934
Neu5Ac(b1-Sp8,15.99279248,8.089785704,4.179930104
Gal(b1-Sp8,4.894419162,8.333709442,9.4751909
Glc(b1-Sp8,3.526677955,4.40502412,6.223724843
Man(b1-Sp8,15.74584827,14.95166504,9.222196364
GalNAc(b1-Sp8,4.910234509,8.618692857,10.15844871
GlcNAc(b1-Sp0,5.001137315,14.05181029,4.324290107
GlcNAc(b1-Sp8,7.252324638,4.537959122,7.234967861
GlcN[Gc](b1-Sp8,2.966987757,14.16214178,13.48475654
Gal(b1-4)GlcNAc(b1-6)[Gal(b1-4)GlcNAc(b1-3)]GalNAc(a1-Sp8,9.825866646,4.493083985,11.24907614
Gal(b1-4)GlcNAc(b1-6)[Gal(b1-4)GlcNAc(b1-3)]GalNAc(a1-Sp14,5.758077168,9.234633211,8.439527089
GlcNAc(b1-6)[GlcNAc(b1-4)][GlcNAc(b1-3)]GlcNAc(a1-Sp8,11.56587023,18.02436662,4.749924139
6S(3S)Gal(b1-4)(6S)GlcNAc(b1-Sp0,2.908562819,7.368808205,6.44063828
6S(3S)Gal(b1-4)GlcNAc(b1-Sp0,13.02221055,4.947345908,7.066419484
(3S)Gal(b1-4)[Fuc(a1-3)](6S)Glc(a1-Sp0,6.139063641,8.036940698,9.617575578
(3S)Gal(b1-4)Glc(b1-Sp8,5.983483639,4.437071544,7.088109299
(3S)Gal(b1-4)(6S)Glc(b1-Sp0,3.843156265,5.087848891,6.129441257
(3S)Gal(b1-4)(6S)Glc(b1-Sp8,9.609211197,8.963122219,3.974170091
(3S)Gal(b1-3)[Fuc(a1-4)]GlcNAc(b1-Sp8,5.601237842,18.44195776,2.920419211
(3S)Gal(b1-3)GalNAc(a1-Sp8,8.687467565,7.116987182,6.083136206
(3S)Gal(b1-3)GlcNAc(b1-Sp0,8.068892665,5.541812752,5.847670324
(3S)Gal(b1-3)GlcNAc(b1-Sp8,9.393535682,9.299883518,7.782782064
(3S)Gal(b1-4)[Fuc(a1-3)]GlcNAc(a1-Sp0 ,29.17909288,8.842488311,11.40360023
(3S)Gal(b1-4)[Fuc(a1-3)]GlcNAc(a1-Sp8,10.93785365,2.129126757,4.938926945
(3S)Gal(b1-4)(6S)GlcNAc(b1-Sp0,7.223807883,8.838699475,5.672587669
(3S)Gal(b1-4)(6S)GlcNAc(b1-Sp8,3.47661393,4.328248534,0.894897105
(3S)Gal(b1-4)GlcNAc(b1-Sp0,4.909579379,9.604263183,3.246322095
(3S)Gal(b1-4)GlcNAc(b1-Sp8,17.81308593,4.435737233,2.70420885
(3S)Gal(b1-Sp8,4.850215556,7.41548624,6.242483762
(6S)(4S)Gal(b1-4)GlcNAc(b1-Sp0,4.540777551,5.612605371,5.704555211
(4S)Gal(b1-4)GlcNAc(b1-Sp8,3.029954403,2.534319058,7.208685788
(6P)Man(a1-Sp8,6.67640616,16.01166741,5.435046643
(6S)Gal(b1-4)Glc(b1-Sp0,4.845996865,5.297521338,6.639639769
(6S)Gal(b1-4)Glc(b1-Sp8,14.31429082,4.565901659,10.63192553
(6S)Gal(b1-4)GlcNAc(b1-Sp8,11.21458104,13.38824945,6.663958041
(6S)Gal(b1-4)(6S)Glc(b1-Sp8,5.713353305,8.167643249,4.021961567
Neu5Ac(a2-3)(6S)Gal(b1-4)GlcNAc(b1-Sp8,8.978084649,5.082659578,5.232690697
(6S)GlcNAc(b1-Sp8,3.910028676,10.10804502,6.775528048
"Neu5,9Ac2(a1-Sp8",10.92631395,9.379581576,6.70558203
"Neu5,9Ac2(a2-6)Gal(b1-4)GlcNAc(b1-Sp8",5.779744467,3.276916969,4.905949205
Man(a1-6)[Man(a1-3)]Man(b1-4)GlcNAc(b1-4)GlcNAc(b1-Sp12,5.979223056,10.81745464,2.741431854
Man(a1-6)[Man(a1-3)]Man(b1-4)GlcNAc(b1-4)GlcNAc(b1-Sp13,4.227507383,9.749224236,5.245747547
GlcNAc(b1-2)Man(a1-6)[GlcNAc(b1-2)Man(a1-3)]Man(b1-4)GlcNAc(b1-4)GlcNAc(b1-Sp12,10.53710774,14.27082833,5.191614763
GlcNAc(b1-2)Man(a1-6)[GlcNAc(b1-2)Man(a1-3)]Man(b1-4)GlcNAc(b1-4)GlcNAc(b1-Sp13,5.819810332,8.041035492,9.892965117
Gal(b1-4)GlcNAc(b1-2)Man(a1-6)[Gal(b1-4)GlcNAc(b1-2)Man(a1-3)]Man(b1-4)GlcNAc(b1-4)GlcNAc(b1-Sp12,2.743272443,15.01799705,5.321728559
Neu5Ac(a2-6)Gal(b1-4)GlcNAc(b1-2)Man(a1-6)[Neu5Ac(a2-6)Gal(b1-4)GlcNAc(b1-2)Man(a1-3)]Man(b1-4)GlcNAc(b1-4)GlcNAc(b1-Sp12,6.084250714,6.845393964,5.990559124
Neu5Ac(a2-6)Gal(b1-4)GlcNAc(b1-2)Man(a1-6)[Neu5Ac(a2-6)Gal(b1-4)GlcNAc(b1-2)Man(a1-3)]Man(b1-4)GlcNAc(b1-4)GlcNAc(b1-Sp13,7.355428347,9.834828363,2.700779355
Neu5Ac(a2-6)Gal(b1-4)GlcNAc(b1-2)Man(a1-6)[Neu5Ac(a2-6)Gal(b1-4)GlcNAc(b1-2)M(an-a)(a1-3)]Man(b1-4)GlcNAc(b1-4)GlcNAc(b1-Sp21,2.072310327,17.47119615,23.25640823
Neu5Ac(a2-6)Gal(b1-4)GlcNAc(b1-2)Man(a1-6)[Neu5Ac(a2-6)Gal(b1-4)GlcNAc(b1-2)Man(a1-3)]Man(b1-4)GlcNAc(b1-4)GlcNAc(b1-Sp24,2.883842156,9.839851751,4.133277698
Fuc(a1-2)Gal(b1-3)GalNAc(b1-3)Gal(a1-Sp9,19.17475563,5.113890201,7.887894703
Fuc(a1-2)Gal(b1-3)GalNAc(b1-3)Gal(a1-4)Gal(b1-4)Glc(b1-Sp9,9.933852911,6.053605414,1.248917643
Fuc(a1-2)Gal(b1-3)[Fuc(a1-4)]GlcNAc(b1-Sp8,6.204517552,11.44055453,5.235289953
Fuc(a1-2)Gal(b1-3)GalNAc(a1-Sp8,3.332630095,21.48189281,8.951942633
Fuc(a1-2)Gal(b1-3)GalNAc(a1-Sp14,9.800753773,7.744952717,8.786860812
Fuc(a1-2)Gal(b1-3)GalNAc(b1-4)[Neu5Ac(a2-3)]Gal(b1-4)Glc(b1-Sp0,3.003605315,11.99791629,4.95680474
Fuc(a1-2)Gal(b1-3)GalNAc(b1-4)[Neu5Ac(a2-3)]Gal(b1-4)Glc(b1-Sp9,1.780593674,4.995964338,3.40412957
Fuc(a1-2)Gal(b1-3)GlcNAc(b1-3)Gal(b1-4)Glc(b1-Sp8,7.179396179,9.46151107,3.984422421
Fuc(a1-2)Gal(b1-3)GlcNAc(b1-3)Gal(b1-4)Glc(b1-Sp10,13.09450427,4.159150045,15.79652224
Fuc(a1-2)Gal(b1-3)GlcNAc(b1-Sp0,5.215736249,12.20408833,5.880805797
Fuc(a1-2)Gal(b1-3)GlcNAc(b1-Sp8,7.74765922,20.80451729,4.819738322
Fuc(a1-2)Gal(b1-4)[Fuc(a1-3)]GlcNAc(b1-3)Gal(b1-4)[Fuc(a1-3)]GlcNAc(b1-Sp0,8.02206989,15.21570096,3.444601217
Fuc(a1-2)Gal(b1-4)[Fuc(a1-3)]GlcNAc(b1-3)Gal(b1-4)[Fuc(a1-3)]GlcNAc(b1-3)Gal(b1-4)[Fuc(a1-3)]GlcNAc(b1-Sp0,3.51352356,7.474548557,3.845461546
Fuc(a1-2)Gal(b1-4)[Fuc(a1-3)]GlcNAc(b1-Sp0,5.719720143,14.67912698,1.51323451
Fuc(a1-2)Gal(b1-4)[Fuc(a1-3)]GlcNAc(b1-Sp8,10.80065632,5.304676244,2.625040912
Fuc(a1-2)Gal(b1-4)GlcNAc(b1-3)Gal(b1-4)GlcNAc(b1-Sp0,2.836673494,5.016800427,16.28829267
Fuc(a1-2)Gal(b1-4)GlcNAc(b1-3)Gal(b1-4)GlcNAc(b1-3)Gal(b1-4)GlcNAc(b1-Sp0,4.670162333,6.344221134,7.799236565
Fuc(a1-2)Gal(b1-4)GlcNAc(b1-Sp0,4.619969338,6.936364053,4.968552466
Fuc(a1-2)Gal(b1-4)GlcNAc(b1-Sp8,4.69505692,9.529117997,3.176497381
Fuc(a1-2)Gal(b1-4)Glc(b1-Sp0,3.689785141,9.177690188,3.957338242
Fuc(a1-2)Gal(b1-Sp8,5.539600801,16.07715391,4.03552178
Fuc(a1-3)GlcNAc(b1-Sp8,7.282644321,15.93911136,1.104468604
Fuc(a1-4)GlcNAc(b1-Sp8,10.52031165,6.723214765,33.43098184
Fuc(b1-3)GlcNAc(b1-Sp8,4.179775028,11.98390231,4.869812876
GalNAc(a1-3)[Fuc(a1-2)]Gal(b1-3)GlcNAc(b1-Sp0,9.879721792,15.56545001,9.476289324
GalNAc(a1-3)[Fuc(a1-2)]Gal(b1-4)[Fuc(a1-3)]GlcNAc(b1-Sp0,19.56096615,18.17905425,7.954844077
(3S)Gal(b1-4)[Fuc(a1-3)]Glc(b1-Sp0,7.059085773,13.21651188,6.601216517
GalNAc(a1-3)[Fuc(a1-2)]Gal(b1-4)GlcNAc(b1-Sp0,8.509885952,16.18750497,2.796421521
GalNAc(a1-3)[Fuc(a1-2)]Gal(b1-4)GlcNAc(b1-Sp8,8.020162429,3.941205124,14.14823714
GalNAc(a1-3)[Fuc(a1-2)]Gal(b1-4)Glc(b1-Sp0,4.061581413,6.542641029,4.212052676
GlcNAc(b1-3)Gal(b1-3)GalNAc(a1-Sp8,5.601471033,7.144445222,8.138444767
GalNAc(a1-3)[Fuc(a1-2)]Gal(b1-Sp8,7.320862964,2.38621566,10.88176696
GalNAc(a1-3)[Fuc(a1-2)]Gal(b1-Sp18,4.471827431,12.26900087,6.568722311
GalNAc(a1-3)GalNAc(b1-Sp8,3.225779041,3.307831419,4.982396057
GalNAc(a1-3)Gal(b1-Sp8,4.40560986,6.170375763,18.10520994
GalNAc(a1-4)[Fuc(a1-2)]Gal(b1-4)GlcNAc(b1-Sp8,9.324836987,8.156827371,4.774042479
GalNAc(b1-3)GalNAc(a1-Sp8,6.890688109,2.091996362,9.990280702
GalNAc(b1-3)[Fuc(a1-2)]Gal(b1-Sp8,7.046720836,7.554660731,9.874890154
GalNAc(b1-3)Gal(a1-4)Gal(b1-4)GlcNAc(b1-Sp0,13.45482153,10.24136479,6.365944632
GalNAc(b1-4)[Fuc(a1-3)]GlcNAc(b1-Sp0,11.26807741,15.49401828,15.52481035
GalNAc(b1-4)GlcNAc(b1-Sp0,12.10935062,16.93898631,15.00473458
GalNAc(b1-4)GlcNAc(b1-Sp8,13.2942533,21.50555108,8.985438016
Gal(a1-2)Gal(b1-Sp8,3.220234067,3.379091466,11.77743982
Gal(a1-3)[Fuc(a1-2)]Gal(b1-3)GlcNAc(b1-Sp0,109.5871109,283.6763051,1161.874004
Gal(a1-3)[Fuc(a1-2)]Gal(b1-3)GlcNAc(b1-Sp8,44.33299667,107.7724438,463.9339022
Gal(a1-3)[Fuc(a1-2)]Gal(b1-4)[Fuc(a1-3)]GlcNAc(b1-Sp0,14.72662212,16.63979114,16.55394217
Gal(a1-3)[Fuc(a1-2)]Gal(b1-4)[Fuc(a1-3)]GlcNAc(b1-Sp8,5.2102159,11.27962591,24.83179223
Gal(a1-3)[Fuc(a1-2)]Gal(b1-4)GlcNAc(a1-Sp0,134.2181429,1601.907698,1352.278073
Gal(a1-3)[Fuc(a1-2)]Gal(b1-4)Glc(b1-Sp0,115.0844357,502.2588865,5481.611069
Gal(a1-3)[Fuc(a1-2)]Gal(b1-Sp8,148.1811519,1996.138039,4952.68086
Gal(a1-3)[Fuc(a1-2)]Gal(b1-Sp18,285.0219752,432.4233884,1147.475693
Gal(a1-4)[Gal(a1-3)]Gal(b1-4)GlcNAc(b1-Sp8,13.82789662,16.09251979,8.714693137
Gal(a1-3)GalNAc(a1-Sp8,19.17624582,228.2921492,472.772125
Gal(a1-3)GalNAc(a1-Sp16,4.470534338,29.83149648,13.58575202
Gal(a1-3)GalNAc(b1-Sp8,29.92847024,682.2776851,1655.659682
Gal(a1-3)Gal(b1-4)[Fuc(a1-3)]GlcNAc(b1-Sp8,14.32298733,7.181746098,16.14805046
Gal(a1-3)Gal(b1-3)GlcNAc(b1-Sp0,25.14286111,100.5766434,1487.069598
Gal(a1-3)Gal(b1-4)GlcNAc(b1-Sp8,114.2936729,129.9856005,1618.129702
Gal(a1-3)Gal(b1-4)Glc(b1-Sp0,11.065391,743.7921864,9077.734458
Gal(a1-3)Gal(b1-4)Glc(a1-Sp10,30.08348493,15.11494281,7522.752565
Gal(a1-3)Gal(b1-Sp8,32.9263263,259.2923808,17144.06814
Gal(a1-4)[Fuc(a1-2)]Gal(b1-4)GlcNAc(b1-Sp8,10.87199514,7.32674237,14.5366443
Gal(a1-4)Gal(b1-4)GlcNAc(b1-Sp0,6.390151631,5.999343253,5.21673088
Gal(a1-4)Gal(b1-4)GlcNAc(b1-Sp8,20.1284529,9.75557206,38.87582829
Gal(a1-4)Gal(b1-4)Glc(b1-Sp0,15.95567755,45.93257185,12.87621235
Gal(a1-4)GlcNAc(b1-Sp8,6.353669679,3.937924948,7.669763856
Gal(a1-6)Glc(b1-Sp8,4.840485831,8.307770317,7.337942495
Gal(b1-2)Gal(b1-Sp8,8.229051879,7.450246695,6.503744874
Gal(b1-3)[Fuc(a1-4)]GlcNAc(b1-3)Gal(b1-4)[Fuc(a1-3)]GlcNAc(b1-Sp0,5.319922761,4.356572463,9.501648921
Gal(b1-3)[Fuc(a1-4)]GlcNAc(b1-3)Gal(b1-4)GlcNAc(b1-Sp0,3.861968966,4.622290017,6.710789972
Gal(b1-3)[Fuc(a1-4)]GlcNAc(a1-Sp0,1.90449327,17.37815669,17.60062117
Gal(b1-3)[Fuc(a1-4)]GlcNAc(a1-Sp8 ,5.635712134,2.925530922,8.969875916
Fuc(a1-4)[Gal(b1-3)]GlcNAc(b1-Sp8,6.275136468,6.739247893,6.456912266
Gal(b1-4)GlcNAc(b1-6)GalNAc(a1-Sp8,6.456746028,7.258958423,8.631920273
Gal(b1-4)GlcNAc(b1-6)GalNAc(a1-Sp14,18.77256766,17.08689947,20.50628099
GlcNAc(b1-6)[Gal(b1-3)]GalNAc(a1-Sp8,7.47050545,12.21547426,25.97676979
GlcNAc(b1-6)[Gal(b1-3)]GalNAc(a1-Sp14,4.345975523,10.0002783,4.129611674
Neu5Ac(a2-6)[Gal(b1-3)]GalNAc(a1-Sp8,3.771619626,2.722785614,6.181710984
Neu5Ac(a2-6)[Gal(b1-3)]GalNAc(a1-Sp14,8.096268392,12.02110059,6.22382133
Neu5Ac(b2-6)[Gal(b1-3)]GalNAc(a1-Sp8,9.553788256,5.639581648,5.084090865
Neu5Ac(a2-6)[Gal(b1-3)]GlcNAc(b1-4)Gal(b1-4)Glc(b1-Sp10,6.522165621,3.714265958,5.262742089
Gal(b1-3)GalNAc(a1-Sp8,2.227454838,3.038290592,9.019744125
Gal(b1-3)GalNAc(a1-Sp14,4.833123301,8.507480698,2.370013859
Gal(b1-3)GalNAc(a1-Sp16,4.862922017,15.9367666,6.401474734
Gal(b1-3)GalNAc(b1-Sp8,3.351437641,5.581766844,6.891509674
Gal(b1-3)GalNAc(b1-3)Gal(a1-4)Gal(b1-4)Glc(b1-Sp0,12.38548103,23.21927314,18.02094611
Gal(b1-3)GalNAc(b1-4)[Neu5Ac(a2-3)]Gal(b1-4)Glc(b1-Sp0,5.860490939,14.23974047,5.58783421
Gal(b1-3)GalNAc(b1-4)Gal(b1-4)Glc(b1-Sp8,5.83054424,32.34627063,4.963255387
Gal(b1-3)Gal(b1-Sp8,3.053475877,8.062209796,4.777842931
Gal(b1-3)GlcNAc(b1-3)Gal(b1-4)GlcNAc(b1-Sp0,3.334696019,18.44908861,9.25760063
Gal(b1-3)GlcNAc(b1-3)Gal(b1-4)Glc(b1-Sp10,6.4883545,4.101030268,9.015926547
Gal(b1-3)GlcNAc(b1-Sp0,7.425460594,4.21246382,4.85050347
Gal(b1-3)GlcNAc(b1-Sp8,5.788885268,19.2517104,12.27822265
Gal(b1-4)[Fuc(a1-3)]GlcNAc(b1-Sp0,10.66957928,9.38680209,4.436695751
Gal(b1-4)[Fuc(a1-3)]GlcNAc(b1-Sp8,9.141007268,6.855782229,3.155932227
Gal(b1-4)[Fuc(a1-3)]GlcNAc(b1-4)Gal(b1-4)[Fuc(a1-3)]GlcNAc(b1-Sp0,4.868454997,4.161522455,4.389528411
Gal(b1-4)[Fuc(a1-3)]GlcNAc(b1-4)Gal(b1-4)[Fuc(a1-3)]GlcNAc(b1-4)Gal(b1-4)[Fuc(a1-3)]GlcNAc(b1-Sp0,6.495555365,6.045038742,6.388988066
Gal(b1-4)(6S)Glc(b1-Sp0,8.112065804,3.26722258,7.742234609
Gal(b1-4)(6S)Glc(b1-Sp8,30.81478744,8.047904535,11.92549228
Gal(b1-4)GalNAc(a1-3)[Fuc(a1-2)]Gal(b1-4)GlcNAc(b1-Sp8,5.443740369,3.294705904,6.872995042
Gal(b1-4)GalNAc(b1-3)[Fuc(a1-2)]Gal(b1-4)GlcNAc(b1-Sp8,3.077955304,15.23526074,5.389256485
Gal(b1-4)GlcNAc(b1-3)GalNAc(a1-Sp8,1.864398254,16.84596946,4.518306688
Gal(b1-4)GlcNAc(b1-3)GalNAc(a1-Sp14,13.20234907,9.864087483,3.657082332
Gal(b1-4)GlcNAc(b1-3)Gal(b1-4)[Fuc(a1-3)]GlcNAc(b1-3)Gal(b1-4)[Fuc(a1-3)]GlcNAc(b1-Sp0,10.30103568,4.864144937,7.241542637
Gal(b1-4)GlcNAc(b1-3)Gal(b1-4)GlcNAc(b1-3)Gal(b1-4)GlcNAc(b1-Sp0,2.798762616,7.234788697,8.017118842
Gal(b1-4)GlcNAc(b1-3)Gal(b1-4)GlcNAc(b1-Sp0,2.358444286,15.6495441,9.497870849
Gal(b1-4)GlcNAc(b1-3)Gal(b1-4)Glc(b1-Sp0,4.118695147,9.827759489,5.614462154
Gal(b1-4)GlcNAc(b1-3)Gal(b1-4)Glc(b1-Sp8,7.540823797,6.806412083,10.21495651
Gal(b1-4)GlcNAc(b1-6)[Gal(b1-3)]GalNAc(a1-Sp8,7.384904453,12.74205534,6.246691186
Gal(b1-4)GlcNAc(b1-6)[Gal(b1-3)]GalNAc(a1-Sp14,1.152343407,3.974604587,6.585153558
Gal(b1-4)GlcNAc(b1-Sp0,5.190217316,16.58851888,7.668732458
Gal(b1-4)GlcNAc(b1-Sp8,3.125951464,6.203534272,7.845974117
Gal(b1-4)GlcNAc(b1-Sp23,5.510510753,13.0859577,5.923517697
Gal(b1-4)Glc(b1-Sp0,8.042495017,8.239136594,3.539962832
Gal(b1-4)Glc(b1-Sp8,5.469309422,13.95193059,3.886653568
GlcNAc(a1-3)Gal(b1-4)GlcNAc(b1-Sp8,12.33826165,6.50927001,9.387327265
GlcNAc(a1-6)Gal(b1-4)GlcNAc(b1-Sp8,4.335363513,11.45228519,2.996289566
GlcNAc(b1-2)Gal(b1-3)GalNAc(a1-Sp8,4.828799322,7.398851324,7.180634687
GlcNAc(b1-6)[GlcNAc(b1-3)]GalNAc(a1-Sp8,11.07777547,12.263385,11.24886297
GlcNAc(b1-6)[GlcNAc(b1-3)]GalNAc(a1-Sp14,6.29038898,5.514511238,7.199079106
GlcNAc(b1-6)[GlcNAc(b1-3)]Gal(b1-4)GlcNAc(b1-Sp8,24.37266399,5.065808746,9.094211131
GlcNAc(b1-3)GalNAc(a1-Sp8,11.66661403,3.526442247,5.111115889
GlcNAc(b1-3)GalNAc(a1-Sp14,4.378103742,10.72684272,4.462962035
GlcNAc(b1-3)Gal(b1-Sp8,5.890708153,1.892987379,2.319071977
GlcNAc(b1-3)Gal(b1-4)GlcNAc(b1-Sp0,8.372081083,4.841835236,8.309557072
GlcNAc(b1-3)Gal(b1-4)GlcNAc(b1-Sp8,11.27459034,2.888455099,1.527796946
GlcNAc(b1-3)Gal(b1-4)GlcNAc(b1-3)Gal(b1-4)GlcNAc(b1-Sp0,10.81386471,7.487694106,15.4328282
GlcNAc(b1-3)Gal(b1-4)Glc(b1-Sp0,5.385860979,6.323755526,6.407063429
GlcNAc(b1-4)(a1-MDPLys,16.05737707,7.145749921,4.491365413
GlcNAc(b1-6)[GlcNAc(b1-4)]GalNAc(a1-Sp8,5.63406961,2.760637682,5.847109938
GlcNAc(b1-4)Gal(b1-4)GlcNAc(b1-Sp8,18.81498999,5.99684211,1.036639511
GlcNAc(b1-4)GlcNAc(b1-4)GlcNAc(b1-4)GlcNAc(b1-4)GlcNAc(b1-4)GlcNAc(b1-Sp8,19.54628439,31.39228451,8.046657539
GlcNAc(b1-4)GlcNAc(b1-4)GlcNAc(b1-4)GlcNAc(b1-4)GlcNAc(b1-Sp8,3.715298478,1.596343781,9.250666862
GlcNAc(b1-4)GlcNAc(b1-4)GlcNAc(b1-Sp8,9.763757634,8.936629202,11.28707844
GlcNAc(b1-6)GalNAc(a1-Sp8,5.145086812,2.85347577,4.325894392
GlcNAc(b1-6)GalNAc(a1-Sp14,6.973814865,14.12505926,2.320097536
GlcNAc(b1-6)Gal(b1-4)GlcNAc(b1-Sp8,6.937465988,10.845362,2.349206705
Glc(a1-4)Glc(b1-Sp8,12.92350832,9.84969729,9.658954781
Glc(a1-4)Glc(a1-Sp8,5.630384825,8.145338451,9.961039443
Glc(a1-6)Glc(a1-6)Glc(b1-Sp8,2.634946493,11.82312914,5.875080509
Glc(b1-4)Glc(b1-Sp8,3.90432761,7.712514493,6.567738298
Glc(b1-6)Glc(b1-Sp8,4.964445739,6.678634809,8.530052558
G-ol(a1-Sp8,10.98796595,3.259434979,5.778544907
GlcA(a1-Sp8,14.08315158,4.745189631,8.344464997
GlcA(b1-Sp8,12.19993537,13.03330308,15.8204696
GlcA(b1-3)Gal(b1-Sp8,10.51870235,4.911659543,4.160231271
GlcA(b1-6)Gal(b1-Sp8,9.507976288,4.770885945,8.134874464
KDN(a2-3)Gal(b1-3)GlcNAc(b1-Sp0,6.640139794,6.798103043,1.591705918
KDN(a2-3)Gal(b1-4)GlcNAc(b1-Sp0,6.490129207,9.746356477,6.405185157
Man(a1-2)Man(a1-2)Man(a1-3)Man(a1-Sp9,8.502950514,11.01988197,9.345359074
Man(a1-2)Man(a1-6)[Man(a1-2)Man(a1-3)]Man(a1-Sp9,3.220096117,11.1764737,7.134195664
Man(a1-2)Man(a1-3)Man(a1-Sp9,5.611954262,2.868387678,7.160268646
Man(a1-6)[Man(a1-2)Man(a1-3)]Man(a1-6)[Man(a1-2)Man(a1-3)]Man(b1-4)GlcNAc(b1-4)GlcNAc(b1-Sp12,9.390571937,12.42788565,6.58518603
Man(a1-2)Man(a1-6)[Man(a1-3)]Man(a1-6)[Man(a1-2)Man(a1-2)Man(a1-3)]Man(b1-4)GlcNAc(b1-4)GlcNAc(b1-Sp12,1.90500848,0.918746898,6.340289281
Man(a1-2)Man(a1-6)[Man(a1-2)Man(a1-3)]Man(a1-6)[Man(a1-2)Man(a1-2)Man(a1-3)]Man(b1-4)GlcNAc(b1-4)GlcNAc(b1-Sp12,34.53315592,24.98505285,25.87814383
Man(a1-6)[Man(a1-3)]Man(a1-Sp9,9.064739437,17.73137696,5.498648529
Man(a1-2)Man(a1-2)Man(a1-6)[Man(a1-3)]Man(a1-Sp9,17.20645551,21.0927446,15.46002819
Man(a1-6)[Man(a1-3)]Man(a1-6)[Man(a1-2)Man(a1-3)]Man(b1-4)GlcNAc(b1-4)GlcNAc(b1-Sp12,26.94424269,32.25745935,11.55174217
Man(a1-6)[Man(a1-3)]Man(a1-6)[Man(a1-3)]Man(b1-4)GlcNAc(b1-4)GlcNAc(b1-Sp12,5.271295342,12.21042808,1.768446008
Man(b1-4)GlcNAc(b1-Sp0,14.94566951,16.75990919,10.73785572
Neu5Ac(a2-3)Gal(b1-4)GlcNAc(b1-3)Gal(b1-4)[Fuc(a1-3)]GlcNAc(b1-Sp0,5.705386875,9.734086629,4.685650928
(3S)Gal(b1-4)[Fuc(a1-3)](6S)GlcNAc(b1-Sp8,2.479369446,7.321146022,6.716803345
Fuc(a1-2)(6S)Gal(b1-4)GlcNAc(b1-Sp0,8.83506012,9.581018721,4.074055642
Fuc(a1-2)Gal(b1-4)(6S)GlcNAc(b1-Sp8,5.888421833,12.27901445,3.396832374
Fuc(a1-2)(6S)Gal(b1-4)(6S)Glc(b1-Sp0,14.66834582,12.88180791,9.270372241
Neu5Ac(a2-3)Gal(b1-3)GalNAc(a1-Sp8,5.920445901,8.133360857,5.663210556
Neu5Ac(a2-3)Gal(b1-3)GalNAc(a1-Sp14,3.831983481,10.54679286,7.585067634
GalNAc(b1-4)[Neu5Ac(a2-8)Neu5Ac(a2-8)Neu5Ac(a2-8)Neu5Ac(a2-3)]Gal(b1-4)Glc(b1-Sp0,10.06615997,9.039797064,20.54028184
GalNAc(b1-4)[Neu5Ac(a2-8)Neu5Ac(a2-8)Neu5Ac(a2-3)]Gal(b1-4)Glc(b1-Sp0,7.109841284,7.664853939,19.09747564
Neu5Ac(a2-8)Neu5Ac(a2-8)Neu5Ac(a2-3)Gal(b1-4)Glc(b1-Sp0,9.364159059,15.71523665,8.549110918
GalNAc(b1-4)[Neu5Ac(a2-8)Neu5Ac(a2-3)]Gal(b1-4)Glc(b1-Sp0,6.577374512,16.1937369,14.52175732
Neu5Ac(a2-8)Neu5Ac(a2-8)Neu5Ac(a1-Sp8,7.606313538,5.672959274,3.13384125
Neu5Ac(a2-3)(6S)Gal(b1-4)[Fuc(a1-3)]GlcNAc(b1-Sp8,2.779035664,2.584451102,3.07171744
GalNAc(b1-4)[Neu5Ac(a2-3)]Gal(b1-4)GlcNAc(b1-Sp0,6.491362426,8.129849157,10.38886726
GalNAc(b1-4)[Neu5Ac(a2-3)]Gal(b1-4)GlcNAc(b1-Sp8,7.092044254,7.738998465,3.676698534
GalNAc(b1-4)[Neu5Ac(a2-3)]Gal(b1-4)Glc(b1-Sp0,3.168242526,2.364109152,0.979430506
Neu5Ac(a2-3)Gal(b1-3)GalNAc(b1-4)[Neu5Ac(a2-3)]Gal(b1-4)Glc(b1-Sp0,9.61307861,7.157350421,3.056219309
Neu5Ac(a2-6)[Neu5Ac(a2-3)]GalNAc(a1-Sp8,14.51552037,10.23495988,6.814507193
Neu5Ac(a2-3)GalNAc(a1-Sp8,18.02142831,6.510951813,3.763336727
Neu5Ac(a2-3)GalNAc(b1-4)GlcNAc(b1-Sp0,4.538947152,6.616198825,2.520561545
Neu5Ac(a2-3)Gal(b1-3)(6S)GlcNAc(a1-Sp8,7.398060681,9.257385213,23.68550896
Neu5Ac(a2-3)Gal(b1-3)[ Fuc(a1-4)]GlcNAc(b1-Sp8,8.886146244,16.24856811,5.932029578
Neu5Ac(a2-3)Gal(b1-3)[Fuc(a1-4)]GlcNAc(b1-3)Gal(b1-4)[Fuc(a1-3)]GlcNAc(b1-Sp0,6.993137405,10.22159093,6.221319999
Neu5Ac(a2-3)Gal(b1-4)[Neu5Ac(a2-3)Gal(b1-3)]GlcNAc(b1-Sp8,2.184969954,3.996382728,3.627843057
Neu5Ac(a2-3)Gal(b1-3)(6S)GalNAc(a1-Sp8,4.15371991,10.02704588,0.474923524
Neu5Ac(a2-6)[Neu5Ac(a2-3)Gal(b1-3)]GalNAc(a1-Sp8,4.005914126,4.378805155,2.376429377
Neu5Ac(a2-6)[Neu5Ac(a2-3)Gal(b1-3)]GalNAc(a1-Sp14,9.122098527,8.274398684,9.741126342
Neu5Ac(a2-3)Gal(b1-Sp8,6.393838673,12.95568774,5.722395383
Neu5Ac(a2-3)Gal(b1-3)GalNAc(b1-3)Gal(a1-4)Gal(b1-4)Glc(b1-Sp0,16.36931885,14.02686927,9.152247929
Neu5Ac(a2-3)Gal(b1-3)GlcNAc(b1-3)Gal(b1-4)GlcNAc(b1-Sp0,7.381091518,7.033795471,6.513815383
Fuc(a1-2)(6S)Gal(b1-4)Glc(b1-Sp0,1.933641339,8.340442144,2.168275168
Neu5Ac(a2-3)Gal(b1-3)GlcNAc(b1-Sp0,7.525280942,25.95493872,5.824021154
Neu5Ac(a2-3)Gal(b1-3)GlcNAc(b1-Sp8,7.010130219,3.847074113,6.332833296
Neu5Ac(a2-3)Gal(b1-4)(6S)GlcNAc(b1-Sp8,7.73918149,5.093880844,5.727263625
Neu5Ac(a2-3)Gal(b1-4)[Fuc(a1-3)](6S)GlcNAc(b1-Sp8,1.67088266,18.28169084,11.066605
Neu5Ac(a2-3)Gal(b1-4)[Fuc(a1-3)]GlcNAc(b1-3)Gal(b1-4)[Fuc(a1-3)]GlcNAc(b1-3)Gal(b1-4)[Fuc(a1-3)]GlcNAc(b1-Sp0,10.02984561,5.879041881,3.464536426
Neu5Ac(a2-3)Gal(b1-4)[Fuc(a1-3)]GlcNAc(b1-Sp0,3.127000027,7.245891187,3.735157688
Neu5Ac(a2-3)Gal(b1-4)[Fuc(a1-3)]GlcNAc(b1-Sp8,8.782369607,3.383248623,5.0897317
Neu5Ac(a2-3)Gal(b1-4)[Fuc(a1-3)]GlcNAc(b1-3)Gal(b1-Sp8,6.86706948,5.712860261,3.399379876
Neu5Ac(a2-3)Gal(b1-4)[Fuc(a1-3)]GlcNAc(b1-3)Gal(b1-4)GlcNAc(b1-Sp8,4.759066819,11.19796279,3.002554099
Neu5Ac(a2-3)Gal(b1-4)GlcNAc(b1-3)Gal(b1-4)GlcNAc(b1-3)Gal(b1-4)GlcNAc(b1-Sp0,9.572255907,7.449782642,7.88570305
Neu5Ac(a2-3)Gal(b1-4)GlcNAc(b1-Sp0,4.928742634,16.44150958,11.7197368
Neu5Ac(a2-3)Gal(b1-4)GlcNAc(b1-Sp8,10.42262221,13.41686554,3.612410932
Neu5Ac(a2-3)Gal(b1-4)GlcNAc(b1-3)Gal(b1-4)GlcNAc(b1-Sp0,12.86236429,18.76008329,10.05545539
Fuc(a1-2)Gal(b1-4)(6S)Glc(b1-Sp0,5.869139713,8.453943451,3.700560784
Neu5Ac(a2-3)Gal(b1-4)Glc(b1-Sp0,12.62577654,9.804602512,5.605184834
Neu5Ac(a2-3)Gal(b1-4)Glc(b1-Sp8,6.291235935,10.28068333,2.589093271
Neu5Ac(a2-6)GalNAc(a1-Sp8,4.4948721,16.85244951,6.982709416
Neu5Ac(a2-6)GalNAc(b1-4)GlcNAc(b1-Sp0,15.21971162,2.676504528,3.938973454
Neu5Ac(a2-6)Gal(b1-4)(6S)GlcNAc(b1-Sp8,4.626096566,3.59965649,3.498301016
Neu5Ac(a2-6)Gal(b1-4)GlcNAc(b1-Sp0,18.6309704,14.55632446,12.98355473
Neu5Ac(a2-6)Gal(b1-4)GlcNAc(b1-Sp8,12.90743415,11.78352389,8.083728711
Neu5Ac(a2-6)Gal(b1-4)GlcNAc(b1-3)Gal(b1-4)[Fuc(a1-3)]GlcNAc(b1-3)Gal(b1-4)[Fuc(a1-3)]GlcNAc(b1-Sp0,3.777328161,8.335452824,5.634591825
Neu5Ac(a2-6)Gal(b1-4)GlcNAc(b1-3)Gal(b1-4)GlcNAc(b1-Sp0,8.966751547,8.641118555,3.885892842
Neu5Ac(a2-6)Gal(b1-4)Glc(b1-Sp0,10.66088358,9.991950832,6.281711666
Neu5Ac(a2-6)Gal(b1-4)Glc(b1-Sp8,5.909320474,5.153392344,5.79975784
Neu5Ac(a2-6)Gal(b1-Sp8,5.005341279,6.232668153,6.908336022
Neu5Ac(a2-8)Neu5Ac(a1-Sp8,13.77174041,22.22637922,5.644690226
Neu5Ac(a2-8)Neu5Ac(a2-3)Gal(b1-4)Glc(b1-Sp0,2.565895035,8.544181188,7.044023828
Gal(b1-3)[Fuc(a1-4)]GlcNAc(b1-3)Gal(b1-3)[Fuc(a1-4)]GlcNAc(b1-Sp0,4.289546203,12.7988467,5.95383745
Neu5Ac(b2-6)GalNAc(a1-Sp8,8.552349941,4.90242088,6.337594929
Neu5Ac(b2-6)Gal(b1-4)GlcNAc(b1-Sp8,11.70088437,9.579646075,2.625337191
Neu5Gc(a2-3)Gal(b1-3)[Fuc(a1-4)]GlcNAc(b1-Sp0,7.9967727,11.71931574,7.962294173
Neu5Gc(a2-3)Gal(b1-3)GlcNAc(b1-Sp0,6.792905028,5.685218601,4.046323431
Neu5Gc(a2-3)Gal(b1-4)[Fuc(a1-3)]GlcNAc(b1-Sp0,13.12218063,2.807234867,13.48739368
Neu5Gc(a2-3)Gal(b1-4)GlcNAc(b1-Sp0,8.767255872,7.027853126,7.559686931
Neu5Gc(a2-3)Gal(b1-4)Glc(b1-Sp0,11.17032434,4.785325192,5.378748178
Neu5Gc(a2-6)GalNAc(a1-Sp0,4.846958385,6.856633296,6.112153855
Neu5Gc(a2-6)Gal(b1-4)GlcNAc(b1-Sp0,13.62023782,6.716676465,3.691242148
Neu5Gc(a1-Sp8,0.940620286,2.410476001,14.21783065
Neu5Ac(a2-3)Gal(b1-4)GlcNAc(b1-6)[Gal(b1-3)]GalNAc(a1-Sp14,7.102097503,3.152709075,5.076493264
Gal(b1-3)GlcNAc(b1-3)Gal(b1-3)GlcNAc(b1-Sp0,1.779307512,10.10390682,2.106956505
Gal(b1-4)[Fuc(a1-3)](6S)GlcNAc(b1-Sp0 ,4.337609368,8.264598296,11.32567707
Gal(b1-4)[Fuc(a1-3)](6S)Glc(b1-Sp0,4.329859973,17.68302927,14.99046509
Gal(b1-4)[Fuc(a1-3)]GlcNAc(b1-3)Gal(b1-3)[Fuc(a1-4)]GlcNAc(b1-Sp0,6.193824814,17.56655865,6.448062223
Gal(b1-4)GlcNAc(b1-3)Gal(b1-3)GlcNAc(b1-Sp0,6.35653264,8.892736099,3.116835881
Neu5Ac(a2-3)Gal(b1-3)GlcNAc(b1-3)Gal(b1-3)GlcNAc(b1-Sp0,4.179241185,14.02156495,8.378605421
Neu5Ac(a2-3)Gal(b1-4)GlcNAc(b1-3)Gal(b1-3)GlcNAc(b1-Sp0,4.353026047,4.528734367,11.8151363
4S(3S)Gal(b1-4)GlcNAc(b1-Sp0,7.104725085,3.184213431,7.317493925
(6S)Gal(b1-4)(6S)GlcNAc(b1-Sp0,4.819263822,9.457388156,1.972419173
(6P)Glc(b1-Sp10,9.58443045,9.839230843,6.377726484
Neu5Ac(a2-3)Gal(b1-4)[Fuc(a1-3)]GlcNAc(b1-6)[Gal(b1-3)]GalNAc(a1-Sp14,6.891412185,5.140394271,3.323434441
Gal(b1-3)Gal(b1-4)GlcNAc(b1-Sp8,9.497032688,37.80002137,221.8432003
Neu5Ac(a2-6)Gal(b1-4)GlcNAc(b1-2)Man(a1-6)[Gal(b1-4)GlcNAc(b1-2)Man(a1-3)]Man(b1-4)GlcNAc(b1-4)GlcNAc(b1-Sp12,7.067909702,7.713413471,5.856858386
Gal(b1-4)GlcNAc(b1-6)[Gal(b1-4)GlcNAc(b1-3)]Gal(b1-4)GlcNAc(a1-Sp0,16.65667628,25.23051887,15.91755341
GlcNAc(b1-6)[Gal(b1-4)GlcNAc(b1-3)]Gal(b1-4)GlcNAc(a1-Sp0,2.504139953,9.063625872,4.796066208
Gal(b1-4)GlcNAc(a1-6)Gal(b1-4)GlcNAc(b1-Sp0,4.135037675,15.47661036,0.869468148
Gal(b1-4)GlcNAc(b1-6)Gal(b1-4)GlcNAc(b1-Sp0,8.263828284,13.85898689,5.581463199
GalNAc(b1-3)Gal(b1-Sp8,6.481382587,4.572144979,6.289668242
GlcA(b1-3)GlcNAc(b1-Sp8,7.892466164,3.055534991,13.18316882
Neu5Ac(a2-6)Gal(b1-4)GlcNAc(b1-2)Man(a1-6)[GlcNAc(b1-2)Man(a1-3)]Man(b1-4)GlcNAc(b1-4)GlcNAc(b1-Sp12,5.78279619,17.27868734,2.393191775
GlcNAc(b1-3)Ma(n1-Sp10,4.946558479,8.399066939,3.000059551
GlcNAc(b1-4)GlcNAc(b1-Sp10,4.387107975,5.879466147,12.37045395
GlcNAc(b1-4)GlcNAc(b1-Sp12,2.917666247,4.482382148,4.405805516
MurNAc(b1-4)GlcNAc(b1-Sp10,12.19037474,6.616163726,6.43807645
Man(a1-6)Man(b1-Sp10,17.41327201,9.308050273,8.693513216
Man(a1-6)[Man(a1-3)]Man(a1-6)[Man(a1-3)]Man(b1-Sp10,15.21713699,12.76310612,4.86675759
Man(a1-2)Man(a1-6)[Man(a1-3)]Man(a1-6)[Man(a1-2)Man(a1-2)Man(a1-3)]Man(a1-Sp9,1.823454241,1.287927449,6.827173711
Man(a1-2)Man(a1-6)[Man(a1-2)Man(a1-3)]Man(a1-6)[Man(a1-2)Man(a1-2)Man(a1-3)]Man(a1-Sp9,8.0953352,4.632761532,15.24367141
Neu5Ac(a2-3)Gal(b1-4)GlcNAc(b1-6)[Neu5Ac(a2-3)Gal(b1-3)]GalNAc(a1-Sp14,6.546968467,4.600664715,5.033865168
Neu5Ac(a2-6)Gal(b1-4)GlcNAc(b1-2)Man(a1-6)[Neu5Ac(a2-3)Gal(b1-4)GlcNAc(b1-2)Man(a1-3)]Man(b1-4)GlcNAc(b1-4)GlcNAc(b1-Sp12,6.038703934,8.539269278,22.73517245
Gal(b1-4)GlcNAc(b1-2)Man(a1-6)[Neu5Ac(a2-6)Gal(b1-4)GlcNAc(b1-2)Man(a1-3)]Man(b1-4)GlcNAc(b1-4)GlcNAc(b1-Sp12,24.2093262,3.907151276,28.10390528
GlcNAc(b1-2)Man(a1-6)[Neu5Ac(a2-6)Gal(b1-4)GlcNAc(b1-2)Man(a1-3)]Man(b1-4)GlcNAc(b1-4)GlcNAc(b1-Sp12,9.516141856,6.375698341,5.262944118
Neu5Ac(a2-8)Neu5Ac(b1-Sp17,12.13423536,16.70266548,3.496320606
Neu5Ac(a2-8)Neu5Ac(a2-8)Neu5Ac(b1-Sp8,6.65099938,8.227047864,4.064003756
Neu5Gc(b2-6)Gal(b1-4)GlcNAc(a1-Sp8,12.78688089,9.747731892,16.7122302
Gal(b1-3)GlcNAc(b1-2)Man(a1-6)[Gal(b1-3)GlcNAc(b1-2)Man(a1-3)]Man(b1-4)GlcNAc(b1-4)GlcNAc(b1-Sp19,11.54339658,9.42873035,11.71751337
Neu5Ac(a2-3)Gal(b1-4)GlcNAc(b1-2)Man(a1-6)[Neu5Ac(a2-3)Gal(b1-4)GlcNAc(b1-2)Man(a1-3)]Man(b1-4)GlcNAc(b1-4)GlcNAc(b1-Sp12,5.726305142,21.81154798,2.341287275
Neu5Ac(a2-3)Gal(b1-4)GlcNAc(b1-2)Man(a1-6)[Neu5Ac(a2-6)Gal(b1-4)GlcNAc(b1-2)Man(a1-3)]Man(b1-4)GlcNAc(b1-4)GlcNAc(b1-Sp12,9.233389592,18.34924559,8.53720959
Gal(b1-4)[Fuc(a1-3)]GlcNAc(b1-2)Man(a1-6)[Gal(b1-4)[Fuc(a1-3)]GlcNAc(b1-2)Man(a1-3)]Man(b1-4)GlcNAc(b1-4)GlcNAc(b1-Sp20,4.774009717,14.18779347,5.268741659
"Neu5,9Ac2(a2-3)Gal(b1-4)GlcNAc(b1-Sp0",7.443104523,8.186154576,4.717749481
"Neu5,9Ac2(a2-3)Gal(b1-4)GlcNAc(b1-Sp0",7.213521137,10.56637986,3.58117683
Neu5Ac(a2-6)Gal(b1-4)GlcNAc(b1-3)Gal(b1-3)GlcNAc(b1-Sp0,12.94261968,25.72029347,9.545597391
Neu5Ac(a2-3)Gal(b1-3)[Fuc(a1-4)]GlcNAc(b1-3)Gal(b1-3)[Fuc(a1-4)]GlcNAc(b1-Sp0,9.222186919,15.29109468,6.598713779
Neu5Ac(a2-6)Gal(b1-4)GlcNAc(b1-3)Gal(b1-4)GlcNAc(b1-3)Gal(b1-4)GlcNAc(b1-Sp0,0.91799142,5.343830006,5.594715407
Gal(a1-4)Gal(b1-4)GlcNAc(b1-3)Gal(b1-4)Glc(b1-Sp0,12.71907743,18.81429619,5.08888231
GalNAc(b1-3)Gal(a1-4)Gal(b1-4)GlcNAc(b1-3)Gal(b1-4)Glc(b1-Sp0,3.839541433,2.539212209,6.752458136
GalNAc(a1-3)[Fuc(a1-2)]Gal(b1-4)GlcNAc(b1-3)Gal(b1-4)GlcNAc(b1-Sp0,1.475235604,7.52335113,3.80261861
GalNAc(a1-3)[Fuc(a1-2)]Gal(b1-4)GlcNAc(b1-3)Gal(b1-4)GlcNAc(b1-3)Gal(b1-4)GlcNAc(b1-Sp0,11.23445039,18.16542828,8.593389178
Neu5Ac(a2-3)Gal(b1-4)[Fuc(a1-3)]GlcNAc(b1-6)[Neu5Ac(a2-3)Gal(b1-3)]GalNAc(a1-Sp14,10.88100236,18.05889387,6.016488106
GlcNAc(a1-4)Gal(b1-4)GlcNAc(b1-3)Gal(b1-4)GlcNAc(b1-3)Gal(b1-4)GlcNAc(b1-Sp0,4.973919038,13.31921097,8.641183401
GlcNAc(a1-4)Gal(b1-4)GlcNAc(b1-Sp0,11.73594113,7.897996755,8.52972705
GlcNAc(a1-4)Gal(b1-3)GlcNAc(b1-Sp0,21.84038051,4.743470735,4.509467136
GlcNAc(a1-4)Gal(b1-4)GlcNAc(b1-3)Gal(b1-4)Glc(b1-Sp0,4.71071886,13.36930474,7.851167213
GlcNAc(a1-4)Gal(b1-4)GlcNAc(b1-3)Gal(b1-4)[Fuc(a1-3)]GlcNAc(b1-3)Gal(b1-4)[Fuc(a1-3)]GlcNAc(b1-Sp0,10.8069394,7.4666581,12.35658442
GlcNAc(a1-4)Gal(b1-4)GlcNAc(b1-3)Gal(b1-4)GlcNAc(b1-Sp0,7.237839184,8.686534042,8.631847284
GlcNAc(a1-4)Gal(b1-3)GalNAc(a1-Sp14,6.0838922,7.757583177,17.23055686
Neu5Ac(a2-6)Gal(b1-4)GlcNAc(b1-2)Man(a1-6)[Man(a1-3)]Man(b1-4)GlcNAc(b1-4)GlcNAc(a1-Sp12,5.751767183,3.178852387,11.89387504
Man(a1-6)[Neu5Ac(a2-6)Gal(b1-4)GlcNAc(b1-2)Man(a1-3)]Man(b1-4)GlcNAc(b1-4)GlcNAc(a1-Sp12,7.55841221,8.818973885,5.556105617
Neu5Ac(a2-6)Gal(b1-4)GlcNAc(b1-2)Man(a1-6)Man(b1-4)GlcNAc(b1-4)GlcNAc(a1-Sp12,4.686234082,12.15242422,3.030204726
Neu5Ac(a2-6)Gal(b1-4)GlcNAc(b1-2)Man(a1-3)Man(b1-4)GlcNAc(b1-4)GlcNAc(a1-Sp12,12.28896373,13.05079006,5.641222335
Gal(b1-4)GlcNAc(b1-2)Man(a1-3)Man(b1-4)GlcNAc(b1-4)GlcNAc(a1-Sp12,2.479578414,4.868172951,11.86791378
Gal(b1-4)GlcNAc(b1-2)Man(a1-6)Man(b1-4)GlcNAc(b1-4)GlcNAc(a1-Sp12,6.2286598,8.968982119,4.621208876
Man(a1-6)[Gal(b1-4)GlcNAc(b1-2)Man(a1-3)]Man(b1-4)GlcNAc(b1-4)GlcNAc(b1-Sp12,8.340765215,17.54708291,13.84121896
GlcNAc(b1-2)Man(a1-6)[GlcNAc(b1-2)Man(a1-3)]Man(b1-4)GlcNAc(b1-4)[Fuc(a1-6)]GlcNAc(b1-Sp22,9.302878527,11.1967953,9.883360836
Gal(b1-4)GlcNAc(b1-2)Man(a1-6)[Gal(b1-4)GlcNAc(b1-2)Man(a1-3)]Man(b1-4)GlcNAc(b1-4)[Fuc(a1-6)]GlcNAc(b1-Sp22,10.23667692,14.64052649,3.275650279
Gal(b1-3)GlcNAc(b1-2)Man(a1-6)[Gal(b1-3)GlcNAc(b1-2)Man(a1-3)]Man(b1-4)GlcNAc(b1-4)[Fuc(a1-6)]GlcNAc(b1-Sp22,4.602117557,8.024512525,5.146151731
(6S)GlcNAc(b1-3)Gal(b1-4)GlcNAc(b1-Sp0,7.793964743,3.345990192,3.377113399
KDN(a2-3)Gal(b1-4)[Fuc(a1-3)]GlcNAc(a1-Sp0,7.999420846,4.241070411,4.96008194
KDN(a2-6)Gal(b1-4)GlcNAc(a1-Sp0,2.421096372,4.544485118,10.67525409
KDN(a2-3)Gal(b1-4)Glc(a1-Sp0,3.791846733,7.694133438,3.387302891
KDN(a2-3)Gal(b1-3)GalNAc(a1-Sp14,17.90565437,16.02188787,11.98833564
Fuc(a1-2)Gal(b1-3)GlcNAc(b1-2)Man(a1-6)[Fuc(a1-2)Gal(b1-3)GlcNAc(b1-2)Man(a1-3)]Man(b1-4)GlcNAc(b1-4)GlcNAc(b1-Sp20,7.162913256,13.99814519,7.421044823
Fuc(a1-2)Gal(b1-4)GlcNAc(b1-2)Man(a1-6)[Fuc(a1-2)Gal(b1-4)GlcNAc(b1-2)Man(a1-3)]Man(b1-4)GlcNAc(b1-4)GlcNAc(b1-Sp20,5.249153848,12.72747748,52.75260395
Fuc(a1-2)Gal(b1-4)[Fuc(a1-3)]GlcNAc(b1-2)Man(a1-6)[Fuc(a1-2)Gal(b1-4)[Fuc(a1-3)]GlcNAc(b1-2)Man(a1-3)]Man(b1-4)GlcNAc(b1-4)GlcNA(b1-Sp20,10.04719528,2.822995524,4.678492823
Gal(a1-3)Gal(b1-4)GlcNAc(b1-2)Man(a1-6)[Gal(a1-3)Gal(b1-4)GlcNAc(b1-2)Man(a1-3)]Man(b1-4)GlcNAc(b1-4)GlcNAc(b1-Sp20,85.96286636,154.555207,1816.034915
Gal(b1-4)GlcNAc(b1-2)Man(a1-6)[Man(a1-3)]Man(b1-4)GlcNAc(b1-4)GlcNAc(b1-Sp12,16.37800994,15.21853256,2.212375091
Fuc(a1-4)[Gal(b1-3)]GlcNAc(b1-2)Man(a1-6)[Fuc(a1-4)[Gal(b1-3)]GlcNAc(b1-2)Man(a1-3)]Man(b1-4)GlcNAc(b1-4)[Fuc(a1-6)]GlcNAc(b1-Sp22,10.23837385,4.359829613,25.75686338
Neu5Ac(a2-6)GlcNAc(b1-4)GlcNAc(a1-Sp21,7.261762758,5.290902961,10.88183392
Neu5Ac(a2-6)GlcNAc(b1-4)GlcNAc(b1-4)GlcNAc(a1-Sp21,8.129322352,9.522376465,3.321546062
Gal(b1-4)[Fuc(a1-3)]GlcNAc(b1-6)[Fuc(a1-2)Gal(b1-4)GlcNAc(b1-3)]Gal(b1-4)Glc(a1-Sp21,6.7728945,5.101953314,2.265105328
Gal(b1-4)GlcNAc(b1-2)Man(a1-6)[Gal(b1-4)GlcNAc(b1-4)[Gal(b1-4)GlcNAc(b1-2)]Man(a1-3)]Man(b1-4)GlcNAc(b1-4)GlcNAc(a1-Sp21,8.621950024,3.631840864,16.69477717
GalNAc(a1-3)[Fuc(a1-2)]Gal(b1-4)GlcNAc(b1-2)Man(a1-6)[GalNAc(a1-3)[Fuc(a1-2)]Gal(b1-4)GlcNAc(b1-2)Man(a1-3)]Man(b1-4)GlcNAc(b1-4)GlcNAc(b1-Sp20,13.50687819,9.333898333,6.511484007
Gal(a1-3)[Fuc(a1-2)]Gal(b1-4)GlcNAc(b1-2)Man(a1-6)[Gal(a1-3)[Fuc(a1-2)]Gal(b1-4)GlcNAc(b1-2)Man(a1-3)]Man(b1-4)GlcNAc(b1-4)GlcNAc(b1-Sp20,231.5995194,1279.760371,1089.870148
Gal(a1-3)Gal(b1-4)[Fuc(a1-3)]GlcNAc(b1-2)Man(a1-6)[Gal(a1-3)Gal(b1-4)[Fuc(a1-3)]GlcNAc(b1-2)Man(a1-3)]Man(b1-4)GlcNAc(b1-4)GlcNAc(b1-Sp20,10.51476943,14.18522932,33.02564321
GalNAc(a1-3)[Fuc(a1-2)]Gal(b1-3)GlcNAc(b1-2)Man(a1-6)[GalNAc(a1-3)[Fuc(a1-2)]Gal(b1-3)GlcNAc(b1-2)Man(a1-3)]Man(b1-4)GlcNAc(b1-4)GlcNAc(b1-Sp20,7.933231954,5.202476658,11.5312188
Gal(a1-3)[Fuc(a1-2)]Gal(b1-3)GlcNAc(b1-2)Man(a1-6)[Gal(a1-3)[Fuc(a1-2)]Gal(b1-3)GlcNAc(b1-2)Man(a1-3)]Man(b1-4)GlcNAc(b1-4)GlcNAc(b1-Sp20,74.085809,490.8451363,378.2313376
Fuc(a1-4)[Fuc(a1-2)Gal(b1-3)]GlcNAc(b1-2)Man(a1-3)[Fuc(a1-4)[Fuc(a1-2)Gal(b1-3)]GlcNAc(b1-2)Man(a1-3)]Man(b1-4)GlcNAc(b1-4)GlcNAc(b1-Sp19,5.750177712,10.6331968,11.88045368
Neu5Ac(a2-3)Gal(b1-4)GlcNAc(b1-3)GalNAc(a1-Sp14,7.128088326,6.450779701,4.904796281
Neu5Ac(a2-6)Gal(b1-4)GlcNAc(b1-3)GalNAc(a1-Sp14,7.417554494,20.12794854,5.360496654
Neu5Ac(a2-3)Gal(b1-4)[Fuc(a1-3)]GlcNAc(b1-3)GalNAc(a1-Sp14,7.904995545,8.807106615,2.357707425
GalNAc(b1-4)GlcNAc(b1-2)Man(a1-6)[GalNAc(b1-4)GlcNAc(b1-2)Man(a1-3)]Man(b1-4)GlcNAc(b1-4)GlcNAc(a1-Sp12,3.920875562,2.406551068,4.387165794
Gal(b1-3)GalNAc(a1-3)[Fuc(a1-2)]Gal(b1-4)Glc(a1-Sp0,11.0589849,13.2778388,1.15843723
Gal(b1-3)GalNAc(a1-3)[Fuc(a1-2)]Gal(b1-4)GlcNAc(a1-Sp0,8.468611355,25.08335948,3.899135295
Gal(b1-3)GlcNac(b1-3)Gal(b1-4)GlcNac(b1-6)[Gal(b1-3)GlcNac(b1-3)]Gal(b1-4)Glc(b1-Sp0,19.44060025,7.736269259,4.668922366
Gal(b1-4)[Fuc(a1-3)]GlcNAc(b1-6)[Gal(b1-3)GlcNAc(b1-3)]Gal(b1-4)Glc(a1-Sp21,8.617236564,9.5456158,10.45578948
Gal(b1-4)GlcNAc(b1-6)[Fuc(a1-4)[Fuc(a1-2)Gal(b1-3)]GlcNAc(b1-3)]Gal(b1-4)Glc(a1-Sp21,6.9989137,3.812829524,11.55576534
Gal(b1-4)[Fuc(a1-3)]GlcNAc(b1-6)[Fuc(a1-4)[Fuc(a1-2)Gal(b1-3)]GlcNAc(b1-3)]Gal(b1-4)Glc(a1-Sp21,16.1758293,5.83891848,4.017735938
Gal(b1-3)GlcNAc(b1-3)Gal(b1-4)[Fuc(a1-3)]GlcNAc(b1-6)[Gal(b1-3)GlcNAc(b1-3)]Gal(b1-4)Glc(a1-Sp21,7.453964931,20.81531422,23.01021681
Gal(b1-4)GlcNac(b1-6)[Gal(b1-4)GlcNac(b1-2)]Man(a1-6)[Gal(b1-4)GlcNac(b1-4)[Gal(b1-4)GlcNac(b1-2)]Man(a1-3)]Man(b1-4)GlcNac(b1-4)GlcNac(b1-Sp21,3.88042751,7.397604996,3.750242695
GlcNac(b1-2)Man(a1-6)[GlcNac(b1-4)[GlcNac(b1-2)]Man(a1-3)]Man(b1-4)GlcNac(b1-4)GlcNac(a1-Sp21,7.574911347,6.231408806,20.70106649
Fuc(a1-2)Gal(b1-3)GalNAc(a1-3)[Fuc(a1-2)]Gal(b1-4)Glc(b1-Sp0,11.46391743,7.690278103,5.235038561
Fuc(a1-2)Gal(b1-3)GalNAc(a1-3)[Fuc(a1-2)]Gal(b1-4)GlcNAc(b1-Sp0,5.17202232,3.226601279,4.151845869
Gal(b1-3)GlcNAc(b1-3)GalNAc(a1-Sp14,4.435062846,9.612478594,6.136945036
GalNAc(b1-4)[Neu5Ac(a2-3)]Gal(b1-4)GlcNAc(b1-3)GalNAc(a1-Sp14,36.26571574,19.7842081,7.787371756
GalNAc(a1-3)[Fuc(a1-2)]Gal(b1-3)GalNAc(a1-3)[Fuc(a1-2)]Gal(b1-4)GlcNAc(b1-Sp0,10.17003907,7.123238786,19.12879739
Gal(a1-3)Gal(b1-3)GlcNAc(b1-2)Man(a1-6)[Gal(a1-3)Gal(b1-3)GlcNAc(b1-2)Man(a1-3)]Man(b1-4)GlcNAc(b1-4)GlcNAc(a1-Sp19,3.887658689,17.71125598,1138.614054
Gal(a1-3)Gal(b1-3)[Fuc(a1-4)]GlcNAc(b1-2)Man(a1-6)[Gal(a1-3)Gal(b1-3)[Fuc(a1-4)]GlcNAc(b1-2)Man(a1-3)]Man(b1-4)GlcNAc(b1-4)GlcNAc(a1-Sp19,7.02410342,12.46712355,48.14851747
Neu5Ac(a2-3)Gal(b1-3)GlcNAc(b1-2)Man(a1-6)[Neu5Ac(a2-3)Gal(b1-3)GlcNAc(b1-2)Man(a1-3)]Man(b1-4)GlcNAc(b1-4)GlcNAc(a1-Sp19,6.889383682,11.88909984,10.98852862
GlcNAc(b1-2)Man(a1-6)[Gal(b1-4)GlcNAc(b1-2)Man(a1-3)]Man(b1-4)GlcNAc(b1-4)GlcNAc(a1-Sp12,1.956156158,0.451997268,6.597284199
Gal(b1-4)GlcNAc(b1-2)Man(a1-6)[GlcNAc(b1-2)Man(a1-3)]Man(b1-4)GlcNAc(b1-4)GlcNAc(a1-Sp12,8.954109238,7.789759396,5.566861507
Neu5Ac(a2-3)Gal(b1-3)GlcNAc(b1-3)GalNAc(a1-Sp14,11.08854409,15.38015039,1.910658498
Fuc(a1-2)Gal(b1-4)GlcNac(b1-3)GalNac(a1-Sp14,10.71932116,5.583796338,7.708907964
Gal(b1-4)[Fuc(a1-3)]GlcNac(b1-3)GalNac(a1-Sp14,10.05786088,25.96379872,2.0950628
GalNac(a1-3)GalNac(b1-3)Gal(a1-4)Gal(b1-4)GlcNac(b1-Sp0,7.089786072,9.853271968,8.937536927
Gal(a1-4)Gal(b1-3)GlcNac(b1-2)Man(a1-6)[Gal(a1-4)Gal(b1-3)GlcNac(b1-2)Man(a1-3)]Man(b1-4)GlcNac(b1-4)GlcNac(b1-Sp19,7.294315255,3.863339754,4.587442147
Gal(a1-4)Gal(b1-4)GlcNac(b1-2)Man(a1-6)[Gal(a1-4)Gal(b1-4)GlcNac(b1-2)Man(a1-3)]Man(b1-4)GlcNac(b1-4)GlcNac(b1-Sp24,4.658423844,7.733421975,3.350853782
Gal(a1-3)Gal(b1-4)GlcNac(b1-3)GalNac(a1-Sp14,14.80873284,320.901487,3787.172264
Gal(b1-3)GlcNAc(b1-6)Gal(b1-4)GlcNAc(b1-Sp0,3.808692331,12.4406546,4.411534963
Gal(b1-3)GlcNAc(a1-6)Gal(b1-4)GlcNAc(b1-Sp0,8.406444472,12.55826662,4.383919535
GalNAc(b1-3)Gal(a1-6)Gal(b1-4)Glc(b1-Sp8,43.20179751,6.260922869,10.78128038
Gal(a1-3)[Fuc(a1-2)]Gal(b1-4)[Fuc(a1-3)]Glc(b1-Sp21,3.368027882,26.88801011,286.6526267
Gal(b1-4)GlcNAc(b1-6)[Neu5Ac(a2-6)Gal(b1-3)GlcNAc(b1-3)]Gal(b1-4)Glc(a1-Sp21,4.239637493,12.50878601,3.552865526
Gal(b1-3)GalNAc(b1-4)[Neu5Ac(a2-8)Neu5Ac(a2-3)]Gal(b1-4)Glc(b1-Sp0,2.993323319,1.771118507,2.644427229
Neu5Ac(a2-3)Gal(b1-3)GalNAc(b1-4)[Neu5Ac(a2-8)Neu5Ac(a2-3)]Gal(b1-4)Glc(b1-Sp0,5.905622835,9.125122326,2.293461963
Gal(a1-3)[Fuc(a1-2)]Gal(b1-4)GlcNAc(b1-3)GalNAc(a1-Sp14,45.07402351,359.0433985,2561.178559
GalNAc(a1-3)[Fuc(a1-2)]Gal(b1-4)GlcNAc(b1-3)GalNAc(a1-Sp14,1.9102922,7.209386104,9.021282092
GalNAc(a1-3)GalNAc(b1-3)Gal(a1-4)Gal(b1-4)Glc(b1-Sp0,5.425450578,6.693057023,10.47544719
Fuc(a1-2)Gal(b1-4)[Fuc(a1-3)]GlcNAc(b1-3)GalNAc(a1-Sp14,8.476857829,9.256156584,6.798895426
Gal(a1-3)[Fuc(a1-2)]Gal(b1-4)[Fuc(a1-3)]GlcNAc(b1-3)GalNAc(a1-Sp14,5.134398604,11.56350042,2.047588509
GalNAc(a1-3)[Fuc(a1-2)]Gal(b1-4)[Fuc(a1-3)]GlcNAc(b1-3)GalNAc(a1-Sp14,6.477358069,16.95742126,7.574317023
Gal(b1-4)[Fuc(a1-3)]GlcNAc(b1-2)Man(a1-6)[Gal(b1-4)[Fuc(a1-3)]GlcNAc(b1-2)Man(a1-3)]Man(b1-4)GlcNAc(b1-4)[Fuc(a1-6)]GlcNAc(b1-Sp22,5.627470543,9.812553348,4.571514494
Fuc(a1-2)Gal(b1-4)GlcNAc(b1-2)Man(a1-6)[Fuc(a1-2)Gal(b1-4)GlcNAc(b1-2)Man(a1-3)]Man(b1-4)GlcNAc(b1-4)[Fuc(a1-6)]GlcNAc(b1-Sp22,4.152108598,11.54690734,4.590190847
GlcNAc(b1-2)[GlcNAc(b1-6)]Man(a1-6)[GlcNAc(b1-2)Man(a1-3)]Man(b1-4)GlcNAc(b1-4)GlcNAc(b1-Sp19,4.088657177,8.012634514,5.341911343
Fuc(a1-2)Gal(b1-3)GlcNAc(b1-3)GalNAc(a1-Sp14,10.35101026,19.55579641,4.44360864
Gal(a1-3)[Fuc(a1-2)]Gal(b1-3)GlcNAc(b1-3)GalNAc(a1-Sp14,46.0476622,31.01337675,3235.096735
GalNAc(a1-3)[Fuc(a1-2)]Gal(b1-3)GlcNAc(b1-3)GalNAc(a1-Sp14,7.894038918,18.6089269,6.485183723
Gal(a1-3)Gal(b1-3)GlcNAc(b1-3)GalNAc(a1-Sp14,32.60135139,100.3748209,1338.510326
Fuc(a1-2)Gal(b1-3)GlcNAc(b1-2)Man(a1-6)[Fuc(a1-2)Gal(b1-3)GlcNAc(b1-2)Man(a1-3)]Man(b1-4)GlcNAc(b1-4)[Fuc(a1-6)]GlcNAc(b1-Sp22,5.44694401,10.63104552,5.509440289
Gal(a1-3)[Fuc(a1-2)]Gal(b1-4)GlcNAc(b1-2)Man(a1-6)[Gal(a1-3)[Fuc(a1-2)]Gal(b1-4)GlcNAc(b1-2)Man(a1-3)]Man(b1-4)GlcNAc(b1-4)[Fuc(a1-6)]GlcNAc(b1-Sp22,85.99361781,308.5294089,669.2089576
Gal(b1-3)GlcNAc(b1-6)[Gal(b1-3)GlcNAc(b1-2)]Man(a1-6)[Gal(b1-3)GlcNAc(b1-2)Man(a1-3)]Man(b1-4)GlcNAc(b1-4)GlcNAc(b1-Sp19,2.811077951,10.74385286,7.116643127
Gal(b1-4)GlcNAc(b1-6)[Fuc(a1-2)Gal(b1-3)GlcNAc(b1-3)]Gal(b1-4)Glc(a1-Sp21,4.961399895,8.971007731,11.83378022
Fuc(a1-3)GlcNAc(b1-6)[Gal(b1-4)GlcNAc(b1-3)]Gal(b1-4)Glc(a1-Sp21,6.396733205,12.3670139,11.66681335
GlcNAc(b1-2)Man(a1-6)[GlcNAc(b1-4)][GlcNAc(b1-2)Man(a1-3)]Man(b1-4)GlcNac(b1-4)GlcNAc(a1-Sp21,9.712824358,6.214232955,2.493588737
GlcNAc(b1-2)Man(a1-6)[GlcNAc(b1-4)][GlcNAc(b1-4)[GlcNAc(b1-2)]Man(a1-3)]Man(b1-4)GlcNAc(b1-4)GlcNAc(a1-Sp21,6.526815341,3.249353454,9.233740147
GlcNAc(b1-6)[GlcNAc(b1-2)]Man(a1-6)[GlcNAc(b1-4)][GlcNAc(b1-2)Man(a1-3)]Man(b1-4)GlcNAc(b1-4)GlcNAc(a1-Sp21,3.073950354,9.38340598,2.985509566
GlcNAc(b1-6)[GlcNAc(b1-2)]Man(a1-6)[GlcNAc(b1-4)][GlcNAc(b1-4)[GlcNAc(b1-2)]Man(a1-3)]Man(b1-4)GlcNAc(b1-4)GlcNAc(a1-Sp21,7.267610875,9.257993413,6.850832052
Gal(b1-4)GlcNAc(b1-2)Man(a1-6)[GlcNAc(b1-4)][Gal(b1-4)GlcNAc(b1-2)Man(a1-3)]Man(b1-4)GlcNAc(b1-4)GlcNAc(a1-Sp21,4.37669989,11.43995742,9.391558966
Gal(b1-4)GlcNAc(b1-2)Man(a1-6)[GlcNAc(b1-4)][Gal(b1-4)GlcNAc(b1-4)[Gal(b1-4)GlcNAc(b1-2)]Man(a1-3)]Man(b1-4)GlcNAc(b1-4)GlcNAc(a1-Sp21,11.12081212,6.093296557,5.669910422
Gal(b1-4)GlcNAc(b1-6)[Gal(b1-4)GlcNAc(b1-2)]Man(a1-6)[GlcNAc(b1-4)][Gal(b1-4)GlcNAc(b1-2)Man(a1-3)]Man(b1-4)GlcNAc(b1-4)GlcNAc(a1-Sp21,3.154792512,11.50915708,3.286071777
Gal(b1-4)GlcNAc(b1-6)[Gal(b1-4)GlcNAc(b1-2)]Man(a1-6)[GlcNAc(b1-4)][Gal(b1-4)GlcNAc(b1-4)[Gal(b1-4)GlcNAc(b1-2)]Man(a1-3)]Man(b1-4)GlcNAc(b1-4)GlcNAc(a1-Sp21,0.713735086,8.88352694,13.87342911
Gal(b1-4)Gal(b1-Sp10,9.196175467,10.56855346,5.095610346
Gal(b1-6)Gal(b1-Sp10,5.880872572,60.96055773,7.916814891
Neu5Ac(a2-3)Gal(b1-4)GlcNAc(b1-3)Gal(b1-Sp8,4.559643722,4.590883882,3.059693607
GalNAc(b1-6)GalNAc(b1-Sp8,8.653920536,10.09462847,6.893258483
(6S)Gal(b1-3)GlcNAc(b1-Sp0,4.722932381,12.01371898,7.676025536
(6S)Gal(b1-3)(6S)GlcNAc(a1-Sp0,11.84487298,10.41274408,10.5091732
Fuc(a1-2)Gal(b1-4) GlcNAc(b1-2)Man(a1-6)[Fuc(a1-2)Gal(b1-4)GlcNAc(b1-2)[Fuc(a1-2)Gal(b1-4)GlcNAc(b1-4)]Man(a1-3)]Man(b1-4)GlcNAc(b1-4)GlcNAc(b1-N,7.025249903,3.914697527,8.310361768
Fuc(a1-2)Gal(b1-4)[Fuc(a1-3)]GlcNAc(b1-2)Man(a1-6)[Fuc(a1-2)Gal(b1-4)[Fuc(a1-3)]GlcNAc(b1-4)[Fuc(a1-2)Gal(b1-4)[Fuc(a1-3)]GlcNAc(b1-2)]Man(a1-3)]Man(b1-4)GlcNAc(b1-4)GlcNAc(b1-N,4.997037041,9.288137688,1.842620585
Gal(b1-4)[Fuc(a1-3)]GlcNAc(b1-6)GalNAc(a1-Sp14,12.56319352,10.28492917,6.545235899
Gal(b1-4)GlcNAc(b1-2)Man(a1-Sp0,2.840174767,12.21760948,7.323942556
Fuc(a1-2)Gal(b1-4)GlcNAc(b1-6)[Fuc(a1-2)Gal(b1-4)GlcNAc(b1-3)]GalNAc(a1-Sp14,8.002972295,4.656963082,10.43480052
Gal(a1-3)Fuc(a1-2)Gal(b1-4)GlcNAc(b1-6)[Gal(a1-3)Fuc(a1-2)Gal(b1-4)GlcNAc(b1-3)]GalNAc(a1-Sp14,41.98680452,311.001353,2779.430237
GalNAc(a1-3)[Fuc(a1-2)]Gal(b1-4)GlcNAc(b1-6)[GalNAc(a1-3)[Fuc(a1-2)]Gal(b1-4)GlcNAc(b1-3)]GalNAc(a1-Sp14,22.80591776,250.5706291,1322.717581
Neu5Ac(a2-8)Neu5Ac(a2-3)Gal(b1-3)GalNAc(b1-4)[Neu5Ac(a2-8)Neu5Ac(a2-3)]Gal(b1-4)Glc(b1-Sp0,7.116646321,5.126327072,7.961160949
GalNAc(b1-4)Gal(b1-4)Glc(b1-Sp0,13.1882093,11.64626072,16.04106381
GalNAc(a1-3)[Fuc(a1-2)]Gal(b1-4)GlcNAc(b1-2)Man(a1-6)[GalNAc(a1-3)[Fuc(a1-2)]Gal(b1-4)GlcNAc(b1-2)Man(a1-3)]Man(b1-4)GlcNAc(b1-4)[Fuc(a1-6)]GlcNAc(b1-Sp22,7.796842068,17.32934128,7.45233083
Gal(a1-3)[Fuc(a1-2)]Gal(b1-3)GlcNAc(b1-2)Man(a1-6)[Gal(a1-3)[Fuc(a1-2)]Gal(b1-3)GlcNAc(b1-2)Man(a1-3)]Man(b1-4)GlcNAc(b1-4)[Fuc(a1-6)]GlcNAc(b1-Sp22,38.76372139,55.58345648,1537.726519
Neu5Ac(a2-6)Gal(b1-4)GlcNAc(b1-6)[Fuc(a1-2)Gal(b1-3)GlcNAc(b1-3)]Gal(b1-4)Glc(a1-Sp21,2.061201336,6.335167864,11.86624136
GalNAc(a1-3)[Fuc(a1-2)]Gal(b1-3)GlcNAc(b1-2)Man(a1-6)[GalNAc(a1-3)[Fuc(a1-2)]Gal(b1-3)GlcNAc(b1-2)Man(a1-3)]Man(b1-4)GlcNAc(b1-4)[Fuc(a1-6)]GlcNAc(b1-Sp22,3.403161469,9.842480785,7.111481554
Gal(b1-4)GlcNAc(b1-6)[Gal(b1-4)GlcNAc(b1-2)]Man(a1-6)[Gal(b1-4)GlcNAc(b1-2)Man(a1-3)]Man(b1-4)GlcNAc(b1-4)GlcNAc(b1-Sp19,7.17842667,5.735390425,4.709836645
Neu5Ac(a2-3)Gal(b1-4)GlcNAc(b1-2)Man(a1-6)[GlcNAc(b1-4)][Neu5Ac(a2-3)Gal(b1-4)GlcNAc(b1-2)Man(a1-3)]Man(b1-4)GlcNAc(b1-4)GlcNAc(b1-Sp21,4.158381263,5.632465705,2.672365593
Neu5Ac(a2-3)Gal(b1-4)GlcNAc(b1-4)Man(a1-6)[GlcNAc(b1-4)][Neu5Ac(a2-3)Gal(b1-4)GlcNAc(b1-4)[Neu5Ac(a2-3)Gal(b1-4)GlcNAc(b1-2)]Man(a1-3)]Man(b1-4)GlcNAc(b1-4)GlcNAc(b1-Sp21,3.174655506,2.791524266,3.979183293
Neu5Ac(a2-3)Gal(b1-4)GlcNAc(b1-6)[Neu5Ac(a2-3)Gal(b1-4)GlcNAc(b1-2)]Man(a1-6)[GlcNAc(b1-4)][Neu5Ac(a2-3)Gal(b1-4)GlcNAc(b1-2)Man(a1-3)]Man(b1-4)GlcNAc(b1-4)GlcNAc(b1-Sp21,2.160056346,6.726358784,1.93492181
Neu5Ac(a2-3)Gal(b1-4)GlcNAc(b1-6)[Neu5Ac(a2-3)Gal(b1-4)GlcNAc(b1-2)]Man(a1-6)[GlcNAc(b1-4)][Neu5Ac(a2-3)Gal(b1-4)GlcNAc(b1-4)[Neu5Ac(a2-3)Gal(b1-4)GlcNAc(b1-2)]Man(a1-3)]Man(b1-4)GlcNAc(b1-4)GlcNAc(b1-Sp21,5.051368944,3.708251364,3.87725432
Neu5Ac(a2-6)Gal(b1-4)GlcNAc(b1-2)Man(a1-6)[GlcNAc(b1-4)][Neu5Ac(a2-6)Gal(b1-4)GlcNAc(b1-2)Man(a1-3)]Man(b1-4)GlcNAc(b1-4)GlcNAc(b1-Sp21,3.975570665,5.300325138,9.090231633
Neu5Ac(a2-6)Gal(b1-4)GlcNAc(b1-4)Man(a1-6)[GlcNAc(b1-4)][Neu5Ac(a2-6)Gal(b1-4)GlcNAc(b1-4)[Neu5Ac(a2-6)Gal(b1-4)GlcNAc(b1-2)]Man(a1-3)]Man(b1-4)GlcNAc(b1-4)GlcNAc(b1-Sp21,10.50734313,9.859617116,19.61307066
Neu5Ac(a2-6)Gal(b1-4)GlcNAc(b1-6)[Neu5Ac(a2-6)Gal(b1-4)GlcNAc(b1-2)]Man(a1-6)[GlcNAc(b1-4)][Neu5Ac(a2-6)Gal(b1-4)GlcNAc(b1-2)Man(a1-3)]Man(b1-4)GlcNAc(b1-4)GlcNAc(b1-Sp21,11.26066668,8.782670069,2.332290035
Neu5Ac(a2-6)Gal(b1-4)GlcNAc(b1-6)[Neu5Ac(a2-6)Gal(b1-4)GlcNAc(b1-2)]Man(a1-6)[GlcNAc(b1-4)][Neu5Ac(a2-6)Gal(b1-4)GlcNAc(b1-4)[Neu5Ac(a2-6)Gal(b1-4)GlcNAc(b1-2)]Man(a1-3)]Man(b1-4)GlcNAc(b1-4)GlcNAc(b1-Sp21,9.006601508,7.710819285,4.406539902
Gal(a1-3)[Fuc(a1-2)]Gal(b1-3)GalNAc(a1-Sp8,59.0302085,717.0051869,3372.580135
Gal(a1-3)[Fuc(a1-2)]Gal(b1-3)GalNAc(b1-Sp8,24.65848695,378.7831729,2847.628996
Glc(a1-6)Glc(a1-6)Glc(a1-6)Glc(b1-Sp10,11.96963841,27.18882729,3.967923068
Glc(a1-4)Glc(a1-4)Glc(a1-4)Glc(b1-Sp10,15.63286131,4.426047476,2.779781769
Neu5Ac(a2-3)Gal(b1-4)GlcNAc(b1-6)[Neu5Ac(a2-3)Gal(b1-4)GlcNAc(b1-3)]GalNAc(a1-Sp14,3.127858271,9.19994039,6.595145454
Fuc(a1-2)Gal(b1-4)[Fuc(a1-3)]GlcNAc(b1-2)Man(a1-6)[Fuc(a1-2)Gal(b1-4)[Fuc(a1-3)]GlcNAc(b1-2)Man(a1-3)]Man(b1-4)GlcNAc(b1-4)[Fuc(a1-6)]GlcNAc(b1-Sp24,9.26836794,37.37869067,4.570517246
Fuc(a1-2)Gal(b1-3)[Fuc(a1-4)]GlcNAc(b1-2)Man(a1-6)[Fuc(a1-2)Gal(b1-3)[Fuc(a1-4)]GlcNAc(b1-2)Man(a1-3)]Man(b1-4)GlcNAc(b1-4)[Fuc(a1-6)]GlcNA(cb-S)p(1-4)[Fuc(a1-6)]GlcNAc(b1-Sp19,7.998794359,10.6156606,16.9429953
Neu5Ac(a2-3)Gal(b1-3)GlcNAc(b1-6)[Neu5Ac(a2-3)Gal(b1-4)GlcNAc(b1-2)]Man(a1-6)[Neu5Ac(a2-3)Gal(b1-3)GlcNAc(b1-2)Man(a1-3)]Man(b1-4)GlcNAc(b1-4)GlcNAc(b1-Sp19,7.647491456,8.703845436,4.149182748
GlcNAc(b1-6)[GlcNAc(b1-2)]Man(a1-6)[GlcNAc(b1-2)Man(a1-3)]Man(b1-4)GlcNAc(b1-4)[Fuc(a1-6)]GlcNAc(b1-Sp24,7.38555109,6.091272379,3.5747072
Gal(b1-3)GlcNAc(b1-2)Man(a1-6)[GlcNAc(b1-4)][Gal(b1-3)GlcNAc(b1-2)Man(a1-3)]Man(b1-4)GlcNAc(b1-4)GlcNAc(b1-Sp21,1.971732824,12.52295156,6.452189101
Neu5Ac(a2-6)Gal(b1-4)GlcNAc(b1-6)[Gal(b1-3)GlcNAc(b1-3)]Gal(b1-4)Glc(b1-Sp21,5.611466488,15.54094686,8.424570392
Neu5Ac(a2-3)Gal(b1-4)GlcNAc(b1-2)Man(a1-Sp0,11.7560634,13.74453142,10.67504298
Neu5Ac(a2-3)Gal(b1-4)GlcNAc(b1-6)GalNAc(a1-Sp14,5.571948023,10.88861117,22.76715304
Neu5Ac(a2-6)Gal(b1-4)GlcNAc(b1-6)GalNAc(a1-Sp14,7.108902543,7.698666408,9.977239894
Neu5Ac(a2-6)Gal(b1-4)GlcNAc(b1-6)[Neu5Ac(a2-6)Gal(b1-4)GlcNAc(b1-3)]GalNAc(a1-Sp14,11.49947977,25.9295012,10.02622061
Neu5Ac(a2-6)Gal(b1-4)GlcNAc(b1-2)Man(a1-6)[Neu5Ac(a2-6)Gal(b1-4)GlcNAc(b1-2)Man(a1-3)]Man(b1-4)GlcNAc(b1-4)[Fuc(a1-6)]GlcNAc(b1-Sp24,13.36055099,12.09643565,5.726874739
Neu5Ac(a2-3)Gal(b1-4)GlcNAc(b1-2)Man(a1-6)[Neu5Ac(a2-3)Gal(b1-4)GlcNAc(b1-2)Man(a1-3)]Man(b1-4)GlcNAc(b1-4)[Fuc(a1-6)]GlcNAc(b1-Sp24,11.24924849,13.93784402,4.085238
Man(a1-6)[Man(a1-3)]Man(b1-4)GlcNAc(b1-4)[Fuc(a1-6)]GlcNAc(b1-Sp19,4.323141116,4.205243905,0.999692294
Gal(b1-4)GlcNAc(b1-6)[Gal(b1-4)GlcNAc(b1-2)]Man(a1-6)[Gal(b1-4)GlcNAc(b1-2)Man(a1-3)]Man(b1-4)GlcNAc(b1-4)[Fuc(a1-6)]GlcNAc(b1-Sp24,6.31935423,9.256137339,10.26147117
Neu5Ac(a2-3)Gal(b1-3)GlcNAc(b1-2)Man(a1-6)[GlcNAc(b1-4)][Neu5Ac(a2-3)Gal(b1-3)GlcNAc(b1-2)Man(a1-3)]Man(b1-4)GlcNAc(b1-4)GlcNAc(a1-Sp21,5.597837626,19.69291479,3.18571903
Neu5Ac(a2-6)Gal(b1-4)GlcNAc(b1-6)[Fuc(a1-2)Gal(b1-4)[Fuc(a1-3)]GlcNAc(b1-3)]Gal(b1-4)Glc(a1-Sp21,9.605141459,21.71516538,16.07220325
Gal(b1-3)GlcNAc(b1-6)GalNAc(a1-Sp14,10.10797852,12.48658575,3.838029377
Gal(a1-3)Gal(b1-3)GlcNAc(b1-6)GalNAc(a1-Sp14,29.78795524,182.0726566,933.7988763
Gal(b1-3)[Fuc(a1-4)]GlcNAc(b1-6)GalNAc(a1-Sp14,2.413501416,7.020470556,3.236175589
Neu5Ac(a2-3)Gal(b1-3)GlcNAc(b1-6)GalNAc(a1-Sp14,3.082911826,3.346570016,4.600777754
(3S)Gal(b1-3)[Fuc(a1-4)]GlcNAc(b1-Sp0,3.72172611,17.00346337,4.034817944
Gal(b1-4)[Fuc(a1-3)]GlcNAc(b1-6)[Neu5Ac(a2-6)[Neu5Ac(a2-3)Gal(b1-3)]GlcNAc(b1-3)]Gal(b1-4)Glc(a1-Sp21,10.07597043,7.876955836,10.1111296
Fuc(a1-2)Gal(b1-4)GlcNAc(b1-6)GalNAc(a1-Sp14,5.057112316,28.6357236,217.435924
Gal(a1-3)Gal(b1-4)GlcNAc(b1-6)GalNAc(a1-Sp14,41.22212606,220.585086,4656.830438
Gal(b1-4)[Fuc(a1-3)]GlcNAc(b1-2)Man(a1-Sp0,7.190600212,15.40874274,3.5019967
Fuc(a1-2)(6S)Gal(b1-3)GlcNAc(b1-Sp0,5.998946156,5.237872867,1.91797339
Gal(a1-3)[Fuc(a1-2)]Gal(b1-4)GlcNAc(b1-6)GalNAc(a1-Sp14,5.68667826,16.62407995,4.353977122
Fuc(a1-2)Gal(b1-4)GlcNAc(b1-2)Man(a1-Sp0,6.475668613,3.276808916,10.7692754
Fuc(a1-2)Gal(b1-3)(6S)GlcNAc(b1-Sp0,4.600748124,7.490454063,11.7532029
Fuc(a1-2)(6S)Gal(b1-3)(6S)GlcNAc(b1-Sp0,8.49297669,10.1594522,11.57622916
Neu5Ac(a2-6)GalNAc(b1-4)(6S)GlcNAc(b1-Sp8,3.568507326,7.345317093,19.47915112
GalNAc(b1-4)[Fuc(a1-3)](6S)GlcNAc(b1-Sp8,2.412744197,12.8503928,11.30037722
(3S)GalNAc(b1-4)[Fuc(a1-3)]GlcNAc(b1-Sp8,14.8345779,7.36553901,3.938823059
Fuc(a1-2)Gal(b1-3)GlcNAc(b1-6)[Fuc(a1-2)Gal(b1-3)GlcNAc(b1-3)]GalNAc(a1-Sp14,18.98825293,9.660990265,0.400381588
GalNAc(a1-3)[Fuc(a1-2)]Gal(b1-3)GlcNAc(b1-6)GalNAc(a1-Sp14,5.32776792,4.692302947,9.626439957
GlcNAc(b1-6)[GlcNAc(b1-2)]Man(a1-6)[GlcNAc(b1-4)][GlcNAc(b1-4)[GlcNAc(b1-2)]Man(a1-3)]Man(b1-4)GlcNAc(b1-4)[Fuc(a1-6)]GlcNAc(a1-Sp21,5.382463669,2.92643234,7.399082465
Gal(b1-4)GlcNAc(b1-6)[Gal(b1-4)GlcNAc(b1-2)]Man(a1-6)[GlcNAc(b1-4)]Gal(b1-4)GlcNAc(b1-4)[Gal (b1-4)GlcNAc(b1-2)]Man(a1-3)]Man(b1-4)GlcNAc(b1-4)[Fuc(a1-6)]GlcNAc(a1-Sp21,3.336010261,19.45459424,8.61313616
Gal(b1-3)GlcNAc(a1-3)Gal(b1-4)GlcNAc(b1-Sp8 ,1.974243016,2.121004428,11.3137887
Gal(b1-3)(6S)GlcNAc(b1-Sp8 ,6.996198368,5.57198609,5.5901914
(6S)(4S)GalNAc(b1-4)GlcNAc(a1-Sp8,2.080410291,10.23033371,3.41081156
(6S)GalNAc(b1-4)GlcNAc(a1-Sp8 ,7.953447741,23.88148432,6.182425149
(3S)GalNAc(b1-4)(3S)GlcNAc(a1-Sp8,3.720603613,5.991868486,7.879898008
GalNAc(b1-4)(6S)GlcNAc(a1-Sp8 ,4.251952431,3.12009603,6.107284969
(3S)GalNAc(b1-4)GlcNAc(a1-Sp8 ,3.273564493,15.80948204,2.257949667
(4S)GalNac(b1-Sp10,5.266258851,14.1502987,7.069944909
Gal(b1-4)(6P)GlcNAc(b1-Sp0 ,6.551625882,12.71079641,7.802517474
(6P)Gal(b1-4)GlcNAc(b1-SP0 ,4.532898379,7.59685679,5.47520562
GalNAc(a1-3)[Fuc(a1-2)]Gal(b1-4)GlcNAc(b1-6)GalNAc(a1-Sp14,2.404232205,13.4891825,4.797132683
Neu5Ac(a2-6)Gal(b1-4)GlcNAc(b1-2)Ma(n1-Sp0,2.894609751,13.25378089,4.698217438
Gal(a1-3)Gal(b1-4)GlcNAc(b1-2)Man(a1-Sp0,46.85114461,51.12972923,5973.85578
Gal(a1-3)[Fuc(a1-2)]Gal(b1-4)GlcNAc(b1-2)Man(a1-Sp0,54.9060935,210.5728071,4263.435618
GalNAc(a1-3)[Fuc(a1-2)]Gal(b1-4) GlcNAc(b1-2)Man(a1-Sp0,10.47622699,15.82300059,6.400523916
 Gal(b1-3)GlcNAc(b1-2)Man(a1-Sp0,12.19667156,13.49134493,5.215213505
Gal(a1-3)[Fuc(a1-2)]Gal(b1-3)GlcNAc(b1-6)GalNAc(a1-Sp14,7.557701647,107.7354775,1256.115168
Neu5Ac(a2-3)Gal(b1-3)GlcNAc(b1-2)Man(a1-Sp0,12.37719149,9.821763122,2.871619735
Gal(a1-3)Gal(b1-3)GlcNAc(b1-2)Man(a1-Sp0,43.26750107,655.8698902,3908.924282
GalNAc(b1-4)GlcNAc(b1-2)Man(a1-Sp0,12.79423161,18.18382103,2.403908342
Neu5Ac(a2-3)Gal(b1-3)GlcNAc(b1-4)Gal(b1-4)Glc(b1-Sp0,5.830325669,9.127097351,12.10039459
GlcNAc(b1-2) Man(a1-6)[GlcNAc(b1-4)][GlcNAc(b1-2)Man(a1-3)]Man(b1-4)GlcNAc(b1-4)[Fuc(a1-6)]GlcNAc(a1-Sp21,11.14402399,6.89881062,12.38346739
Gal(b1-4)GlcNAc(b1-2) Man(a1-6)[GlcNAc(b1-4)][Gal(b1-4)GlcNAc(b1-2)Man(a1-3)]Man(b1-4)GlcNAc(b1-4)[Fuc(a1-6)]GlcNAc(a1-Sp21,2.927989475,3.183490091,8.827558554
Gal(b1-4)GlcNAc(b1-2) Man(a1-6)[Gal(b1-4)GlcNAc(b1-4)][Gal(b1-4)GlcNAc(b1-2)Man(a1-3)]Man(b1-4)GlcNAc(b1-4)[Fuc(a1-6)]GlcNAc(a1-Sp21,9.106534566,13.55021434,13.33396944
Fuc(a1-4)[Gal(b1-3)]GlcNAc(b1-2)Man(a1-Sp0,13.46946947,8.612426441,14.03055615
Neu5Ac(a2-3)Gal(b1-4)[Fuc(a1-3)]GlcNAc(b1-2)Man(a1-Sp0,4.033628368,5.477038511,6.777232974
GlcNAc(b1-3)Gal(b1-4)GlcNAc(b1-6)[GlcNAc(b1-3)]Gal(b1-4)GlcNAc(a1-Sp0,11.35041274,17.38584908,5.375556271
GalNAc(a1-3)[Fuc(a1-2)]Gal(b1-3)GalNAc(b1-3)Gal(a1-4)Gal(b1-4)Glc(a1-Sp21,3.068900121,7.96694149,4.589618439
Gal(a1-3)[Fuc(a1-2)]Gal(b1-3)GalNAc(b1-3)Gal(a1-4)Gal(b1-4)Glc(a1-Sp21,25.47943653,136.9925887,4702.701305
Gal(b1-3)GalNAc(b1-3)Ga(l1-Sp21,7.326266282,5.743650805,6.75637021
GlcNAc(b1-3)Gal(b1-4)GlcNAc(b1-2)Man(a1-6)[GlcNAc(b1-3)Gal(b1-4)GlcNAc(b1-2)Man(a1-3)]Man(b1-4)GlcNAc(b1-4)GlcNAc(b1-Sp12,7.099497722,2.887528448,4.648167737
GlcNAc(b1-3)Gal(b1-4)GlcNAc(b1-2)Man(a1-6)[GlcNAc(b1-3)Gal(b1-4)GlcNAc(b1-2)Man(a1-3)]Man(b1-4)GlcNAc(b1-4)GlcNAc(b1-Sp25,4.120337666,8.791493174,4.145385695
Gal(b1-4)GlcNAc(b1-3)Gal(b1-4)GlcNAc(b1-2)Man(a1-6)[Gal(b1-4)GlcNAc(b1-3)Gal(b1-4)GlcNAc(b1-2)Man(a1-3)]Man(b1-4)GlcNAc(b1-4)GlcNAc(b1-Sp12,36.40818755,12.06936541,13.48751772
Gal(b1-4)GlcNAc(b1-3)Gal(b1-4)GlcNAc(b1-2)Man(a1-6)[Gal(b1-4)GlcNAc(b1-3)Gal(b1-4)GlcNAc(b1-2)Man(a1-3)]Man(b1-4)GlcNAc(b1-4)GlcNAc(b1-Sp24,6.442839901,13.30893579,18.53568802
Neu5Gc(a2-3)Gal(b1-4)GlcNAc(b1-3)Gal(b1-4)GlcNAc(b1-2)Man(a1-6)[Neu5Gc(a2-3)Gal(b1-4)GlcNAc(b1-3)Gal(b1-4)GlcNAc(b1-2)Man(a1-3)]Man(b1-4)GlcNAc(b1-4)GlcNAc(b1-Sp24,4.384538977,7.22088562,7.89283536
Fuc(a1-2)Gal(b1-4)GlcNAc(b1-3)Gal(b1-4)GlcNAc(b1-2)Man(a1-6)[Fuc(a1-2)Gal(b1-4)GlcNAc(b1-3)Gal(b1-4)GlcNAc(b1-2)Man(a1-3)]Man(b1-4)GlcNAc(b1-4)GlcNAc(b1-Sp24,5.279019662,5.757031762,47.4281138
GlcNAc(b1-3)Gal(b1-4)GlcNAc(b1-3)Gal(b1-4)GlcNAc(b1-2)Man(a1-6)[GlcNAc(b1-3)Gal(b1-4)GlcNAc(b1-3)Gal(b1-4)GlcNAc(b1-2)Man(a1-3)]Man(b1-4)GlcNAc(b1-4)GlcNAc(b1-Sp12,16.80784804,5.358624248,17.0403458
GlcNAc(b1-3)Gal(b1-4)GlcNAc(b1-3)Gal(b1-4)GlcNAc(b1-2)Man(a1-6)[GlcNAc(b1-3)Gal(b1-4)GlcNAc(b1-3)Gal(b1-4)GlcNAc(b1-2)Man(a1-3)]Man(b1-4)GlcNAc(b1-4)GlcNAc(b1-Sp25,6.176502548,10.75483687,9.971940528
Gal(b1-4)GlcNAc(b1-3)Gal(b1-4)GlcNAc(b1-3)Gal(b1-4)GlcNAc(b1-2)Man(a1-6)[Gal(b1-4)GlcNAc(b1-3)Gal(b1-4)GlcNAc(b1-3)Gal(b1-4)GlcNAc(b1-2)Man(a1-3)]Man(b1-4)GlcNAc(b1-4)GlcNAc(b1-Sp12,27.82498022,15.07731612,7.128079277
Gal(b1-4)GlcNAc(b1-3)Gal(b1-4)GlcNAc(b1-3)Gal(b1-4)GlcNAc(b1-2)Man(a1-6)[Gal(b1-4)GlcNAc(b1-3)Gal(b1-4)GlcNAc(b1-3)Gal(b1-4)GlcNAc(b1-2)Man(a1-3)]Man(b1-4)GlcNAc(b1-4)GlcNAc(b1-Sp24,4.097488762,37.24350032,18.93790807
GlcNAc(b1-3)Gal(b1-4)GlcNAc(b1-3)Gal(b1-4)GlcNAc(b1-3)Gal(b1-4)GlcNAc(b1-2)Man(a1-6)[GlcNAc(b1-3)Gal(b1-4)GlcNAc(b1-3)Gal(b1-4)GlcNAc(b1-3)Gal(b1-4)GlcNAc(b1-2)Man(a1-3)]Man(b1-4)GlcNAc(b1-4)GlcNAc(b1-Sp25,9.016874223,4.61048592,7.031558612
Gal(b1-4)GlcNAc(b1-3)Gal(b1-4)GlcNAc(b1-3)Gal(b1-4)GlcNAc(b1-3)Gal(b1-4)GlcNAc(b1-2)Man(a1-6)[Gal(b1-4)GlcNAc(b1-3)Gal(b1-4)GlcNAc(b1-3)Gal(b1-4)GlcNAc(b1-3)Gal(b1-4)GlcNAc(b1-2)Man(a1-3)]Man(b1-4)GlcNAc(b1-4)GlcNAc(b1-Sp25,11.25975789,26.88305707,48.60822623
Gal(b1-3)GlcNAc(b1-3)Gal(b1-4)GlcNAc(b1-2)Man(a1-6)[Gal(b1-3)GlcNAc(b1-3)Gal(b1-4)GlcNAc(b1-2)Man(a1-3)]Man(b1-4)GlcNAc(b1-4)GlcNAc(a1-Sp25,15.86862279,7.267173295,9.092718797
Neu5Gc(a2-8)Neu5Gc(a2-3)Gal(b1-4)GlcNAc(a1-Sp0,8.655168731,3.042089459,3.949127126
Neu5Ac(a2-8)Neu5Gc(a2-3)Gal(b1-4)GlcNAc(a1-Sp0,5.530433667,3.019794773,1.866784618
Neu5Gc(a2-8)Neu5Ac(a2-3)Gal(b1-4)GlcNAc(a1-Sp0,6.740671981,7.53879753,6.294393539
Neu5Gc(a2-8)Neu5Gc(a2-3)Gal(b1-4)GlcNAc(b1-3)Gal(b1-4)GlcNAc(a1-Sp0,3.086671297,10.13721937,10.55406246
Neu5Gc(a2-8)Neu5Gc(a2-6)Gal(b1-4)GlcNAc(a1-Sp0,3.769271994,10.04437993,2.545677194
Neu5Ac(a2-8)Neu5Ac(a2-3)Gal(b1-4)GlcNAc(a1-Sp0,10.91367687,3.650277673,7.601856182
GlcNAc(b1-3)Gal(b1-4)GlcNAc(b1-6)[GlcNAc(b1-3)Gal(b1-4)GlcNAc(b1-2)]Man(a1-6)[GlcNAc(b1-3)Gal(b1-4)GlcNAc(b1-2)]Man (a1-3)]Man(b1-4)GlcNAc(b1-4)GlcNAc(a1-Sp24,3.030999462,4.764223643,62.22658521
Gal(b1-4)GlcNAc(b1-3)Gal(b1-4)GlcNAc(b1-6)[Gal(b1-4)GlcNAc(b1-3)Gal(b1-4)GlcNAc(b1-2)]Man(a1-6)[Gal(b1-4)GlcNAc(b1-3)Gal(b1-4)GlcNAc(b1-2)Man(a1-3)]Man(a1-4)GlcNAc(b1-4)GlcNAc(a1-Sp24,8.561527559,5.234641986,34.65995188
Gal(a1-3)Gal(b1-4)GlcNAc(b1-2)Man(a1-6)[Gal(a1-3)Gal(b1-4)GlcNAc(b1-2)Man(a1-3)]Man(b1-4)GlcNAc(b1-4)GlcNAc(a1-Sp24,115.8784428,429.8930745,7697.702515
GlcNAc(b1-3)Gal(b1-4)GlcNAc(b1-6)[GlcNAc(b1-3)Gal(b1-3)]GalNAc(a1-Sp14,11.45457445,7.388661058,16.41171087
GalNAc(b1-3)GlcNAc(b1-Sp0 ,8.358905901,21.55718001,2.566910707
GalNAc(b1-4)GlcNAc(b1-3)GalNAc(b1-4)GlcNAc(b1-Sp0 ,7.046677925,3.754071713,4.319198145
GlcNAc(b1-3)Gal(b1-4)GlcNAc(b1-3)Gal(b1-4)GlcNAc(b1-3)Gal(b1-4)GlcNAc(b1-3)Gal(b1-4)GlcNAc(b1-2)Man(a1-6)[GlcNAc(b1-3)Gal(b1-4)GlcNAc(b1-3)Gal(b1-4)GlcNAc(b1-3)Gal(b1-4)GlcNAc(b1-3)Gal(b1-4)GlcNAc(b1-2)Man(a1-3)]Man(b1-4)GlcNAc(b1-4)GlcNAc(b1-Sp25,10.87039824,35.20084315,3.831565999
Gal(b1-4)GlcNAc(b1-3)Gal(b1-4)GlcNAc(b1-3)Gal(b1-4)GlcNAc(b1-3)Gal(b1-4)GlcNAc(b1-3)Gal(b1-4)GlcNAc(b1-2)Man(a1-6)[Gal(b1-4)GlcNAc(b1-3)Gal(b1-4)GlcNAc(b1-3)Gal(b1-4)GlcNAc(b1-3)Gal(b1-4)GlcNAc(b1-3)Gal(b1-4)GlcNAc(b1-2)Man(a1-3)]Man(b1-4)GlcNAc(b1-4)GlcNAc(b1-Sp25,3.125723802,153.0422984,15.8165899
GlcNA(b1-3)Gal(b1-3)GalNAc(a1-Sp14,6.381450987,4.895147225,10.41199013
Gal(b1-3)GlcNAc(b1-6)[Gal(b1-3)]GalNAc(a1-Sp14,3.142255299,9.169009765,17.71759885
Gal(b1-4)GlcNAc(b1-3)Gal(b1-4)GlcNAc(b1-3)Gal(b1-4)GlcNAc(b1-3)Gal(b1-4)GlcNAc(b1-3)Gal(b1-4)GlcNAc(b1-3)Gal(b1-4)GlcNAc(b1-2)Man(a1-6)[Gal(b1-4)GlcNAc(b1-3)Gal(b1-4)GlcNAc(b1-3)Gal(b1-4)GlcNAc(b1-3)Gal(b1-4)GlcNAc(b1-3)Gal(b1-4)GlcNAc(b1-3)Gal(b1-4)GlcNAc(b1-2)Man(a1-3)]Man(b1-4)GlcNAc(b1-4)GlcNAc(b1-Sp25,2.136754836,14.07595095,40.27250119
(3S)GlcA(b1-3)Gal(b1-4)GlcNAc(b1-3)Gal(b1-4)Glc(a1-Sp0,5.680675054,5.047074351,13.51343382
(3S)GlcA(b1-3)Gal(b1-4)GlcNAc(b1-2)Man(a1-Sp0,11.06970336,9.001531242,8.44558646
Gal(b1-3)GlcNAc(b1-3)Gal(b1-4)GlcNAc(b1-3)Gal(b1-4)GlcNAc(b1-6)[Gal(b1-3)GlcNAc(b1-3)Gal(b1-4)GlcNAc(b1-3)Gal(b1-4)GlcNA(b1-2)]Man(a1-6)[Gal(b1-3)GlcNAc(b1-3)Gal(b1-4)GlcNAc(b1-3)Gal(b1-4)GlcNAc(b1-2)Man(a1-3)]Man(b1-4)GlcNAc(b1-4)[Fuc(a1-6)]GlcNAc(b1-Sp24,2.564823025,5.546943683,9.33195118
Gal(b1-3)GlcNAc(b1-3)Gal(b1-4)GlcNAc(b1-6)[Gal(b1-3)GlcNAc(b1-3)Gal(b1-4)GlcNA(b1-2)]Man(a1-6)[Gal(b1-3)GlcNAc(b1-3)Gal(b1-4)GlcNAc(b1-2)Man(a1-3)]Man(b1-4)GlcNAc(b1-4)[Fuc(a1-6)]GlcNAc(b1-Sp24,5.530320923,17.78511854,8.581979183
Neu5Ac(a2-8)Neu5Ac(a2-3)Gal(b1-3)GalNAc(b1-4)[Neu5Ac(a2-3)]Gal(b1-4)Glc(a1-Sp21,8.053181045,3.600462016,5.029965675
GlcNAc(b1-3)Gal(b1-4)GlcNAc(b1-2)Man(a1-6)[GlcNAc(b1-3)Gal(b1-4)GlcNAc(b1-2)Man(a1-3)]Man(b1-4)GlcNAc(b1-4)[Fuc(a1-6)]GlcNAc(b1-Sp24,12.9822235,12.86805118,4.799932859
Gal(b1-4)GlcNAc(b1-3)Gal(b1-4)GlcNAc(b1-2)Man(a1-6)[Gal(b1-4)GlcNAc(b1-3)Gal(b1-4)GlcNAc(b1-2)Man(a1-3)]Man(b1-4)GlcNAc(b1-4)[Fuc(a1-6)]GlcNAc(b1-Sp24,8.685391264,11.00274123,6.10418278
GlcNAc(b1-3)Gal(b1-4)GlcNAc(b1-3)Gal(b1-4)GlcNAc(b1-2)Man(a1-6)[GlcNAc(b1-3)Gal(b1-4)GlcNAc(b1-3)Gal(b1-4)GlcNAc(b1-2)Man(a1-3)]Man(b1-4)GlcNAc(b1-4)[Fuc(a1-6)]GlcNAc(b1-Sp24,4.357617155,10.66085662,16.12931064
Gal(b1-4)GlcNAc(b1-3)Gal(b1-4)GlcNAc(b1-3)Gal(b1-4)GlcNAc(b1-2)Man(a1-6)[Gal(b1-4)GlcNAc(b1-3)Gal(b1-4)GlcNAc(b1-3)Gal(b1-4)GlcNAc(b1-2)Man(a1-3)]Man(b1-4)GlcNAc(b1-4)[Fuc(a1-6)]GlcNAc(b1-Sp24,3.541008964,35.54175816,14.82277288
GlcNAc(b1-3)Gal(b1-4)GlcNAc(b1-3)Gal(b1-4)GlcNAc(b1-3)Gal(b1-4)GlcNAc(b1-2)Man(a1-6)[GlcNAc(b1-3)Gal(b1-4)GlcNAc(b1-3)Gal(b1-4)GlcNAc(b1-3)Gal(b1-4)GlcNAc(b1-2)Man(a1-3)]Man(b1-4)GlcNAc(b1-4)[Fuc(a1-6)]GlcNAc(b1-Sp24,3.386482466,25.78495891,12.39708912
Gal(b1-4)GlcNAc(b1-3)Gal(b1-4)GlcNAc(b1-3)Gal(b1-4)GlcNAc(b1-3)Gal(b1-4)GlcNAc(b1-2)Man(a1-6)[Gal(b1-4)GlcNAc(b1-3)Gal(b1-4)GlcNAc(b1-3)Gal(b1-4)GlcNAc(b1-3)Gal(b1-4)GlcNAc(b1-2)Man(a1-3)]Man(b1-4)GlcNAc(b1-4)[Fuc(a1-6)]GlcNAc(b1-Sp24,4.578731814,36.03112413,30.36019002
GlcNAc(b1-3)Gal(b1-4)GlcNAc(b1-3)Gal(b1-4)GlcNAc(b1-3)Gal(b1-4)GlcNAc(b1-3)Gal(b1-4)GlcNAc(b1-2)Man(a1-6)[GlcNAc(b1-3)Gal(b1-4)GlcNAc(b1-3)Gal(b1-4)GlcNAc(b1-3)Gal(b1-4)GlcNAc(b1-3)Gal(b1-4)GlcNAc(b1-2)Man(a1-3)]Man(b1-4)GlcNAc(b1-4)[Fuc(a1-6)]GlcNAc(b1-Sp19,49.77858278,35.1819879,2.932767485
Gal(b1-4)GlcNAc(b1-3)Gal(b1-4)GlcNAc(b1-3)Gal(b1-4)GlcNAc(b1-3)Gal(b1-4)GlcNAc(b1-3)Gal(b1-4)GlcNAc(b1-2)Man(a1-6)[Gal(b1-4)GlcNAc(b1-3)Gal(b1-4)GlcNAc(b1-3)Gal(b1-4)GlcNAc(b1-3)Gal(b1-4)GlcNAc(b1-3)Gal(b1-4)GlcNAc(b1-2)Man(a1-3)]Man(b1-4)GlcNAc(b1-4)[Fuc(a1-6)]GlcNAc(b1-Sp19,9.682467088,12.45874073,22.74920541
Gal(b1-4)GlcNAc(b1-3)Gal(b1-4)GlcNAc(b1-6)[Gal(b1-4)GlcNAc(b1-3)Gal(b1-4)GlcNA(b1-2)]Man(a1-6)[Gal(b1-4)GlcNAc(b1-3)Gal(b1-4)GlcNAc(b1-2)Man(a1-3)]Man(b1-4)GlcNAc(b1-4)[Fuc(a1-6)]GlcNAc(b1-Sp24,8.566178882,18.34594621,111.3221066
GlcNAc(b1-3)Gal(b1-4)GlcNAc(b1-3)Gal(b1-4)GlcNAc(b1-6)[GlcNAc(b1-3)Gal(b1-4)GlcNAc(b1-3)Gal(b1-4)GlcNA(b1-2)]Man(a1-6)[GlcNAc(b1-3)Gal(b1-4)GlcNAc(b1-3)Gal(b1-4)GlcNAc(b1-2)Man(a1-3)]Man(b1-4)GlcNAc(b1-4)[Fuc(a1-6)]GlcNAc(b1-Sp24,7.57211343,8.618080989,9.367056547
Gal(b1-4)GlcNAc(b1-3)Gal(b1-4)GlcNAc(b1-3)Gal(b1-4)GlcNAc(b1-6)[Gal(b1-4)GlcNAc(b1-3)Gal(b1-4)GlcNAc(b1-3)Gal(b1-4)GlcNA(b1-2)]Man(a1-6)[Gal(b1-4)GlcNAc(b1-3)Gal(b1-4)GlcNAc(b1-3)Gal(b1-4)GlcNAc(b1-2)Man(a1-3)]Man(b1-4)GlcNAc(b1-4)[Fuc(a1-6)]GlcNAc(b1-Sp24,3.589132285,27.20674199,10.99589469
GlcNAc(b1-3)Gal(b1-4)GlcNAc(b1-3)Gal(b1-4)GlcNAc(b1-3)Gal(b1-4)GlcNAc(b1-6)[GlcNAc(b1-3)Gal(b1-4)GlcNAc(b1-3)Gal(b1-4)GlcNAc(b1-3)Gal(b1-4)GlcNA(b1-2)]Man(a1-6)[GlcNAc(b1-3)Gal(b1-4)GlcNAc(b1-3)Gal(b1-4)GlcNAc(b1-3)Gal(b1-4)GlcNAc(b1-2)Man(a1-3)]Man(b1-4)GlcNAc(b1-4)[Fuc(a1-6)]GlcNAc(b1-Sp24,4.077072617,9.902624229,14.94713083
Gal(b1-4)GlcNAc(b1-3)Gal(b1-4)GlcNAc(b1-3)Gal(b1-4)GlcNAc(b1-3)Gal(b1-4)GlcNAc(b1-6)[Gal(b1-4)GlcNAc(b1-3)Gal(b1-4)GlcNAc(b1-3)Gal(b1-4)GlcNAc(b1-3)Gal(b1-4)GlcNA(b1-2)]Man(a1-6)[Gal(b1-4)GlcNAc(b1-3)Gal(b1-4)GlcNAc(b1-3)Gal(b1-4)GlcNAc(b1-3)Gal(b1-4)GlcNAc(b1-2)Man(a1-3)]Man(b1-4)GlcNAc(b1-4)[Fuc(a1-6)]GlcNAc(b1-Sp24,4.285363016,3.29297909,20.94810633
GlcNAc(b1-3)Gal(b1-4)GlcNAc(b1-3)Gal(b1-4)GlcNAc(b1-3)Gal(b1-4)GlcNAc(b1-3)Gal(b1-4)GlcNAc(b1-6)[GlcNAc(b1-3)Gal(b1-4)GlcNAc(b1-3)Gal(b1-4)GlcNAc(b1-3)Gal(b1-4)GlcNAc(b1-3)Gal(b1-4)GlcNA(b1-2)]Man(a1-6)[GlcNAc(b1-3)Gal(b1-4)GlcNAc(b1-3)Gal(b1-4)GlcNAc(b1-3)Gal(b1-4)GlcNAc(b1-3)Gal(b1-4)GlcNAc(b1-2)Man(a1-3)]Man(b1-4)GlcNAc(b1-4)[Fuc(a1-6)]GlcNAc(b1-Sp24,6.416714348,5.081892217,7.492717714
Gal(b1-4)GlcNAc(b1-3)Gal(b1-4)GlcNAc(b1-3)Gal(b1-4)GlcNAc(b1-3)Gal(b1-4)GlcNAc(b1-3)Gal(b1-4)GlcNAc(b1-6)[Gal(b1-4)GlcNAc(b1-3)Gal(b1-4)GlcNAc(b1-3)Gal(b1-4)GlcNAc(b1-3)Gal(b1-4)GlcNAc(b1-3)Gal(b1-4)GlcNA(b1-2)]Man(a1-6)[Gal(b1-4)GlcNAc(b1-3)Gal(b1-4)GlcNAc(b1-3)Gal(b1-4)GlcNAc(b1-3)Gal(b1-4)GlcNAc(b1-3)Gal(b1-4)GlcNAc(b1-2)Man(a1-3)]Man(b1-4)GlcNAc(b1-4)[Fuc(a1-6)]GlcNAc(b1-Sp24,13.72047843,10.72620774,16.48625098
Gal(b1-4)GlcNAc(b1-3)Gal(b1-4)GlcNAc(b1-3)GalNAc(a1-Sp14,29.99386947,40.69228745,9.292246224
Gal(b1-4)GlcNAc(b1-3)Gal(b1-4)GlcNAc(b1-6)[Gal(b1-3)]GalNAc(a1-Sp14,8.43229696,17.53037731,9.749177574
Gal(b1-4)GlcNAc(b1-3)Gal(b1-4)GlcNAc(b1-6)[Gal(b1-4)GlcNAc(b1-3)Gal(b1-4)GlcNAc(b1-3)]GalNAc(a1-Sp14,17.96982086,18.3669864,8.119318136
Neu5Ac(a2-3)Gal(b1-4)GlcNAc(b1-3)Gal(b1-4)GlcNAc(b1-3)GalNAc(a1-Sp14,6.021201261,17.95140274,6.71237249
GlcNAc(b1-3)Gal(b1-4)GlcNAc(b1-3)GalNAc(a1-Sp14,9.740457716,4.872340915,2.060638178
GlcNAc(b1-3)Gal(b1-4)GlcNAc(b1-6)[Gal(b1-3)]GalNAc(a1-Sp14,7.160445657,12.93103324,4.038600858
GlcNAc(b1-3)Gal(b1-4)GlcNAc(b1-6)[GlcNAc(b1-3)Gal(b1-4)GlcNAc(b1-3)]GalNAc(a1-Sp14,9.099216995,5.83624987,13.55805669
Neu5Ac(a2-3)Gal(b1-4)GlcNAc(b1-3)Gal(b1-4)GlcNAc(b1-6)[Neu5Ac(a2-3)Gal(b1-4)GlcNAc(b1-3)Gal(b1-4)GlcNAc(b1-3)]GalNAc(a1-Sp14,3.175634148,17.20524176,11.02173318
Neu5Ac(a2-6)Gal(b1-4)GlcNAc(b1-3)Gal(b1-4)GlcNAc(b1-3)GalNAc(a1-Sp14,9.005531601,25.58843628,9.159052909
GlcNAc(b1-3)Gal(b1-4)GlcNAc(b1-3)Gal(b1-4)GlcNAc(b1-3)GalNAc(a1-Sp14,11.39881611,15.50208233,10.13863683
Gal(b1-4)GlcNAc(b1-3)Gal(b1-3)GalNAc(a1-Sp14,15.59600937,32.8469121,3.046162523
Neu5Ac(a2-3)Gal(b1-4)GlcNAc(b1-3)Gal(b1-4)GlcNAc(b1-6)[Gal(b1-3)]GalNAc(a1-Sp14,6.814793668,21.87887633,6.273539534
Neu5Ac(a2-6)Gal(b1-4)GlcNAc(b1-3)Gal(b1-4)GlcNAc(b1-6)[Gal(b1-3)]GalNAc(a1-Sp14,4.908018951,26.03942716,5.58741859
Neu5Ac(a2-6)Gal(b1-4)GlcNAc(b1-6)[Gal(b1-3)]GalNAc(a1-Sp14,10.64299889,13.7758912,2.562345648
Neu5Ac(a2-3)Gal(b1-4)GlcNAc(b1-3)Gal(b1-4)GlcNAc(b1-2)Man(a1-6)[Neu5Ac(a2-3)Gal(b1-4)GlcNAc(b1-3)Gal(b1-4)GlcNAc(b1-2)Man(a1-3)]Man(b1-4)GlcNAc(b1-4)GlcNAc(b1-Sp12,18.84590297,25.56681658,29.16234231
GlcNAc(b1-6)[Neu5Ac(a2-3)Gal(b1-3)]GalNAc(a1-Sp14,3.312123466,6.534501321,8.554711869
Neu5Ac(a2-6)Gal(b1-4)GlcNAc(b1-3)Gal(b1-4)GlcNAc(b1-6)[Neu5Ac(a2-6)Gal(b1-4)GlcNAc(b1-3)Gal(b1-4)GlcNAc(b1-3)]GalNAc(a1-Sp14,7.875808309,16.6995796,14.74932941
Neu5Ac(a2-6)Gal(b1-4)GlcNAc(b1-3)Gal(b1-4)GlcNAc(b1-3)Gal(b1-4)GlcNAc(b1-2)Man(a1-6)[Neu5Ac(a2-6)Gal(b1-4)GlcNAc(b1-3)Gal(b1-4)GlcNAc(b1-3)Gal(b1-4)GlcNAc(b1-2)Man(a1-3)]Man(b1-4)GlcNAc(b1-4)GlcNAc(b1-Sp12,9.251139828,12.08503189,17.09611966
Neu5Ac(a2-3)Gal(b1-4)GlcNAc(b1-3)Gal(b1-4)GlcNAc(b1-3)Gal(b1-4)GlcNAc(b1-2)Man(a1-6)[Neu5Ac(a2-3)Gal(b1-4)GlcNAc(b1-3)Gal(b1-4)GlcNAc(b1-3)Gal(b1-4)GlcNAc(b1-2)Man(a1-3)]Man(b1-4)GlcNAc(b1-4)GlcNAc(b1-Sp12,31.49298084,2.589235363,53.41429719
Neu5Ac(a2-6)Gal(b1-4)GlcNAc(b1-3)Gal(b1-4)GlcNAc(b1-2)Man(a1-6)[Neu5Ac(a2-6)Gal(b1-4)GlcNAc(b1-3)Gal(b1-4)GlcNAc(b1-2)Man(a1-3)]Man(b1-4)GlcNAc(b1-4)GlcNAc(b1-Sp12,10.55708776,24.20151316,36.6765049
GlcNAc(b1-3)Fuc(a1-Sp21,3.181035188,10.40703434,8.763842058
Gal(b1-3)GalNAc(b1-4)[Neu5Ac(a2-8)Neu5Ac(a2-8)Neu5Ac(a2-3)]Gal(b1-4)Glc(b1-Sp21,10.47017634,14.32114717,17.31478334