IUPAC,PNA 0.1ug/ml,PNA 1ug/ml,PNA 10ug/ml,PNA 100ug/ml
Gal(a1-Sp8,5.718881675,18.72700188,11.81674758,15.73147847
Glc(a1-Sp8,17.61156324,8.148764034,4.704348555,12.56063774
Man(a1-Sp8,4.568273025,6.555255497,7.031009527,12.12166557
GalNAc(a1-Sp8,7.639473627,15.2981889,2.097229141,13.02498211
GalNAc(a1-Sp15,13.77035422,2.586509752,13.96058602,16.26495437
Fuc(a1-Sp8,7.426670109,3.849274627,15.65027929,8.722321015
Fuc(a1-Sp9,12.64887542,4.44535384,5.843939109,13.29789318
Rha(a1-Sp8,7.739428957,2.8705891560000003,3.901623859,3.465137087
Neu5Ac(a1-Sp8,3.686056418,15.88924612,3.988396056,20.74398256
Neu5Ac(a1-Sp11,13.28278124,8.549404154,3.3131227739999995,5.697087087000001
Neu5Ac(b1-Sp8,20.29199196,2.089418644,9.411272662,7.144700857999999
Gal(b1-Sp8,15.05998635,6.475413556,4.640574191000001,33.00576324
Glc(b1-Sp8,13.86716085,6.644426229,9.774974713999999,22.23330947
Man(b1-Sp8,19.72357704,2.6602243999999997,3.6369246719999997,11.0688826
GalNAc(b1-Sp8,26.70454016,7.724641559,4.696904108,21.58974569
GlcNAc(b1-Sp0,11.56703802,11.69753232,2.632393268,29.13713596
GlcNAc(b1-Sp8,15.59856246,6.303658601,2.055961755,10.70079629
GlcN[Gc](b1-Sp8,5.925977996,3.307470697,2.735926063,15.86247552
Gal(b1-4)GlcNAc(b1-6)[Gal(b1-4)GlcNAc(b1-3)]GalNAc(a1-Sp8,8.644561174,5.685168021,8.817097092000001,13.56641262
Gal(b1-4)GlcNAc(b1-6)[Gal(b1-4)GlcNAc(b1-3)]GalNAc(a1-Sp14,7.3372650560000015,6.826443517,12.55207494,17.98711762
GlcNAc(b1-6)[GlcNAc(b1-4)][GlcNAc(b1-3)]GlcNAc(a1-Sp8,9.151732047000001,14.82482588,4.4392406939999995,4.515480965
6S(3S)Gal(b1-4)(6S)GlcNAc(b1-Sp0,11.45842345,22.27389057,9.842151837000001,8.443651848
6S(3S)Gal(b1-4)GlcNAc(b1-Sp0,18.72404817,12.29415132,6.988945587999999,4.530107995
(3S)Gal(b1-4)[Fuc(a1-3)](6S)Glc(a1-Sp0,23.20953718,18.88280697,12.59596943,42.59520652
(3S)Gal(b1-4)Glc(b1-Sp8,11.72161781,10.39460974,10.42424739,20.63812571
(3S)Gal(b1-4)(6S)Glc(b1-Sp0,3.417685975,7.276591692999999,6.60108441,1.9113753709999999
(3S)Gal(b1-4)(6S)Glc(b1-Sp8,4.4164291019999995,5.724348947999999,4.662820459,19.54229579
(3S)Gal(b1-3)[Fuc(a1-4)]GlcNAc(b1-Sp8,6.429918224,4.370573619,4.3811929360000015,1.459072058
(3S)Gal(b1-3)GalNAc(a1-Sp8,7.987189849,6.894042044,6.370933149,4.27837929
(3S)Gal(b1-3)GlcNAc(b1-Sp0,10.1962151,9.915624689,4.408017905,11.13882012
(3S)Gal(b1-3)GlcNAc(b1-Sp8,7.581780527,6.653114045,7.947040287,9.00286461
(3S)Gal(b1-4)[Fuc(a1-3)]GlcNAc(a1-Sp0 ,3.3637929989999997,8.219821606,7.6013944979999994,10.06478557
(3S)Gal(b1-4)[Fuc(a1-3)]GlcNAc(a1-Sp8,4.823908241,8.412303713,6.047861847999999,26.13213231
(3S)Gal(b1-4)(6S)GlcNAc(b1-Sp0,5.3463154,8.033069361,7.202043903,10.48044867
(3S)Gal(b1-4)(6S)GlcNAc(b1-Sp8,12.75521399,6.1169578410000005,8.514591112,4.781877021000001
(3S)Gal(b1-4)GlcNAc(b1-Sp0,4.293037084,8.932790163,7.3936604039999985,4.38777068
(3S)Gal(b1-4)GlcNAc(b1-Sp8,4.525498311000001,22.19027182,4.832499693,2.25462763
(3S)Gal(b1-Sp8,10.38799997,8.886831217000001,9.425647049,6.229081487
(6S)(4S)Gal(b1-4)GlcNAc(b1-Sp0,4.273852224,8.045080333,4.201439738,7.442087176
(4S)Gal(b1-4)GlcNAc(b1-Sp8,6.148667355,2.606868251,1.172768289,5.259414554
(6P)Man(a1-Sp8,7.574184115,2.2105868159999997,19.23829691,6.63239404
(6S)Gal(b1-4)Glc(b1-Sp0,7.507992967000001,5.630829312,9.049024591,8.993586764
(6S)Gal(b1-4)Glc(b1-Sp8,22.62270003,5.09503004,5.114756433999999,42.57541304
(6S)Gal(b1-4)GlcNAc(b1-Sp8,6.265742237,11.03844041,2.920722427,7.234374961
(6S)Gal(b1-4)(6S)Glc(b1-Sp8,8.322575449,11.24709202,1.147180708,1.98754486
Neu5Ac(a2-3)(6S)Gal(b1-4)GlcNAc(b1-Sp8,8.949530538,11.43465661,4.9454048539999995,4.87870429
(6S)GlcNAc(b1-Sp8,8.327508278,1.840527583,4.862087308,8.426109632000001
"Neu5,9Ac2(a1-Sp8",6.701678847,5.663603447000001,4.569203597,5.8794018470000005
"Neu5,9Ac2(a2-6)Gal(b1-4)GlcNAc(b1-Sp8",7.051853553,26.367941499999997,11.39678687,3.876640306
Man(a1-6)[Man(a1-3)]Man(b1-4)GlcNAc(b1-4)GlcNAc(b1-Sp12,6.8980407810000015,10.23041798,24.26256567,14.49099013
Man(a1-6)[Man(a1-3)]Man(b1-4)GlcNAc(b1-4)GlcNAc(b1-Sp13,2.971000578,7.80580048,2.044218087,61.21719026
GlcNAc(b1-2)Man(a1-6)[GlcNAc(b1-2)Man(a1-3)]Man(b1-4)GlcNAc(b1-4)GlcNAc(b1-Sp12,8.606247135,11.77216217,3.6609647360000004,30.65998531
GlcNAc(b1-2)Man(a1-6)[GlcNAc(b1-2)Man(a1-3)]Man(b1-4)GlcNAc(b1-4)GlcNAc(b1-Sp13,3.6084111969999997,14.63777672,13.43243148,5.6348440160000015
Gal(b1-4)GlcNAc(b1-2)Man(a1-6)[Gal(b1-4)GlcNAc(b1-2)Man(a1-3)]Man(b1-4)GlcNAc(b1-4)GlcNAc(b1-Sp12,7.161710642999999,4.276394302,9.893618855,7.319923907000001
Neu5Ac(a2-6)Gal(b1-4)GlcNAc(b1-2)Man(a1-6)[Neu5Ac(a2-6)Gal(b1-4)GlcNAc(b1-2)Man(a1-3)]Man(b1-4)GlcNAc(b1-4)GlcNAc(b1-Sp12,3.4068443669999997,6.411638438,3.519702686,19.46592945
Neu5Ac(a2-6)Gal(b1-4)GlcNAc(b1-2)Man(a1-6)[Neu5Ac(a2-6)Gal(b1-4)GlcNAc(b1-2)Man(a1-3)]Man(b1-4)GlcNAc(b1-4)GlcNAc(b1-Sp13,5.893782438,9.565630204,3.628618183,6.976125639
Neu5Ac(a2-6)Gal(b1-4)GlcNAc(b1-2)Man(a1-6)[Neu5Ac(a2-6)Gal(b1-4)GlcNAc(b1-2)M(an-a)(a1-3)]Man(b1-4)GlcNAc(b1-4)GlcNAc(b1-Sp21,7.761723405,7.59411776,5.168923953999999,4.27695917
Neu5Ac(a2-6)Gal(b1-4)GlcNAc(b1-2)Man(a1-6)[Neu5Ac(a2-6)Gal(b1-4)GlcNAc(b1-2)Man(a1-3)]Man(b1-4)GlcNAc(b1-4)GlcNAc(b1-Sp24,9.093584079,21.02377461,10.50078161,38.35706688
Fuc(a1-2)Gal(b1-3)GalNAc(b1-3)Gal(a1-Sp9,3.359889213,7.202860314,6.768176652999999,11.39748539
Fuc(a1-2)Gal(b1-3)GalNAc(b1-3)Gal(a1-4)Gal(b1-4)Glc(b1-Sp9,12.34536028,9.504399881,5.862968713,3.925606335
Fuc(a1-2)Gal(b1-3)[Fuc(a1-4)]GlcNAc(b1-Sp8,10.17990108,9.876747048,7.104863927,3.249361514
Fuc(a1-2)Gal(b1-3)GalNAc(a1-Sp8,6.2999526679999995,5.9688957920000005,2.527193596,2.393529092
Fuc(a1-2)Gal(b1-3)GalNAc(a1-Sp14,5.633345277999999,10.22291809,8.067161627,5.2016659469999995
Fuc(a1-2)Gal(b1-3)GalNAc(b1-4)[Neu5Ac(a2-3)]Gal(b1-4)Glc(b1-Sp0,14.1604282,16.7692169,16.37483089,28.88529231
Fuc(a1-2)Gal(b1-3)GalNAc(b1-4)[Neu5Ac(a2-3)]Gal(b1-4)Glc(b1-Sp9,6.86886378,2.05739459,2.500679308,11.53632329
Fuc(a1-2)Gal(b1-3)GlcNAc(b1-3)Gal(b1-4)Glc(b1-Sp8,35.79423727,11.42685296,4.246642582,14.56703337
Fuc(a1-2)Gal(b1-3)GlcNAc(b1-3)Gal(b1-4)Glc(b1-Sp10,9.167994477999999,7.36337404,4.076264418,7.938023287999999
Fuc(a1-2)Gal(b1-3)GlcNAc(b1-Sp0,19.34282996,12.73969187,3.6365525360000004,3.95029302
Fuc(a1-2)Gal(b1-3)GlcNAc(b1-Sp8,10.24265007,18.92319599,2.628012832,5.75351783
Fuc(a1-2)Gal(b1-4)[Fuc(a1-3)]GlcNAc(b1-3)Gal(b1-4)[Fuc(a1-3)]GlcNAc(b1-Sp0,10.77678976,20.808413,6.296899048999999,5.374775264
Fuc(a1-2)Gal(b1-4)[Fuc(a1-3)]GlcNAc(b1-3)Gal(b1-4)[Fuc(a1-3)]GlcNAc(b1-3)Gal(b1-4)[Fuc(a1-3)]GlcNAc(b1-Sp0,7.335345047000001,12.65963331,1.7659090469999998,1.692836059
Fuc(a1-2)Gal(b1-4)[Fuc(a1-3)]GlcNAc(b1-Sp0,10.28338659,7.5699603820000005,4.397132563,9.201199927000001
Fuc(a1-2)Gal(b1-4)[Fuc(a1-3)]GlcNAc(b1-Sp8,4.849930167,8.614209228,5.8992875510000005,11.96225449
Fuc(a1-2)Gal(b1-4)GlcNAc(b1-3)Gal(b1-4)GlcNAc(b1-Sp0,9.348971992000001,8.009280456,4.6590987639999994,6.885648641
Fuc(a1-2)Gal(b1-4)GlcNAc(b1-3)Gal(b1-4)GlcNAc(b1-3)Gal(b1-4)GlcNAc(b1-Sp0,10.27708498,2.80698585,6.320573137,5.658714624
Fuc(a1-2)Gal(b1-4)GlcNAc(b1-Sp0,8.279224106000001,8.89490596,1.3835199880000002,4.826868858
Fuc(a1-2)Gal(b1-4)GlcNAc(b1-Sp8,10.01975026,8.184241813,5.985206247000001,3.5197464689999998
Fuc(a1-2)Gal(b1-4)Glc(b1-Sp0,5.824620507000001,2.035089808,5.631535716,13.04584453
Fuc(a1-2)Gal(b1-Sp8,10.56123026,5.738053535,9.877519511000001,5.7924401439999995
Fuc(a1-3)GlcNAc(b1-Sp8,12.85083119,22.86957155,8.358433068,11.66779643
Fuc(a1-4)GlcNAc(b1-Sp8,10.12277041,4.5156473539999995,3.3425637630000002,1.5031771
Fuc(b1-3)GlcNAc(b1-Sp8,5.628258517999999,14.73348546,2.613237023,8.096301707
GalNAc(a1-3)[Fuc(a1-2)]Gal(b1-3)GlcNAc(b1-Sp0,9.453546861,11.54023607,6.402949304,4.743932613999999
GalNAc(a1-3)[Fuc(a1-2)]Gal(b1-4)[Fuc(a1-3)]GlcNAc(b1-Sp0,8.883983379,8.229233941,0.693194949,14.70617597
(3S)Gal(b1-4)[Fuc(a1-3)]Glc(b1-Sp0,10.92642914,6.392226437000001,7.334211869,16.99691876
GalNAc(a1-3)[Fuc(a1-2)]Gal(b1-4)GlcNAc(b1-Sp0,3.025845716,2.285674145,3.3145801319999997,26.21604758
GalNAc(a1-3)[Fuc(a1-2)]Gal(b1-4)GlcNAc(b1-Sp8,7.190651122,1.61160645,0.34826620399999997,19.27236444
GalNAc(a1-3)[Fuc(a1-2)]Gal(b1-4)Glc(b1-Sp0,4.455650563,9.468137599,8.324059853,10.11251301
GlcNAc(b1-3)Gal(b1-3)GalNAc(a1-Sp8,6.056930432000001,9.702088796,12.90957248,5.51037741
GalNAc(a1-3)[Fuc(a1-2)]Gal(b1-Sp8,23.77841376,12.94383539,2.7996396989999996,15.60789933
GalNAc(a1-3)[Fuc(a1-2)]Gal(b1-Sp18,5.543918904,9.151836891,3.345577787,5.930889747999999
GalNAc(a1-3)GalNAc(b1-Sp8,6.294685741,23.46813722,6.3748735860000005,4.521065288
GalNAc(a1-3)Gal(b1-Sp8,4.158864235,4.262036441,4.968270452,186.1798034
GalNAc(a1-4)[Fuc(a1-2)]Gal(b1-4)GlcNAc(b1-Sp8,15.00095588,9.773353419,1.308519026,45.59864382
GalNAc(b1-3)GalNAc(a1-Sp8,18.92057099,6.174135131,6.2753106810000014,5.915387517999999
GalNAc(b1-3)[Fuc(a1-2)]Gal(b1-Sp8,10.47414597,20.42752258,9.915901609,1.8747483619999998
GalNAc(b1-3)Gal(a1-4)Gal(b1-4)GlcNAc(b1-Sp0,8.200527971,16.91321395,12.00591325,11.07312949
GalNAc(b1-4)[Fuc(a1-3)]GlcNAc(b1-Sp0,5.255753854,9.83512781,3.285454914,25.92677566
GalNAc(b1-4)GlcNAc(b1-Sp0,7.897572032999999,9.662895587000001,5.5633467229999995,24.39948133
GalNAc(b1-4)GlcNAc(b1-Sp8,9.63007421,9.912045863,2.941191955,9.330606592999999
Gal(a1-2)Gal(b1-Sp8,6.328199677000001,6.1506009110000015,5.236852104,13.57875928
Gal(a1-3)[Fuc(a1-2)]Gal(b1-3)GlcNAc(b1-Sp0,3.396373497,2.36021309,11.92272533,8.912507057000001
Gal(a1-3)[Fuc(a1-2)]Gal(b1-3)GlcNAc(b1-Sp8,27.51429635,16.38885903,5.027716098,12.66963931
Gal(a1-3)[Fuc(a1-2)]Gal(b1-4)[Fuc(a1-3)]GlcNAc(b1-Sp0,16.02871255,8.545114356000001,14.04513401,9.914524453
Gal(a1-3)[Fuc(a1-2)]Gal(b1-4)[Fuc(a1-3)]GlcNAc(b1-Sp8,1.8922898540000002,3.1003327919999997,19.31280383,9.957947673
Gal(a1-3)[Fuc(a1-2)]Gal(b1-4)GlcNAc(a1-Sp0,6.999931103,11.76457727,8.012695754,5.7579195379999994
Gal(a1-3)[Fuc(a1-2)]Gal(b1-4)Glc(b1-Sp0,9.370566235,4.510806097,6.440000443,2.79240282
Gal(a1-3)[Fuc(a1-2)]Gal(b1-Sp8,4.67091926,9.652722552,6.529811195,10.25064954
Gal(a1-3)[Fuc(a1-2)]Gal(b1-Sp18,9.187328338,4.912636869,3.249700953,11.17436814
Gal(a1-4)[Gal(a1-3)]Gal(b1-4)GlcNAc(b1-Sp8,8.846622361,12.17394145,4.355978894,18.8475379
Gal(a1-3)GalNAc(a1-Sp8,12.77084229,27.94752713,7.663510937000001,36.46058653
Gal(a1-3)GalNAc(a1-Sp16,11.53900224,13.55448957,3.50594754,16.56436312
Gal(a1-3)GalNAc(b1-Sp8,10.4984915,5.614017412999999,2.317675099,18.83794607
Gal(a1-3)Gal(b1-4)[Fuc(a1-3)]GlcNAc(b1-Sp8,7.333200996,8.225403575,14.78783966,5.463478177000001
Gal(a1-3)Gal(b1-3)GlcNAc(b1-Sp0,13.958332500000001,7.354025962000001,5.431493468999999,14.52434466
Gal(a1-3)Gal(b1-4)GlcNAc(b1-Sp8,7.84978417,5.666167889,0.900290925,17.53134971
Gal(a1-3)Gal(b1-4)Glc(b1-Sp0,17.45312386,8.656720929,3.0473875169999998,15.97610206
Gal(a1-3)Gal(b1-4)Glc(a1-Sp10,3.856729857,8.951829477999999,8.053303046,15.51538034
Gal(a1-3)Gal(b1-Sp8,15.87306228,3.843193223,6.798110789,6.775990315
Gal(a1-4)[Fuc(a1-2)]Gal(b1-4)GlcNAc(b1-Sp8,14.96523655,9.397659021,8.663964582,23.81621987
Gal(a1-4)Gal(b1-4)GlcNAc(b1-Sp0,16.11869913,11.55123469,3.4915582960000004,14.2283063
Gal(a1-4)Gal(b1-4)GlcNAc(b1-Sp8,15.50458857,5.044405048,2.133031552,14.50086322
Gal(a1-4)Gal(b1-4)Glc(b1-Sp0,3.147380847,5.854814605,4.612039842,13.9993421
Gal(a1-4)GlcNAc(b1-Sp8,3.6084026,4.411128199,4.097697305,7.421318424
Gal(a1-6)Glc(b1-Sp8,10.65319377,15.26878292,8.324825215,6.977093967
Gal(b1-2)Gal(b1-Sp8,7.258318635,10.59551737,7.4486125329999995,34.55243997
Gal(b1-3)[Fuc(a1-4)]GlcNAc(b1-3)Gal(b1-4)[Fuc(a1-3)]GlcNAc(b1-Sp0,12.15037271,6.780237616,5.53647548,15.51586055
Gal(b1-3)[Fuc(a1-4)]GlcNAc(b1-3)Gal(b1-4)GlcNAc(b1-Sp0,3.020049553,2.828515687,10.02339732,11.02586949
Gal(b1-3)[Fuc(a1-4)]GlcNAc(a1-Sp0,7.290112708,17.37044215,4.918317114,13.83001737
Gal(b1-3)[Fuc(a1-4)]GlcNAc(a1-Sp8 ,3.817305738,3.59170957,8.509810632,4.897266008
Fuc(a1-4)[Gal(b1-3)]GlcNAc(b1-Sp8,9.129651986,20.47720551,7.266525978,8.927539422
Gal(b1-4)GlcNAc(b1-6)GalNAc(a1-Sp8,3.034759919,7.612731822000001,6.303259699,12.54612622
Gal(b1-4)GlcNAc(b1-6)GalNAc(a1-Sp14,9.131618316,13.58012928,1.850034566,16.72860536
GlcNAc(b1-6)[Gal(b1-3)]GalNAc(a1-Sp8,81.69388804,1267.9350689999999,705.402915,654.3653194
GlcNAc(b1-6)[Gal(b1-3)]GalNAc(a1-Sp14,20.30916365,197.4523082,1281.33438,2524.211192
Neu5Ac(a2-6)[Gal(b1-3)]GalNAc(a1-Sp8,7.426300045,46.52189989,517.087376,4423.577421
Neu5Ac(a2-6)[Gal(b1-3)]GalNAc(a1-Sp14,19.12009649,27.69414223,140.0504132,3944.411021
Neu5Ac(b2-6)[Gal(b1-3)]GalNAc(a1-Sp8,23.347364499999998,378.7304045,1559.115036,3934.0073409999995
Neu5Ac(a2-6)[Gal(b1-3)]GlcNAc(b1-4)Gal(b1-4)Glc(b1-Sp10,9.080808129,15.90683195,9.323525684,16.56064206
Gal(b1-3)GalNAc(a1-Sp8,18.4157562,278.5581357,717.9245892999999,302.0053752
Gal(b1-3)GalNAc(a1-Sp14,10.91230462,132.0742605,999.2552842,3637.2846270000014
Gal(b1-3)GalNAc(a1-Sp16,6.229867437999999,74.74729657,313.1102946000001,1272.5207380000004
Gal(b1-3)GalNAc(b1-Sp8,78.70207409,2759.0295579999997,1123.894172,1610.090197
Gal(b1-3)GalNAc(b1-3)Gal(a1-4)Gal(b1-4)Glc(b1-Sp0,45.26648917,298.0536893000001,1161.519363,16643.57634
Gal(b1-3)GalNAc(b1-4)[Neu5Ac(a2-3)]Gal(b1-4)Glc(b1-Sp0,4.6802265830000005,120.5753731,1671.24527,2268.833353
Gal(b1-3)GalNAc(b1-4)Gal(b1-4)Glc(b1-Sp8,19.54203767,442.71788719999995,1008.5161099999999,929.6277521
Gal(b1-3)Gal(b1-Sp8,4.30458366,5.990877948,73.19280341,2737.027659
Gal(b1-3)GlcNAc(b1-3)Gal(b1-4)GlcNAc(b1-Sp0,14.62363806,3.979692215,2.6158332719999997,11.53595575
Gal(b1-3)GlcNAc(b1-3)Gal(b1-4)Glc(b1-Sp10,3.016395029,6.1655894060000005,4.606915322,22.19644171
Gal(b1-3)GlcNAc(b1-Sp0,12.81029984,14.85092852,3.4490467939999996,8.977410964
Gal(b1-3)GlcNAc(b1-Sp8,12.39633756,3.62648558,3.559901637,14.27803254
Gal(b1-4)[Fuc(a1-3)]GlcNAc(b1-Sp0,9.784649522999999,10.24075796,5.360135014,1.251841027
Gal(b1-4)[Fuc(a1-3)]GlcNAc(b1-Sp8,16.88370753,4.524857879,4.722039464,15.73508753
Gal(b1-4)[Fuc(a1-3)]GlcNAc(b1-4)Gal(b1-4)[Fuc(a1-3)]GlcNAc(b1-Sp0,7.456433947000001,7.349028402,8.113401748,9.084065342999999
Gal(b1-4)[Fuc(a1-3)]GlcNAc(b1-4)Gal(b1-4)[Fuc(a1-3)]GlcNAc(b1-4)Gal(b1-4)[Fuc(a1-3)]GlcNAc(b1-Sp0,5.748904081,7.4117713610000004,2.346803681,6.882877492
Gal(b1-4)(6S)Glc(b1-Sp0,5.154877114,10.83017483,5.226980558,5.303392063
Gal(b1-4)(6S)Glc(b1-Sp8,13.43606365,7.300411839,15.74145338,12.94322365
Gal(b1-4)GalNAc(a1-3)[Fuc(a1-2)]Gal(b1-4)GlcNAc(b1-Sp8,7.593268422,3.62226716,46.51028241,2214.984877
Gal(b1-4)GalNAc(b1-3)[Fuc(a1-2)]Gal(b1-4)GlcNAc(b1-Sp8,5.025744157,10.30586621,8.395123581,42.33211972
Gal(b1-4)GlcNAc(b1-3)GalNAc(a1-Sp8,4.617776878,17.07923657,4.786594336,2.842908333
Gal(b1-4)GlcNAc(b1-3)GalNAc(a1-Sp14,4.338563921,3.177363048,5.676193408,8.237751343
Gal(b1-4)GlcNAc(b1-3)Gal(b1-4)[Fuc(a1-3)]GlcNAc(b1-3)Gal(b1-4)[Fuc(a1-3)]GlcNAc(b1-Sp0,8.432827547999999,6.016513614,4.121965479,7.6017838960000015
Gal(b1-4)GlcNAc(b1-3)Gal(b1-4)GlcNAc(b1-3)Gal(b1-4)GlcNAc(b1-Sp0,1.309242889,5.778421813,5.304532392,9.539389256
Gal(b1-4)GlcNAc(b1-3)Gal(b1-4)GlcNAc(b1-Sp0,1.431671278,1.20204724,3.904721663,11.52226299
Gal(b1-4)GlcNAc(b1-3)Gal(b1-4)Glc(b1-Sp0,5.050092674,6.5448459360000015,16.42380924,48.77504333
Gal(b1-4)GlcNAc(b1-3)Gal(b1-4)Glc(b1-Sp8,10.12609445,14.43397216,4.582813002,17.12623782
Gal(b1-4)GlcNAc(b1-6)[Gal(b1-3)]GalNAc(a1-Sp8,33.50059327,505.371212,2347.608138,1330.162963
Gal(b1-4)GlcNAc(b1-6)[Gal(b1-3)]GalNAc(a1-Sp14,33.131809499999996,172.9887549,1017.6120490000001,2719.964309
Gal(b1-4)GlcNAc(b1-Sp0,14.769023800000001,6.51252635,7.091423885,9.746420067
Gal(b1-4)GlcNAc(b1-Sp8,16.22574154,2.899313121,5.3940335489999995,11.74241708
Gal(b1-4)GlcNAc(b1-Sp23,5.248829198999999,3.04925216,2.961282863,14.07571677
Gal(b1-4)Glc(b1-Sp0,4.351997787,7.1463705960000015,17.92172656,92.85181216
Gal(b1-4)Glc(b1-Sp8,9.360166963,7.970509628999999,6.330211785,128.3867483
GlcNAc(a1-3)Gal(b1-4)GlcNAc(b1-Sp8,2.0608750419999997,7.119259457999999,14.87250055,8.066224209
GlcNAc(a1-6)Gal(b1-4)GlcNAc(b1-Sp8,6.698316292,5.218246097,3.5279800760000004,13.57025359
GlcNAc(b1-2)Gal(b1-3)GalNAc(a1-Sp8,13.003859599999998,15.92126579,5.214221413,5.659391677
GlcNAc(b1-6)[GlcNAc(b1-3)]GalNAc(a1-Sp8,11.59347965,13.062885099999999,4.222966798,38.3446283
GlcNAc(b1-6)[GlcNAc(b1-3)]GalNAc(a1-Sp14,5.4082755129999995,11.09052931,1.4592667030000002,6.94139167
GlcNAc(b1-6)[GlcNAc(b1-3)]Gal(b1-4)GlcNAc(b1-Sp8,11.37178246,23.09110585,91.56758126,921.6572006000001
GlcNAc(b1-3)GalNAc(a1-Sp8,13.22057421,5.148518248,10.90976605,4.419820396
GlcNAc(b1-3)GalNAc(a1-Sp14,3.295121767,6.5253238,0.7686264159999999,4.1604634460000005
GlcNAc(b1-3)Gal(b1-Sp8,7.884756045,6.827010035,2.301998168,43.38811418
GlcNAc(b1-3)Gal(b1-4)GlcNAc(b1-Sp0,5.518913884,6.359096416,3.880735537,288.0074507
GlcNAc(b1-3)Gal(b1-4)GlcNAc(b1-Sp8,2.94183834,12.33523069,10.10169836,290.9638258
GlcNAc(b1-3)Gal(b1-4)GlcNAc(b1-3)Gal(b1-4)GlcNAc(b1-Sp0,18.70145735,5.999037472,17.50799466,77.32579543
GlcNAc(b1-3)Gal(b1-4)Glc(b1-Sp0,5.96854222,16.23137232,5.4958723360000015,31.47269864
GlcNAc(b1-4)(a1-MDPLys,9.481005816,25.77306611,1.15433259,22.63538229
GlcNAc(b1-6)[GlcNAc(b1-4)]GalNAc(a1-Sp8,3.4844407310000003,20.37067779,10.41424287,5.887643015
GlcNAc(b1-4)Gal(b1-4)GlcNAc(b1-Sp8,3.9062569430000003,6.937998749,7.352190567,4.3331988180000005
GlcNAc(b1-4)GlcNAc(b1-4)GlcNAc(b1-4)GlcNAc(b1-4)GlcNAc(b1-4)GlcNAc(b1-Sp8,5.800509162999999,7.079944573,10.09242666,26.73686152
GlcNAc(b1-4)GlcNAc(b1-4)GlcNAc(b1-4)GlcNAc(b1-4)GlcNAc(b1-Sp8,13.944889800000002,18.89889351,4.410433768,15.66906656
GlcNAc(b1-4)GlcNAc(b1-4)GlcNAc(b1-Sp8,5.294027113,12.92841027,3.932060776,37.96985348
GlcNAc(b1-6)GalNAc(a1-Sp8,1.021733858,9.834701031,7.445160603,36.15672651
GlcNAc(b1-6)GalNAc(a1-Sp14,2.645257384,10.17549895,6.952342814,4.127968948
GlcNAc(b1-6)Gal(b1-4)GlcNAc(b1-Sp8,5.776661585,10.24645253,6.921578608,46.63700184
Glc(a1-4)Glc(b1-Sp8,15.33554568,5.432766707000001,3.585637263,15.63388321
Glc(a1-4)Glc(a1-Sp8,12.3972851,13.53809582,3.098474125,13.3263281
Glc(a1-6)Glc(a1-6)Glc(b1-Sp8,6.935018508,5.9811422379999994,10.17844226,16.45280502
Glc(b1-4)Glc(b1-Sp8,2.3480025909999998,6.357272417000001,7.433068826,3.600062175
Glc(b1-6)Glc(b1-Sp8,7.159485877000001,9.441609949,7.301796134,10.58411643
G-ol(a1-Sp8,7.000058534,4.810006142,22.49750302,7.536710602
GlcA(a1-Sp8,11.61060263,23.82243998,3.0907615089999996,30.07329306
GlcA(b1-Sp8,11.0810442,20.02244941,8.840247892999999,30.96415965
GlcA(b1-3)Gal(b1-Sp8,13.81828654,9.511426671,10.97797476,18.63955742
GlcA(b1-6)Gal(b1-Sp8,14.6213362,11.16377022,2.587102336,12.5586906
KDN(a2-3)Gal(b1-3)GlcNAc(b1-Sp0,7.255740224,14.26195901,6.028375545,24.32292302
KDN(a2-3)Gal(b1-4)GlcNAc(b1-Sp0,2.86271981,13.79036105,6.154971918999999,20.75057658
Man(a1-2)Man(a1-2)Man(a1-3)Man(a1-Sp9,11.56299895,22.78530507,3.750179517,3.8622685469999998
Man(a1-2)Man(a1-6)[Man(a1-2)Man(a1-3)]Man(a1-Sp9,3.938995813,12.94134442,2.830626993,2.257732861
Man(a1-2)Man(a1-3)Man(a1-Sp9,6.499571296,5.583864569,6.34500004,10.83533027
Man(a1-6)[Man(a1-2)Man(a1-3)]Man(a1-6)[Man(a1-2)Man(a1-3)]Man(b1-4)GlcNAc(b1-4)GlcNAc(b1-Sp12,5.140092283,11.18534785,4.898788361,16.92209921
Man(a1-2)Man(a1-6)[Man(a1-3)]Man(a1-6)[Man(a1-2)Man(a1-2)Man(a1-3)]Man(b1-4)GlcNAc(b1-4)GlcNAc(b1-Sp12,8.137710487,11.5965599,5.91894871,8.778792745
Man(a1-2)Man(a1-6)[Man(a1-2)Man(a1-3)]Man(a1-6)[Man(a1-2)Man(a1-2)Man(a1-3)]Man(b1-4)GlcNAc(b1-4)GlcNAc(b1-Sp12,8.582659108,6.1277313179999995,18.32458024,30.06582518
Man(a1-6)[Man(a1-3)]Man(a1-Sp9,3.895939907,6.4921171829999995,3.79781369,9.944739183
Man(a1-2)Man(a1-2)Man(a1-6)[Man(a1-3)]Man(a1-Sp9,10.81734558,7.87423132,5.468935501,16.88439752
Man(a1-6)[Man(a1-3)]Man(a1-6)[Man(a1-2)Man(a1-3)]Man(b1-4)GlcNAc(b1-4)GlcNAc(b1-Sp12,17.14132606,14.02379869,36.16956395,95.28351716
Man(a1-6)[Man(a1-3)]Man(a1-6)[Man(a1-3)]Man(b1-4)GlcNAc(b1-4)GlcNAc(b1-Sp12,15.87393375,12.17336929,6.63490904,5.486285944
Man(b1-4)GlcNAc(b1-Sp0,10.83635178,5.508028099,1.218446817,17.99609322
Neu5Ac(a2-3)Gal(b1-4)GlcNAc(b1-3)Gal(b1-4)[Fuc(a1-3)]GlcNAc(b1-Sp0,2.157248144,14.77418583,13.23784688,7.709224817999999
(3S)Gal(b1-4)[Fuc(a1-3)](6S)GlcNAc(b1-Sp8,10.96922675,7.9496829579999995,3.4406021769999997,11.93429334
Fuc(a1-2)(6S)Gal(b1-4)GlcNAc(b1-Sp0,9.909500706000001,2.629890797,5.886236812000001,5.173483105
Fuc(a1-2)Gal(b1-4)(6S)GlcNAc(b1-Sp8,10.97508597,4.1175967060000005,7.463182871,6.905431861
Fuc(a1-2)(6S)Gal(b1-4)(6S)Glc(b1-Sp0,11.32332338,16.64657539,9.926627254,4.5122391230000005
Neu5Ac(a2-3)Gal(b1-3)GalNAc(a1-Sp8,11.74050653,6.162454946,2.320486675,8.126564598
Neu5Ac(a2-3)Gal(b1-3)GalNAc(a1-Sp14,8.630536236000001,10.64715495,3.2936462260000003,15.49707218
GalNAc(b1-4)[Neu5Ac(a2-8)Neu5Ac(a2-8)Neu5Ac(a2-8)Neu5Ac(a2-3)]Gal(b1-4)Glc(b1-Sp0,2.875539491,8.668178843,5.6625823010000005,29.70418949
GalNAc(b1-4)[Neu5Ac(a2-8)Neu5Ac(a2-8)Neu5Ac(a2-3)]Gal(b1-4)Glc(b1-Sp0,13.65664269,14.36585762,6.200398101,38.182580200000004
Neu5Ac(a2-8)Neu5Ac(a2-8)Neu5Ac(a2-3)Gal(b1-4)Glc(b1-Sp0,2.903529937,4.521596957,8.040732118,1.553339781
GalNAc(b1-4)[Neu5Ac(a2-8)Neu5Ac(a2-3)]Gal(b1-4)Glc(b1-Sp0,5.498801683,12.96004027,3.752334352,19.070420300000002
Neu5Ac(a2-8)Neu5Ac(a2-8)Neu5Ac(a1-Sp8,2.4917332009999997,8.663487601,4.0355269210000015,12.44185229
Neu5Ac(a2-3)(6S)Gal(b1-4)[Fuc(a1-3)]GlcNAc(b1-Sp8,2.55812766,16.79507629,11.05373536,2.70284561
GalNAc(b1-4)[Neu5Ac(a2-3)]Gal(b1-4)GlcNAc(b1-Sp0,4.046268777,5.5299761929999995,14.00755746,14.76613969
GalNAc(b1-4)[Neu5Ac(a2-3)]Gal(b1-4)GlcNAc(b1-Sp8,18.02635442,6.3287389670000005,8.346896967000001,5.070479681
GalNAc(b1-4)[Neu5Ac(a2-3)]Gal(b1-4)Glc(b1-Sp0,79.69668621,13.90406919,0.8977529259999999,328.45160510000005
Neu5Ac(a2-3)Gal(b1-3)GalNAc(b1-4)[Neu5Ac(a2-3)]Gal(b1-4)Glc(b1-Sp0,9.684373692000001,6.614607199,5.9280682239999996,14.04012348
Neu5Ac(a2-6)[Neu5Ac(a2-3)]GalNAc(a1-Sp8,10.03368583,16.78022485,2.604263829,10.94362008
Neu5Ac(a2-3)GalNAc(a1-Sp8,5.321296181,6.863917381,2.8902349139999997,9.815967253
Neu5Ac(a2-3)GalNAc(b1-4)GlcNAc(b1-Sp0,8.07521509,14.22591959,1.5780667130000001,5.559691302999999
Neu5Ac(a2-3)Gal(b1-3)(6S)GlcNAc(a1-Sp8,15.54291137,10.0153898,12.26766631,9.906878035
Neu5Ac(a2-3)Gal(b1-3)[ Fuc(a1-4)]GlcNAc(b1-Sp8,9.772283728,6.70618084,4.966094088,10.75460654
Neu5Ac(a2-3)Gal(b1-3)[Fuc(a1-4)]GlcNAc(b1-3)Gal(b1-4)[Fuc(a1-3)]GlcNAc(b1-Sp0,3.41754896,9.052220145,3.0366522469999997,11.77448297
Neu5Ac(a2-3)Gal(b1-4)[Neu5Ac(a2-3)Gal(b1-3)]GlcNAc(b1-Sp8,4.777378519,15.19710963,8.0217926,22.97390131
Neu5Ac(a2-3)Gal(b1-3)(6S)GalNAc(a1-Sp8,7.774501514,6.266234788999999,5.973202799,5.001897569
Neu5Ac(a2-6)[Neu5Ac(a2-3)Gal(b1-3)]GalNAc(a1-Sp8,9.026116204,3.033691047,2.574411678,10.79496802
Neu5Ac(a2-6)[Neu5Ac(a2-3)Gal(b1-3)]GalNAc(a1-Sp14,21.37944175,2.530923013,4.737083189,22.61139938
Neu5Ac(a2-3)Gal(b1-Sp8,13.72653164,6.684582774,19.68608254,4.011366822
Neu5Ac(a2-3)Gal(b1-3)GalNAc(b1-3)Gal(a1-4)Gal(b1-4)Glc(b1-Sp0,19.95873397,6.380443336,3.653209687,17.84785393
Neu5Ac(a2-3)Gal(b1-3)GlcNAc(b1-3)Gal(b1-4)GlcNAc(b1-Sp0,13.32334183,8.344135778,6.253416981,11.14121813
Fuc(a1-2)(6S)Gal(b1-4)Glc(b1-Sp0,12.62172992,6.010276405,9.235711625,6.884579129
Neu5Ac(a2-3)Gal(b1-3)GlcNAc(b1-Sp0,19.29284259,6.769608315,3.6075457280000003,9.474374739
Neu5Ac(a2-3)Gal(b1-3)GlcNAc(b1-Sp8,8.062480277999999,12.66181254,5.070547236,12.21886767
Neu5Ac(a2-3)Gal(b1-4)(6S)GlcNAc(b1-Sp8,3.7768780489999996,18.36430729,6.913508926,8.873755179
Neu5Ac(a2-3)Gal(b1-4)[Fuc(a1-3)](6S)GlcNAc(b1-Sp8,11.18554027,9.222889046,4.665937317,7.162023947000001
Neu5Ac(a2-3)Gal(b1-4)[Fuc(a1-3)]GlcNAc(b1-3)Gal(b1-4)[Fuc(a1-3)]GlcNAc(b1-3)Gal(b1-4)[Fuc(a1-3)]GlcNAc(b1-Sp0,5.93067387,9.032041702999999,2.42657519,6.357592905
Neu5Ac(a2-3)Gal(b1-4)[Fuc(a1-3)]GlcNAc(b1-Sp0,2.111181951,12.57849723,2.45185357,4.4601375260000005
Neu5Ac(a2-3)Gal(b1-4)[Fuc(a1-3)]GlcNAc(b1-Sp8,6.135958202,5.572434983,1.004896207,2.646297884
Neu5Ac(a2-3)Gal(b1-4)[Fuc(a1-3)]GlcNAc(b1-3)Gal(b1-Sp8,8.453401143999999,7.6888128239999975,3.056794571,9.739710048
Neu5Ac(a2-3)Gal(b1-4)[Fuc(a1-3)]GlcNAc(b1-3)Gal(b1-4)GlcNAc(b1-Sp8,7.960211342000001,9.22925736,4.874607043,22.17300007
Neu5Ac(a2-3)Gal(b1-4)GlcNAc(b1-3)Gal(b1-4)GlcNAc(b1-3)Gal(b1-4)GlcNAc(b1-Sp0,6.333094507999999,9.239898752,0.260108817,6.16441047
Neu5Ac(a2-3)Gal(b1-4)GlcNAc(b1-Sp0,20.70212522,4.480279883,6.920550477000001,11.86708232
Neu5Ac(a2-3)Gal(b1-4)GlcNAc(b1-Sp8,4.784514842,10.67541743,4.54687364,4.317378573
Neu5Ac(a2-3)Gal(b1-4)GlcNAc(b1-3)Gal(b1-4)GlcNAc(b1-Sp0,1.9309706580000001,9.863709487000001,6.406428764,30.501095899999996
Fuc(a1-2)Gal(b1-4)(6S)Glc(b1-Sp0,6.9202990920000005,13.64971043,20.09581799,10.22101668
Neu5Ac(a2-3)Gal(b1-4)Glc(b1-Sp0,14.46457462,6.818827783,15.50672457,2.852792004
Neu5Ac(a2-3)Gal(b1-4)Glc(b1-Sp8,4.99130491,13.74786414,5.615032424,6.164935665
Neu5Ac(a2-6)GalNAc(a1-Sp8,7.0412321129999995,6.598147461,3.976591501,6.544627445
Neu5Ac(a2-6)GalNAc(b1-4)GlcNAc(b1-Sp0,8.999340323,9.04125492,6.218587369,70.64084955
Neu5Ac(a2-6)Gal(b1-4)(6S)GlcNAc(b1-Sp8,21.4583943,5.560546385,1.9390121530000002,16.58179859
Neu5Ac(a2-6)Gal(b1-4)GlcNAc(b1-Sp0,7.013938415,8.77027596,7.926923325,5.102286272
Neu5Ac(a2-6)Gal(b1-4)GlcNAc(b1-Sp8,9.798554607,8.479923526,7.099417175,2.9801423419999997
Neu5Ac(a2-6)Gal(b1-4)GlcNAc(b1-3)Gal(b1-4)[Fuc(a1-3)]GlcNAc(b1-3)Gal(b1-4)[Fuc(a1-3)]GlcNAc(b1-Sp0,7.7468185,17.940699300000006,5.19047456,8.757174598999999
Neu5Ac(a2-6)Gal(b1-4)GlcNAc(b1-3)Gal(b1-4)GlcNAc(b1-Sp0,7.507928509,15.96443255,3.6932798310000003,11.32949397
Neu5Ac(a2-6)Gal(b1-4)Glc(b1-Sp0,7.919916664,22.08554226,16.75337064,6.769746767000001
Neu5Ac(a2-6)Gal(b1-4)Glc(b1-Sp8,23.08181296,13.72346235,11.34205483,10.06313176
Neu5Ac(a2-6)Gal(b1-Sp8,16.26186833,5.868454158,13.18321045,8.15323623
Neu5Ac(a2-8)Neu5Ac(a1-Sp8,5.8663546339999995,10.85155008,6.714998725,3.4833738569999997
Neu5Ac(a2-8)Neu5Ac(a2-3)Gal(b1-4)Glc(b1-Sp0,3.431469665,4.914489391,2.20531536,3.446986794
Gal(b1-3)[Fuc(a1-4)]GlcNAc(b1-3)Gal(b1-3)[Fuc(a1-4)]GlcNAc(b1-Sp0,9.372687153,5.372914463,8.827877493999999,3.108168455
Neu5Ac(b2-6)GalNAc(a1-Sp8,7.679019331,7.349691287000001,10.49482875,12.28848074
Neu5Ac(b2-6)Gal(b1-4)GlcNAc(b1-Sp8,4.242108643,1.4468351169999998,2.386259095,9.210103282
Neu5Gc(a2-3)Gal(b1-3)[Fuc(a1-4)]GlcNAc(b1-Sp0,17.26568879,1.385779874,16.79402296,4.767948426
Neu5Gc(a2-3)Gal(b1-3)GlcNAc(b1-Sp0,3.724195305,4.6653880160000005,0.924227549,4.237871962
Neu5Gc(a2-3)Gal(b1-4)[Fuc(a1-3)]GlcNAc(b1-Sp0,6.384370196,4.195405933,10.13232642,4.348356245
Neu5Gc(a2-3)Gal(b1-4)GlcNAc(b1-Sp0,8.4657856,17.32332293,5.27400867,18.17722967
Neu5Gc(a2-3)Gal(b1-4)Glc(b1-Sp0,16.83787126,9.43991019,4.756114773999999,5.331995393
Neu5Gc(a2-6)GalNAc(a1-Sp0,4.439007902,9.60696192,10.64851584,2.296465885
Neu5Gc(a2-6)Gal(b1-4)GlcNAc(b1-Sp0,5.381925557000001,7.1427883,8.357376149,1.83488038
Neu5Gc(a1-Sp8,6.177013089,11.25643277,1.9903880330000001,5.911232768
Neu5Ac(a2-3)Gal(b1-4)GlcNAc(b1-6)[Gal(b1-3)]GalNAc(a1-Sp14,8.883086071000001,256.83235010000004,1008.120287,516.0620369
Gal(b1-3)GlcNAc(b1-3)Gal(b1-3)GlcNAc(b1-Sp0,5.354552481,9.465976847,9.532890026,4.954250743
Gal(b1-4)[Fuc(a1-3)](6S)GlcNAc(b1-Sp0 ,4.5298522210000005,18.68898509,8.904137279,12.79135012
Gal(b1-4)[Fuc(a1-3)](6S)Glc(b1-Sp0,3.074050088,6.199736075,27.68770114,15.13090211
Gal(b1-4)[Fuc(a1-3)]GlcNAc(b1-3)Gal(b1-3)[Fuc(a1-4)]GlcNAc(b1-Sp0,8.542021088,8.020730773,9.039881055,9.495513463
Gal(b1-4)GlcNAc(b1-3)Gal(b1-3)GlcNAc(b1-Sp0,6.333128325,10.61469079,11.64944677,16.43108883
Neu5Ac(a2-3)Gal(b1-3)GlcNAc(b1-3)Gal(b1-3)GlcNAc(b1-Sp0,7.652941103,4.727698408,4.0234144039999995,11.49928264
Neu5Ac(a2-3)Gal(b1-4)GlcNAc(b1-3)Gal(b1-3)GlcNAc(b1-Sp0,3.7441126319999998,8.65761026,2.701699011,7.832712767
4S(3S)Gal(b1-4)GlcNAc(b1-Sp0,11.28996717,9.280905489,12.71700129,3.369605177
(6S)Gal(b1-4)(6S)GlcNAc(b1-Sp0,13.12908992,2.687961679,1.5507993569999998,2.8193440969999997
(6P)Glc(b1-Sp10,8.480836602,2.463111847,5.378800936,2.863574453
Neu5Ac(a2-3)Gal(b1-4)[Fuc(a1-3)]GlcNAc(b1-6)[Gal(b1-3)]GalNAc(a1-Sp14,9.756576427,13.00734544,16.56800338,55.35824242
Gal(b1-3)Gal(b1-4)GlcNAc(b1-Sp8,21.68351577,17.69259625,44.08674317,407.4683451
Neu5Ac(a2-6)Gal(b1-4)GlcNAc(b1-2)Man(a1-6)[Gal(b1-4)GlcNAc(b1-2)Man(a1-3)]Man(b1-4)GlcNAc(b1-4)GlcNAc(b1-Sp12,3.007737325,8.199049906,5.843503429,38.29418916
Gal(b1-4)GlcNAc(b1-6)[Gal(b1-4)GlcNAc(b1-3)]Gal(b1-4)GlcNAc(a1-Sp0,6.506704997999999,13.77869657,6.743174712999999,13.64469101
GlcNAc(b1-6)[Gal(b1-4)GlcNAc(b1-3)]Gal(b1-4)GlcNAc(a1-Sp0,5.5707667160000005,8.910310294,5.344311483,37.47625472
Gal(b1-4)GlcNAc(a1-6)Gal(b1-4)GlcNAc(b1-Sp0,11.35872695,5.78376997,1.063740562,19.6422188
Gal(b1-4)GlcNAc(b1-6)Gal(b1-4)GlcNAc(b1-Sp0,10.88600572,21.396163199999997,3.0247434810000002,29.57726477
GalNAc(b1-3)Gal(b1-Sp8,3.565136737,4.7428997630000005,3.826683035,6.070955412999999
GlcA(b1-3)GlcNAc(b1-Sp8,7.303696637000001,7.1718564160000025,4.810477724,7.233198507999999
Neu5Ac(a2-6)Gal(b1-4)GlcNAc(b1-2)Man(a1-6)[GlcNAc(b1-2)Man(a1-3)]Man(b1-4)GlcNAc(b1-4)GlcNAc(b1-Sp12,8.796983083999999,4.997850476,11.33976168,15.38201405
GlcNAc(b1-3)Ma(n1-Sp10,5.676694611,4.038038215,5.4392412189999995,16.75679538
GlcNAc(b1-4)GlcNAc(b1-Sp10,13.1098893,9.031198301,4.808838582,23.77499946
GlcNAc(b1-4)GlcNAc(b1-Sp12,12.29019824,10.64278757,11.68237178,53.70474037
MurNAc(b1-4)GlcNAc(b1-Sp10,17.10610979,4.930682332,7.947135372000001,21.90541694
Man(a1-6)Man(b1-Sp10,26.72495556,5.822052805,6.502151126,18.90031459
Man(a1-6)[Man(a1-3)]Man(a1-6)[Man(a1-3)]Man(b1-Sp10,6.194558627999999,9.762449356,20.68659881,8.806897735
Man(a1-2)Man(a1-6)[Man(a1-3)]Man(a1-6)[Man(a1-2)Man(a1-2)Man(a1-3)]Man(a1-Sp9,8.283670714,5.7013365810000005,0.563943865,7.678739142
Man(a1-2)Man(a1-6)[Man(a1-2)Man(a1-3)]Man(a1-6)[Man(a1-2)Man(a1-2)Man(a1-3)]Man(a1-Sp9,24.00978167,13.68062975,2.7281144860000004,11.749243199999999
Neu5Ac(a2-3)Gal(b1-4)GlcNAc(b1-6)[Neu5Ac(a2-3)Gal(b1-3)]GalNAc(a1-Sp14,7.152118692999999,4.0509228560000015,9.204456752,3.6344708160000003
Neu5Ac(a2-6)Gal(b1-4)GlcNAc(b1-2)Man(a1-6)[Neu5Ac(a2-3)Gal(b1-4)GlcNAc(b1-2)Man(a1-3)]Man(b1-4)GlcNAc(b1-4)GlcNAc(b1-Sp12,7.750932521,15.88777447,4.059106019,8.273671957000001
Gal(b1-4)GlcNAc(b1-2)Man(a1-6)[Neu5Ac(a2-6)Gal(b1-4)GlcNAc(b1-2)Man(a1-3)]Man(b1-4)GlcNAc(b1-4)GlcNAc(b1-Sp12,2.7088251010000004,21.93586676,3.337997003,1.181020433
GlcNAc(b1-2)Man(a1-6)[Neu5Ac(a2-6)Gal(b1-4)GlcNAc(b1-2)Man(a1-3)]Man(b1-4)GlcNAc(b1-4)GlcNAc(b1-Sp12,9.819779326,12.45721006,7.391293652000001,5.8803555360000015
Neu5Ac(a2-8)Neu5Ac(b1-Sp17,9.769413243999999,5.4482216810000015,3.224621796,14.14190009
Neu5Ac(a2-8)Neu5Ac(a2-8)Neu5Ac(b1-Sp8,5.439848445,2.143893929,4.02829234,5.392217082999999
Neu5Gc(b2-6)Gal(b1-4)GlcNAc(a1-Sp8,10.11034505,9.40689244,3.724973083,9.142406042000001
Gal(b1-3)GlcNAc(b1-2)Man(a1-6)[Gal(b1-3)GlcNAc(b1-2)Man(a1-3)]Man(b1-4)GlcNAc(b1-4)GlcNAc(b1-Sp19,11.24632857,11.12160756,12.43331401,185.5046243
Neu5Ac(a2-3)Gal(b1-4)GlcNAc(b1-2)Man(a1-6)[Neu5Ac(a2-3)Gal(b1-4)GlcNAc(b1-2)Man(a1-3)]Man(b1-4)GlcNAc(b1-4)GlcNAc(b1-Sp12,10.13445461,1.603605856,10.64188982,22.20890642
Neu5Ac(a2-3)Gal(b1-4)GlcNAc(b1-2)Man(a1-6)[Neu5Ac(a2-6)Gal(b1-4)GlcNAc(b1-2)Man(a1-3)]Man(b1-4)GlcNAc(b1-4)GlcNAc(b1-Sp12,4.5173406069999995,6.360409397000001,11.46630128,16.1768759
Gal(b1-4)[Fuc(a1-3)]GlcNAc(b1-2)Man(a1-6)[Gal(b1-4)[Fuc(a1-3)]GlcNAc(b1-2)Man(a1-3)]Man(b1-4)GlcNAc(b1-4)GlcNAc(b1-Sp20,11.48701889,8.316909658,1.954219282,5.005163099
"Neu5,9Ac2(a2-3)Gal(b1-4)GlcNAc(b1-Sp0",6.708571212000001,8.01913333,4.861714836,24.02591343
"Neu5,9Ac2(a2-3)Gal(b1-4)GlcNAc(b1-Sp0",4.008649292,1.7366571919999998,6.588494277000001,11.11635728
Neu5Ac(a2-6)Gal(b1-4)GlcNAc(b1-3)Gal(b1-3)GlcNAc(b1-Sp0,1.708048596,4.587658907,4.523670376,10.92042721
Neu5Ac(a2-3)Gal(b1-3)[Fuc(a1-4)]GlcNAc(b1-3)Gal(b1-3)[Fuc(a1-4)]GlcNAc(b1-Sp0,2.903886197,4.6507798860000005,13.51377209,9.562833948
Neu5Ac(a2-6)Gal(b1-4)GlcNAc(b1-3)Gal(b1-4)GlcNAc(b1-3)Gal(b1-4)GlcNAc(b1-Sp0,9.4964974,10.85906758,4.485949777,0.865927795
Gal(a1-4)Gal(b1-4)GlcNAc(b1-3)Gal(b1-4)Glc(b1-Sp0,21.72559683,13.51411776,9.615638052000001,22.92053082
GalNAc(b1-3)Gal(a1-4)Gal(b1-4)GlcNAc(b1-3)Gal(b1-4)Glc(b1-Sp0,3.9262412789999996,7.627136126,10.05463557,7.351363506
GalNAc(a1-3)[Fuc(a1-2)]Gal(b1-4)GlcNAc(b1-3)Gal(b1-4)GlcNAc(b1-Sp0,6.561363435,3.393263761,4.791937302,23.41821528
GalNAc(a1-3)[Fuc(a1-2)]Gal(b1-4)GlcNAc(b1-3)Gal(b1-4)GlcNAc(b1-3)Gal(b1-4)GlcNAc(b1-Sp0,19.82215584,9.590314671,15.53788451,25.02728906
Neu5Ac(a2-3)Gal(b1-4)[Fuc(a1-3)]GlcNAc(b1-6)[Neu5Ac(a2-3)Gal(b1-3)]GalNAc(a1-Sp14,11.18505616,11.01639765,3.391484691,34.53948611
GlcNAc(a1-4)Gal(b1-4)GlcNAc(b1-3)Gal(b1-4)GlcNAc(b1-3)Gal(b1-4)GlcNAc(b1-Sp0,6.763409788,6.42765849,17.92925061,40.78622462
GlcNAc(a1-4)Gal(b1-4)GlcNAc(b1-Sp0,8.409008321,5.06542845,5.185913294,42.23187521
GlcNAc(a1-4)Gal(b1-3)GlcNAc(b1-Sp0,20.90165223,13.147447,4.85464809,19.61982465
GlcNAc(a1-4)Gal(b1-4)GlcNAc(b1-3)Gal(b1-4)Glc(b1-Sp0,4.017585781,7.042518997,4.274304155,24.45360096
GlcNAc(a1-4)Gal(b1-4)GlcNAc(b1-3)Gal(b1-4)[Fuc(a1-3)]GlcNAc(b1-3)Gal(b1-4)[Fuc(a1-3)]GlcNAc(b1-Sp0,20.48948364,18.66400212,9.579925795,41.86841924
GlcNAc(a1-4)Gal(b1-4)GlcNAc(b1-3)Gal(b1-4)GlcNAc(b1-Sp0,22.49621612,9.918936358,8.922211446,71.64281724
GlcNAc(a1-4)Gal(b1-3)GalNAc(a1-Sp14,7.000106146,4.9483831480000005,6.4286721610000015,46.21382826
Neu5Ac(a2-6)Gal(b1-4)GlcNAc(b1-2)Man(a1-6)[Man(a1-3)]Man(b1-4)GlcNAc(b1-4)GlcNAc(a1-Sp12,8.835653104,4.944559948,13.71376198,25.25891816
Man(a1-6)[Neu5Ac(a2-6)Gal(b1-4)GlcNAc(b1-2)Man(a1-3)]Man(b1-4)GlcNAc(b1-4)GlcNAc(a1-Sp12,4.913884457,10.38752271,7.36323424,2.613824474
Neu5Ac(a2-6)Gal(b1-4)GlcNAc(b1-2)Man(a1-6)Man(b1-4)GlcNAc(b1-4)GlcNAc(a1-Sp12,10.87430768,15.38277289,8.855893608999999,44.38913906
Neu5Ac(a2-6)Gal(b1-4)GlcNAc(b1-2)Man(a1-3)Man(b1-4)GlcNAc(b1-4)GlcNAc(a1-Sp12,6.653945846,14.04664707,6.0316811239999994,18.12889297
Gal(b1-4)GlcNAc(b1-2)Man(a1-3)Man(b1-4)GlcNAc(b1-4)GlcNAc(a1-Sp12,6.7810355289999995,5.743970225,3.22123645,30.11901148
Gal(b1-4)GlcNAc(b1-2)Man(a1-6)Man(b1-4)GlcNAc(b1-4)GlcNAc(a1-Sp12,2.5405355480000003,8.822774466,4.099073013,12.31029577
Man(a1-6)[Gal(b1-4)GlcNAc(b1-2)Man(a1-3)]Man(b1-4)GlcNAc(b1-4)GlcNAc(b1-Sp12,7.072862075,2.075749554,17.6359563,3.289705878
GlcNAc(b1-2)Man(a1-6)[GlcNAc(b1-2)Man(a1-3)]Man(b1-4)GlcNAc(b1-4)[Fuc(a1-6)]GlcNAc(b1-Sp22,21.20618865,7.74791371,4.126926836,11.35237308
Gal(b1-4)GlcNAc(b1-2)Man(a1-6)[Gal(b1-4)GlcNAc(b1-2)Man(a1-3)]Man(b1-4)GlcNAc(b1-4)[Fuc(a1-6)]GlcNAc(b1-Sp22,3.581075415,5.322297029,16.13898464,11.322848599999999
Gal(b1-3)GlcNAc(b1-2)Man(a1-6)[Gal(b1-3)GlcNAc(b1-2)Man(a1-3)]Man(b1-4)GlcNAc(b1-4)[Fuc(a1-6)]GlcNAc(b1-Sp22,7.055045269,12.36348018,9.769915399,14.50243299
(6S)GlcNAc(b1-3)Gal(b1-4)GlcNAc(b1-Sp0,8.911581276,9.924482817000001,10.77773699,59.35701122
KDN(a2-3)Gal(b1-4)[Fuc(a1-3)]GlcNAc(a1-Sp0,21.84041652,7.746595747000001,11.78309274,25.74572609
KDN(a2-6)Gal(b1-4)GlcNAc(a1-Sp0,20.23034093,26.99201938,6.4991140110000005,16.13669371
KDN(a2-3)Gal(b1-4)Glc(a1-Sp0,6.709085224,6.086445961,6.719232262,13.330450699999998
KDN(a2-3)Gal(b1-3)GalNAc(a1-Sp14,7.026378304,16.07363603,6.413762069,33.43688311
Fuc(a1-2)Gal(b1-3)GlcNAc(b1-2)Man(a1-6)[Fuc(a1-2)Gal(b1-3)GlcNAc(b1-2)Man(a1-3)]Man(b1-4)GlcNAc(b1-4)GlcNAc(b1-Sp20,4.677099035,5.015259855,7.394149504,50.66821325
Fuc(a1-2)Gal(b1-4)GlcNAc(b1-2)Man(a1-6)[Fuc(a1-2)Gal(b1-4)GlcNAc(b1-2)Man(a1-3)]Man(b1-4)GlcNAc(b1-4)GlcNAc(b1-Sp20,10.78354948,7.971189811,20.58766657,83.8136371
Fuc(a1-2)Gal(b1-4)[Fuc(a1-3)]GlcNAc(b1-2)Man(a1-6)[Fuc(a1-2)Gal(b1-4)[Fuc(a1-3)]GlcNAc(b1-2)Man(a1-3)]Man(b1-4)GlcNAc(b1-4)GlcNA(b1-Sp20,27.60374679,7.7511463260000015,6.618410458,29.18366571
Gal(a1-3)Gal(b1-4)GlcNAc(b1-2)Man(a1-6)[Gal(a1-3)Gal(b1-4)GlcNAc(b1-2)Man(a1-3)]Man(b1-4)GlcNAc(b1-4)GlcNAc(b1-Sp20,10.99181485,15.24611848,15.30246809,14.34526255
Gal(b1-4)GlcNAc(b1-2)Man(a1-6)[Man(a1-3)]Man(b1-4)GlcNAc(b1-4)GlcNAc(b1-Sp12,6.620481586,4.096809553,3.4251087589999996,23.03487453
Fuc(a1-4)[Gal(b1-3)]GlcNAc(b1-2)Man(a1-6)[Fuc(a1-4)[Gal(b1-3)]GlcNAc(b1-2)Man(a1-3)]Man(b1-4)GlcNAc(b1-4)[Fuc(a1-6)]GlcNAc(b1-Sp22,25.68800595,9.646090463,16.06257909,68.10472846
Neu5Ac(a2-6)GlcNAc(b1-4)GlcNAc(a1-Sp21,11.09786602,10.55873911,14.72817842,101.3574301
Neu5Ac(a2-6)GlcNAc(b1-4)GlcNAc(b1-4)GlcNAc(a1-Sp21,4.798070587,11.22906308,4.93380926,27.72592172
Gal(b1-4)[Fuc(a1-3)]GlcNAc(b1-6)[Fuc(a1-2)Gal(b1-4)GlcNAc(b1-3)]Gal(b1-4)Glc(a1-Sp21,11.12217374,5.071483311000001,13.35446907,11.79439425
Gal(b1-4)GlcNAc(b1-2)Man(a1-6)[Gal(b1-4)GlcNAc(b1-4)[Gal(b1-4)GlcNAc(b1-2)]Man(a1-3)]Man(b1-4)GlcNAc(b1-4)GlcNAc(a1-Sp21,8.643177948,18.141768300000006,7.088459163,20.13162778
GalNAc(a1-3)[Fuc(a1-2)]Gal(b1-4)GlcNAc(b1-2)Man(a1-6)[GalNAc(a1-3)[Fuc(a1-2)]Gal(b1-4)GlcNAc(b1-2)Man(a1-3)]Man(b1-4)GlcNAc(b1-4)GlcNAc(b1-Sp20,5.910405896,7.014737676,1.427508116,22.27164104
Gal(a1-3)[Fuc(a1-2)]Gal(b1-4)GlcNAc(b1-2)Man(a1-6)[Gal(a1-3)[Fuc(a1-2)]Gal(b1-4)GlcNAc(b1-2)Man(a1-3)]Man(b1-4)GlcNAc(b1-4)GlcNAc(b1-Sp20,5.735362039,3.861879969,7.314375277000001,18.38655012
Gal(a1-3)Gal(b1-4)[Fuc(a1-3)]GlcNAc(b1-2)Man(a1-6)[Gal(a1-3)Gal(b1-4)[Fuc(a1-3)]GlcNAc(b1-2)Man(a1-3)]Man(b1-4)GlcNAc(b1-4)GlcNAc(b1-Sp20,40.97939623,14.91069294,6.266701948,76.52842876
GalNAc(a1-3)[Fuc(a1-2)]Gal(b1-3)GlcNAc(b1-2)Man(a1-6)[GalNAc(a1-3)[Fuc(a1-2)]Gal(b1-3)GlcNAc(b1-2)Man(a1-3)]Man(b1-4)GlcNAc(b1-4)GlcNAc(b1-Sp20,12.9423683,3.472325978,7.649425278,54.62405036
Gal(a1-3)[Fuc(a1-2)]Gal(b1-3)GlcNAc(b1-2)Man(a1-6)[Gal(a1-3)[Fuc(a1-2)]Gal(b1-3)GlcNAc(b1-2)Man(a1-3)]Man(b1-4)GlcNAc(b1-4)GlcNAc(b1-Sp20,3.573449727,7.4296446289999984,12.8457108,18.68161997
Fuc(a1-4)[Fuc(a1-2)Gal(b1-3)]GlcNAc(b1-2)Man(a1-3)[Fuc(a1-4)[Fuc(a1-2)Gal(b1-3)]GlcNAc(b1-2)Man(a1-3)]Man(b1-4)GlcNAc(b1-4)GlcNAc(b1-Sp19,16.37598992,11.03973855,6.086976593999999,52.96810726
Neu5Ac(a2-3)Gal(b1-4)GlcNAc(b1-3)GalNAc(a1-Sp14,9.612047182000001,7.110252153999999,11.55194012,2.9817202789999997
Neu5Ac(a2-6)Gal(b1-4)GlcNAc(b1-3)GalNAc(a1-Sp14,9.777524789,6.004530167,11.85403431,39.81866608
Neu5Ac(a2-3)Gal(b1-4)[Fuc(a1-3)]GlcNAc(b1-3)GalNAc(a1-Sp14,7.341228695,15.56302778,15.61959374,18.51709662
GalNAc(b1-4)GlcNAc(b1-2)Man(a1-6)[GalNAc(b1-4)GlcNAc(b1-2)Man(a1-3)]Man(b1-4)GlcNAc(b1-4)GlcNAc(a1-Sp12,26.876936199999996,6.500480872000001,14.38645987,25.15138928
Gal(b1-3)GalNAc(a1-3)[Fuc(a1-2)]Gal(b1-4)Glc(a1-Sp0,44.19601246,309.6269235,2376.461103,5549.955822
Gal(b1-3)GalNAc(a1-3)[Fuc(a1-2)]Gal(b1-4)GlcNAc(a1-Sp0,32.23117713,494.8610419,1907.145966,1224.006414
Gal(b1-3)GlcNac(b1-3)Gal(b1-4)GlcNac(b1-6)[Gal(b1-3)GlcNac(b1-3)]Gal(b1-4)Glc(b1-Sp0,3.2273246510000004,25.49339297,6.919855209,25.22270167
Gal(b1-4)[Fuc(a1-3)]GlcNAc(b1-6)[Gal(b1-3)GlcNAc(b1-3)]Gal(b1-4)Glc(a1-Sp21,6.306435177999999,3.2040167889999998,4.72595596,17.98542529
Gal(b1-4)GlcNAc(b1-6)[Fuc(a1-4)[Fuc(a1-2)Gal(b1-3)]GlcNAc(b1-3)]Gal(b1-4)Glc(a1-Sp21,11.64665694,13.52396275,10.69473341,13.830907
Gal(b1-4)[Fuc(a1-3)]GlcNAc(b1-6)[Fuc(a1-4)[Fuc(a1-2)Gal(b1-3)]GlcNAc(b1-3)]Gal(b1-4)Glc(a1-Sp21,12.47977756,21.02445565,11.42819484,13.13146048
Gal(b1-3)GlcNAc(b1-3)Gal(b1-4)[Fuc(a1-3)]GlcNAc(b1-6)[Gal(b1-3)GlcNAc(b1-3)]Gal(b1-4)Glc(a1-Sp21,5.724096884,5.216377914,19.13965427,35.23684539
Gal(b1-4)GlcNac(b1-6)[Gal(b1-4)GlcNac(b1-2)]Man(a1-6)[Gal(b1-4)GlcNac(b1-4)[Gal(b1-4)GlcNac(b1-2)]Man(a1-3)]Man(b1-4)GlcNac(b1-4)GlcNac(b1-Sp21,8.932113458,10.617725,5.054528031,14.95067819
GlcNac(b1-2)Man(a1-6)[GlcNac(b1-4)[GlcNac(b1-2)]Man(a1-3)]Man(b1-4)GlcNac(b1-4)GlcNac(a1-Sp21,8.698854066,10.17700625,24.75960887,1406.054044
Fuc(a1-2)Gal(b1-3)GalNAc(a1-3)[Fuc(a1-2)]Gal(b1-4)Glc(b1-Sp0,11.93624139,10.66312416,5.787826401,9.244901907000001
Fuc(a1-2)Gal(b1-3)GalNAc(a1-3)[Fuc(a1-2)]Gal(b1-4)GlcNAc(b1-Sp0,3.5690903880000002,4.414492613,32.80134019,129.97403899999998
Gal(b1-3)GlcNAc(b1-3)GalNAc(a1-Sp14,9.290777535,6.330897591,4.625071721,9.83184709
GalNAc(b1-4)[Neu5Ac(a2-3)]Gal(b1-4)GlcNAc(b1-3)GalNAc(a1-Sp14,24.02742705,20.41415469,6.198678117999999,40.65753226
GalNAc(a1-3)[Fuc(a1-2)]Gal(b1-3)GalNAc(a1-3)[Fuc(a1-2)]Gal(b1-4)GlcNAc(b1-Sp0,6.006784098,6.692155484,4.0244377380000005,8.74945834
Gal(a1-3)Gal(b1-3)GlcNAc(b1-2)Man(a1-6)[Gal(a1-3)Gal(b1-3)GlcNAc(b1-2)Man(a1-3)]Man(b1-4)GlcNAc(b1-4)GlcNAc(a1-Sp19,11.33502597,12.34143586,8.748359131,8.718645259
Gal(a1-3)Gal(b1-3)[Fuc(a1-4)]GlcNAc(b1-2)Man(a1-6)[Gal(a1-3)Gal(b1-3)[Fuc(a1-4)]GlcNAc(b1-2)Man(a1-3)]Man(b1-4)GlcNAc(b1-4)GlcNAc(a1-Sp19,31.39556757,16.04058059,9.515680913999999,21.77543213
Neu5Ac(a2-3)Gal(b1-3)GlcNAc(b1-2)Man(a1-6)[Neu5Ac(a2-3)Gal(b1-3)GlcNAc(b1-2)Man(a1-3)]Man(b1-4)GlcNAc(b1-4)GlcNAc(a1-Sp19,12.69132298,8.366541565,8.810392498999999,6.347811019
GlcNAc(b1-2)Man(a1-6)[Gal(b1-4)GlcNAc(b1-2)Man(a1-3)]Man(b1-4)GlcNAc(b1-4)GlcNAc(a1-Sp12,8.610127978,4.212052077,26.17161814,9.716787813
Gal(b1-4)GlcNAc(b1-2)Man(a1-6)[GlcNAc(b1-2)Man(a1-3)]Man(b1-4)GlcNAc(b1-4)GlcNAc(a1-Sp12,15.20614505,6.905275697,7.146261557000001,1.074050627
Neu5Ac(a2-3)Gal(b1-3)GlcNAc(b1-3)GalNAc(a1-Sp14,22.47769848,7.259927894,2.54560252,12.97614123
Fuc(a1-2)Gal(b1-4)GlcNac(b1-3)GalNac(a1-Sp14,9.324630734,9.001105936,4.759394093,6.988022952000001
Gal(b1-4)[Fuc(a1-3)]GlcNac(b1-3)GalNac(a1-Sp14,11.29870717,2.12212205,2.333983501,8.748914516000001
GalNac(a1-3)GalNac(b1-3)Gal(a1-4)Gal(b1-4)GlcNac(b1-Sp0,12.533855,7.568200234,3.852113945,6.016738571
Gal(a1-4)Gal(b1-3)GlcNac(b1-2)Man(a1-6)[Gal(a1-4)Gal(b1-3)GlcNac(b1-2)Man(a1-3)]Man(b1-4)GlcNac(b1-4)GlcNac(b1-Sp19,10.04764747,5.4233220189999995,1.889712785,54.42214365
Gal(a1-4)Gal(b1-4)GlcNac(b1-2)Man(a1-6)[Gal(a1-4)Gal(b1-4)GlcNac(b1-2)Man(a1-3)]Man(b1-4)GlcNac(b1-4)GlcNac(b1-Sp24,16.22541608,7.804291789,13.59655093,24.49825763
Gal(a1-3)Gal(b1-4)GlcNac(b1-3)GalNac(a1-Sp14,3.815470973,11.34343457,3.782383598,13.05770647
Gal(b1-3)GlcNAc(b1-6)Gal(b1-4)GlcNAc(b1-Sp0,11.59862628,5.145135836000001,3.353098591,6.607720087000001
Gal(b1-3)GlcNAc(a1-6)Gal(b1-4)GlcNAc(b1-Sp0,5.666225677999999,5.20970283,4.7065028269999996,5.705396542999999
GalNAc(b1-3)Gal(a1-6)Gal(b1-4)Glc(b1-Sp8,4.80869067,4.439293473,16.04192491,7.972657237000001
Gal(a1-3)[Fuc(a1-2)]Gal(b1-4)[Fuc(a1-3)]Glc(b1-Sp21,9.714579568,9.396635262,6.00672676,7.27944474
Gal(b1-4)GlcNAc(b1-6)[Neu5Ac(a2-6)Gal(b1-3)GlcNAc(b1-3)]Gal(b1-4)Glc(a1-Sp21,11.45143905,3.329942795,6.864089301,12.41150766
Gal(b1-3)GalNAc(b1-4)[Neu5Ac(a2-8)Neu5Ac(a2-3)]Gal(b1-4)Glc(b1-Sp0,32.19146163,9.322408622000001,175.5697334,923.9225116
Neu5Ac(a2-3)Gal(b1-3)GalNAc(b1-4)[Neu5Ac(a2-8)Neu5Ac(a2-3)]Gal(b1-4)Glc(b1-Sp0,11.76740775,9.720068327,5.131594915,6.1612106120000005
Gal(a1-3)[Fuc(a1-2)]Gal(b1-4)GlcNAc(b1-3)GalNAc(a1-Sp14,6.6299349260000024,4.366000026,5.213139813,16.36532431
GalNAc(a1-3)[Fuc(a1-2)]Gal(b1-4)GlcNAc(b1-3)GalNAc(a1-Sp14,4.210370122,2.880877013,6.6337704770000006,5.036600329
GalNAc(a1-3)GalNAc(b1-3)Gal(a1-4)Gal(b1-4)Glc(b1-Sp0,9.521727507,7.482475225,3.2809044089999997,6.739796567000001
Fuc(a1-2)Gal(b1-4)[Fuc(a1-3)]GlcNAc(b1-3)GalNAc(a1-Sp14,15.81442179,8.32597139,14.33898169,31.45224511
Gal(a1-3)[Fuc(a1-2)]Gal(b1-4)[Fuc(a1-3)]GlcNAc(b1-3)GalNAc(a1-Sp14,20.54622738,12.06020435,5.880382735,13.376146599999998
GalNAc(a1-3)[Fuc(a1-2)]Gal(b1-4)[Fuc(a1-3)]GlcNAc(b1-3)GalNAc(a1-Sp14,5.63308573,8.357372246,29.57687043,32.91224196
Gal(b1-4)[Fuc(a1-3)]GlcNAc(b1-2)Man(a1-6)[Gal(b1-4)[Fuc(a1-3)]GlcNAc(b1-2)Man(a1-3)]Man(b1-4)GlcNAc(b1-4)[Fuc(a1-6)]GlcNAc(b1-Sp22,15.24680396,3.1815770619999997,12.47259005,10.62031193
Fuc(a1-2)Gal(b1-4)GlcNAc(b1-2)Man(a1-6)[Fuc(a1-2)Gal(b1-4)GlcNAc(b1-2)Man(a1-3)]Man(b1-4)GlcNAc(b1-4)[Fuc(a1-6)]GlcNAc(b1-Sp22,21.09800914,7.4376322,15.01218873,61.58232722
GlcNAc(b1-2)[GlcNAc(b1-6)]Man(a1-6)[GlcNAc(b1-2)Man(a1-3)]Man(b1-4)GlcNAc(b1-4)GlcNAc(b1-Sp19,15.14834418,8.763686762,7.210174066,4.292292608
Fuc(a1-2)Gal(b1-3)GlcNAc(b1-3)GalNAc(a1-Sp14,5.892655696,10.82256844,8.964913907,12.59516004
Gal(a1-3)[Fuc(a1-2)]Gal(b1-3)GlcNAc(b1-3)GalNAc(a1-Sp14,4.823416705,3.811489883,3.175956994,7.433824341
GalNAc(a1-3)[Fuc(a1-2)]Gal(b1-3)GlcNAc(b1-3)GalNAc(a1-Sp14,3.4145659289999997,11.73641395,8.197480405,12.05972685
Gal(a1-3)Gal(b1-3)GlcNAc(b1-3)GalNAc(a1-Sp14,3.096891387,8.560040317,2.243987128,9.463457241
Fuc(a1-2)Gal(b1-3)GlcNAc(b1-2)Man(a1-6)[Fuc(a1-2)Gal(b1-3)GlcNAc(b1-2)Man(a1-3)]Man(b1-4)GlcNAc(b1-4)[Fuc(a1-6)]GlcNAc(b1-Sp22,13.45907405,12.81166763,1.178666807,9.100077459
Gal(a1-3)[Fuc(a1-2)]Gal(b1-4)GlcNAc(b1-2)Man(a1-6)[Gal(a1-3)[Fuc(a1-2)]Gal(b1-4)GlcNAc(b1-2)Man(a1-3)]Man(b1-4)GlcNAc(b1-4)[Fuc(a1-6)]GlcNAc(b1-Sp22,3.818503237,13.36462038,4.058432893,5.880814401
Gal(b1-3)GlcNAc(b1-6)[Gal(b1-3)GlcNAc(b1-2)]Man(a1-6)[Gal(b1-3)GlcNAc(b1-2)Man(a1-3)]Man(b1-4)GlcNAc(b1-4)GlcNAc(b1-Sp19,15.66416375,14.87922839,11.44541503,170.03417199999996
Gal(b1-4)GlcNAc(b1-6)[Fuc(a1-2)Gal(b1-3)GlcNAc(b1-3)]Gal(b1-4)Glc(a1-Sp21,3.050489341,2.275760325,1.595795089,5.161992247
Fuc(a1-3)GlcNAc(b1-6)[Gal(b1-4)GlcNAc(b1-3)]Gal(b1-4)Glc(a1-Sp21,10.14500047,6.750817616,8.379962255,15.16213026
GlcNAc(b1-2)Man(a1-6)[GlcNAc(b1-4)][GlcNAc(b1-2)Man(a1-3)]Man(b1-4)GlcNac(b1-4)GlcNAc(a1-Sp21,5.42900828,6.521499498,7.439806692,19.28620794
GlcNAc(b1-2)Man(a1-6)[GlcNAc(b1-4)][GlcNAc(b1-4)[GlcNAc(b1-2)]Man(a1-3)]Man(b1-4)GlcNAc(b1-4)GlcNAc(a1-Sp21,23.77840313,13.27343164,6.180944322,27.043927000000004
GlcNAc(b1-6)[GlcNAc(b1-2)]Man(a1-6)[GlcNAc(b1-4)][GlcNAc(b1-2)Man(a1-3)]Man(b1-4)GlcNAc(b1-4)GlcNAc(a1-Sp21,11.24538942,13.51646045,12.39736322,10.442337599999998
GlcNAc(b1-6)[GlcNAc(b1-2)]Man(a1-6)[GlcNAc(b1-4)][GlcNAc(b1-4)[GlcNAc(b1-2)]Man(a1-3)]Man(b1-4)GlcNAc(b1-4)GlcNAc(a1-Sp21,10.6715769,10.78797803,3.350617122,8.646301832
Gal(b1-4)GlcNAc(b1-2)Man(a1-6)[GlcNAc(b1-4)][Gal(b1-4)GlcNAc(b1-2)Man(a1-3)]Man(b1-4)GlcNAc(b1-4)GlcNAc(a1-Sp21,13.65081704,7.247706367999999,3.1055727560000004,13.909131400000001
Gal(b1-4)GlcNAc(b1-2)Man(a1-6)[GlcNAc(b1-4)][Gal(b1-4)GlcNAc(b1-4)[Gal(b1-4)GlcNAc(b1-2)]Man(a1-3)]Man(b1-4)GlcNAc(b1-4)GlcNAc(a1-Sp21,9.509844973,7.230149994,1.856323902,8.094836349
Gal(b1-4)GlcNAc(b1-6)[Gal(b1-4)GlcNAc(b1-2)]Man(a1-6)[GlcNAc(b1-4)][Gal(b1-4)GlcNAc(b1-2)Man(a1-3)]Man(b1-4)GlcNAc(b1-4)GlcNAc(a1-Sp21,4.239978735,14.14076458,4.790779057,6.956975645
Gal(b1-4)GlcNAc(b1-6)[Gal(b1-4)GlcNAc(b1-2)]Man(a1-6)[GlcNAc(b1-4)][Gal(b1-4)GlcNAc(b1-4)[Gal(b1-4)GlcNAc(b1-2)]Man(a1-3)]Man(b1-4)GlcNAc(b1-4)GlcNAc(a1-Sp21,1.572136095,4.039891609,2.049309291,10.98430503
Gal(b1-4)Gal(b1-Sp10,13.16833756,4.1731389189999994,7.133801042000001,4.206137091
Gal(b1-6)Gal(b1-Sp10,10.9556916,7.965852607,3.6558179980000003,6.160630007000001
Neu5Ac(a2-3)Gal(b1-4)GlcNAc(b1-3)Gal(b1-Sp8,5.3538130619999995,3.4839061719999997,5.148145747,10.30117011
GalNAc(b1-6)GalNAc(b1-Sp8,5.164260349,7.379811697,15.1746706,15.05293473
(6S)Gal(b1-3)GlcNAc(b1-Sp0,4.969259463,8.005303133,6.89272902,10.46937462
(6S)Gal(b1-3)(6S)GlcNAc(a1-Sp0,5.531758752000001,4.537222648999999,5.368871603,14.68268635
Fuc(a1-2)Gal(b1-4) GlcNAc(b1-2)Man(a1-6)[Fuc(a1-2)Gal(b1-4)GlcNAc(b1-2)[Fuc(a1-2)Gal(b1-4)GlcNAc(b1-4)]Man(a1-3)]Man(b1-4)GlcNAc(b1-4)GlcNAc(b1-N,14.80960178,27.60558637,44.96077868,20.85903378
Fuc(a1-2)Gal(b1-4)[Fuc(a1-3)]GlcNAc(b1-2)Man(a1-6)[Fuc(a1-2)Gal(b1-4)[Fuc(a1-3)]GlcNAc(b1-4)[Fuc(a1-2)Gal(b1-4)[Fuc(a1-3)]GlcNAc(b1-2)]Man(a1-3)]Man(b1-4)GlcNAc(b1-4)GlcNAc(b1-N,25.88403123,14.00058036,6.817399514,76.10570574
Gal(b1-4)[Fuc(a1-3)]GlcNAc(b1-6)GalNAc(a1-Sp14,17.39348438,19.39537997,19.30229259,25.05893553
Gal(b1-4)GlcNAc(b1-2)Man(a1-Sp0,13.73006361,13.73009598,5.196232384,7.856530022
Fuc(a1-2)Gal(b1-4)GlcNAc(b1-6)[Fuc(a1-2)Gal(b1-4)GlcNAc(b1-3)]GalNAc(a1-Sp14,13.41887581,21.07560176,2.615506468,1.636403236
Gal(a1-3)Fuc(a1-2)Gal(b1-4)GlcNAc(b1-6)[Gal(a1-3)Fuc(a1-2)Gal(b1-4)GlcNAc(b1-3)]GalNAc(a1-Sp14,6.525150843,6.470818627000001,19.29374649,7.368559818
GalNAc(a1-3)[Fuc(a1-2)]Gal(b1-4)GlcNAc(b1-6)[GalNAc(a1-3)[Fuc(a1-2)]Gal(b1-4)GlcNAc(b1-3)]GalNAc(a1-Sp14,4.415812515,10.4730975,7.596838367,14.69702988
Neu5Ac(a2-8)Neu5Ac(a2-3)Gal(b1-3)GalNAc(b1-4)[Neu5Ac(a2-8)Neu5Ac(a2-3)]Gal(b1-4)Glc(b1-Sp0,11.53131166,15.06905113,9.186016018,26.30993974
GalNAc(b1-4)Gal(b1-4)Glc(b1-Sp0,15.27545087,5.224378529,9.079611047,2.5306201230000003
GalNAc(a1-3)[Fuc(a1-2)]Gal(b1-4)GlcNAc(b1-2)Man(a1-6)[GalNAc(a1-3)[Fuc(a1-2)]Gal(b1-4)GlcNAc(b1-2)Man(a1-3)]Man(b1-4)GlcNAc(b1-4)[Fuc(a1-6)]GlcNAc(b1-Sp22,3.156826798,7.862188323,6.246476457999999,25.51257557
Gal(a1-3)[Fuc(a1-2)]Gal(b1-3)GlcNAc(b1-2)Man(a1-6)[Gal(a1-3)[Fuc(a1-2)]Gal(b1-3)GlcNAc(b1-2)Man(a1-3)]Man(b1-4)GlcNAc(b1-4)[Fuc(a1-6)]GlcNAc(b1-Sp22,6.228294391,10.09888438,5.266109987,12.20640376
Neu5Ac(a2-6)Gal(b1-4)GlcNAc(b1-6)[Fuc(a1-2)Gal(b1-3)GlcNAc(b1-3)]Gal(b1-4)Glc(a1-Sp21,13.91704732,16.19338205,3.8971118089999996,3.8555539519999997
GalNAc(a1-3)[Fuc(a1-2)]Gal(b1-3)GlcNAc(b1-2)Man(a1-6)[GalNAc(a1-3)[Fuc(a1-2)]Gal(b1-3)GlcNAc(b1-2)Man(a1-3)]Man(b1-4)GlcNAc(b1-4)[Fuc(a1-6)]GlcNAc(b1-Sp22,2.913355922,3.5536288480000002,4.713536124,35.11448231
Gal(b1-4)GlcNAc(b1-6)[Gal(b1-4)GlcNAc(b1-2)]Man(a1-6)[Gal(b1-4)GlcNAc(b1-2)Man(a1-3)]Man(b1-4)GlcNAc(b1-4)GlcNAc(b1-Sp19,16.66675209,19.64651073,5.201018795,7.03814261
Neu5Ac(a2-3)Gal(b1-4)GlcNAc(b1-2)Man(a1-6)[GlcNAc(b1-4)][Neu5Ac(a2-3)Gal(b1-4)GlcNAc(b1-2)Man(a1-3)]Man(b1-4)GlcNAc(b1-4)GlcNAc(b1-Sp21,6.7745162310000016,12.60069097,3.666070822,20.03925446
Neu5Ac(a2-3)Gal(b1-4)GlcNAc(b1-4)Man(a1-6)[GlcNAc(b1-4)][Neu5Ac(a2-3)Gal(b1-4)GlcNAc(b1-4)[Neu5Ac(a2-3)Gal(b1-4)GlcNAc(b1-2)]Man(a1-3)]Man(b1-4)GlcNAc(b1-4)GlcNAc(b1-Sp21,4.6722983000000005,8.622817608,9.021092957999999,16.21293133
Neu5Ac(a2-3)Gal(b1-4)GlcNAc(b1-6)[Neu5Ac(a2-3)Gal(b1-4)GlcNAc(b1-2)]Man(a1-6)[GlcNAc(b1-4)][Neu5Ac(a2-3)Gal(b1-4)GlcNAc(b1-2)Man(a1-3)]Man(b1-4)GlcNAc(b1-4)GlcNAc(b1-Sp21,13.48210181,3.614139409,6.064563238,7.498465392999999
Neu5Ac(a2-3)Gal(b1-4)GlcNAc(b1-6)[Neu5Ac(a2-3)Gal(b1-4)GlcNAc(b1-2)]Man(a1-6)[GlcNAc(b1-4)][Neu5Ac(a2-3)Gal(b1-4)GlcNAc(b1-4)[Neu5Ac(a2-3)Gal(b1-4)GlcNAc(b1-2)]Man(a1-3)]Man(b1-4)GlcNAc(b1-4)GlcNAc(b1-Sp21,4.540385551,5.353247489,3.5695143,7.148756631
Neu5Ac(a2-6)Gal(b1-4)GlcNAc(b1-2)Man(a1-6)[GlcNAc(b1-4)][Neu5Ac(a2-6)Gal(b1-4)GlcNAc(b1-2)Man(a1-3)]Man(b1-4)GlcNAc(b1-4)GlcNAc(b1-Sp21,16.72835539,4.021874267,7.631810154,12.57093958
Neu5Ac(a2-6)Gal(b1-4)GlcNAc(b1-4)Man(a1-6)[GlcNAc(b1-4)][Neu5Ac(a2-6)Gal(b1-4)GlcNAc(b1-4)[Neu5Ac(a2-6)Gal(b1-4)GlcNAc(b1-2)]Man(a1-3)]Man(b1-4)GlcNAc(b1-4)GlcNAc(b1-Sp21,13.71036197,12.04472104,15.05905256,10.49687143
Neu5Ac(a2-6)Gal(b1-4)GlcNAc(b1-6)[Neu5Ac(a2-6)Gal(b1-4)GlcNAc(b1-2)]Man(a1-6)[GlcNAc(b1-4)][Neu5Ac(a2-6)Gal(b1-4)GlcNAc(b1-2)Man(a1-3)]Man(b1-4)GlcNAc(b1-4)GlcNAc(b1-Sp21,14.40780664,14.00086096,2.199835735,9.79162101
Neu5Ac(a2-6)Gal(b1-4)GlcNAc(b1-6)[Neu5Ac(a2-6)Gal(b1-4)GlcNAc(b1-2)]Man(a1-6)[GlcNAc(b1-4)][Neu5Ac(a2-6)Gal(b1-4)GlcNAc(b1-4)[Neu5Ac(a2-6)Gal(b1-4)GlcNAc(b1-2)]Man(a1-3)]Man(b1-4)GlcNAc(b1-4)GlcNAc(b1-Sp21,7.577574427,2.9839835910000003,6.888914046,10.23808176
Gal(a1-3)[Fuc(a1-2)]Gal(b1-3)GalNAc(a1-Sp8,10.63850262,6.0814279939999984,7.009871026,9.828444354
Gal(a1-3)[Fuc(a1-2)]Gal(b1-3)GalNAc(b1-Sp8,11.04188943,6.141363019,14.76822352,8.764450629
Glc(a1-6)Glc(a1-6)Glc(a1-6)Glc(b1-Sp10,2.9278365539999998,5.1950759269999995,12.79420664,4.619049888
Glc(a1-4)Glc(a1-4)Glc(a1-4)Glc(b1-Sp10,17.651429399999994,27.85812854,4.34080144,77.36031990000002
Neu5Ac(a2-3)Gal(b1-4)GlcNAc(b1-6)[Neu5Ac(a2-3)Gal(b1-4)GlcNAc(b1-3)]GalNAc(a1-Sp14,4.598622188999999,12.41880914,9.784036848,6.830593613
Fuc(a1-2)Gal(b1-4)[Fuc(a1-3)]GlcNAc(b1-2)Man(a1-6)[Fuc(a1-2)Gal(b1-4)[Fuc(a1-3)]GlcNAc(b1-2)Man(a1-3)]Man(b1-4)GlcNAc(b1-4)[Fuc(a1-6)]GlcNAc(b1-Sp24,14.5771616,8.955666837999999,3.316222981,60.38953011
Fuc(a1-2)Gal(b1-3)[Fuc(a1-4)]GlcNAc(b1-2)Man(a1-6)[Fuc(a1-2)Gal(b1-3)[Fuc(a1-4)]GlcNAc(b1-2)Man(a1-3)]Man(b1-4)GlcNAc(b1-4)[Fuc(a1-6)]GlcNA(cb-S)p(1-4)[Fuc(a1-6)]GlcNAc(b1-Sp19,10.93764367,9.828126549,9.269139386,13.23770953
Neu5Ac(a2-3)Gal(b1-3)GlcNAc(b1-6)[Neu5Ac(a2-3)Gal(b1-4)GlcNAc(b1-2)]Man(a1-6)[Neu5Ac(a2-3)Gal(b1-3)GlcNAc(b1-2)Man(a1-3)]Man(b1-4)GlcNAc(b1-4)GlcNAc(b1-Sp19,4.731946188,15.86534402,6.210459533,33.48265486
GlcNAc(b1-6)[GlcNAc(b1-2)]Man(a1-6)[GlcNAc(b1-2)Man(a1-3)]Man(b1-4)GlcNAc(b1-4)[Fuc(a1-6)]GlcNAc(b1-Sp24,8.155480293,2.046373439,4.984182379,13.58753424
Gal(b1-3)GlcNAc(b1-2)Man(a1-6)[GlcNAc(b1-4)][Gal(b1-3)GlcNAc(b1-2)Man(a1-3)]Man(b1-4)GlcNAc(b1-4)GlcNAc(b1-Sp21,12.10477628,5.912484339,6.578500324,40.32401003
Neu5Ac(a2-6)Gal(b1-4)GlcNAc(b1-6)[Gal(b1-3)GlcNAc(b1-3)]Gal(b1-4)Glc(b1-Sp21,2.3661691869999997,8.502779924,5.085363677,18.40038416
Neu5Ac(a2-3)Gal(b1-4)GlcNAc(b1-2)Man(a1-Sp0,12.33163718,5.320612692,19.48778977,23.39944528
Neu5Ac(a2-3)Gal(b1-4)GlcNAc(b1-6)GalNAc(a1-Sp14,17.23579569,7.126415095,11.83195836,7.735918385
Neu5Ac(a2-6)Gal(b1-4)GlcNAc(b1-6)GalNAc(a1-Sp14,5.068042578,13.03453667,3.449239373,12.35228703
Neu5Ac(a2-6)Gal(b1-4)GlcNAc(b1-6)[Neu5Ac(a2-6)Gal(b1-4)GlcNAc(b1-3)]GalNAc(a1-Sp14,10.13888931,5.506405182999999,3.833279082,5.888937372000001
Neu5Ac(a2-6)Gal(b1-4)GlcNAc(b1-2)Man(a1-6)[Neu5Ac(a2-6)Gal(b1-4)GlcNAc(b1-2)Man(a1-3)]Man(b1-4)GlcNAc(b1-4)[Fuc(a1-6)]GlcNAc(b1-Sp24,3.175774468,6.146557795,6.999693594,15.82229694
Neu5Ac(a2-3)Gal(b1-4)GlcNAc(b1-2)Man(a1-6)[Neu5Ac(a2-3)Gal(b1-4)GlcNAc(b1-2)Man(a1-3)]Man(b1-4)GlcNAc(b1-4)[Fuc(a1-6)]GlcNAc(b1-Sp24,3.4512128680000003,7.873435362,10.24329193,3.9055229560000004
Man(a1-6)[Man(a1-3)]Man(b1-4)GlcNAc(b1-4)[Fuc(a1-6)]GlcNAc(b1-Sp19,10.31462126,1.880023101,8.257815132000001,10.58108141
Gal(b1-4)GlcNAc(b1-6)[Gal(b1-4)GlcNAc(b1-2)]Man(a1-6)[Gal(b1-4)GlcNAc(b1-2)Man(a1-3)]Man(b1-4)GlcNAc(b1-4)[Fuc(a1-6)]GlcNAc(b1-Sp24,15.71604143,14.62493676,16.06074137,11.18631609
Neu5Ac(a2-3)Gal(b1-3)GlcNAc(b1-2)Man(a1-6)[GlcNAc(b1-4)][Neu5Ac(a2-3)Gal(b1-3)GlcNAc(b1-2)Man(a1-3)]Man(b1-4)GlcNAc(b1-4)GlcNAc(a1-Sp21,4.969785344,6.894453437999999,9.312623571,7.005779931
Neu5Ac(a2-6)Gal(b1-4)GlcNAc(b1-6)[Fuc(a1-2)Gal(b1-4)[Fuc(a1-3)]GlcNAc(b1-3)]Gal(b1-4)Glc(a1-Sp21,12.93303709,10.654191800000001,10.08653096,6.744996948
Gal(b1-3)GlcNAc(b1-6)GalNAc(a1-Sp14,3.83728718,6.999394266,11.29677217,46.55914813
Gal(a1-3)Gal(b1-3)GlcNAc(b1-6)GalNAc(a1-Sp14,16.32740984,4.767105955,12.03374087,7.220466835
Gal(b1-3)[Fuc(a1-4)]GlcNAc(b1-6)GalNAc(a1-Sp14,16.06710497,5.865774449,4.655948405,10.52904291
Neu5Ac(a2-3)Gal(b1-3)GlcNAc(b1-6)GalNAc(a1-Sp14,9.683105268,9.082249601000001,7.869746638,34.028
(3S)Gal(b1-3)[Fuc(a1-4)]GlcNAc(b1-Sp0,6.9360965629999995,15.38391179,6.7255644310000005,9.847188164
Gal(b1-4)[Fuc(a1-3)]GlcNAc(b1-6)[Neu5Ac(a2-6)[Neu5Ac(a2-3)Gal(b1-3)]GlcNAc(b1-3)]Gal(b1-4)Glc(a1-Sp21,3.835942857,7.677110249,11.93337851,16.45748403
Fuc(a1-2)Gal(b1-4)GlcNAc(b1-6)GalNAc(a1-Sp14,13.53404504,7.422210167999999,2.816780915,11.59340841
Gal(a1-3)Gal(b1-4)GlcNAc(b1-6)GalNAc(a1-Sp14,6.6424904620000005,5.6974759760000016,2.4055295759999997,4.864102142
Gal(b1-4)[Fuc(a1-3)]GlcNAc(b1-2)Man(a1-Sp0,13.10102164,5.6752177810000015,7.394134511,14.026662699999996
Fuc(a1-2)(6S)Gal(b1-3)GlcNAc(b1-Sp0,9.274842835,3.0942915539999998,6.886107391,6.464100264
Gal(a1-3)[Fuc(a1-2)]Gal(b1-4)GlcNAc(b1-6)GalNAc(a1-Sp14,7.357448351,11.72058602,2.646343191,16.66641384
Fuc(a1-2)Gal(b1-4)GlcNAc(b1-2)Man(a1-Sp0,4.08645012,9.194307805,2.237422366,18.41148662
Fuc(a1-2)Gal(b1-3)(6S)GlcNAc(b1-Sp0,2.9954589210000004,6.996521552999999,11.99023347,19.62783942
Fuc(a1-2)(6S)Gal(b1-3)(6S)GlcNAc(b1-Sp0,7.864679057000001,11.00643084,19.15779029,8.594785645
Neu5Ac(a2-6)GalNAc(b1-4)(6S)GlcNAc(b1-Sp8,8.105497136,6.2377001960000005,9.889055379,9.93391887
GalNAc(b1-4)[Fuc(a1-3)](6S)GlcNAc(b1-Sp8,9.927334471,29.02381124,4.239265748999999,19.12229112
(3S)GalNAc(b1-4)[Fuc(a1-3)]GlcNAc(b1-Sp8,2.540997129,4.414367618,13.80877954,4.849825049
Fuc(a1-2)Gal(b1-3)GlcNAc(b1-6)[Fuc(a1-2)Gal(b1-3)GlcNAc(b1-3)]GalNAc(a1-Sp14,18.22224645,4.615943817,9.528946767999999,20.329287899999997
GalNAc(a1-3)[Fuc(a1-2)]Gal(b1-3)GlcNAc(b1-6)GalNAc(a1-Sp14,3.894225988,5.119820063,4.809919983,3.0337970569999997
GlcNAc(b1-6)[GlcNAc(b1-2)]Man(a1-6)[GlcNAc(b1-4)][GlcNAc(b1-4)[GlcNAc(b1-2)]Man(a1-3)]Man(b1-4)GlcNAc(b1-4)[Fuc(a1-6)]GlcNAc(a1-Sp21,3.765835533,6.077345558999999,4.617102603,9.006083135
Gal(b1-4)GlcNAc(b1-6)[Gal(b1-4)GlcNAc(b1-2)]Man(a1-6)[GlcNAc(b1-4)]Gal(b1-4)GlcNAc(b1-4)[Gal (b1-4)GlcNAc(b1-2)]Man(a1-3)]Man(b1-4)GlcNAc(b1-4)[Fuc(a1-6)]GlcNAc(a1-Sp21,12.91869223,11.84300209,8.035097863999999,5.348572667
Gal(b1-3)GlcNAc(a1-3)Gal(b1-4)GlcNAc(b1-Sp8 ,11.10458686,7.98606952,2.544026372,24.20601308
Gal(b1-3)(6S)GlcNAc(b1-Sp8 ,21.91132147,8.690781866,6.320023859,7.974849742999999
(6S)(4S)GalNAc(b1-4)GlcNAc(a1-Sp8,9.679643805,7.03391493,5.650216801,7.524058513
(6S)GalNAc(b1-4)GlcNAc(a1-Sp8 ,10.60305817,3.3874537819999997,5.8825372960000015,58.34620231
(3S)GalNAc(b1-4)(3S)GlcNAc(a1-Sp8,3.030683701,3.44337174,3.856988938,11.40029293
GalNAc(b1-4)(6S)GlcNAc(a1-Sp8 ,45.60324839,8.461949047000001,6.880666268,134.28760369999998
(3S)GalNAc(b1-4)GlcNAc(a1-Sp8 ,4.614683406,11.12396923,6.965269147000001,11.64022285
(4S)GalNac(b1-Sp10,6.5637001139999995,8.749872966,4.84682323,15.93609312
Gal(b1-4)(6P)GlcNAc(b1-Sp0 ,1.8317790669999998,5.555145907999999,5.197779241,36.23637182
(6P)Gal(b1-4)GlcNAc(b1-SP0 ,8.91162364,4.71347139,13.34306984,8.202265815
GalNAc(a1-3)[Fuc(a1-2)]Gal(b1-4)GlcNAc(b1-6)GalNAc(a1-Sp14,12.18488296,14.22906389,2.107943877,18.16244298
Neu5Ac(a2-6)Gal(b1-4)GlcNAc(b1-2)Ma(n1-Sp0,2.419119996,3.905087622,7.979211836,1.97174885
Gal(a1-3)Gal(b1-4)GlcNAc(b1-2)Man(a1-Sp0,7.54970799,12.11752108,6.309849591,4.328737394
Gal(a1-3)[Fuc(a1-2)]Gal(b1-4)GlcNAc(b1-2)Man(a1-Sp0,8.870478429,4.056258693,15.89814098,9.126799591000001
GalNAc(a1-3)[Fuc(a1-2)]Gal(b1-4) GlcNAc(b1-2)Man(a1-Sp0,5.135339218,9.912639221000001,4.858589534,3.257523527
 Gal(b1-3)GlcNAc(b1-2)Man(a1-Sp0,21.35503307,22.65943679,1.3439507169999998,57.02807643
Gal(a1-3)[Fuc(a1-2)]Gal(b1-3)GlcNAc(b1-6)GalNAc(a1-Sp14,16.15119043,10.70290482,1.733778083,8.147748073999999
Neu5Ac(a2-3)Gal(b1-3)GlcNAc(b1-2)Man(a1-Sp0,10.88718463,12.29599948,7.06533488,10.39544862
Gal(a1-3)Gal(b1-3)GlcNAc(b1-2)Man(a1-Sp0,2.780474289,7.382882175,3.36974234,3.8521097810000002
GalNAc(b1-4)GlcNAc(b1-2)Man(a1-Sp0,9.409276826000001,4.0469952419999995,9.335382547,69.36705184
Neu5Ac(a2-3)Gal(b1-3)GlcNAc(b1-4)Gal(b1-4)Glc(b1-Sp0,6.478932697,8.449470619,6.357354755,0.65374948
GlcNAc(b1-2) Man(a1-6)[GlcNAc(b1-4)][GlcNAc(b1-2)Man(a1-3)]Man(b1-4)GlcNAc(b1-4)[Fuc(a1-6)]GlcNAc(a1-Sp21,15.04081263,17.98140776,3.7523606089999997,24.20923267
Gal(b1-4)GlcNAc(b1-2)Man(a1-6)[GlcNAc(b1-4)][Gal(b1-4)GlcNAc(b1-2)Man(a1-3)]Man(b1-4)GlcNAc(b1-4)[Fuc(a1-6)]GlcNAc(a1-Sp21,17.44145195,6.2466929339999995,2.775570179,6.813526209
Gal(b1-4)GlcNAc(b1-2)Man(a1-6)[Gal(b1-4)GlcNAc(b1-4)][Gal(b1-4)GlcNAc(b1-2)Man(a1-3)]Man(b1-4)GlcNAc(b1-4)[Fuc(a1-6)]GlcNAc(a1-Sp21,2.201930784,2.075075559,6.282077752,8.736371728
Fuc(a1-4)[Gal(b1-3)]GlcNAc(b1-2)Man(a1-Sp0,51.76269997,5.420170275,8.990773041,112.5913512
Neu5Ac(a2-3)Gal(b1-4)[Fuc(a1-3)]GlcNAc(b1-2)Man(a1-Sp0,6.859904714,15.35698072,3.5974041660000005,7.099774107000001
GlcNAc(b1-3)Gal(b1-4)GlcNAc(b1-6)[GlcNAc(b1-3)]Gal(b1-4)GlcNAc(a1-Sp0,8.133689484,21.11228727,65.99884726,1933.479137
GalNAc(a1-3)[Fuc(a1-2)]Gal(b1-3)GalNAc(b1-3)Gal(a1-4)Gal(b1-4)Glc(a1-Sp21,3.2249287239999997,6.032076526,7.396671025,9.482865931000001
Gal(a1-3)[Fuc(a1-2)]Gal(b1-3)GalNAc(b1-3)Gal(a1-4)Gal(b1-4)Glc(a1-Sp21,7.231416543,1.9442883999999998,6.498193923,11.46029157
Gal(b1-3)GalNAc(b1-3)Ga(l1-Sp21,19.24848002,331.1518186,3019.245511,1309.322322
GlcNAc(b1-3)Gal(b1-4)GlcNAc(b1-2)Man(a1-6)[GlcNAc(b1-3)Gal(b1-4)GlcNAc(b1-2)Man(a1-3)]Man(b1-4)GlcNAc(b1-4)GlcNAc(b1-Sp12,5.788819142,3.174264725,136.26118369999998,1898.909218
GlcNAc(b1-3)Gal(b1-4)GlcNAc(b1-2)Man(a1-6)[GlcNAc(b1-3)Gal(b1-4)GlcNAc(b1-2)Man(a1-3)]Man(b1-4)GlcNAc(b1-4)GlcNAc(b1-Sp25,30.68912254,23.4787022,50.70114521,967.6521713999999
Gal(b1-4)GlcNAc(b1-3)Gal(b1-4)GlcNAc(b1-2)Man(a1-6)[Gal(b1-4)GlcNAc(b1-3)Gal(b1-4)GlcNAc(b1-2)Man(a1-3)]Man(b1-4)GlcNAc(b1-4)GlcNAc(b1-Sp12,44.33731726,35.9599443,34.53697168,114.9620993
Gal(b1-4)GlcNAc(b1-3)Gal(b1-4)GlcNAc(b1-2)Man(a1-6)[Gal(b1-4)GlcNAc(b1-3)Gal(b1-4)GlcNAc(b1-2)Man(a1-3)]Man(b1-4)GlcNAc(b1-4)GlcNAc(b1-Sp24,4.91163514,4.816869391,7.435071512,180.318705
Neu5Gc(a2-3)Gal(b1-4)GlcNAc(b1-3)Gal(b1-4)GlcNAc(b1-2)Man(a1-6)[Neu5Gc(a2-3)Gal(b1-4)GlcNAc(b1-3)Gal(b1-4)GlcNAc(b1-2)Man(a1-3)]Man(b1-4)GlcNAc(b1-4)GlcNAc(b1-Sp24,13.29313331,20.62175929,6.445231955,33.12089349
Fuc(a1-2)Gal(b1-4)GlcNAc(b1-3)Gal(b1-4)GlcNAc(b1-2)Man(a1-6)[Fuc(a1-2)Gal(b1-4)GlcNAc(b1-3)Gal(b1-4)GlcNAc(b1-2)Man(a1-3)]Man(b1-4)GlcNAc(b1-4)GlcNAc(b1-Sp24,13.60761601,3.64457667,5.108927808,17.030091600000002
GlcNAc(b1-3)Gal(b1-4)GlcNAc(b1-3)Gal(b1-4)GlcNAc(b1-2)Man(a1-6)[GlcNAc(b1-3)Gal(b1-4)GlcNAc(b1-3)Gal(b1-4)GlcNAc(b1-2)Man(a1-3)]Man(b1-4)GlcNAc(b1-4)GlcNAc(b1-Sp12,91.15656595,30.41129939,26.230074199999997,51.61267961
GlcNAc(b1-3)Gal(b1-4)GlcNAc(b1-3)Gal(b1-4)GlcNAc(b1-2)Man(a1-6)[GlcNAc(b1-3)Gal(b1-4)GlcNAc(b1-3)Gal(b1-4)GlcNAc(b1-2)Man(a1-3)]Man(b1-4)GlcNAc(b1-4)GlcNAc(b1-Sp25,11.66093429,3.826556213,138.2150095,775.6936195000003
Gal(b1-4)GlcNAc(b1-3)Gal(b1-4)GlcNAc(b1-3)Gal(b1-4)GlcNAc(b1-2)Man(a1-6)[Gal(b1-4)GlcNAc(b1-3)Gal(b1-4)GlcNAc(b1-3)Gal(b1-4)GlcNAc(b1-2)Man(a1-3)]Man(b1-4)GlcNAc(b1-4)GlcNAc(b1-Sp12,19.7068639,11.29396037,9.752650333,60.87850096
Gal(b1-4)GlcNAc(b1-3)Gal(b1-4)GlcNAc(b1-3)Gal(b1-4)GlcNAc(b1-2)Man(a1-6)[Gal(b1-4)GlcNAc(b1-3)Gal(b1-4)GlcNAc(b1-3)Gal(b1-4)GlcNAc(b1-2)Man(a1-3)]Man(b1-4)GlcNAc(b1-4)GlcNAc(b1-Sp24,19.69913538,8.240988652999999,11.73647573,45.67909189
GlcNAc(b1-3)Gal(b1-4)GlcNAc(b1-3)Gal(b1-4)GlcNAc(b1-3)Gal(b1-4)GlcNAc(b1-2)Man(a1-6)[GlcNAc(b1-3)Gal(b1-4)GlcNAc(b1-3)Gal(b1-4)GlcNAc(b1-3)Gal(b1-4)GlcNAc(b1-2)Man(a1-3)]Man(b1-4)GlcNAc(b1-4)GlcNAc(b1-Sp25,11.32139379,8.501152465,169.1398771,1300.7315800000001
Gal(b1-4)GlcNAc(b1-3)Gal(b1-4)GlcNAc(b1-3)Gal(b1-4)GlcNAc(b1-3)Gal(b1-4)GlcNAc(b1-2)Man(a1-6)[Gal(b1-4)GlcNAc(b1-3)Gal(b1-4)GlcNAc(b1-3)Gal(b1-4)GlcNAc(b1-3)Gal(b1-4)GlcNAc(b1-2)Man(a1-3)]Man(b1-4)GlcNAc(b1-4)GlcNAc(b1-Sp25,31.97510086,8.089196161,13.32115006,230.37670809999997
Gal(b1-3)GlcNAc(b1-3)Gal(b1-4)GlcNAc(b1-2)Man(a1-6)[Gal(b1-3)GlcNAc(b1-3)Gal(b1-4)GlcNAc(b1-2)Man(a1-3)]Man(b1-4)GlcNAc(b1-4)GlcNAc(a1-Sp25,2.765899951,8.947409282999999,5.440098047,135.49265569999997
Neu5Gc(a2-8)Neu5Gc(a2-3)Gal(b1-4)GlcNAc(a1-Sp0,7.249001292999999,14.71138859,4.8750954,4.234632438
Neu5Ac(a2-8)Neu5Gc(a2-3)Gal(b1-4)GlcNAc(a1-Sp0,7.7539793710000025,10.46451156,6.935203286,10.20927417
Neu5Gc(a2-8)Neu5Ac(a2-3)Gal(b1-4)GlcNAc(a1-Sp0,2.021066163,5.364029551000001,2.703166009,11.29277138
Neu5Gc(a2-8)Neu5Gc(a2-3)Gal(b1-4)GlcNAc(b1-3)Gal(b1-4)GlcNAc(a1-Sp0,8.912462641,4.054495611,10.10664951,4.453917604
Neu5Gc(a2-8)Neu5Gc(a2-6)Gal(b1-4)GlcNAc(a1-Sp0,26.01645149,8.471192255,3.165924325,5.180841323
Neu5Ac(a2-8)Neu5Ac(a2-3)Gal(b1-4)GlcNAc(a1-Sp0,2.8878087939999997,14.17996196,9.537587495,7.479969081
GlcNAc(b1-3)Gal(b1-4)GlcNAc(b1-6)[GlcNAc(b1-3)Gal(b1-4)GlcNAc(b1-2)]Man(a1-6)[GlcNAc(b1-3)Gal(b1-4)GlcNAc(b1-2)]Man(a1-3)]Man(b1-4)GlcNAc(b1-4)GlcNAc(a1-Sp24,26.28721569,16.2360716,218.84407140000002,854.9329254
Gal(b1-4)GlcNAc(b1-3)Gal(b1-4)GlcNAc(b1-6)[Gal(b1-4)GlcNAc(b1-3)Gal(b1-4)GlcNAc(b1-2)]Man(a1-6)[Gal(b1-4)GlcNAc(b1-3)Gal(b1-4)GlcNAc(b1-2)Man(a1-3)]Man(a1-4)GlcNAc(b1-4)GlcNAc(a1-Sp24,3.2103285280000002,5.516873436,14.01782017,35.44387778
Gal(a1-3)Gal(b1-4)GlcNAc(b1-2)Man(a1-6)[Gal(a1-3)Gal(b1-4)GlcNAc(b1-2)Man(a1-3)]Man(b1-4)GlcNAc(b1-4)GlcNAc(a1-Sp24,14.10190175,17.82716642,21.22731486,19.90931618
GlcNAc(b1-3)Gal(b1-4)GlcNAc(b1-6)[GlcNAc(b1-3)Gal(b1-3)]GalNAc(a1-Sp14,5.408220657999999,8.569351962,12.206766900000002,74.88503449
GalNAc(b1-3)GlcNAc(b1-Sp0 ,11.31821657,18.18243142,3.109593965,29.43339001
GalNAc(b1-4)GlcNAc(b1-3)GalNAc(b1-4)GlcNAc(b1-Sp0 ,5.4185853029999995,8.49767223,4.017183173,29.42084875
GlcNAc(b1-3)Gal(b1-4)GlcNAc(b1-3)Gal(b1-4)GlcNAc(b1-3)Gal(b1-4)GlcNAc(b1-3)Gal(b1-4)GlcNAc(b1-2)Man(a1-6)[GlcNAc(b1-3)Gal(b1-4)GlcNAc(b1-3)Gal(b1-4)GlcNAc(b1-3)Gal(b1-4)GlcNAc(b1-3)Gal(b1-4)GlcNAc(b1-2)Man(a1-3)]Man(b1-4)GlcNAc(b1-4)GlcNAc(b1-Sp25,14.01565334,15.47102499,41.06224455,455.2302518999999
Gal(b1-4)GlcNAc(b1-3)Gal(b1-4)GlcNAc(b1-3)Gal(b1-4)GlcNAc(b1-3)Gal(b1-4)GlcNAc(b1-3)Gal(b1-4)GlcNAc(b1-2)Man(a1-6)[Gal(b1-4)GlcNAc(b1-3)Gal(b1-4)GlcNAc(b1-3)Gal(b1-4)GlcNAc(b1-3)Gal(b1-4)GlcNAc(b1-3)Gal(b1-4)GlcNAc(b1-2)Man(a1-3)]Man(b1-4)GlcNAc(b1-4)GlcNAc(b1-Sp25,8.798741908,14.54863486,4.9840786669999995,47.82429563
GlcNA(b1-3)Gal(b1-3)GalNAc(a1-Sp14,1.090404002,2.797368751,4.3801349069999995,2.8618200419999997
Gal(b1-3)GlcNAc(b1-6)[Gal(b1-3)]GalNAc(a1-Sp14,51.39783815,164.03431740000005,917.4685216,4888.348258
Gal(b1-4)GlcNAc(b1-3)Gal(b1-4)GlcNAc(b1-3)Gal(b1-4)GlcNAc(b1-3)Gal(b1-4)GlcNAc(b1-3)Gal(b1-4)GlcNAc(b1-3)Gal(b1-4)GlcNAc(b1-2)Man(a1-6)[Gal(b1-4)GlcNAc(b1-3)Gal(b1-4)GlcNAc(b1-3)Gal(b1-4)GlcNAc(b1-3)Gal(b1-4)GlcNAc(b1-3)Gal(b1-4)GlcNAc(b1-3)Gal(b1-4)GlcNAc(b1-2)Man(a1-3)]Man(b1-4)GlcNAc(b1-4)GlcNAc(b1-Sp25,5.626296834,2.610512012,9.381977373,51.49579067
(3S)GlcA(b1-3)Gal(b1-4)GlcNAc(b1-3)Gal(b1-4)Glc(a1-Sp0,13.21444923,10.35124214,6.664738656,7.102284397000001
(3S)GlcA(b1-3)Gal(b1-4)GlcNAc(b1-2)Man(a1-Sp0,11.44124622,12.98666201,5.455891876,23.14644843
Gal(b1-3)GlcNAc(b1-3)Gal(b1-4)GlcNAc(b1-3)Gal(b1-4)GlcNAc(b1-6)[Gal(b1-3)GlcNAc(b1-3)Gal(b1-4)GlcNAc(b1-3)Gal(b1-4)GlcNA(b1-2)]Man(a1-6)[Gal(b1-3)GlcNAc(b1-3)Gal(b1-4)GlcNAc(b1-3)Gal(b1-4)GlcNAc(b1-2)Man(a1-3)]Man(b1-4)GlcNAc(b1-4)[Fuc(a1-6)]GlcNAc(b1-Sp24,7.0344620529999995,5.597941702000001,9.719846525,184.7153873
Gal(b1-3)GlcNAc(b1-3)Gal(b1-4)GlcNAc(b1-6)[Gal(b1-3)GlcNAc(b1-3)Gal(b1-4)GlcNA(b1-2)]Man(a1-6)[Gal(b1-3)GlcNAc(b1-3)Gal(b1-4)GlcNAc(b1-2)Man(a1-3)]Man(b1-4)GlcNAc(b1-4)[Fuc(a1-6)]GlcNAc(b1-Sp24,20.00039182,16.07775257,13.70358004,512.5962142
Neu5Ac(a2-8)Neu5Ac(a2-3)Gal(b1-3)GalNAc(b1-4)[Neu5Ac(a2-3)]Gal(b1-4)Glc(a1-Sp21,4.853638175,10.90813996,2.493099232,8.869413061
GlcNAc(b1-3)Gal(b1-4)GlcNAc(b1-2)Man(a1-6)[GlcNAc(b1-3)Gal(b1-4)GlcNAc(b1-2)Man(a1-3)]Man(b1-4)GlcNAc(b1-4)[Fuc(a1-6)]GlcNAc(b1-Sp24,10.29443967,13.15831598,33.53458904,673.0411379999998
Gal(b1-4)GlcNAc(b1-3)Gal(b1-4)GlcNAc(b1-2)Man(a1-6)[Gal(b1-4)GlcNAc(b1-3)Gal(b1-4)GlcNAc(b1-2)Man(a1-3)]Man(b1-4)GlcNAc(b1-4)[Fuc(a1-6)]GlcNAc(b1-Sp24,7.133844242,31.37585995,27.59403675,33.83894055
GlcNAc(b1-3)Gal(b1-4)GlcNAc(b1-3)Gal(b1-4)GlcNAc(b1-2)Man(a1-6)[GlcNAc(b1-3)Gal(b1-4)GlcNAc(b1-3)Gal(b1-4)GlcNAc(b1-2)Man(a1-3)]Man(b1-4)GlcNAc(b1-4)[Fuc(a1-6)]GlcNAc(b1-Sp24,16.48140046,9.87733935,211.42659080000004,1392.220558
Gal(b1-4)GlcNAc(b1-3)Gal(b1-4)GlcNAc(b1-3)Gal(b1-4)GlcNAc(b1-2)Man(a1-6)[Gal(b1-4)GlcNAc(b1-3)Gal(b1-4)GlcNAc(b1-3)Gal(b1-4)GlcNAc(b1-2)Man(a1-3)]Man(b1-4)GlcNAc(b1-4)[Fuc(a1-6)]GlcNAc(b1-Sp24,6.877027644,17.36024136,5.6235719060000005,21.47677036
GlcNAc(b1-3)Gal(b1-4)GlcNAc(b1-3)Gal(b1-4)GlcNAc(b1-3)Gal(b1-4)GlcNAc(b1-2)Man(a1-6)[GlcNAc(b1-3)Gal(b1-4)GlcNAc(b1-3)Gal(b1-4)GlcNAc(b1-3)Gal(b1-4)GlcNAc(b1-2)Man(a1-3)]Man(b1-4)GlcNAc(b1-4)[Fuc(a1-6)]GlcNAc(b1-Sp24,28.20820551,25.82397627,69.66984095,1011.9395390000001
Gal(b1-4)GlcNAc(b1-3)Gal(b1-4)GlcNAc(b1-3)Gal(b1-4)GlcNAc(b1-3)Gal(b1-4)GlcNAc(b1-2)Man(a1-6)[Gal(b1-4)GlcNAc(b1-3)Gal(b1-4)GlcNAc(b1-3)Gal(b1-4)GlcNAc(b1-3)Gal(b1-4)GlcNAc(b1-2)Man(a1-3)]Man(b1-4)GlcNAc(b1-4)[Fuc(a1-6)]GlcNAc(b1-Sp24,16.54820329,4.628679126000001,9.504524564,50.08225699
GlcNAc(b1-3)Gal(b1-4)GlcNAc(b1-3)Gal(b1-4)GlcNAc(b1-3)Gal(b1-4)GlcNAc(b1-3)Gal(b1-4)GlcNAc(b1-2)Man(a1-6)[GlcNAc(b1-3)Gal(b1-4)GlcNAc(b1-3)Gal(b1-4)GlcNAc(b1-3)Gal(b1-4)GlcNAc(b1-3)Gal(b1-4)GlcNAc(b1-2)Man(a1-3)]Man(b1-4)GlcNAc(b1-4)[Fuc(a1-6)]GlcNAc(b1-Sp19,14.31714296,22.01694115,25.105413199999997,1201.908716
Gal(b1-4)GlcNAc(b1-3)Gal(b1-4)GlcNAc(b1-3)Gal(b1-4)GlcNAc(b1-3)Gal(b1-4)GlcNAc(b1-3)Gal(b1-4)GlcNAc(b1-2)Man(a1-6)[Gal(b1-4)GlcNAc(b1-3)Gal(b1-4)GlcNAc(b1-3)Gal(b1-4)GlcNAc(b1-3)Gal(b1-4)GlcNAc(b1-3)Gal(b1-4)GlcNAc(b1-2)Man(a1-3)]Man(b1-4)GlcNAc(b1-4)[Fuc(a1-6)]GlcNAc(b1-Sp19,33.4973864,9.318768528,8.78177503,57.487675100000004
Gal(b1-4)GlcNAc(b1-3)Gal(b1-4)GlcNAc(b1-6)[Gal(b1-4)GlcNAc(b1-3)Gal(b1-4)GlcNA(b1-2)]Man(a1-6)[Gal(b1-4)GlcNAc(b1-3)Gal(b1-4)GlcNAc(b1-2)Man(a1-3)]Man(b1-4)GlcNAc(b1-4)[Fuc(a1-6)]GlcNAc(b1-Sp24,19.89131476,17.82269713,14.55580082,138.22043440000002
GlcNAc(b1-3)Gal(b1-4)GlcNAc(b1-3)Gal(b1-4)GlcNAc(b1-6)[GlcNAc(b1-3)Gal(b1-4)GlcNAc(b1-3)Gal(b1-4)GlcNA(b1-2)]Man(a1-6)[GlcNAc(b1-3)Gal(b1-4)GlcNAc(b1-3)Gal(b1-4)GlcNAc(b1-2)Man(a1-3)]Man(b1-4)GlcNAc(b1-4)[Fuc(a1-6)]GlcNAc(b1-Sp24,37.01530204,24.29837986,149.0732355,2634.048308
Gal(b1-4)GlcNAc(b1-3)Gal(b1-4)GlcNAc(b1-3)Gal(b1-4)GlcNAc(b1-6)[Gal(b1-4)GlcNAc(b1-3)Gal(b1-4)GlcNAc(b1-3)Gal(b1-4)GlcNA(b1-2)]Man(a1-6)[Gal(b1-4)GlcNAc(b1-3)Gal(b1-4)GlcNAc(b1-3)Gal(b1-4)GlcNAc(b1-2)Man(a1-3)]Man(b1-4)GlcNAc(b1-4)[Fuc(a1-6)]GlcNAc(b1-Sp24,17.43096283,16.25772171,4.289732602,14.40897706
GlcNAc(b1-3)Gal(b1-4)GlcNAc(b1-3)Gal(b1-4)GlcNAc(b1-3)Gal(b1-4)GlcNAc(b1-6)[GlcNAc(b1-3)Gal(b1-4)GlcNAc(b1-3)Gal(b1-4)GlcNAc(b1-3)Gal(b1-4)GlcNA(b1-2)]Man(a1-6)[GlcNAc(b1-3)Gal(b1-4)GlcNAc(b1-3)Gal(b1-4)GlcNAc(b1-3)Gal(b1-4)GlcNAc(b1-2)Man(a1-3)]Man(b1-4)GlcNAc(b1-4)[Fuc(a1-6)]GlcNAc(b1-Sp24,52.74152061,13.52538525,92.37197959,691.9824477000003
Gal(b1-4)GlcNAc(b1-3)Gal(b1-4)GlcNAc(b1-3)Gal(b1-4)GlcNAc(b1-3)Gal(b1-4)GlcNAc(b1-6)[Gal(b1-4)GlcNAc(b1-3)Gal(b1-4)GlcNAc(b1-3)Gal(b1-4)GlcNAc(b1-3)Gal(b1-4)GlcNA(b1-2)]Man(a1-6)[Gal(b1-4)GlcNAc(b1-3)Gal(b1-4)GlcNAc(b1-3)Gal(b1-4)GlcNAc(b1-3)Gal(b1-4)GlcNAc(b1-2)Man(a1-3)]Man(b1-4)GlcNAc(b1-4)[Fuc(a1-6)]GlcNAc(b1-Sp24,28.48676676,20.76636779,9.27310573,38.68340627
GlcNAc(b1-3)Gal(b1-4)GlcNAc(b1-3)Gal(b1-4)GlcNAc(b1-3)Gal(b1-4)GlcNAc(b1-3)Gal(b1-4)GlcNAc(b1-6)[GlcNAc(b1-3)Gal(b1-4)GlcNAc(b1-3)Gal(b1-4)GlcNAc(b1-3)Gal(b1-4)GlcNAc(b1-3)Gal(b1-4)GlcNA(b1-2)]Man(a1-6)[GlcNAc(b1-3)Gal(b1-4)GlcNAc(b1-3)Gal(b1-4)GlcNAc(b1-3)Gal(b1-4)GlcNAc(b1-3)Gal(b1-4)GlcNAc(b1-2)Man(a1-3)]Man(b1-4)GlcNAc(b1-4)[Fuc(a1-6)]GlcNAc(b1-Sp24,27.58254872,72.77598031,273.5991116,1664.999392
Gal(b1-4)GlcNAc(b1-3)Gal(b1-4)GlcNAc(b1-3)Gal(b1-4)GlcNAc(b1-3)Gal(b1-4)GlcNAc(b1-3)Gal(b1-4)GlcNAc(b1-6)[Gal(b1-4)GlcNAc(b1-3)Gal(b1-4)GlcNAc(b1-3)Gal(b1-4)GlcNAc(b1-3)Gal(b1-4)GlcNAc(b1-3)Gal(b1-4)GlcNA(b1-2)]Man(a1-6)[Gal(b1-4)GlcNAc(b1-3)Gal(b1-4)GlcNAc(b1-3)Gal(b1-4)GlcNAc(b1-3)Gal(b1-4)GlcNAc(b1-3)Gal(b1-4)GlcNAc(b1-2)Man(a1-3)]Man(b1-4)GlcNAc(b1-4)[Fuc(a1-6)]GlcNAc(b1-Sp24,22.640921,13.549142199999999,8.221325268,54.76932434
Gal(b1-4)GlcNAc(b1-3)Gal(b1-4)GlcNAc(b1-3)GalNAc(a1-Sp14,21.53932034,9.406776927000001,38.83091624,83.72369722
Gal(b1-4)GlcNAc(b1-3)Gal(b1-4)GlcNAc(b1-6)[Gal(b1-3)]GalNAc(a1-Sp14,20.14065715,175.6364944,651.3129785,2236.547916
Gal(b1-4)GlcNAc(b1-3)Gal(b1-4)GlcNAc(b1-6)[Gal(b1-4)GlcNAc(b1-3)Gal(b1-4)GlcNAc(b1-3)]GalNAc(a1-Sp14,106.0329246,27.26011117,32.52101287,135.2327661
Neu5Ac(a2-3)Gal(b1-4)GlcNAc(b1-3)Gal(b1-4)GlcNAc(b1-3)GalNAc(a1-Sp14,10.92877353,7.239183057999999,7.1288147660000005,8.213395133999999
GlcNAc(b1-3)Gal(b1-4)GlcNAc(b1-3)GalNAc(a1-Sp14,19.17882319,1.98957166,1.477078593,1061.187943
GlcNAc(b1-3)Gal(b1-4)GlcNAc(b1-6)[Gal(b1-3)]GalNAc(a1-Sp14,15.00967465,694.9313846,2683.642601,385.66186739999995
GlcNAc(b1-3)Gal(b1-4)GlcNAc(b1-6)[GlcNAc(b1-3)Gal(b1-4)GlcNAc(b1-3)]GalNAc(a1-Sp14,5.253617431,13.73106091,34.5729987,584.6284951
Neu5Ac(a2-3)Gal(b1-4)GlcNAc(b1-3)Gal(b1-4)GlcNAc(b1-6)[Neu5Ac(a2-3)Gal(b1-4)GlcNAc(b1-3)Gal(b1-4)GlcNAc(b1-3)]GalNAc(a1-Sp14,26.39615641,10.04331198,7.53463319,37.59693582
Neu5Ac(a2-6)Gal(b1-4)GlcNAc(b1-3)Gal(b1-4)GlcNAc(b1-3)GalNAc(a1-Sp14,6.8561868089999995,8.156209149,3.328807667,22.02379116
GlcNAc(b1-3)Gal(b1-4)GlcNAc(b1-3)Gal(b1-4)GlcNAc(b1-3)GalNAc(a1-Sp14,5.23144856,8.985102619,9.927859774,16.82691246
Gal(b1-4)GlcNAc(b1-3)Gal(b1-3)GalNAc(a1-Sp14,7.81265064,5.609066427999999,3.321744784,9.098572971
Neu5Ac(a2-3)Gal(b1-4)GlcNAc(b1-3)Gal(b1-4)GlcNAc(b1-6)[Gal(b1-3)]GalNAc(a1-Sp14,20.77599995,143.36873730000005,529.8361873,3261.8032949999997
Neu5Ac(a2-6)Gal(b1-4)GlcNAc(b1-3)Gal(b1-4)GlcNAc(b1-6)[Gal(b1-3)]GalNAc(a1-Sp14,9.804210482,105.58856100000001,570.7956546,7321.757233
Neu5Ac(a2-6)Gal(b1-4)GlcNAc(b1-6)[Gal(b1-3)]GalNAc(a1-Sp14,7.95102626,57.54887854,858.1620783,2513.753125
Neu5Ac(a2-3)Gal(b1-4)GlcNAc(b1-3)Gal(b1-4)GlcNAc(b1-2)Man(a1-6)[Neu5Ac(a2-3)Gal(b1-4)GlcNAc(b1-3)Gal(b1-4)GlcNAc(b1-2)Man(a1-3)]Man(b1-4)GlcNAc(b1-4)GlcNAc(b1-Sp12,88.32799501,22.3236676,9.466108722000001,46.66578398
GlcNAc(b1-6)[Neu5Ac(a2-3)Gal(b1-3)]GalNAc(a1-Sp14,8.775610869,9.780533862999999,4.781303126,13.93229093
Neu5Ac(a2-6)Gal(b1-4)GlcNAc(b1-3)Gal(b1-4)GlcNAc(b1-6)[Neu5Ac(a2-6)Gal(b1-4)GlcNAc(b1-3)Gal(b1-4)GlcNAc(b1-3)]GalNAc(a1-Sp14,43.54687933,11.77925442,15.29987219,34.66673457
Neu5Ac(a2-6)Gal(b1-4)GlcNAc(b1-3)Gal(b1-4)GlcNAc(b1-3)Gal(b1-4)GlcNAc(b1-2)Man(a1-6)[Neu5Ac(a2-6)Gal(b1-4)GlcNAc(b1-3)Gal(b1-4)GlcNAc(b1-3)Gal(b1-4)GlcNAc(b1-2)Man(a1-3)]Man(b1-4)GlcNAc(b1-4)GlcNAc(b1-Sp12,29.18674763,12.09742524,14.23813801,144.14311980000005
Neu5Ac(a2-3)Gal(b1-4)GlcNAc(b1-3)Gal(b1-4)GlcNAc(b1-3)Gal(b1-4)GlcNAc(b1-2)Man(a1-6)[Neu5Ac(a2-3)Gal(b1-4)GlcNAc(b1-3)Gal(b1-4)GlcNAc(b1-3)Gal(b1-4)GlcNAc(b1-2)Man(a1-3)]Man(b1-4)GlcNAc(b1-4)GlcNAc(b1-Sp12,74.00449057,60.87233212,20.91536456,51.592797
Neu5Ac(a2-6)Gal(b1-4)GlcNAc(b1-3)Gal(b1-4)GlcNAc(b1-2)Man(a1-6)[Neu5Ac(a2-6)Gal(b1-4)GlcNAc(b1-3)Gal(b1-4)GlcNAc(b1-2)Man(a1-3)]Man(b1-4)GlcNAc(b1-4)GlcNAc(b1-Sp12,12.29444381,16.67964689,12.4915837,40.67496642
GlcNAc(b1-3)Fuc(a1-Sp21,5.49252258,15.0596044,4.530697264,24.79650386
Gal(b1-3)GalNAc(b1-4)[Neu5Ac(a2-8)Neu5Ac(a2-8)Neu5Ac(a2-3)]Gal(b1-4)Glc(b1-Sp21,27.44869236,12.11724212,7.186395152,62.82841289
