IUPAC,RCAI (Vector) (0.1 ug/ml),RCAI (Vector) (1 ug/ml),RCAI (Vector) (10 ug/ml),RCAI (Vector) (100ug/ml)
Gal(a1-Sp8,14.028300000000007,18.04825,128.860975,2409.757825
Glc(a1-Sp8,9.894375,37.371550000000006,29.227699999999995,497.63235
Man(a1-Sp8,26.874475,58.422024999999984,69.8647,284.8068249999999
GalNAc(a1-Sp8,13.9378,38.994875,27.91895,1608.890125
GalNAc(a1-Sp15,49.49017500000001,385.656625,3892.29625,21452.234825
Fuc(a1-Sp8,26.19735,8.630700000000001,4.800349999999998,63.252875
Fuc(a1-Sp9,1.1430749999999996,5.303600000000001,24.1246,23.132125
Rha(a1-Sp8,14.929650000000002,13.784600000000005,17.787174999999994,276.1348750000001
Neu5Ac(a1-Sp8,29.354175,20.400725000000005,28.4859,101.904425
Neu5Ac(a1-Sp11,36.91284999999999,21.565224999999995,45.77995000000002,241.46435
Neu5Ac(b1-Sp8,3.5566750000000016,12.982225000000005,10.244349999999997,68.71730000000002
Gal(b1-Sp8,42.65695,1494.046175,10720.797874999998,26032.698025000005
Glc(b1-Sp8,17.892200000000006,14.292925000000006,57.31367500000002,238.53025
Man(b1-Sp8,5.729150000000002,10.022625000000003,62.35360000000002,171.28070000000002
GalNAc(b1-Sp8,44.3477,31.24235,329.3526250000001,4765.964925
GlcNAc(b1-Sp0,42.98819999999999,28.352775,14.2926,25.08757499999999
GlcNAc(b1-Sp8,20.79445,23.622700000000005,15.354750000000005,107.421025
GlcN[Gc](b1-Sp8,5.7468,14.975325000000002,13.514875,13.619125
Gal(b1-4)GlcNAc(b1-6)[Gal(b1-4)GlcNAc(b1-3)]GalNAc(a1-Sp8,1972.31145,27691.183675,35195.67055,41061.1986
Gal(b1-4)GlcNAc(b1-6)[Gal(b1-4)GlcNAc(b1-3)]GalNAc(a1-Sp14,306.78742499999987,6052.774825,34681.1338,32691.8796
GlcNAc(b1-6)[GlcNAc(b1-4)][GlcNAc(b1-3)]GlcNAc(a1-Sp8,19.02845,27.5196,39.03060000000001,10.47875
6S(3S)Gal(b1-4)(6S)GlcNAc(b1-Sp0,26.73295,16.271575000000002,167.89317500000004,3889.221800000001
6S(3S)Gal(b1-4)GlcNAc(b1-Sp0,14.472000000000001,21.161225,20.108825,194.5842
(3S)Gal(b1-4)[Fuc(a1-3)](6S)Glc(a1-Sp0,42.2217,35.65509999999999,52.813275,480.32575
(3S)Gal(b1-4)Glc(b1-Sp8,17.327849999999998,25.37067500000001,17.8127,24.1979
(3S)Gal(b1-4)(6S)Glc(b1-Sp0,21.764675,24.692025,11.4946,42.61015
(3S)Gal(b1-4)(6S)Glc(b1-Sp8,8.233900000000002,22.028325,13.356824999999983,97.32185
(3S)Gal(b1-3)[Fuc(a1-4)]GlcNAc(b1-Sp8,12.463274999999996,19.95325,28.9889,76.88235000000032
(3S)Gal(b1-3)GalNAc(a1-Sp8,4.295825000000002,20.501450000000006,13.467974999999996,66.03905
(3S)Gal(b1-3)GlcNAc(b1-Sp0,18.084625000000006,15.168125,16.740674999999992,75.274575
(3S)Gal(b1-3)GlcNAc(b1-Sp8,15.441650000000005,-0.309350000000002,9.990474999999996,162.4819500000001
(3S)Gal(b1-4)[Fuc(a1-3)]GlcNAc(a1-Sp0 ,28.560375,26.40045,33.472950000000004,108.27760000000002
(3S)Gal(b1-4)[Fuc(a1-3)]GlcNAc(a1-Sp8,8.95375,17.749575,12.47495,50.03810000000001
(3S)Gal(b1-4)(6S)GlcNAc(b1-Sp0,18.47065,18.0397,17.374424999999995,66.65870000000001
(3S)Gal(b1-4)(6S)GlcNAc(b1-Sp8,5.522675000000001,3.1541999999999977,8.361550000000005,91.19325
(3S)Gal(b1-4)GlcNAc(b1-Sp0,9.251525,20.528050000000004,33.2209,132.241425
(3S)Gal(b1-4)GlcNAc(b1-Sp8,10.442625,17.360124999999996,5.492149999999999,139.83440000000004
(3S)Gal(b1-Sp8,17.413874999999994,-12.240174999999995,5.023499999999995,30.642025
(6S)(4S)Gal(b1-4)GlcNAc(b1-Sp0,1.4334750000000032,10.946650000000002,28.00255,80.81272500000001
(4S)Gal(b1-4)GlcNAc(b1-Sp8,17.935499999999994,11.618725,16.662249999999993,41.258625
(6P)Man(a1-Sp8,11.3444,14.116799999999998,10.204900000000002,40.927250000000015
(6S)Gal(b1-4)Glc(b1-Sp0,2207.6941750000005,16461.432375,32450.737,33821.528825
(6S)Gal(b1-4)Glc(b1-Sp8,1629.82435,16015.962975000002,30646.907975,33881.364525
(6S)Gal(b1-4)GlcNAc(b1-Sp8,2617.800725,26764.73175000001,32211.998850000004,40597.055725
(6S)Gal(b1-4)(6S)Glc(b1-Sp8,1191.89495,12047.19305,30122.55687500001,39411.03472500001
Neu5Ac(a2-3)(6S)Gal(b1-4)GlcNAc(b1-Sp8,8.203100000000001,8.41425,39.570099999999975,16.573275
(6S)GlcNAc(b1-Sp8,10.577199999999998,24.496,9.739125000000003,46.68712500000001
"Neu5,9Ac2(a1-Sp8",5.867574999999999,15.824774999999995,28.48497500000001,-5.0374250000000025
"Neu5,9Ac2(a2-6)Gal(b1-4)GlcNAc(b1-Sp8",1.8146749999999976,9.888874999999997,68.93979999999999,3632.209675
Man(a1-6)[Man(a1-3)]Man(b1-4)GlcNAc(b1-4)GlcNAc(b1-Sp12,12.139199999999995,15.654700000000005,7.695874999999999,64.58925
Man(a1-6)[Man(a1-3)]Man(b1-4)GlcNAc(b1-4)GlcNAc(b1-Sp13,12.789175,2.7272250000000007,5.892100000000001,2619.558850000001
GlcNAc(b1-2)Man(a1-6)[GlcNAc(b1-2)Man(a1-3)]Man(b1-4)GlcNAc(b1-4)GlcNAc(b1-Sp12,10.339625000000002,9.822525,4.856674999999997,70.97502500000002
GlcNAc(b1-2)Man(a1-6)[GlcNAc(b1-2)Man(a1-3)]Man(b1-4)GlcNAc(b1-4)GlcNAc(b1-Sp13,1.4861999999999966,-3.248674999999998,90.512325,4362.57335
Gal(b1-4)GlcNAc(b1-2)Man(a1-6)[Gal(b1-4)GlcNAc(b1-2)Man(a1-3)]Man(b1-4)GlcNAc(b1-4)GlcNAc(b1-Sp12,2516.63695,25482.42192500001,32196.12895,39904.82239999998
Neu5Ac(a2-6)Gal(b1-4)GlcNAc(b1-2)Man(a1-6)[Neu5Ac(a2-6)Gal(b1-4)GlcNAc(b1-2)Man(a1-3)]Man(b1-4)GlcNAc(b1-4)GlcNAc(b1-Sp12,502.12159999999983,8605.5844,36950.460899999984,36154.167175
Neu5Ac(a2-6)Gal(b1-4)GlcNAc(b1-2)Man(a1-6)[Neu5Ac(a2-6)Gal(b1-4)GlcNAc(b1-2)Man(a1-3)]Man(b1-4)GlcNAc(b1-4)GlcNAc(b1-Sp13,992.048275,11678.5593,32469.222500000003,37292.80550000002
Neu5Ac(a2-6)Gal(b1-4)GlcNAc(b1-2)Man(a1-6)[Neu5Ac(a2-6)Gal(b1-4)GlcNAc(b1-2)M(an-a)(a1-3)]Man(b1-4)GlcNAc(b1-4)GlcNAc(b1-Sp21,2002.87565,23752.25715,33162.873599999984,40383.54525
Neu5Ac(a2-6)Gal(b1-4)GlcNAc(b1-2)Man(a1-6)[Neu5Ac(a2-6)Gal(b1-4)GlcNAc(b1-2)Man(a1-3)]Man(b1-4)GlcNAc(b1-4)GlcNAc(b1-Sp24,47.532425,2279.3311500000004,33097.460875,35370.569725
Fuc(a1-2)Gal(b1-3)GalNAc(b1-3)Gal(a1-Sp9,6.484575,12.220900000000002,21.92835,49.879625
Fuc(a1-2)Gal(b1-3)GalNAc(b1-3)Gal(a1-4)Gal(b1-4)Glc(b1-Sp9,9.553725,3.03515,6.759450000000001,84.76032500000002
Fuc(a1-2)Gal(b1-3)[Fuc(a1-4)]GlcNAc(b1-Sp8,4.968000000000002,15.539324999999998,5.723675000000004,35.82170000000001
Fuc(a1-2)Gal(b1-3)GalNAc(a1-Sp8,19.00625,8.209899999999998,8.025324999999999,48.59969999999999
Fuc(a1-2)Gal(b1-3)GalNAc(a1-Sp14,0.7180499999999999,9.278175,16.644375,1362.7413250000004
Fuc(a1-2)Gal(b1-3)GalNAc(b1-4)[Neu5Ac(a2-3)]Gal(b1-4)Glc(b1-Sp0,12.542550000000002,4.488,9.750825000000004,28.066975
Fuc(a1-2)Gal(b1-3)GalNAc(b1-4)[Neu5Ac(a2-3)]Gal(b1-4)Glc(b1-Sp9,4.128700000000002,2.24175,20.5481,94.831225
Fuc(a1-2)Gal(b1-3)GlcNAc(b1-3)Gal(b1-4)Glc(b1-Sp8,14.011124999999998,6.147425000000003,15.4113,884.6067250000001
Fuc(a1-2)Gal(b1-3)GlcNAc(b1-3)Gal(b1-4)Glc(b1-Sp10,6.597825,10.667125,4.83465,1441.44735
Fuc(a1-2)Gal(b1-3)GlcNAc(b1-Sp0,18.235175,20.06235,11.766650000000006,230.35315
Fuc(a1-2)Gal(b1-3)GlcNAc(b1-Sp8,17.090749999999996,13.754899999999996,31.60215,230.194925
Fuc(a1-2)Gal(b1-4)[Fuc(a1-3)]GlcNAc(b1-3)Gal(b1-4)[Fuc(a1-3)]GlcNAc(b1-Sp0,5.062125,5.216875,29.02007500000001,6.544775
Fuc(a1-2)Gal(b1-4)[Fuc(a1-3)]GlcNAc(b1-3)Gal(b1-4)[Fuc(a1-3)]GlcNAc(b1-3)Gal(b1-4)[Fuc(a1-3)]GlcNAc(b1-Sp0,5.608950000000003,7.94625,0.38242500000000135,19.77257500000001
Fuc(a1-2)Gal(b1-4)[Fuc(a1-3)]GlcNAc(b1-Sp0,9.003224999999997,13.780525,6.384224999999998,46.20125
Fuc(a1-2)Gal(b1-4)[Fuc(a1-3)]GlcNAc(b1-Sp8,6.862774999999999,0.842274999999999,4.932675,16.155
Fuc(a1-2)Gal(b1-4)GlcNAc(b1-3)Gal(b1-4)GlcNAc(b1-Sp0,6.732849999999999,30.59370000000001,1006.9836499999997,13042.20115
Fuc(a1-2)Gal(b1-4)GlcNAc(b1-3)Gal(b1-4)GlcNAc(b1-3)Gal(b1-4)GlcNAc(b1-Sp0,-9.74165,10.967000000000004,622.7194499999998,9151.195975
Fuc(a1-2)Gal(b1-4)GlcNAc(b1-Sp0,13.761375,6.244975000000004,26.22365,1787.1184999999994
Fuc(a1-2)Gal(b1-4)GlcNAc(b1-Sp8,3.369425000000001,2.6210249999999995,14.784825,1607.461425
Fuc(a1-2)Gal(b1-4)Glc(b1-Sp0,3.369525000000001,6.633875,15.934024999999998,1699.4387249999993
Fuc(a1-2)Gal(b1-Sp8,18.4096,17.158375000000007,605.357725,6480.243475000001
Fuc(a1-3)GlcNAc(b1-Sp8,3.124050000000004,14.772475000000002,12.2519,81.384425
Fuc(a1-4)GlcNAc(b1-Sp8,2.4506749999999986,-3.809475000000001,15.127674999999998,15.08209999999999
Fuc(b1-3)GlcNAc(b1-Sp8,8.764825000000002,17.298049999999996,22.2544,289.124925
GalNAc(a1-3)[Fuc(a1-2)]Gal(b1-3)GlcNAc(b1-Sp0,17.041725,7.398450000000004,5.3941,53.58
GalNAc(a1-3)[Fuc(a1-2)]Gal(b1-4)[Fuc(a1-3)]GlcNAc(b1-Sp0,15.738049999999996,18.829025,20.553675,217.366625
(3S)Gal(b1-4)[Fuc(a1-3)]Glc(b1-Sp0,20.808999999999987,6.219474999999997,22.061825,102.26747500000002
GalNAc(a1-3)[Fuc(a1-2)]Gal(b1-4)GlcNAc(b1-Sp0,0.1272000000000011,8.632924999999998,6.071100000000001,53.05085000000001
GalNAc(a1-3)[Fuc(a1-2)]Gal(b1-4)GlcNAc(b1-Sp8,5.940625,9.076674999999998,8.903975000000003,24.248974999999966
GalNAc(a1-3)[Fuc(a1-2)]Gal(b1-4)Glc(b1-Sp0,2.305799999999998,13.912825000000005,17.86255,66.9817
GlcNAc(b1-3)Gal(b1-3)GalNAc(a1-Sp8,6.719099999999999,12.095449999999998,21.6777,82.7453
GalNAc(a1-3)[Fuc(a1-2)]Gal(b1-Sp8,20.295425,3.1391000000000027,14.497175000000002,109.52895
GalNAc(a1-3)[Fuc(a1-2)]Gal(b1-Sp18,3.20055,6.4354,-0.5816000000000008,470.8478
GalNAc(a1-3)GalNAc(b1-Sp8,8.49375,1.6389499999999977,7.772724999999998,33.51807500000001
GalNAc(a1-3)Gal(b1-Sp8,3.3797250000000005,3.870249999999997,61.64370000000001,2874.682775
GalNAc(a1-4)[Fuc(a1-2)]Gal(b1-4)GlcNAc(b1-Sp8,7.588524999999999,-2.51705,53.25735,37.05917500000001
GalNAc(b1-3)GalNAc(a1-Sp8,13.147524999999995,7.7065,10.956825,92.431375
GalNAc(b1-3)[Fuc(a1-2)]Gal(b1-Sp8,13.766525,20.997275,7.2322250000000015,35.252275
GalNAc(b1-3)Gal(a1-4)Gal(b1-4)GlcNAc(b1-Sp0,19.51802500000001,21.047725,22.359774999999992,442.621025
GalNAc(b1-4)[Fuc(a1-3)]GlcNAc(b1-Sp0,25.59065,23.843950000000003,24.6229,114.86895
GalNAc(b1-4)GlcNAc(b1-Sp0,5.751099999999997,27.8473,168.722325,5673.2163
GalNAc(b1-4)GlcNAc(b1-Sp8,18.5661,35.355175,69.29412500000001,3789.688775
Gal(a1-2)Gal(b1-Sp8,12.802624999999995,18.569225,290.516725,5646.271275000001
Gal(a1-3)[Fuc(a1-2)]Gal(b1-3)GlcNAc(b1-Sp0,10.860475,3.310249999999998,37.623175,636.18205
Gal(a1-3)[Fuc(a1-2)]Gal(b1-3)GlcNAc(b1-Sp8,37.96065,27.840025000000004,19.775250000000007,149.32742500000006
Gal(a1-3)[Fuc(a1-2)]Gal(b1-4)[Fuc(a1-3)]GlcNAc(b1-Sp0,11.404775000000004,11.455900000000005,13.604475000000004,232.0875
Gal(a1-3)[Fuc(a1-2)]Gal(b1-4)[Fuc(a1-3)]GlcNAc(b1-Sp8,11.424950000000004,12.458025,17.505824999999998,402.165625
Gal(a1-3)[Fuc(a1-2)]Gal(b1-4)GlcNAc(a1-Sp0,6.752249999999997,9.559000000000003,7.89175,2176.94865
Gal(a1-3)[Fuc(a1-2)]Gal(b1-4)Glc(b1-Sp0,10.19625,4.7597000000000005,17.855725000000007,197.80600000000004
Gal(a1-3)[Fuc(a1-2)]Gal(b1-Sp8,4.2923500000000265,7.662974999999998,25.46402500000001,1728.260875
Gal(a1-3)[Fuc(a1-2)]Gal(b1-Sp18,10.8845,12.883824999999998,10.99505,216.721075
Gal(a1-4)[Gal(a1-3)]Gal(b1-4)GlcNAc(b1-Sp8,34.19260000000001,347.308225,5439.3262,37772.324525
Gal(a1-3)GalNAc(a1-Sp8,68.10804999999999,58.9876,97.12685,4456.300449999999
Gal(a1-3)GalNAc(a1-Sp16,1.7235250000000004,19.8889,10.970125,66.558025
Gal(a1-3)GalNAc(b1-Sp8,5.213075000000002,8.087225,16.4375,1926.1377
Gal(a1-3)Gal(b1-4)[Fuc(a1-3)]GlcNAc(b1-Sp8,14.681925000000005,18.945875,966.110025,17435.940324999996
Gal(a1-3)Gal(b1-3)GlcNAc(b1-Sp0,14.817275,40.376875,842.2340999999997,11195.9362
Gal(a1-3)Gal(b1-4)GlcNAc(b1-Sp8,1.2365999999999993,39.93375,1661.2309750000006,16472.00195
Gal(a1-3)Gal(b1-4)Glc(b1-Sp0,12.074175,27.03080000000001,1019.3396,10377.006625000002
Gal(a1-3)Gal(b1-4)Glc(a1-Sp10,3.17015,21.94165000000001,412.474525,7880.046575
Gal(a1-3)Gal(b1-Sp8,3.3734750000000013,37.197100000000006,1254.40165,10302.886599999998
Gal(a1-4)[Fuc(a1-2)]Gal(b1-4)GlcNAc(b1-Sp8,12.613825000000006,12.264525000000004,379.0608249999999,11476.8265
Gal(a1-4)Gal(b1-4)GlcNAc(b1-Sp0,20.4328,21.00395,255.05155,5973.874100000001
Gal(a1-4)Gal(b1-4)GlcNAc(b1-Sp8,17.74425,70.42505,1371.749375,16516.895874999995
Gal(a1-4)Gal(b1-4)Glc(b1-Sp0,33.1086,27.787475,281.4647,10069.117575
Gal(a1-4)GlcNAc(b1-Sp8,8.679,40.2627,835.7077250000001,10109.8499
Gal(a1-6)Glc(b1-Sp8,2.7621750000000014,4.706524999999994,7.060699999999999,297.68882499999995
Gal(b1-2)Gal(b1-Sp8,35.095825,703.9053999999999,5638.048700000001,25107.289325000005
Gal(b1-3)[Fuc(a1-4)]GlcNAc(b1-3)Gal(b1-4)[Fuc(a1-3)]GlcNAc(b1-Sp0,7.341000000000001,9.280900000000004,2.27665,78.1904
Gal(b1-3)[Fuc(a1-4)]GlcNAc(b1-3)Gal(b1-4)GlcNAc(b1-Sp0,3.65875,12.227524999999995,746.6567499999999,8830.796999999999
Gal(b1-3)[Fuc(a1-4)]GlcNAc(a1-Sp0,8.712724999999999,10.57745,6.979449999999992,93.34242500000002
Gal(b1-3)[Fuc(a1-4)]GlcNAc(a1-Sp8 ,4.800075000000001,18.9658,4.560124999999998,75.98325
Fuc(a1-4)[Gal(b1-3)]GlcNAc(b1-Sp8,15.781299999999998,11.113499999999995,9.701875,34.179550000000006
Gal(b1-4)GlcNAc(b1-6)GalNAc(a1-Sp8,886.5409000000003,8675.863825,34677.67035,42352.1817
Gal(b1-4)GlcNAc(b1-6)GalNAc(a1-Sp14,14.57205,19.62595,30.88817500000001,56.78035
GlcNAc(b1-6)[Gal(b1-3)]GalNAc(a1-Sp8,24.12865000000001,18.471274999999995,127.47909999999996,6296.492175000001
GlcNAc(b1-6)[Gal(b1-3)]GalNAc(a1-Sp14,-3.702175,-3.2693250000000016,15.086775,2053.72555
Neu5Ac(a2-6)[Gal(b1-3)]GalNAc(a1-Sp8,8.654049999999998,14.069100000000002,10.04865,1074.138575
Neu5Ac(a2-6)[Gal(b1-3)]GalNAc(a1-Sp14,11.352475,12.404399999999995,4.847349999999999,461.3509
Neu5Ac(b2-6)[Gal(b1-3)]GalNAc(a1-Sp8,5.248474999999997,14.072250000000004,47.02235,2486.6088000000004
Neu5Ac(a2-6)[Gal(b1-3)]GlcNAc(b1-4)Gal(b1-4)Glc(b1-Sp10,5.884325000000002,11.6708,39.07047500000001,5380.5406
Gal(b1-3)GalNAc(a1-Sp8,9.982975000000003,16.659200000000006,584.3690499999999,6082.695425
Gal(b1-3)GalNAc(a1-Sp14,14.973825,10.346049999999998,37.68565,2128.7889750000004
Gal(b1-3)GalNAc(a1-Sp16,3.2596999999999814,11.349700000000004,5.1579250000000005,112.572275
Gal(b1-3)GalNAc(b1-Sp8,0.016274999999998485,27.882224999999995,628.85485,10292.869775
Gal(b1-3)GalNAc(b1-3)Gal(a1-4)Gal(b1-4)Glc(b1-Sp0,28.889,12.231499999999995,117.97739999999996,10972.655625000003
Gal(b1-3)GalNAc(b1-4)[Neu5Ac(a2-3)]Gal(b1-4)Glc(b1-Sp0,8.453175,7.247875,28.444975,6246.797075000001
Gal(b1-3)GalNAc(b1-4)Gal(b1-4)Glc(b1-Sp8,29.828125,43.175725,229.218325,9201.37805
Gal(b1-3)Gal(b1-Sp8,14.88455,84.21957500000002,1536.9850500000002,12407.0816
Gal(b1-3)GlcNAc(b1-3)Gal(b1-4)GlcNAc(b1-Sp0,5.361075000000001,15.6281,343.735625,15618.494975
Gal(b1-3)GlcNAc(b1-3)Gal(b1-4)Glc(b1-Sp10,-2.975175,25.187099999999994,1443.4564750000006,15387.754775000005
Gal(b1-3)GlcNAc(b1-Sp0,12.86335,34.039525,864.8405,12020.21955
Gal(b1-3)GlcNAc(b1-Sp8,5.749825000000001,38.81405000000001,1821.404275,14019.7537
Gal(b1-4)[Fuc(a1-3)]GlcNAc(b1-Sp0,-3.2516249999999984,8.26765,17.023849999999996,1158.289475
Gal(b1-4)[Fuc(a1-3)]GlcNAc(b1-Sp8,-5.40235,17.558400000000006,7.262600000000001,72.22457500000002
Gal(b1-4)[Fuc(a1-3)]GlcNAc(b1-4)Gal(b1-4)[Fuc(a1-3)]GlcNAc(b1-Sp0,10.214375,10.305350000000004,13.068074999999995,6.290949999999999
Gal(b1-4)[Fuc(a1-3)]GlcNAc(b1-4)Gal(b1-4)[Fuc(a1-3)]GlcNAc(b1-4)Gal(b1-4)[Fuc(a1-3)]GlcNAc(b1-Sp0,1.380325000000001,3.074150000000003,1.0179500000000008,31.802375000000023
Gal(b1-4)(6S)Glc(b1-Sp0,14.726625,219.463925,6711.21765,25186.273000000005
Gal(b1-4)(6S)Glc(b1-Sp8,15.706449999999993,266.76987500000007,3816.004475,26765.996275
Gal(b1-4)GalNAc(a1-3)[Fuc(a1-2)]Gal(b1-4)GlcNAc(b1-Sp8,4.366549999999997,10.188425000000002,56.7768,8021.5818249999975
Gal(b1-4)GalNAc(b1-3)[Fuc(a1-2)]Gal(b1-4)GlcNAc(b1-Sp8,21.40315,-11.928350000000002,92.7001,4811.162025000001
Gal(b1-4)GlcNAc(b1-3)GalNAc(a1-Sp8,284.76402499999983,4436.864749999999,30333.88985,41195.47255
Gal(b1-4)GlcNAc(b1-3)GalNAc(a1-Sp14,29.392025,663.121375,14341.318125000002,32154.969225
Gal(b1-4)GlcNAc(b1-3)Gal(b1-4)[Fuc(a1-3)]GlcNAc(b1-3)Gal(b1-4)[Fuc(a1-3)]GlcNAc(b1-Sp0,391.27217500000006,8344.578075000001,35574.82380000001,37357.7887
Gal(b1-4)GlcNAc(b1-3)Gal(b1-4)GlcNAc(b1-3)Gal(b1-4)GlcNAc(b1-Sp0,517.166825,11470.205699999995,36780.742875,36544.841525
Gal(b1-4)GlcNAc(b1-3)Gal(b1-4)GlcNAc(b1-Sp0,423.9827,7377.07715,35364.428225,42160.07015
Gal(b1-4)GlcNAc(b1-3)Gal(b1-4)Glc(b1-Sp0,519.83485,10546.47105,32423.518250000005,36391.2221
Gal(b1-4)GlcNAc(b1-3)Gal(b1-4)Glc(b1-Sp8,238.379725,5928.642674999999,31218.733100000005,38155.98725
Gal(b1-4)GlcNAc(b1-6)[Gal(b1-3)]GalNAc(a1-Sp8,507.437825,10328.238875,34126.035975,43714.194675
Gal(b1-4)GlcNAc(b1-6)[Gal(b1-3)]GalNAc(a1-Sp14,53.640325,3891.75535,34651.155725,33514.225775
Gal(b1-4)GlcNAc(b1-Sp0,110.9059,2095.4444,22201.666350000003,34162.24815
Gal(b1-4)GlcNAc(b1-Sp8,474.816875,5003.809949999999,29695.101275,35620.071575
Gal(b1-4)GlcNAc(b1-Sp23,143.337225,2936.5164750000013,6770.77985,57993.02184999999
Gal(b1-4)Glc(b1-Sp0,18.322550000000003,681.1135750000002,6809.973975,21838.3175
Gal(b1-4)Glc(b1-Sp8,49.09622499999999,1078.3758249999996,7837.768000000001,26193.256925
GlcNAc(a1-3)Gal(b1-4)GlcNAc(b1-Sp8,-0.3525749999999981,7.802049999999998,3.116550000000002,23.794499999999992
GlcNAc(a1-6)Gal(b1-4)GlcNAc(b1-Sp8,62.47469999999999,654.12795,23112.4362,40502.36485
GlcNAc(b1-2)Gal(b1-3)GalNAc(a1-Sp8,17.980874999999994,19.084175,8.120499999999996,143.348025
GlcNAc(b1-6)[GlcNAc(b1-3)]GalNAc(a1-Sp8,10.7001,16.184274999999992,9.77655,-7.35445
GlcNAc(b1-6)[GlcNAc(b1-3)]GalNAc(a1-Sp14,7.9506999999999985,13.246975000000004,8.401100000000001,52.37997500000001
GlcNAc(b1-6)[GlcNAc(b1-3)]Gal(b1-4)GlcNAc(b1-Sp8,3.0321250000000006,3.524175,9.091275000000003,14.696600000000005
GlcNAc(b1-3)GalNAc(a1-Sp8,6.745700000000001,17.570724999999996,18.35695,13.935075000000012
GlcNAc(b1-3)GalNAc(a1-Sp14,5.979075,6.9797249999999975,6.992724999999997,33.360575
GlcNAc(b1-3)Gal(b1-Sp8,6.235475000000001,-11.275124999999996,8.688450000000003,48.74705
GlcNAc(b1-3)Gal(b1-4)GlcNAc(b1-Sp0,5.050549999999999,1.739800000000001,4.645475000000003,24.389475000000004
GlcNAc(b1-3)Gal(b1-4)GlcNAc(b1-Sp8,12.2772,4.910124999999997,6.567450000000003,12.402000000000005
GlcNAc(b1-3)Gal(b1-4)GlcNAc(b1-3)Gal(b1-4)GlcNAc(b1-Sp0,15.82575,77.70599999999997,1406.599425,16219.14075
GlcNAc(b1-3)Gal(b1-4)Glc(b1-Sp0,7.828975,7.29115,20.34855,7.725525000000001
GlcNAc(b1-4)(a1-MDPLys,16.569824999999994,12.022675,-0.6022999999999978,10.392100000000006
GlcNAc(b1-6)[GlcNAc(b1-4)]GalNAc(a1-Sp8,5.318799999999996,5.491225,17.543125,13.587474999999998
GlcNAc(b1-4)Gal(b1-4)GlcNAc(b1-Sp8,15.254975000000002,4.804525000000002,5.745049999999999,266.351825
GlcNAc(b1-4)GlcNAc(b1-4)GlcNAc(b1-4)GlcNAc(b1-4)GlcNAc(b1-4)GlcNAc(b1-Sp8,14.248025000000005,5.517525000000001,7.942400000000001,97.0124
GlcNAc(b1-4)GlcNAc(b1-4)GlcNAc(b1-4)GlcNAc(b1-4)GlcNAc(b1-Sp8,3.78915,16.868299999999998,5.765625,9.180825
GlcNAc(b1-4)GlcNAc(b1-4)GlcNAc(b1-Sp8,3.57485,9.3515,6.914574999999999,307.947325
GlcNAc(b1-6)GalNAc(a1-Sp8,27.617999999999995,21.9468,5.328474999999999,146.7766
GlcNAc(b1-6)GalNAc(a1-Sp14,9.546675,19.75285,8.553425,18.348200000000013
GlcNAc(b1-6)Gal(b1-4)GlcNAc(b1-Sp8,11.79685,46.06630000000001,1081.98555,14856.927075
Glc(a1-4)Glc(b1-Sp8,8.661125,31.411275,23.881825,20.097874999999988
Glc(a1-4)Glc(a1-Sp8,1.2856500000000004,13.99745,11.012974999999996,21.45165
Glc(a1-6)Glc(a1-6)Glc(b1-Sp8,5.409375,7.529375,10.479175,147.99882499999995
Glc(b1-4)Glc(b1-Sp8,15.74055,18.845,23.144925,55.72595000000001
Glc(b1-6)Glc(b1-Sp8,10.290125,0.7271499999999982,18.296375,58.473225000000006
G-ol(a1-Sp8,12.187800000000005,4.68355,12.232699999999998,113.03177500000002
GlcA(a1-Sp8,6.027075000000003,13.168825,11.197975,96.16077499999996
GlcA(b1-Sp8,65.4333,62.179525,31.879075,272.31
GlcA(b1-3)Gal(b1-Sp8,23.79705,7.943374999999998,16.743375000000004,60.12379999999999
GlcA(b1-6)Gal(b1-Sp8,13.049375,17.45637499999999,25.8073,2076.919700000001
KDN(a2-3)Gal(b1-3)GlcNAc(b1-Sp0,9.425400000000002,8.645,7.344800000000001,63.348275
KDN(a2-3)Gal(b1-4)GlcNAc(b1-Sp0,6.195125000000001,17.772925,25.820750000000004,67.79175000000001
Man(a1-2)Man(a1-2)Man(a1-3)Man(a1-Sp9,5.735649999999998,7.5913749999999975,7.686425,36.71965
Man(a1-2)Man(a1-6)[Man(a1-2)Man(a1-3)]Man(a1-Sp9,4.807250000000002,5.4370499999999975,13.305174999999998,25.20625
Man(a1-2)Man(a1-3)Man(a1-Sp9,10.904075,8.612700000000002,5.526824999999999,68.5292
Man(a1-6)[Man(a1-2)Man(a1-3)]Man(a1-6)[Man(a1-2)Man(a1-3)]Man(b1-4)GlcNAc(b1-4)GlcNAc(b1-Sp12,5.23105,8.11255,8.878175,34.033849999999994
Man(a1-2)Man(a1-6)[Man(a1-3)]Man(a1-6)[Man(a1-2)Man(a1-2)Man(a1-3)]Man(b1-4)GlcNAc(b1-4)GlcNAc(b1-Sp12,-2.7738,-4.508475000000002,-3.7171999999999983,71.51365
Man(a1-2)Man(a1-6)[Man(a1-2)Man(a1-3)]Man(a1-6)[Man(a1-2)Man(a1-2)Man(a1-3)]Man(b1-4)GlcNAc(b1-4)GlcNAc(b1-Sp12,46.5239,19.174750000000003,29.734475,440.86775
Man(a1-6)[Man(a1-3)]Man(a1-Sp9,13.2655,19.487349999999992,24.60617500000001,71.66400000000002
Man(a1-2)Man(a1-2)Man(a1-6)[Man(a1-3)]Man(a1-Sp9,34.367450000000005,6.622449999999995,24.2523,99.155475
Man(a1-6)[Man(a1-3)]Man(a1-6)[Man(a1-2)Man(a1-3)]Man(b1-4)GlcNAc(b1-4)GlcNAc(b1-Sp12,92.29067500000002,142.26102500000005,418.319975,7678.352899999999
Man(a1-6)[Man(a1-3)]Man(a1-6)[Man(a1-3)]Man(b1-4)GlcNAc(b1-4)GlcNAc(b1-Sp12,8.670274999999998,9.7949,12.058274999999995,357.804025
Man(b1-4)GlcNAc(b1-Sp0,7.585600000000001,2.354375,27.562099999999994,42.65409999999999
Neu5Ac(a2-3)Gal(b1-4)GlcNAc(b1-3)Gal(b1-4)[Fuc(a1-3)]GlcNAc(b1-Sp0,6.201150000000004,3.5322999999999984,0.7534249999999982,16.283525000000004
(3S)Gal(b1-4)[Fuc(a1-3)](6S)GlcNAc(b1-Sp8,9.705825,12.53375,15.517999999999995,402.17212500000005
Fuc(a1-2)(6S)Gal(b1-4)GlcNAc(b1-Sp0,851.089825,7382.469274999998,17585.514975000002,38893.01950000002
Fuc(a1-2)Gal(b1-4)(6S)GlcNAc(b1-Sp8,10.994000000000005,19.610750000000003,225.878725,6943.743925
Fuc(a1-2)(6S)Gal(b1-4)(6S)Glc(b1-Sp0,47.90172499999999,1612.6597999999994,21793.742925000006,34115.336675
Neu5Ac(a2-3)Gal(b1-3)GalNAc(a1-Sp8,6.964,5.98865,4.467450000000001,-3.6634249999999895
Neu5Ac(a2-3)Gal(b1-3)GalNAc(a1-Sp14,0.19387499999999847,9.360849999999996,-2.284349999999998,30.5846
GalNAc(b1-4)[Neu5Ac(a2-8)Neu5Ac(a2-8)Neu5Ac(a2-8)Neu5Ac(a2-3)]Gal(b1-4)Glc(b1-Sp0,13.229874999999995,21.839,6.253675000000001,193.223625
GalNAc(b1-4)[Neu5Ac(a2-8)Neu5Ac(a2-8)Neu5Ac(a2-3)]Gal(b1-4)Glc(b1-Sp0,22.1507,33.023925,25.34532500000001,50.12420000000001
Neu5Ac(a2-8)Neu5Ac(a2-8)Neu5Ac(a2-3)Gal(b1-4)Glc(b1-Sp0,8.583224999999999,10.228675,8.757325000000002,93.41587500000004
GalNAc(b1-4)[Neu5Ac(a2-8)Neu5Ac(a2-3)]Gal(b1-4)Glc(b1-Sp0,5.722175,0.6409000000000038,12.020175,36.36884999999995
Neu5Ac(a2-8)Neu5Ac(a2-8)Neu5Ac(a1-Sp8,6.569424999999999,5.9521250000000006,1.9986500000000031,25.97565
Neu5Ac(a2-3)(6S)Gal(b1-4)[Fuc(a1-3)]GlcNAc(b1-Sp8,-0.7787000000000024,5.367200000000002,6.215600000000002,9.992624999999997
GalNAc(b1-4)[Neu5Ac(a2-3)]Gal(b1-4)GlcNAc(b1-Sp0,9.806925,14.422624999999998,15.197774999999998,183.62375
GalNAc(b1-4)[Neu5Ac(a2-3)]Gal(b1-4)GlcNAc(b1-Sp8,7.685399999999998,6.814600000000002,22.1523,40.55539999999999
GalNAc(b1-4)[Neu5Ac(a2-3)]Gal(b1-4)Glc(b1-Sp0,7.318574999999999,0.3327999999999989,6.492675,58.19197499999997
Neu5Ac(a2-3)Gal(b1-3)GalNAc(b1-4)[Neu5Ac(a2-3)]Gal(b1-4)Glc(b1-Sp0,1.6261249999999985,5.774675,3.504425000000003,25.27212500000001
Neu5Ac(a2-6)[Neu5Ac(a2-3)]GalNAc(a1-Sp8,14.097699999999994,12.118925000000004,13.855999999999995,49.863275000000016
Neu5Ac(a2-3)GalNAc(a1-Sp8,-8.999624999999998,1.4952000000000003,11.692875,24.787275000000008
Neu5Ac(a2-3)GalNAc(b1-4)GlcNAc(b1-Sp0,4.054175000000001,3.74555,10.08755,48.04129999999999
Neu5Ac(a2-3)Gal(b1-3)(6S)GlcNAc(a1-Sp8,30.507050000000003,27.067375,65.59267499999999,97.832975
Neu5Ac(a2-3)Gal(b1-3)[ Fuc(a1-4)]GlcNAc(b1-Sp8,15.563475,14.642549999999998,8.448825000000001,56.30110000000002
Neu5Ac(a2-3)Gal(b1-3)[Fuc(a1-4)]GlcNAc(b1-3)Gal(b1-4)[Fuc(a1-3)]GlcNAc(b1-Sp0,3.1469749999999976,1.0573999999999997,8.597524999999997,157.27440000000004
Neu5Ac(a2-3)Gal(b1-4)[Neu5Ac(a2-3)Gal(b1-3)]GlcNAc(b1-Sp8,-0.06214999999999904,3.6636999999999986,0.2264499999999967,27.02280000000001
Neu5Ac(a2-3)Gal(b1-3)(6S)GalNAc(a1-Sp8,8.883875,13.765524999999998,1.4425,38.82835
Neu5Ac(a2-6)[Neu5Ac(a2-3)Gal(b1-3)]GalNAc(a1-Sp8,9.563950000000002,14.414124999999995,7.0577000000000005,85.69720000000002
Neu5Ac(a2-6)[Neu5Ac(a2-3)Gal(b1-3)]GalNAc(a1-Sp14,7.703524999999999,10.848474999999995,16.890725,101.686875
Neu5Ac(a2-3)Gal(b1-Sp8,12.354525,4.55125,17.34225,241.56240000000003
Neu5Ac(a2-3)Gal(b1-3)GalNAc(b1-3)Gal(a1-4)Gal(b1-4)Glc(b1-Sp0,17.869225000000004,9.284025000000003,13.029600000000002,198.560575
Neu5Ac(a2-3)Gal(b1-3)GlcNAc(b1-3)Gal(b1-4)GlcNAc(b1-Sp0,4.938274999999999,3.910075000000001,-2.710300000000002,7.3277500000000035
Fuc(a1-2)(6S)Gal(b1-4)Glc(b1-Sp0,49.9744,1706.1445000000006,21081.290125,32426.743725000004
Neu5Ac(a2-3)Gal(b1-3)GlcNAc(b1-Sp0,5.1686,13.34775,25.3053,65.706475
Neu5Ac(a2-3)Gal(b1-3)GlcNAc(b1-Sp8,15.847625000000004,6.64175,5.995200000000002,77.489475
Neu5Ac(a2-3)Gal(b1-4)(6S)GlcNAc(b1-Sp8,5.536099999999999,-2.459900000000001,8.785549999999999,59.401375
Neu5Ac(a2-3)Gal(b1-4)[Fuc(a1-3)](6S)GlcNAc(b1-Sp8,3.4869000000000003,7.514325000000001,2.2926249999999992,107.81405000000004
Neu5Ac(a2-3)Gal(b1-4)[Fuc(a1-3)]GlcNAc(b1-3)Gal(b1-4)[Fuc(a1-3)]GlcNAc(b1-3)Gal(b1-4)[Fuc(a1-3)]GlcNAc(b1-Sp0,6.8633250000000015,10.052649999999996,16.247875,44.813925
Neu5Ac(a2-3)Gal(b1-4)[Fuc(a1-3)]GlcNAc(b1-Sp0,2.734824999999999,0.034549999999999415,11.559774999999995,52.44607499999999
Neu5Ac(a2-3)Gal(b1-4)[Fuc(a1-3)]GlcNAc(b1-Sp8,1.676475,4.975875000000002,12.606025000000002,36.17155
Neu5Ac(a2-3)Gal(b1-4)[Fuc(a1-3)]GlcNAc(b1-3)Gal(b1-Sp8,5.3916749999999976,-0.36037499999999945,3.54055,17.074075
Neu5Ac(a2-3)Gal(b1-4)[Fuc(a1-3)]GlcNAc(b1-3)Gal(b1-4)GlcNAc(b1-Sp8,12.013275000000002,5.585849999999999,14.277750000000005,136.120475
Neu5Ac(a2-3)Gal(b1-4)GlcNAc(b1-3)Gal(b1-4)GlcNAc(b1-3)Gal(b1-4)GlcNAc(b1-Sp0,0.6539999999999964,3.1350499999999983,49.20954999999999,6344.960199999999
Neu5Ac(a2-3)Gal(b1-4)GlcNAc(b1-Sp0,9.193799999999996,5.374825,5.259199999999994,83.45137500000001
Neu5Ac(a2-3)Gal(b1-4)GlcNAc(b1-Sp8,20.35855,3.2265,2.333450000000001,62.259900000000016
Neu5Ac(a2-3)Gal(b1-4)GlcNAc(b1-3)Gal(b1-4)GlcNAc(b1-Sp0,15.52,2.1180000000000043,-0.9706749999999964,145.99085000000005
Fuc(a1-2)Gal(b1-4)(6S)Glc(b1-Sp0,12.890025,3.60375,13.195075,2035.418675
Neu5Ac(a2-3)Gal(b1-4)Glc(b1-Sp0,12.256975,15.039025,25.306875,63.07385
Neu5Ac(a2-3)Gal(b1-4)Glc(b1-Sp8,3.562750000000001,3.4091250000000013,4.3643,68.91182500000002
Neu5Ac(a2-6)GalNAc(a1-Sp8,9.023675,22.11392500000001,928.3648,18987.787425
Neu5Ac(a2-6)GalNAc(b1-4)GlcNAc(b1-Sp0,9.782525000000003,24.887799999999995,3469.55825,35747.490725
Neu5Ac(a2-6)Gal(b1-4)(6S)GlcNAc(b1-Sp8,1.3310999999999993,69.26660000000001,6986.479625,29301.730575
Neu5Ac(a2-6)Gal(b1-4)GlcNAc(b1-Sp0,15.319400000000002,417.3616,11954.91585,32509.09060000001
Neu5Ac(a2-6)Gal(b1-4)GlcNAc(b1-Sp8,20.18375,564.050775,14040.613549999998,32151.482925
Neu5Ac(a2-6)Gal(b1-4)GlcNAc(b1-3)Gal(b1-4)[Fuc(a1-3)]GlcNAc(b1-3)Gal(b1-4)[Fuc(a1-3)]GlcNAc(b1-Sp0,22.992200000000004,519.075075,14043.162575,39727.38967500001
Neu5Ac(a2-6)Gal(b1-4)GlcNAc(b1-3)Gal(b1-4)GlcNAc(b1-Sp0,19.800225000000005,561.5916250000001,10911.436475000002,36700.872374999984
Neu5Ac(a2-6)Gal(b1-4)Glc(b1-Sp0,11.860600000000002,11.344074999999995,14.0813,164.86387500000006
Neu5Ac(a2-6)Gal(b1-4)Glc(b1-Sp8,13.888875000000002,17.1605,1486.6100500000002,20088.458125
Neu5Ac(a2-6)Gal(b1-Sp8,40.39254999999999,4137.309725,34981.2429,40683.08907500002
Neu5Ac(a2-8)Neu5Ac(a1-Sp8,20.117225,7.6809249999999984,10.816325,84.6986
Neu5Ac(a2-8)Neu5Ac(a2-3)Gal(b1-4)Glc(b1-Sp0,7.134499999999999,0.2865999999999991,6.21125,35.54429999999999
Gal(b1-3)[Fuc(a1-4)]GlcNAc(b1-3)Gal(b1-3)[Fuc(a1-4)]GlcNAc(b1-Sp0,2.6778499999999994,2.533149999999999,8.9929,75.58257499999998
Neu5Ac(b2-6)GalNAc(a1-Sp8,1.3934750000000005,4.167100000000003,5.438774999999998,23.33677500000001
Neu5Ac(b2-6)Gal(b1-4)GlcNAc(b1-Sp8,7.8347000000000016,6.488274999999998,16.953300000000002,2280.5737749999994
Neu5Gc(a2-3)Gal(b1-3)[Fuc(a1-4)]GlcNAc(b1-Sp0,11.245800000000004,10.691274999999996,4.564300000000001,52.55225
Neu5Gc(a2-3)Gal(b1-3)GlcNAc(b1-Sp0,9.5855,1.986575000000002,6.630575,76.026375
Neu5Gc(a2-3)Gal(b1-4)[Fuc(a1-3)]GlcNAc(b1-Sp0,10.9453,0.7652999999999999,-4.761275,19.43475
Neu5Gc(a2-3)Gal(b1-4)GlcNAc(b1-Sp0,0.7965250000000008,9.393074999999996,5.136999999999997,34.81075
Neu5Gc(a2-3)Gal(b1-4)Glc(b1-Sp0,4.337975,6.095849999999999,0.03622499999999995,41.40695
Neu5Gc(a2-6)GalNAc(a1-Sp0,22.9771,15.950849999999996,1426.8244499999994,28631.800025
Neu5Gc(a2-6)Gal(b1-4)GlcNAc(b1-Sp0,30.387725,854.6742750000003,20426.752975000007,34888.120225
Neu5Gc(a1-Sp8,20.7963,5.101225,5.8747000000000025,19.475300000000004
Neu5Ac(a2-3)Gal(b1-4)GlcNAc(b1-6)[Gal(b1-3)]GalNAc(a1-Sp14,10.308649999999998,6.717849999999995,3.450899999999999,2509.0530750000007
Gal(b1-3)GlcNAc(b1-3)Gal(b1-3)GlcNAc(b1-Sp0,18.083874999999995,25.91050000000001,750.3081750000001,14782.685175
Gal(b1-4)[Fuc(a1-3)](6S)GlcNAc(b1-Sp0 ,15.407925,35.866899999999994,54.412325,8887.420025
Gal(b1-4)[Fuc(a1-3)](6S)Glc(b1-Sp0,4.7606,76.98775,1887.3119,22698.7932
Gal(b1-4)[Fuc(a1-3)]GlcNAc(b1-3)Gal(b1-3)[Fuc(a1-4)]GlcNAc(b1-Sp0,21.802575,5.500949999999998,11.6887,65.930775
Gal(b1-4)GlcNAc(b1-3)Gal(b1-3)GlcNAc(b1-Sp0,65.0795,1243.611225,15663.907525,38038.48957499999
Neu5Ac(a2-3)Gal(b1-3)GlcNAc(b1-3)Gal(b1-3)GlcNAc(b1-Sp0,0.47477500000000106,0.6803499999999998,-0.18202499999999944,52.3642
Neu5Ac(a2-3)Gal(b1-4)GlcNAc(b1-3)Gal(b1-3)GlcNAc(b1-Sp0,10.052525,11.094725000000004,12.564075000000004,33.399175
4S(3S)Gal(b1-4)GlcNAc(b1-Sp0,4.33085,3.483575000000002,1.7371000000000016,81.596925
(6S)Gal(b1-4)(6S)GlcNAc(b1-Sp0,2025.55035,25079.4585,32898.229325,43055.552625
(6P)Glc(b1-Sp10,9.964399999999998,15.179475000000002,13.88627499999999,152.724075
Neu5Ac(a2-3)Gal(b1-4)[Fuc(a1-3)]GlcNAc(b1-6)[Gal(b1-3)]GalNAc(a1-Sp14,14.4124,27.702099999999994,52.76379999999999,1899.8178000000007
Gal(b1-3)Gal(b1-4)GlcNAc(b1-Sp8,14.350824999999995,359.38972499999994,6090.13925,32952.1434
Neu5Ac(a2-6)Gal(b1-4)GlcNAc(b1-2)Man(a1-6)[Gal(b1-4)GlcNAc(b1-2)Man(a1-3)]Man(b1-4)GlcNAc(b1-4)GlcNAc(b1-Sp12,2282.9029,32634.453425,33849.4959,38206.31019999999
Gal(b1-4)GlcNAc(b1-6)[Gal(b1-4)GlcNAc(b1-3)]Gal(b1-4)GlcNAc(a1-Sp0,1059.3714,34630.038975,39274.98715,43898.77967500001
GlcNAc(b1-6)[Gal(b1-4)GlcNAc(b1-3)]Gal(b1-4)GlcNAc(a1-Sp0,876.4451750000003,12161.73685,35625.95065,41906.56785
Gal(b1-4)GlcNAc(a1-6)Gal(b1-4)GlcNAc(b1-Sp0,195.21715,4544.10565,30547.892475,41513.412575
Gal(b1-4)GlcNAc(b1-6)Gal(b1-4)GlcNAc(b1-Sp0,276.60052499999995,4871.568675,32674.062175,42070.292925000016
GalNAc(b1-3)Gal(b1-Sp8,6.677249999999999,7.052125,23.0507,1026.9248750000004
GlcA(b1-3)GlcNAc(b1-Sp8,15.33315,22.4889,19.825199999999995,48.012125
Neu5Ac(a2-6)Gal(b1-4)GlcNAc(b1-2)Man(a1-6)[GlcNAc(b1-2)Man(a1-3)]Man(b1-4)GlcNAc(b1-4)GlcNAc(b1-Sp12,12.291325000000002,19.424950000000013,4089.2473,35364.722899999986
GlcNAc(b1-3)Ma(n1-Sp10,8.313600000000005,11.39195,15.864375,16.612375
GlcNAc(b1-4)GlcNAc(b1-Sp10,12.1088,8.704375,7.603875,14.280675000000004
GlcNAc(b1-4)GlcNAc(b1-Sp12,13.78745,13.823125,12.356650000000005,14.351599999999962
MurNAc(b1-4)GlcNAc(b1-Sp10,4.229199999999992,21.872525,7.0338999999999965,171.00202500000015
Man(a1-6)Man(b1-Sp10,28.821625,22.058025000000008,10.229899999999997,59.61225
Man(a1-6)[Man(a1-3)]Man(a1-6)[Man(a1-3)]Man(b1-Sp10,12.090724999999996,25.4448,15.549849999999992,50.293025
Man(a1-2)Man(a1-6)[Man(a1-3)]Man(a1-6)[Man(a1-2)Man(a1-2)Man(a1-3)]Man(a1-Sp9,3.88345,6.147724999999999,8.277850000000003,68.51932500000004
Man(a1-2)Man(a1-6)[Man(a1-2)Man(a1-3)]Man(a1-6)[Man(a1-2)Man(a1-2)Man(a1-3)]Man(a1-Sp9,5.065975000000002,10.532574999999998,30.255275000000005,70.461675
Neu5Ac(a2-3)Gal(b1-4)GlcNAc(b1-6)[Neu5Ac(a2-3)Gal(b1-3)]GalNAc(a1-Sp14,5.023375,3.296800000000003,5.322324999999998,11.020825000000002
Neu5Ac(a2-6)Gal(b1-4)GlcNAc(b1-2)Man(a1-6)[Neu5Ac(a2-3)Gal(b1-4)GlcNAc(b1-2)Man(a1-3)]Man(b1-4)GlcNAc(b1-4)GlcNAc(b1-Sp12,15.2288,645.4793,8429.433949999999,37138.249025
Gal(b1-4)GlcNAc(b1-2)Man(a1-6)[Neu5Ac(a2-6)Gal(b1-4)GlcNAc(b1-2)Man(a1-3)]Man(b1-4)GlcNAc(b1-4)GlcNAc(b1-Sp12,2279.016575,30140.518975,38421.74455,37215.08317499999
GlcNAc(b1-2)Man(a1-6)[Neu5Ac(a2-6)Gal(b1-4)GlcNAc(b1-2)Man(a1-3)]Man(b1-4)GlcNAc(b1-4)GlcNAc(b1-Sp12,9.695299999999998,1544.1102999999994,15746.186624999998,33971.86215
Neu5Ac(a2-8)Neu5Ac(b1-Sp17,10.135849999999996,6.2768000000000015,9.422874999999998,307.0080000000001
Neu5Ac(a2-8)Neu5Ac(a2-8)Neu5Ac(b1-Sp8,11.830675,-0.4063750000000033,2.709649999999998,12.2951
Neu5Gc(b2-6)Gal(b1-4)GlcNAc(a1-Sp8,9.969375,17.02305,157.831325,7494.66505
Gal(b1-3)GlcNAc(b1-2)Man(a1-6)[Gal(b1-3)GlcNAc(b1-2)Man(a1-3)]Man(b1-4)GlcNAc(b1-4)GlcNAc(b1-Sp19,32.32102500000001,1829.866625,13347.80865,32568.447125
Neu5Ac(a2-3)Gal(b1-4)GlcNAc(b1-2)Man(a1-6)[Neu5Ac(a2-3)Gal(b1-4)GlcNAc(b1-2)Man(a1-3)]Man(b1-4)GlcNAc(b1-4)GlcNAc(b1-Sp12,14.472975,2.7832500000000007,13.52175,170.16542499999997
Neu5Ac(a2-3)Gal(b1-4)GlcNAc(b1-2)Man(a1-6)[Neu5Ac(a2-6)Gal(b1-4)GlcNAc(b1-2)Man(a1-3)]Man(b1-4)GlcNAc(b1-4)GlcNAc(b1-Sp12,21.8987,537.2376,15398.825275,36172.535875
Gal(b1-4)[Fuc(a1-3)]GlcNAc(b1-2)Man(a1-6)[Gal(b1-4)[Fuc(a1-3)]GlcNAc(b1-2)Man(a1-3)]Man(b1-4)GlcNAc(b1-4)GlcNAc(b1-Sp20,6.5678,198.882375,2473.64755,23669.93915
"Neu5,9Ac2(a2-3)Gal(b1-4)GlcNAc(b1-Sp0",25.4294,21.5579,20.077675,62.271774999999984
"Neu5,9Ac2(a2-3)Gal(b1-4)GlcNAc(b1-Sp0",9.907325,18.373375000000006,16.779925000000006,122.491825
Neu5Ac(a2-6)Gal(b1-4)GlcNAc(b1-3)Gal(b1-3)GlcNAc(b1-Sp0,26.13175,1095.3436750000003,17942.90715,38750.8399
Neu5Ac(a2-3)Gal(b1-3)[Fuc(a1-4)]GlcNAc(b1-3)Gal(b1-3)[Fuc(a1-4)]GlcNAc(b1-Sp0,4.952275000000002,12.186425000000002,16.951875,71.32330000000002
Neu5Ac(a2-6)Gal(b1-4)GlcNAc(b1-3)Gal(b1-4)GlcNAc(b1-3)Gal(b1-4)GlcNAc(b1-Sp0,17.066975,1222.069275,24383.2829,37482.2563
Gal(a1-4)Gal(b1-4)GlcNAc(b1-3)Gal(b1-4)Glc(b1-Sp0,38.67785,28.59515,847.7551749999999,16303.205725000005
GalNAc(b1-3)Gal(a1-4)Gal(b1-4)GlcNAc(b1-3)Gal(b1-4)Glc(b1-Sp0,6.451624999999997,7.569699999999999,1.7234999999999996,167.64992500000002
GalNAc(a1-3)[Fuc(a1-2)]Gal(b1-4)GlcNAc(b1-3)Gal(b1-4)GlcNAc(b1-Sp0,9.606200000000003,2.5385750000000016,29.198575,5843.9669749999985
GalNAc(a1-3)[Fuc(a1-2)]Gal(b1-4)GlcNAc(b1-3)Gal(b1-4)GlcNAc(b1-3)Gal(b1-4)GlcNAc(b1-Sp0,47.61125,854.0079499999997,14198.515200000002,35566.14427500001
Neu5Ac(a2-3)Gal(b1-4)[Fuc(a1-3)]GlcNAc(b1-6)[Neu5Ac(a2-3)Gal(b1-3)]GalNAc(a1-Sp14,16.490725000000005,16.512575,3.0202500000000008,1283.285125
GlcNAc(a1-4)Gal(b1-4)GlcNAc(b1-3)Gal(b1-4)GlcNAc(b1-3)Gal(b1-4)GlcNAc(b1-Sp0,8.278374999999999,15.997975000000002,2.4505749999999997,70.73490000000002
GlcNAc(a1-4)Gal(b1-4)GlcNAc(b1-Sp0,15.714874999999996,6.613199999999999,6.61375,23.153175
GlcNAc(a1-4)Gal(b1-3)GlcNAc(b1-Sp0,3.961550000000001,1.5978249999999985,4.788025000000001,18.212425
GlcNAc(a1-4)Gal(b1-4)GlcNAc(b1-3)Gal(b1-4)Glc(b1-Sp0,9.761775,4.1067750000000025,8.559825000000002,44.08935
GlcNAc(a1-4)Gal(b1-4)GlcNAc(b1-3)Gal(b1-4)[Fuc(a1-3)]GlcNAc(b1-3)Gal(b1-4)[Fuc(a1-3)]GlcNAc(b1-Sp0,7.7759,16.174575,46.10595,581.94695
GlcNAc(a1-4)Gal(b1-4)GlcNAc(b1-3)Gal(b1-4)GlcNAc(b1-Sp0,3.9811,3.634550000000001,-3.157349999999997,34.19872500000001
GlcNAc(a1-4)Gal(b1-3)GalNAc(a1-Sp14,19.757325,4.486600000000001,6.64635,91.15995
Neu5Ac(a2-6)Gal(b1-4)GlcNAc(b1-2)Man(a1-6)[Man(a1-3)]Man(b1-4)GlcNAc(b1-4)GlcNAc(a1-Sp12,11.033925,70.795675,2187.6207000000004,24913.429725
Man(a1-6)[Neu5Ac(a2-6)Gal(b1-4)GlcNAc(b1-2)Man(a1-3)]Man(b1-4)GlcNAc(b1-4)GlcNAc(a1-Sp12,3.5447000000000006,399.595575,10709.686100000004,42120.852200000016
Neu5Ac(a2-6)Gal(b1-4)GlcNAc(b1-2)Man(a1-6)Man(b1-4)GlcNAc(b1-4)GlcNAc(a1-Sp12,2.59675,318.760225,5019.66185,39007.32772500002
Neu5Ac(a2-6)Gal(b1-4)GlcNAc(b1-2)Man(a1-3)Man(b1-4)GlcNAc(b1-4)GlcNAc(a1-Sp12,15.181475000000002,787.4786500000004,9188.345125,37345.244725
Gal(b1-4)GlcNAc(b1-2)Man(a1-3)Man(b1-4)GlcNAc(b1-4)GlcNAc(a1-Sp12,793.352275,11385.343699999998,36411.934275000014,39349.663075
Gal(b1-4)GlcNAc(b1-2)Man(a1-6)Man(b1-4)GlcNAc(b1-4)GlcNAc(a1-Sp12,67.88347499999999,1547.6109,25437.588175,36994.12802500001
Man(a1-6)[Gal(b1-4)GlcNAc(b1-2)Man(a1-3)]Man(b1-4)GlcNAc(b1-4)GlcNAc(b1-Sp12,420.47299999999984,9428.892775,37362.625175000016,36325.9786
GlcNAc(b1-2)Man(a1-6)[GlcNAc(b1-2)Man(a1-3)]Man(b1-4)GlcNAc(b1-4)[Fuc(a1-6)]GlcNAc(b1-Sp22,14.825525000000004,18.412524999999995,26.40267499999999,260.2653250000001
Gal(b1-4)GlcNAc(b1-2)Man(a1-6)[Gal(b1-4)GlcNAc(b1-2)Man(a1-3)]Man(b1-4)GlcNAc(b1-4)[Fuc(a1-6)]GlcNAc(b1-Sp22,1936.92665,10482.756299999995,33448.92587500001,36887.587
Gal(b1-3)GlcNAc(b1-2)Man(a1-6)[Gal(b1-3)GlcNAc(b1-2)Man(a1-3)]Man(b1-4)GlcNAc(b1-4)[Fuc(a1-6)]GlcNAc(b1-Sp22,34.70777500000001,649.2492000000002,13797.955025000005,56892.9509
(6S)GlcNAc(b1-3)Gal(b1-4)GlcNAc(b1-Sp0,86.63065,2052.8825,32309.555574999984,37541.3759
KDN(a2-3)Gal(b1-4)[Fuc(a1-3)]GlcNAc(a1-Sp0,20.437975,13.33,19.67045,481.80925
KDN(a2-6)Gal(b1-4)GlcNAc(a1-Sp0,15.97,299.8859750000001,11541.623350000002,41223.661375
KDN(a2-3)Gal(b1-4)Glc(a1-Sp0,18.01555,5.515275000000001,4.244325,380.80575000000016
KDN(a2-3)Gal(b1-3)GalNAc(a1-Sp14,12.550875,266.0695,654.42145,4677.528125000002
Fuc(a1-2)Gal(b1-3)GlcNAc(b1-2)Man(a1-6)[Fuc(a1-2)Gal(b1-3)GlcNAc(b1-2)Man(a1-3)]Man(b1-4)GlcNAc(b1-4)GlcNAc(b1-Sp20,6.276950000000001,19.828875,21.267775,965.810125
Fuc(a1-2)Gal(b1-4)GlcNAc(b1-2)Man(a1-6)[Fuc(a1-2)Gal(b1-4)GlcNAc(b1-2)Man(a1-3)]Man(b1-4)GlcNAc(b1-4)GlcNAc(b1-Sp20,30.170524999999994,234.605475,3151.901525,30311.92165
Fuc(a1-2)Gal(b1-4)[Fuc(a1-3)]GlcNAc(b1-2)Man(a1-6)[Fuc(a1-2)Gal(b1-4)[Fuc(a1-3)]GlcNAc(b1-2)Man(a1-3)]Man(b1-4)GlcNAc(b1-4)GlcNA(b1-Sp20,56.01594999999998,44.87987499999999,204.042475,2239.901425
Gal(a1-3)Gal(b1-4)GlcNAc(b1-2)Man(a1-6)[Gal(a1-3)Gal(b1-4)GlcNAc(b1-2)Man(a1-3)]Man(b1-4)GlcNAc(b1-4)GlcNAc(b1-Sp20,50.01292499999998,1718.4302,11443.858825,37504.9499
Gal(b1-4)GlcNAc(b1-2)Man(a1-6)[Man(a1-3)]Man(b1-4)GlcNAc(b1-4)GlcNAc(b1-Sp12,167.80965,2595.4962,19905.65715,29986.1622
Fuc(a1-4)[Gal(b1-3)]GlcNAc(b1-2)Man(a1-6)[Fuc(a1-4)[Gal(b1-3)]GlcNAc(b1-2)Man(a1-3)]Man(b1-4)GlcNAc(b1-4)[Fuc(a1-6)]GlcNAc(b1-Sp22,25.968800000000005,13.263074999999995,46.674625000000006,1560.31475
Neu5Ac(a2-6)GlcNAc(b1-4)GlcNAc(a1-Sp21,1.554024999999999,6.320175000000001,4.702724999999999,70.761875
Neu5Ac(a2-6)GlcNAc(b1-4)GlcNAc(b1-4)GlcNAc(a1-Sp21,8.715349999999999,11.98235,0.7522500000000019,51.31292500000001
Gal(b1-4)[Fuc(a1-3)]GlcNAc(b1-6)[Fuc(a1-2)Gal(b1-4)GlcNAc(b1-3)]Gal(b1-4)Glc(a1-Sp21,20.3924,139.634225,2921.918250000001,18235.346225
Gal(b1-4)GlcNAc(b1-2)Man(a1-6)[Gal(b1-4)GlcNAc(b1-4)[Gal(b1-4)GlcNAc(b1-2)]Man(a1-3)]Man(b1-4)GlcNAc(b1-4)GlcNAc(a1-Sp21,1761.07555,25098.365575,38134.66655,45798.034225
GalNAc(a1-3)[Fuc(a1-2)]Gal(b1-4)GlcNAc(b1-2)Man(a1-6)[GalNAc(a1-3)[Fuc(a1-2)]Gal(b1-4)GlcNAc(b1-2)Man(a1-3)]Man(b1-4)GlcNAc(b1-4)GlcNAc(b1-Sp20,14.1938,25.712875,426.50785,6497.114600000001
Gal(a1-3)[Fuc(a1-2)]Gal(b1-4)GlcNAc(b1-2)Man(a1-6)[Gal(a1-3)[Fuc(a1-2)]Gal(b1-4)GlcNAc(b1-2)Man(a1-3)]Man(b1-4)GlcNAc(b1-4)GlcNAc(b1-Sp20,7.11435,333.709925,2397.2470000000008,26707.056099999994
Gal(a1-3)Gal(b1-4)[Fuc(a1-3)]GlcNAc(b1-2)Man(a1-6)[Gal(a1-3)Gal(b1-4)[Fuc(a1-3)]GlcNAc(b1-2)Man(a1-3)]Man(b1-4)GlcNAc(b1-4)GlcNAc(b1-Sp20,140.47455,685.11655,7405.605325000001,29986.027000000016
GalNAc(a1-3)[Fuc(a1-2)]Gal(b1-3)GlcNAc(b1-2)Man(a1-6)[GalNAc(a1-3)[Fuc(a1-2)]Gal(b1-3)GlcNAc(b1-2)Man(a1-3)]Man(b1-4)GlcNAc(b1-4)GlcNAc(b1-Sp20,6.177150000000001,5.443399999999999,10.682724999999998,280.197125
Gal(a1-3)[Fuc(a1-2)]Gal(b1-3)GlcNAc(b1-2)Man(a1-6)[Gal(a1-3)[Fuc(a1-2)]Gal(b1-3)GlcNAc(b1-2)Man(a1-3)]Man(b1-4)GlcNAc(b1-4)GlcNAc(b1-Sp20,4.6392500000000005,2.810625,1.9140500000000007,922.5720999999998
Fuc(a1-4)[Fuc(a1-2)Gal(b1-3)]GlcNAc(b1-2)Man(a1-3)[Fuc(a1-4)[Fuc(a1-2)Gal(b1-3)]GlcNAc(b1-2)Man(a1-3)]Man(b1-4)GlcNAc(b1-4)GlcNAc(b1-Sp19,31.447475000000004,23.01235,43.84009999999998,1261.3388999999995
Neu5Ac(a2-3)Gal(b1-4)GlcNAc(b1-3)GalNAc(a1-Sp14,6.730725,18.38,39.261225,375.11275
Neu5Ac(a2-6)Gal(b1-4)GlcNAc(b1-3)GalNAc(a1-Sp14,7.243499999999999,3.9555500000000015,143.22635000000002,6744.288275000001
Neu5Ac(a2-3)Gal(b1-4)[Fuc(a1-3)]GlcNAc(b1-3)GalNAc(a1-Sp14,5.251800000000001,20.933475,150.792275,3949.322175
GalNAc(b1-4)GlcNAc(b1-2)Man(a1-6)[GalNAc(b1-4)GlcNAc(b1-2)Man(a1-3)]Man(b1-4)GlcNAc(b1-4)GlcNAc(a1-Sp12,89.29195000000001,180.5027,1142.1269249999998,13897.601199999996
Gal(b1-3)GalNAc(a1-3)[Fuc(a1-2)]Gal(b1-4)Glc(a1-Sp0,7.326875,4.286949999999997,67.993075,5890.111975
Gal(b1-3)GalNAc(a1-3)[Fuc(a1-2)]Gal(b1-4)GlcNAc(a1-Sp0,8.48835,5.803599999999998,232.00900000000001,9771.56075
Gal(b1-3)GlcNac(b1-3)Gal(b1-4)GlcNac(b1-6)[Gal(b1-3)GlcNac(b1-3)]Gal(b1-4)Glc(b1-Sp0,29.3961,873.365425,30499.709374999995,39815.0644
Gal(b1-4)[Fuc(a1-3)]GlcNAc(b1-6)[Gal(b1-3)GlcNAc(b1-3)]Gal(b1-4)Glc(a1-Sp21,26.833475000000004,134.85840000000002,4866.053324999999,34494.91815
Gal(b1-4)GlcNAc(b1-6)[Fuc(a1-4)[Fuc(a1-2)Gal(b1-3)]GlcNAc(b1-3)]Gal(b1-4)Glc(a1-Sp21,195.96935,5212.237075000001,24914.707950000004,32300.686449999994
Gal(b1-4)[Fuc(a1-3)]GlcNAc(b1-6)[Fuc(a1-4)[Fuc(a1-2)Gal(b1-3)]GlcNAc(b1-3)]Gal(b1-4)Glc(a1-Sp21,47.67744999999999,1069.3460499999997,12460.755525,37333.6998
Gal(b1-3)GlcNAc(b1-3)Gal(b1-4)[Fuc(a1-3)]GlcNAc(b1-6)[Gal(b1-3)GlcNAc(b1-3)]Gal(b1-4)Glc(a1-Sp21,19.009375,902.692,10624.634475,35904.560074999994
Gal(b1-4)GlcNac(b1-6)[Gal(b1-4)GlcNac(b1-2)]Man(a1-6)[Gal(b1-4)GlcNac(b1-4)[Gal(b1-4)GlcNac(b1-2)]Man(a1-3)]Man(b1-4)GlcNac(b1-4)GlcNac(b1-Sp21,2164.559325,40179.4074,35461.122925,44112.158175
GlcNac(b1-2)Man(a1-6)[GlcNac(b1-4)[GlcNac(b1-2)]Man(a1-3)]Man(b1-4)GlcNac(b1-4)GlcNac(a1-Sp21,0.8428999999999984,243.6305,2496.3334,22434.678925000004
Fuc(a1-2)Gal(b1-3)GalNAc(a1-3)[Fuc(a1-2)]Gal(b1-4)Glc(b1-Sp0,9.711875,7.5256750000000014,14.856525,40.546425
Fuc(a1-2)Gal(b1-3)GalNAc(a1-3)[Fuc(a1-2)]Gal(b1-4)GlcNAc(b1-Sp0,6.523125,5.61725,5.017875,141.97900000000004
Gal(b1-3)GlcNAc(b1-3)GalNAc(a1-Sp14,2.8982500000000013,21.9485,1059.840975,11235.978050000005
GalNAc(b1-4)[Neu5Ac(a2-3)]Gal(b1-4)GlcNAc(b1-3)GalNAc(a1-Sp14,55.916775,66.49799999999999,82.96392500000002,324.6909500000001
GalNAc(a1-3)[Fuc(a1-2)]Gal(b1-3)GalNAc(a1-3)[Fuc(a1-2)]Gal(b1-4)GlcNAc(b1-Sp0,4.0185999999999975,4.04365,26.346174999999967,250.730975
Gal(a1-3)Gal(b1-3)GlcNAc(b1-2)Man(a1-6)[Gal(a1-3)Gal(b1-3)GlcNAc(b1-2)Man(a1-3)]Man(b1-4)GlcNAc(b1-4)GlcNAc(a1-Sp19,25.83875,99.2386,1065.3341999999998,15430.965225
Gal(a1-3)Gal(b1-3)[Fuc(a1-4)]GlcNAc(b1-2)Man(a1-6)[Gal(a1-3)Gal(b1-3)[Fuc(a1-4)]GlcNAc(b1-2)Man(a1-3)]Man(b1-4)GlcNAc(b1-4)GlcNAc(a1-Sp19,9.714474999999998,46.4855,780.857975,13612.54495
Neu5Ac(a2-3)Gal(b1-3)GlcNAc(b1-2)Man(a1-6)[Neu5Ac(a2-3)Gal(b1-3)GlcNAc(b1-2)Man(a1-3)]Man(b1-4)GlcNAc(b1-4)GlcNAc(a1-Sp19,22.7654,29.99162500000001,37.635450000000034,236.07852500000004
GlcNAc(b1-2)Man(a1-6)[Gal(b1-4)GlcNAc(b1-2)Man(a1-3)]Man(b1-4)GlcNAc(b1-4)GlcNAc(a1-Sp12,704.7289499999997,7627.297049999999,20357.962075000003,36281.128575
Gal(b1-4)GlcNAc(b1-2)Man(a1-6)[GlcNAc(b1-2)Man(a1-3)]Man(b1-4)GlcNAc(b1-4)GlcNAc(a1-Sp12,397.36672500000014,4420.0947,37482.119525,32671.681275
Neu5Ac(a2-3)Gal(b1-3)GlcNAc(b1-3)GalNAc(a1-Sp14,17.63465,6.4914000000000005,20.74090000000001,159.5315
Fuc(a1-2)Gal(b1-4)GlcNac(b1-3)GalNac(a1-Sp14,4.719275,18.626125,13.591125000000005,196.741925
Gal(b1-4)[Fuc(a1-3)]GlcNac(b1-3)GalNac(a1-Sp14,16.903999999999996,8.765974999999997,16.443125,84.15697499999997
GalNac(a1-3)GalNac(b1-3)Gal(a1-4)Gal(b1-4)GlcNac(b1-Sp0,2.957749999999999,8.182724999999998,0.06430000000000112,33.844300000000004
Gal(a1-4)Gal(b1-3)GlcNac(b1-2)Man(a1-6)[Gal(a1-4)Gal(b1-3)GlcNac(b1-2)Man(a1-3)]Man(b1-4)GlcNac(b1-4)GlcNac(b1-Sp19,42.760175,807.2101249999997,12614.643399999995,36887.34340000001
Gal(a1-4)Gal(b1-4)GlcNac(b1-2)Man(a1-6)[Gal(a1-4)Gal(b1-4)GlcNac(b1-2)Man(a1-3)]Man(b1-4)GlcNac(b1-4)GlcNac(b1-Sp24,102.96199999999996,996.5552,14378.2045,46020.818775
Gal(a1-3)Gal(b1-4)GlcNac(b1-3)GalNac(a1-Sp14,16.108925,28.24602499999999,116.96422499999996,11331.3419
Gal(b1-3)GlcNAc(b1-6)Gal(b1-4)GlcNAc(b1-Sp0,1.1865499999999989,389.02109999999993,15979.627275000004,35256.6677
Gal(b1-3)GlcNAc(a1-6)Gal(b1-4)GlcNAc(b1-Sp0,11.087449999999995,1329.9533749999996,34590.082724999986,42771.106775000015
GalNAc(b1-3)Gal(a1-6)Gal(b1-4)Glc(b1-Sp8,8.004824999999999,16.563924999999998,13.889325000000005,319.0225250000001
Gal(a1-3)[Fuc(a1-2)]Gal(b1-4)[Fuc(a1-3)]Glc(b1-Sp21,15.057624999999994,12.725700000000002,25.610175,2270.92565
Gal(b1-4)GlcNAc(b1-6)[Neu5Ac(a2-6)Gal(b1-3)GlcNAc(b1-3)]Gal(b1-4)Glc(a1-Sp21,1612.9825749999998,24903.007525,36314.190775,42552.788875
Gal(b1-3)GalNAc(b1-4)[Neu5Ac(a2-8)Neu5Ac(a2-3)]Gal(b1-4)Glc(b1-Sp0,12.370275,11.8817,4.889624999999999,686.9362750000003
Neu5Ac(a2-3)Gal(b1-3)GalNAc(b1-4)[Neu5Ac(a2-8)Neu5Ac(a2-3)]Gal(b1-4)Glc(b1-Sp0,4.943100000000001,8.812300000000004,9.679800000000004,185.82595000000003
Gal(a1-3)[Fuc(a1-2)]Gal(b1-4)GlcNAc(b1-3)GalNAc(a1-Sp14,7.929925000000001,12.737000000000005,42.04600000000001,312.33567499999987
GalNAc(a1-3)[Fuc(a1-2)]Gal(b1-4)GlcNAc(b1-3)GalNAc(a1-Sp14,18.750175,3.318325,7.537799999999999,37.6836
GalNAc(a1-3)GalNAc(b1-3)Gal(a1-4)Gal(b1-4)Glc(b1-Sp0,12.42745,11.147825,6.639325000000001,20.534375
Fuc(a1-2)Gal(b1-4)[Fuc(a1-3)]GlcNAc(b1-3)GalNAc(a1-Sp14,17.13075,55.854875,212.468125,3450.838950000001
Gal(a1-3)[Fuc(a1-2)]Gal(b1-4)[Fuc(a1-3)]GlcNAc(b1-3)GalNAc(a1-Sp14,10.885675000000004,10.269725,4.462125,93.6267
GalNAc(a1-3)[Fuc(a1-2)]Gal(b1-4)[Fuc(a1-3)]GlcNAc(b1-3)GalNAc(a1-Sp14,30.0791,27.75324999999999,28.05865,996.762825
Gal(b1-4)[Fuc(a1-3)]GlcNAc(b1-2)Man(a1-6)[Gal(b1-4)[Fuc(a1-3)]GlcNAc(b1-2)Man(a1-3)]Man(b1-4)GlcNAc(b1-4)[Fuc(a1-6)]GlcNAc(b1-Sp22,9.0578,23.34895,193.68632499999995,3051.368025
Fuc(a1-2)Gal(b1-4)GlcNAc(b1-2)Man(a1-6)[Fuc(a1-2)Gal(b1-4)GlcNAc(b1-2)Man(a1-3)]Man(b1-4)GlcNAc(b1-4)[Fuc(a1-6)]GlcNAc(b1-Sp22,14.000775,34.087050000000005,198.545225,3059.535975
GlcNAc(b1-2)[GlcNAc(b1-6)]Man(a1-6)[GlcNAc(b1-2)Man(a1-3)]Man(b1-4)GlcNAc(b1-4)GlcNAc(b1-Sp19,8.764175000000002,3.0283750000000005,23.184425000000005,55.45607500000003
Fuc(a1-2)Gal(b1-3)GlcNAc(b1-3)GalNAc(a1-Sp14,4.5146,1.6672499999999992,3.687199999999999,129.56602500000002
Gal(a1-3)[Fuc(a1-2)]Gal(b1-3)GlcNAc(b1-3)GalNAc(a1-Sp14,5.64375,16.052350000000004,8.225575000000001,42.081
GalNAc(a1-3)[Fuc(a1-2)]Gal(b1-3)GlcNAc(b1-3)GalNAc(a1-Sp14,13.236525000000002,15.69915,16.643325,418.72985000000006
Gal(a1-3)Gal(b1-3)GlcNAc(b1-3)GalNAc(a1-Sp14,1.8918500000000016,26.422975,503.92710000000005,12830.0222
Fuc(a1-2)Gal(b1-3)GlcNAc(b1-2)Man(a1-6)[Fuc(a1-2)Gal(b1-3)GlcNAc(b1-2)Man(a1-3)]Man(b1-4)GlcNAc(b1-4)[Fuc(a1-6)]GlcNAc(b1-Sp22,1.388249999999999,0.8876249999999999,7.707225000000002,399.824625
Gal(a1-3)[Fuc(a1-2)]Gal(b1-4)GlcNAc(b1-2)Man(a1-6)[Gal(a1-3)[Fuc(a1-2)]Gal(b1-4)GlcNAc(b1-2)Man(a1-3)]Man(b1-4)GlcNAc(b1-4)[Fuc(a1-6)]GlcNAc(b1-Sp22,1.5417250000000031,6.543849999999997,17.139299999999995,1391.21005
Gal(b1-3)GlcNAc(b1-6)[Gal(b1-3)GlcNAc(b1-2)]Man(a1-6)[Gal(b1-3)GlcNAc(b1-2)Man(a1-3)]Man(b1-4)GlcNAc(b1-4)GlcNAc(b1-Sp19,4.900625,269.65477500000003,7797.804775000001,41724.81425
Gal(b1-4)GlcNAc(b1-6)[Fuc(a1-2)Gal(b1-3)GlcNAc(b1-3)]Gal(b1-4)Glc(a1-Sp21,596.91435,14168.229600000004,32647.780725,41911.279425
Fuc(a1-3)GlcNAc(b1-6)[Gal(b1-4)GlcNAc(b1-3)]Gal(b1-4)Glc(a1-Sp21,210.0198,5710.00095,35286.9285,41882.40040000001
GlcNAc(b1-2)Man(a1-6)[GlcNAc(b1-4)][GlcNAc(b1-2)Man(a1-3)]Man(b1-4)GlcNac(b1-4)GlcNAc(a1-Sp21,12.915125,7.123500000000003,4.776175,34.65235
GlcNAc(b1-2)Man(a1-6)[GlcNAc(b1-4)][GlcNAc(b1-4)[GlcNAc(b1-2)]Man(a1-3)]Man(b1-4)GlcNAc(b1-4)GlcNAc(a1-Sp21,2.0017500000000035,2.8199250000000013,15.834350000000004,111.1225
GlcNAc(b1-6)[GlcNAc(b1-2)]Man(a1-6)[GlcNAc(b1-4)][GlcNAc(b1-2)Man(a1-3)]Man(b1-4)GlcNAc(b1-4)GlcNAc(a1-Sp21,1.9516250000000008,18.055275,3.8051999999999992,43.984825
GlcNAc(b1-6)[GlcNAc(b1-2)]Man(a1-6)[GlcNAc(b1-4)][GlcNAc(b1-4)[GlcNAc(b1-2)]Man(a1-3)]Man(b1-4)GlcNAc(b1-4)GlcNAc(a1-Sp21,-3.9520500000000016,2.512475000000002,2.38375,228.846525
Gal(b1-4)GlcNAc(b1-2)Man(a1-6)[GlcNAc(b1-4)][Gal(b1-4)GlcNAc(b1-2)Man(a1-3)]Man(b1-4)GlcNAc(b1-4)GlcNAc(a1-Sp21,1629.1210999999994,21909.457550000006,40774.757225,36841.96302500001
Gal(b1-4)GlcNAc(b1-2)Man(a1-6)[GlcNAc(b1-4)][Gal(b1-4)GlcNAc(b1-4)[Gal(b1-4)GlcNAc(b1-2)]Man(a1-3)]Man(b1-4)GlcNAc(b1-4)GlcNAc(a1-Sp21,2026.589625,30787.961225,36120.99315,39431.66222499999
Gal(b1-4)GlcNAc(b1-6)[Gal(b1-4)GlcNAc(b1-2)]Man(a1-6)[GlcNAc(b1-4)][Gal(b1-4)GlcNAc(b1-2)Man(a1-3)]Man(b1-4)GlcNAc(b1-4)GlcNAc(a1-Sp21,2995.3415749999995,30382.665000000005,33772.10685,40247.375750000014
Gal(b1-4)GlcNAc(b1-6)[Gal(b1-4)GlcNAc(b1-2)]Man(a1-6)[GlcNAc(b1-4)][Gal(b1-4)GlcNAc(b1-4)[Gal(b1-4)GlcNAc(b1-2)]Man(a1-3)]Man(b1-4)GlcNAc(b1-4)GlcNAc(a1-Sp21,2516.834175,37152.08327500001,47530.874125,38019.19382500002
Gal(b1-4)Gal(b1-Sp10,3.4591999999999987,13.055649999999998,224.691075,4399.133975000002
Gal(b1-6)Gal(b1-Sp10,12.2787,26.96232499999999,1091.628275,7212.181625
Neu5Ac(a2-3)Gal(b1-4)GlcNAc(b1-3)Gal(b1-Sp8,2.5885250000000006,13.558674999999996,9.728049999999987,28.474274999999995
GalNAc(b1-6)GalNAc(b1-Sp8,9.289475,11.224500000000004,3.580550000000001,75.44752500000001
(6S)Gal(b1-3)GlcNAc(b1-Sp0,461.630925,12975.543350000005,33629.803025,43860.90757500001
(6S)Gal(b1-3)(6S)GlcNAc(a1-Sp0,452.552075,7989.518000000003,31637.4321,50206.17760000001
Fuc(a1-2)Gal(b1-4) GlcNAc(b1-2)Man(a1-6)[Fuc(a1-2)Gal(b1-4)GlcNAc(b1-2)[Fuc(a1-2)Gal(b1-4)GlcNAc(b1-4)]Man(a1-3)]Man(b1-4)GlcNAc(b1-4)GlcNAc(b1-N,43.604075,63.536925,1658.1767250000007,19863.052274999995
Fuc(a1-2)Gal(b1-4)[Fuc(a1-3)]GlcNAc(b1-2)Man(a1-6)[Fuc(a1-2)Gal(b1-4)[Fuc(a1-3)]GlcNAc(b1-4)[Fuc(a1-2)Gal(b1-4)[Fuc(a1-3)]GlcNAc(b1-2)]Man(a1-3)]Man(b1-4)GlcNAc(b1-4)GlcNAc(b1-N,33.856,24.313924999999994,192.40895,3492.1614
Gal(b1-4)[Fuc(a1-3)]GlcNAc(b1-6)GalNAc(a1-Sp14,19.467375000000004,21.262899999999995,57.06639999999999,2893.4346000000005
Gal(b1-4)GlcNAc(b1-2)Man(a1-Sp0,5.553975000000001,11.005850000000002,15.302625,42.348400000000076
Fuc(a1-2)Gal(b1-4)GlcNAc(b1-6)[Fuc(a1-2)Gal(b1-4)GlcNAc(b1-3)]GalNAc(a1-Sp14,24.873675,182.51347500000003,4462.1336,26767.5538
Gal(a1-3)Fuc(a1-2)Gal(b1-4)GlcNAc(b1-6)[Gal(a1-3)Fuc(a1-2)Gal(b1-4)GlcNAc(b1-3)]GalNAc(a1-Sp14,26.874800000000004,34.057649999999995,2116.288725000001,16103.873475
GalNAc(a1-3)[Fuc(a1-2)]Gal(b1-4)GlcNAc(b1-6)[GalNAc(a1-3)[Fuc(a1-2)]Gal(b1-4)GlcNAc(b1-3)]GalNAc(a1-Sp14,4.590850000000001,64.022575,6404.598425000001,33315.40525
Neu5Ac(a2-8)Neu5Ac(a2-3)Gal(b1-3)GalNAc(b1-4)[Neu5Ac(a2-8)Neu5Ac(a2-3)]Gal(b1-4)Glc(b1-Sp0,115.16185,2814.7793,34375.29185,40285.607575
GalNAc(b1-4)Gal(b1-4)Glc(b1-Sp0,6.640249999999997,4.881025000000003,13.865824999999981,87.755325
GalNAc(a1-3)[Fuc(a1-2)]Gal(b1-4)GlcNAc(b1-2)Man(a1-6)[GalNAc(a1-3)[Fuc(a1-2)]Gal(b1-4)GlcNAc(b1-2)Man(a1-3)]Man(b1-4)GlcNAc(b1-4)[Fuc(a1-6)]GlcNAc(b1-Sp22,7.986575000000002,9.705975,10.584325000000002,102.64915
Gal(a1-3)[Fuc(a1-2)]Gal(b1-3)GlcNAc(b1-2)Man(a1-6)[Gal(a1-3)[Fuc(a1-2)]Gal(b1-3)GlcNAc(b1-2)Man(a1-3)]Man(b1-4)GlcNAc(b1-4)[Fuc(a1-6)]GlcNAc(b1-Sp22,17.109924999999997,8.996300000000002,-4.542325,23.7575
Neu5Ac(a2-6)Gal(b1-4)GlcNAc(b1-6)[Fuc(a1-2)Gal(b1-3)GlcNAc(b1-3)]Gal(b1-4)Glc(a1-Sp21,483.3139,11340.93625,39292.3181,37717.122025
GalNAc(a1-3)[Fuc(a1-2)]Gal(b1-3)GlcNAc(b1-2)Man(a1-6)[GalNAc(a1-3)[Fuc(a1-2)]Gal(b1-3)GlcNAc(b1-2)Man(a1-3)]Man(b1-4)GlcNAc(b1-4)[Fuc(a1-6)]GlcNAc(b1-Sp22,3.5181500000000003,15.528300000000002,17.704375,101.579425
Gal(b1-4)GlcNAc(b1-6)[Gal(b1-4)GlcNAc(b1-2)]Man(a1-6)[Gal(b1-4)GlcNAc(b1-2)Man(a1-3)]Man(b1-4)GlcNAc(b1-4)GlcNAc(b1-Sp19,1470.2376,26188.018775,34078.56665,42263.611175
Neu5Ac(a2-3)Gal(b1-4)GlcNAc(b1-2)Man(a1-6)[GlcNAc(b1-4)][Neu5Ac(a2-3)Gal(b1-4)GlcNAc(b1-2)Man(a1-3)]Man(b1-4)GlcNAc(b1-4)GlcNAc(b1-Sp21,1.2844750000000005,-0.2143999999999977,24.88965,218.618
Neu5Ac(a2-3)Gal(b1-4)GlcNAc(b1-4)Man(a1-6)[GlcNAc(b1-4)][Neu5Ac(a2-3)Gal(b1-4)GlcNAc(b1-4)[Neu5Ac(a2-3)Gal(b1-4)GlcNAc(b1-2)]Man(a1-3)]Man(b1-4)GlcNAc(b1-4)GlcNAc(b1-Sp21,4.751575000000001,9.573150000000002,31.2937,224.87522500000003
Neu5Ac(a2-3)Gal(b1-4)GlcNAc(b1-6)[Neu5Ac(a2-3)Gal(b1-4)GlcNAc(b1-2)]Man(a1-6)[GlcNAc(b1-4)][Neu5Ac(a2-3)Gal(b1-4)GlcNAc(b1-2)Man(a1-3)]Man(b1-4)GlcNAc(b1-4)GlcNAc(b1-Sp21,2.6953750000000003,3.270975,15.223474999999995,132.45625
Neu5Ac(a2-3)Gal(b1-4)GlcNAc(b1-6)[Neu5Ac(a2-3)Gal(b1-4)GlcNAc(b1-2)]Man(a1-6)[GlcNAc(b1-4)][Neu5Ac(a2-3)Gal(b1-4)GlcNAc(b1-4)[Neu5Ac(a2-3)Gal(b1-4)GlcNAc(b1-2)]Man(a1-3)]Man(b1-4)GlcNAc(b1-4)GlcNAc(b1-Sp21,3.631800000000002,4.792274999999998,6.3133750000000015,288.29180000000014
Neu5Ac(a2-6)Gal(b1-4)GlcNAc(b1-2)Man(a1-6)[GlcNAc(b1-4)][Neu5Ac(a2-6)Gal(b1-4)GlcNAc(b1-2)Man(a1-3)]Man(b1-4)GlcNAc(b1-4)GlcNAc(b1-Sp21,1078.7707499999997,12385.548225000002,37913.9034,38375.17939999999
Neu5Ac(a2-6)Gal(b1-4)GlcNAc(b1-4)Man(a1-6)[GlcNAc(b1-4)][Neu5Ac(a2-6)Gal(b1-4)GlcNAc(b1-4)[Neu5Ac(a2-6)Gal(b1-4)GlcNAc(b1-2)]Man(a1-3)]Man(b1-4)GlcNAc(b1-4)GlcNAc(b1-Sp21,1055.6032499999997,21766.879650000006,36522.070675,42103.685625
Neu5Ac(a2-6)Gal(b1-4)GlcNAc(b1-6)[Neu5Ac(a2-6)Gal(b1-4)GlcNAc(b1-2)]Man(a1-6)[GlcNAc(b1-4)][Neu5Ac(a2-6)Gal(b1-4)GlcNAc(b1-2)Man(a1-3)]Man(b1-4)GlcNAc(b1-4)GlcNAc(b1-Sp21,825.4627499999997,16438.082600000005,37817.60205,38982.32577499998
Neu5Ac(a2-6)Gal(b1-4)GlcNAc(b1-6)[Neu5Ac(a2-6)Gal(b1-4)GlcNAc(b1-2)]Man(a1-6)[GlcNAc(b1-4)][Neu5Ac(a2-6)Gal(b1-4)GlcNAc(b1-4)[Neu5Ac(a2-6)Gal(b1-4)GlcNAc(b1-2)]Man(a1-3)]Man(b1-4)GlcNAc(b1-4)GlcNAc(b1-Sp21,1212.3343749999995,26166.204975,37904.649225,40275.74285
Gal(a1-3)[Fuc(a1-2)]Gal(b1-3)GalNAc(a1-Sp8,1.6572500000000012,4.5428250000000014,4.809649999999999,100.43004999999998
Gal(a1-3)[Fuc(a1-2)]Gal(b1-3)GalNAc(b1-Sp8,8.786050000000003,11.7084,28.298075000000008,1437.1970249999995
Glc(a1-6)Glc(a1-6)Glc(a1-6)Glc(b1-Sp10,32.297375,17.223774999999996,21.7204,159.61284999999995
Glc(a1-4)Glc(a1-4)Glc(a1-4)Glc(b1-Sp10,3.5111500000000007,10.758474999999995,22.23660000000001,109.1851
Neu5Ac(a2-3)Gal(b1-4)GlcNAc(b1-6)[Neu5Ac(a2-3)Gal(b1-4)GlcNAc(b1-3)]GalNAc(a1-Sp14,3.8284,8.7925,4.708624999999998,13.232849999999992
Fuc(a1-2)Gal(b1-4)[Fuc(a1-3)]GlcNAc(b1-2)Man(a1-6)[Fuc(a1-2)Gal(b1-4)[Fuc(a1-3)]GlcNAc(b1-2)Man(a1-3)]Man(b1-4)GlcNAc(b1-4)[Fuc(a1-6)]GlcNAc(b1-Sp24,35.75134999999999,231.53737500000003,2715.02295,17843.968125
Fuc(a1-2)Gal(b1-3)[Fuc(a1-4)]GlcNAc(b1-2)Man(a1-6)[Fuc(a1-2)Gal(b1-3)[Fuc(a1-4)]GlcNAc(b1-2)Man(a1-3)]Man(b1-4)GlcNAc(b1-4)[Fuc(a1-6)]GlcNA(cb-S)p(1-4)[Fuc(a1-6)]GlcNAc(b1-Sp19,19.791175000000006,13.474725000000005,11.49465,204.071725
Neu5Ac(a2-3)Gal(b1-3)GlcNAc(b1-6)[Neu5Ac(a2-3)Gal(b1-4)GlcNAc(b1-2)]Man(a1-6)[Neu5Ac(a2-3)Gal(b1-3)GlcNAc(b1-2)Man(a1-3)]Man(b1-4)GlcNAc(b1-4)GlcNAc(b1-Sp19,8.106949999999998,15.973149999999995,36.22212500000001,157.80875
GlcNAc(b1-6)[GlcNAc(b1-2)]Man(a1-6)[GlcNAc(b1-2)Man(a1-3)]Man(b1-4)GlcNAc(b1-4)[Fuc(a1-6)]GlcNAc(b1-Sp24,9.860999999999997,3.875625,2.5204500000000003,47.1187
Gal(b1-3)GlcNAc(b1-2)Man(a1-6)[GlcNAc(b1-4)][Gal(b1-3)GlcNAc(b1-2)Man(a1-3)]Man(b1-4)GlcNAc(b1-4)GlcNAc(b1-Sp21,11.683725,390.94432500000005,9644.246975,38249.20115
Neu5Ac(a2-6)Gal(b1-4)GlcNAc(b1-6)[Gal(b1-3)GlcNAc(b1-3)]Gal(b1-4)Glc(b1-Sp21,783.6072000000001,19014.00815,30486.14445,43361.69955000001
Neu5Ac(a2-3)Gal(b1-4)GlcNAc(b1-2)Man(a1-Sp0,19.160325,28.041599999999995,52.57117499999999,663.6352
Neu5Ac(a2-3)Gal(b1-4)GlcNAc(b1-6)GalNAc(a1-Sp14,7.8793000000000015,14.115050000000002,12.929950000000002,90.708875
Neu5Ac(a2-6)Gal(b1-4)GlcNAc(b1-6)GalNAc(a1-Sp14,10.762925000000005,16.657274999999995,13.507125,86.40597499999998
Neu5Ac(a2-6)Gal(b1-4)GlcNAc(b1-6)[Neu5Ac(a2-6)Gal(b1-4)GlcNAc(b1-3)]GalNAc(a1-Sp14,52.11415,4026.160925,26578.87645,33169.234775000004
Neu5Ac(a2-6)Gal(b1-4)GlcNAc(b1-2)Man(a1-6)[Neu5Ac(a2-6)Gal(b1-4)GlcNAc(b1-2)Man(a1-3)]Man(b1-4)GlcNAc(b1-4)[Fuc(a1-6)]GlcNAc(b1-Sp24,34.36824999999999,4469.781625,37727.82255,40172.48632500001
Neu5Ac(a2-3)Gal(b1-4)GlcNAc(b1-2)Man(a1-6)[Neu5Ac(a2-3)Gal(b1-4)GlcNAc(b1-2)Man(a1-3)]Man(b1-4)GlcNAc(b1-4)[Fuc(a1-6)]GlcNAc(b1-Sp24,5.471425000000003,4.102824999999998,13.335725000000005,469.50727500000005
Man(a1-6)[Man(a1-3)]Man(b1-4)GlcNAc(b1-4)[Fuc(a1-6)]GlcNAc(b1-Sp19,12.840625,-2.1839250000000043,14.432225,21.97472500000001
Gal(b1-4)GlcNAc(b1-6)[Gal(b1-4)GlcNAc(b1-2)]Man(a1-6)[Gal(b1-4)GlcNAc(b1-2)Man(a1-3)]Man(b1-4)GlcNAc(b1-4)[Fuc(a1-6)]GlcNAc(b1-Sp24,1558.89735,31723.9856,35738.059825000004,41293.66505
Neu5Ac(a2-3)Gal(b1-3)GlcNAc(b1-2)Man(a1-6)[GlcNAc(b1-4)][Neu5Ac(a2-3)Gal(b1-3)GlcNAc(b1-2)Man(a1-3)]Man(b1-4)GlcNAc(b1-4)GlcNAc(a1-Sp21,6.235775000000004,8.514199999999999,9.551975,169.907725
Neu5Ac(a2-6)Gal(b1-4)GlcNAc(b1-6)[Fuc(a1-2)Gal(b1-4)[Fuc(a1-3)]GlcNAc(b1-3)]Gal(b1-4)Glc(a1-Sp21,144.16070000000005,5225.0972,24214.90002500001,36054.53325
Gal(b1-3)GlcNAc(b1-6)GalNAc(a1-Sp14,27.633500000000005,13.068325,69.88592500000003,4324.3978750000015
Gal(a1-3)Gal(b1-3)GlcNAc(b1-6)GalNAc(a1-Sp14,3.5760500000000017,3.811225,324.045325,10970.67695
Gal(b1-3)[Fuc(a1-4)]GlcNAc(b1-6)GalNAc(a1-Sp14,12.437250000000004,7.900124999999999,25.884025,334.011975
Neu5Ac(a2-3)Gal(b1-3)GlcNAc(b1-6)GalNAc(a1-Sp14,-0.05250000000000021,9.403850000000002,4.728499999999993,1628.9085750000006
(3S)Gal(b1-3)[Fuc(a1-4)]GlcNAc(b1-Sp0,20.73315,10.573974999999997,22.13375,61.77942500000003
Gal(b1-4)[Fuc(a1-3)]GlcNAc(b1-6)[Neu5Ac(a2-6)[Neu5Ac(a2-3)Gal(b1-3)]GlcNAc(b1-3)]Gal(b1-4)Glc(a1-Sp21,10.47525,8.326824999999998,584.23515,11901.253125
Fuc(a1-2)Gal(b1-4)GlcNAc(b1-6)GalNAc(a1-Sp14,16.00635,19.130975,396.3563500000001,9889.6272
Gal(a1-3)Gal(b1-4)GlcNAc(b1-6)GalNAc(a1-Sp14,3.7775500000000015,36.933275,1228.8892500000004,15770.451575000005
Gal(b1-4)[Fuc(a1-3)]GlcNAc(b1-2)Man(a1-Sp0,24.628425,9.498624999999997,31.39625,66.870125
Fuc(a1-2)(6S)Gal(b1-3)GlcNAc(b1-Sp0,6.495474999999999,36.7626,3633.285625,26658.991825
Gal(a1-3)[Fuc(a1-2)]Gal(b1-4)GlcNAc(b1-6)GalNAc(a1-Sp14,28.16075,24.479875000000003,23.067475000000005,176.227925
Fuc(a1-2)Gal(b1-4)GlcNAc(b1-2)Man(a1-Sp0,18.951749999999976,7.586974999999999,5.916400000000001,167.22194999999988
Fuc(a1-2)Gal(b1-3)(6S)GlcNAc(b1-Sp0,9.8409,8.751875,25.74175,719.1875
Fuc(a1-2)(6S)Gal(b1-3)(6S)GlcNAc(b1-Sp0,34.51022499999999,71.423475,4137.5411749999985,34943.34417500001
Neu5Ac(a2-6)GalNAc(b1-4)(6S)GlcNAc(b1-Sp8,18.313375,8.47125,1636.6817999999994,22791.68465000001
GalNAc(b1-4)[Fuc(a1-3)](6S)GlcNAc(b1-Sp8,10.0718,19.495125,29.50015000000002,33.46575
(3S)GalNAc(b1-4)[Fuc(a1-3)]GlcNAc(b1-Sp8,17.541399999999996,0.2825500000000005,19.331399999999995,19.378000000000007
Fuc(a1-2)Gal(b1-3)GlcNAc(b1-6)[Fuc(a1-2)Gal(b1-3)GlcNAc(b1-3)]GalNAc(a1-Sp14,22.915275,35.299025,533.3154499999998,10887.32795
GalNAc(a1-3)[Fuc(a1-2)]Gal(b1-3)GlcNAc(b1-6)GalNAc(a1-Sp14,3.49075,0.6834750000000032,6.703775,25.19337500000001
GlcNAc(b1-6)[GlcNAc(b1-2)]Man(a1-6)[GlcNAc(b1-4)][GlcNAc(b1-4)[GlcNAc(b1-2)]Man(a1-3)]Man(b1-4)GlcNAc(b1-4)[Fuc(a1-6)]GlcNAc(a1-Sp21,5.046125,-3.336475,0.3612750000000009,62.17525000000001
Gal(b1-4)GlcNAc(b1-6)[Gal(b1-4)GlcNAc(b1-2)]Man(a1-6)[GlcNAc(b1-4)]Gal(b1-4)GlcNAc(b1-4)[Gal (b1-4)GlcNAc(b1-2)]Man(a1-3)]Man(b1-4)GlcNAc(b1-4)[Fuc(a1-6)]GlcNAc(a1-Sp21,1748.7293000000002,33902.956325,36061.9068,38537.65862499998
Gal(b1-3)GlcNAc(a1-3)Gal(b1-4)GlcNAc(b1-Sp8 ,13.32215,134.221925,2386.982675,23181.71935
Gal(b1-3)(6S)GlcNAc(b1-Sp8 ,-4.647599999999999,24.75590000000001,551.2755,6896.5246499999985
(6S)(4S)GalNAc(b1-4)GlcNAc(a1-Sp8,9.37175,6.511999999999999,7.709499999999998,72.66210000000002
(6S)GalNAc(b1-4)GlcNAc(a1-Sp8 ,607.2855749999999,9804.929725,39972.86905,40817.49995
(3S)GalNAc(b1-4)(3S)GlcNAc(a1-Sp8,7.5328,3.3674000000000017,6.6582500000000024,51.07520000000001
GalNAc(b1-4)(6S)GlcNAc(a1-Sp8 ,20.860475000000008,1.6549500000000033,120.697775,5125.95895
(3S)GalNAc(b1-4)GlcNAc(a1-Sp8 ,3.0004249999999963,-3.0189000000000004,6.3979250000000025,288.74342500000006
(4S)GalNac(b1-Sp10,8.596875,3.2154000000000043,6.737750000000003,36.56867499999999
Gal(b1-4)(6P)GlcNAc(b1-Sp0 ,28.29065000000001,990.5386,21622.956825,37514.418625
(6P)Gal(b1-4)GlcNAc(b1-SP0 ,157.83822500000005,4416.629349999998,24722.9415,37370.65435
GalNAc(a1-3)[Fuc(a1-2)]Gal(b1-4)GlcNAc(b1-6)GalNAc(a1-Sp14,9.142099999999996,22.702425,574.1919249999999,14876.449375
Neu5Ac(a2-6)Gal(b1-4)GlcNAc(b1-2)Ma(n1-Sp0,5.208974999999997,2.798325,23.4306,2289.48975
Gal(a1-3)Gal(b1-4)GlcNAc(b1-2)Man(a1-Sp0,17.084024999999997,12.7251,266.5076,11905.289199999996
Gal(a1-3)[Fuc(a1-2)]Gal(b1-4)GlcNAc(b1-2)Man(a1-Sp0,7.534675,167.99427500000004,3474.8990249999993,22173.55505000001
GalNAc(a1-3)[Fuc(a1-2)]Gal(b1-4) GlcNAc(b1-2)Man(a1-Sp0,5.851675000000029,5.871549999999997,6.2256,119.14155000000004
 Gal(b1-3)GlcNAc(b1-2)Man(a1-Sp0,17.099624999999996,31.49979999999999,915.56305,12255.124675
Gal(a1-3)[Fuc(a1-2)]Gal(b1-3)GlcNAc(b1-6)GalNAc(a1-Sp14,26.25180000000001,2.3488500000000005,12.341575000000004,267.83389999999986
Neu5Ac(a2-3)Gal(b1-3)GlcNAc(b1-2)Man(a1-Sp0,7.677850000000001,82.876075,269.935675,2035.0296
Gal(a1-3)Gal(b1-3)GlcNAc(b1-2)Man(a1-Sp0,8.681224999999996,159.21007500000005,3386.280275,18937.665075
GalNAc(b1-4)GlcNAc(b1-2)Man(a1-Sp0,12.938550000000005,40.748975,66.22902500000001,4090.864225
Neu5Ac(a2-3)Gal(b1-3)GlcNAc(b1-4)Gal(b1-4)Glc(b1-Sp0,4.449024999999999,25.514075,15.458824999999996,62.60115000000001
GlcNAc(b1-2) Man(a1-6)[GlcNAc(b1-4)][GlcNAc(b1-2)Man(a1-3)]Man(b1-4)GlcNAc(b1-4)[Fuc(a1-6)]GlcNAc(a1-Sp21,11.818925,6.626549999999997,6.9491,17.7038
Gal(b1-4)GlcNAc(b1-2)Man(a1-6)[GlcNAc(b1-4)][Gal(b1-4)GlcNAc(b1-2)Man(a1-3)]Man(b1-4)GlcNAc(b1-4)[Fuc(a1-6)]GlcNAc(a1-Sp21,2173.090325,33557.06285,42739.81307500001,38367.28135
Gal(b1-4)GlcNAc(b1-2)Man(a1-6)[Gal(b1-4)GlcNAc(b1-4)][Gal(b1-4)GlcNAc(b1-2)Man(a1-3)]Man(b1-4)GlcNAc(b1-4)[Fuc(a1-6)]GlcNAc(a1-Sp21,1362.5591249999998,19315.854,34987.9717,37153.81185
Fuc(a1-4)[Gal(b1-3)]GlcNAc(b1-2)Man(a1-Sp0,8.936475,49.45585000000001,118.61475,733.94625
Neu5Ac(a2-3)Gal(b1-4)[Fuc(a1-3)]GlcNAc(b1-2)Man(a1-Sp0,10.747325000000002,4.342075,11.008050000000004,232.37604999999985
GlcNAc(b1-3)Gal(b1-4)GlcNAc(b1-6)[GlcNAc(b1-3)]Gal(b1-4)GlcNAc(a1-Sp0,-4.825199999999999,2.9956500000000013,8.760075,17.085124999999994
GalNAc(a1-3)[Fuc(a1-2)]Gal(b1-3)GalNAc(b1-3)Gal(a1-4)Gal(b1-4)Glc(a1-Sp21,0.1146749999999983,6.752774999999998,3.4718249999999986,142.32044999999994
Gal(a1-3)[Fuc(a1-2)]Gal(b1-3)GalNAc(b1-3)Gal(a1-4)Gal(b1-4)Glc(a1-Sp21,7.101049999999999,4.200524999999999,23.26175,-22.896100000000004
Gal(b1-3)GalNAc(b1-3)Ga(l1-Sp21,22.181475,93.102525,345.586525,10930.093125
GlcNAc(b1-3)Gal(b1-4)GlcNAc(b1-2)Man(a1-6)[GlcNAc(b1-3)Gal(b1-4)GlcNAc(b1-2)Man(a1-3)]Man(b1-4)GlcNAc(b1-4)GlcNAc(b1-Sp12,-16.5561,-10.396975,3.3484249999999918,737.5784500000003
GlcNAc(b1-3)Gal(b1-4)GlcNAc(b1-2)Man(a1-6)[GlcNAc(b1-3)Gal(b1-4)GlcNAc(b1-2)Man(a1-3)]Man(b1-4)GlcNAc(b1-4)GlcNAc(b1-Sp25,24.45895,24.81355,229.37955,4784.084675
Gal(b1-4)GlcNAc(b1-3)Gal(b1-4)GlcNAc(b1-2)Man(a1-6)[Gal(b1-4)GlcNAc(b1-3)Gal(b1-4)GlcNAc(b1-2)Man(a1-3)]Man(b1-4)GlcNAc(b1-4)GlcNAc(b1-Sp12,358.158575,1148.115875,10566.233,25142.567025000004
Gal(b1-4)GlcNAc(b1-3)Gal(b1-4)GlcNAc(b1-2)Man(a1-6)[Gal(b1-4)GlcNAc(b1-3)Gal(b1-4)GlcNAc(b1-2)Man(a1-3)]Man(b1-4)GlcNAc(b1-4)GlcNAc(b1-Sp24,1883.1201,19200.027850000006,37441.02345,42229.96687500001
Neu5Gc(a2-3)Gal(b1-4)GlcNAc(b1-3)Gal(b1-4)GlcNAc(b1-2)Man(a1-6)[Neu5Gc(a2-3)Gal(b1-4)GlcNAc(b1-3)Gal(b1-4)GlcNAc(b1-2)Man(a1-3)]Man(b1-4)GlcNAc(b1-4)GlcNAc(b1-Sp24,17.631475,52.8827,241.7848,7049.408750000001
Fuc(a1-2)Gal(b1-4)GlcNAc(b1-3)Gal(b1-4)GlcNAc(b1-2)Man(a1-6)[Fuc(a1-2)Gal(b1-4)GlcNAc(b1-3)Gal(b1-4)GlcNAc(b1-2)Man(a1-3)]Man(b1-4)GlcNAc(b1-4)GlcNAc(b1-Sp24,120.46477499999996,1100.3903750000004,12918.09985,41649.56630000001
GlcNAc(b1-3)Gal(b1-4)GlcNAc(b1-3)Gal(b1-4)GlcNAc(b1-2)Man(a1-6)[GlcNAc(b1-3)Gal(b1-4)GlcNAc(b1-3)Gal(b1-4)GlcNAc(b1-2)Man(a1-3)]Man(b1-4)GlcNAc(b1-4)GlcNAc(b1-Sp12,106.015075,123.5044,234.44655,4990.83095
GlcNAc(b1-3)Gal(b1-4)GlcNAc(b1-3)Gal(b1-4)GlcNAc(b1-2)Man(a1-6)[GlcNAc(b1-3)Gal(b1-4)GlcNAc(b1-3)Gal(b1-4)GlcNAc(b1-2)Man(a1-3)]Man(b1-4)GlcNAc(b1-4)GlcNAc(b1-Sp25,9.416525,24.982600000000005,33.398025,496.788025
Gal(b1-4)GlcNAc(b1-3)Gal(b1-4)GlcNAc(b1-3)Gal(b1-4)GlcNAc(b1-2)Man(a1-6)[Gal(b1-4)GlcNAc(b1-3)Gal(b1-4)GlcNAc(b1-3)Gal(b1-4)GlcNAc(b1-2)Man(a1-3)]Man(b1-4)GlcNAc(b1-4)GlcNAc(b1-Sp12,505.1832999999999,5336.014850000001,37509.837425,44681.59574999999
Gal(b1-4)GlcNAc(b1-3)Gal(b1-4)GlcNAc(b1-3)Gal(b1-4)GlcNAc(b1-2)Man(a1-6)[Gal(b1-4)GlcNAc(b1-3)Gal(b1-4)GlcNAc(b1-3)Gal(b1-4)GlcNAc(b1-2)Man(a1-3)]Man(b1-4)GlcNAc(b1-4)GlcNAc(b1-Sp24,2277.4297750000005,19464.481875,42809.753425,44514.77145
GlcNAc(b1-3)Gal(b1-4)GlcNAc(b1-3)Gal(b1-4)GlcNAc(b1-3)Gal(b1-4)GlcNAc(b1-2)Man(a1-6)[GlcNAc(b1-3)Gal(b1-4)GlcNAc(b1-3)Gal(b1-4)GlcNAc(b1-3)Gal(b1-4)GlcNAc(b1-2)Man(a1-3)]Man(b1-4)GlcNAc(b1-4)GlcNAc(b1-Sp25,14.579050000000004,25.018925,78.76689999999998,925.88085
Gal(b1-4)GlcNAc(b1-3)Gal(b1-4)GlcNAc(b1-3)Gal(b1-4)GlcNAc(b1-3)Gal(b1-4)GlcNAc(b1-2)Man(a1-6)[Gal(b1-4)GlcNAc(b1-3)Gal(b1-4)GlcNAc(b1-3)Gal(b1-4)GlcNAc(b1-3)Gal(b1-4)GlcNAc(b1-2)Man(a1-3)]Man(b1-4)GlcNAc(b1-4)GlcNAc(b1-Sp25,1093.9136749999998,44635.423375,47371.988075,41669.186875
Gal(b1-3)GlcNAc(b1-3)Gal(b1-4)GlcNAc(b1-2)Man(a1-6)[Gal(b1-3)GlcNAc(b1-3)Gal(b1-4)GlcNAc(b1-2)Man(a1-3)]Man(b1-4)GlcNAc(b1-4)GlcNAc(a1-Sp25,58.39460000000001,1435.0900499999998,6237.831,38129.50985
Neu5Gc(a2-8)Neu5Gc(a2-3)Gal(b1-4)GlcNAc(a1-Sp0,11.439849999999995,7.620800000000001,4.368400000000001,22.910599999999995
Neu5Ac(a2-8)Neu5Gc(a2-3)Gal(b1-4)GlcNAc(a1-Sp0,0.19272499999999848,8.388400000000003,0.568225,27.72957500000001
Neu5Gc(a2-8)Neu5Ac(a2-3)Gal(b1-4)GlcNAc(a1-Sp0,6.4633,12.32095,1.5218000000000007,40.737625
Neu5Gc(a2-8)Neu5Gc(a2-3)Gal(b1-4)GlcNAc(b1-3)Gal(b1-4)GlcNAc(a1-Sp0,-0.10737500000000022,9.1056,5.098499999999998,46.64290000000002
Neu5Gc(a2-8)Neu5Gc(a2-6)Gal(b1-4)GlcNAc(a1-Sp0,4.208824999999997,15.445075,1941.4193750000006,20296.069125
Neu5Ac(a2-8)Neu5Ac(a2-3)Gal(b1-4)GlcNAc(a1-Sp0,9.172425000000002,5.708375,7.966324999999998,38.6357
GlcNAc(b1-3)Gal(b1-4)GlcNAc(b1-6)[GlcNAc(b1-3)Gal(b1-4)GlcNAc(b1-2)]Man(a1-6)[GlcNAc(b1-3)Gal(b1-4)GlcNAc(b1-2)]Man(a1-3)]Man(b1-4)GlcNAc(b1-4)GlcNAc(a1-Sp24,23.4812,32.0078,139.27335,1592.5734000000007
Gal(b1-4)GlcNAc(b1-3)Gal(b1-4)GlcNAc(b1-6)[Gal(b1-4)GlcNAc(b1-3)Gal(b1-4)GlcNAc(b1-2)]Man(a1-6)[Gal(b1-4)GlcNAc(b1-3)Gal(b1-4)GlcNAc(b1-2)Man(a1-3)]Man(a1-4)GlcNAc(b1-4)GlcNAc(a1-Sp24,1722.2778500000006,14149.1629,38601.752475,39711.5971
Gal(a1-3)Gal(b1-4)GlcNAc(b1-2)Man(a1-6)[Gal(a1-3)Gal(b1-4)GlcNAc(b1-2)Man(a1-3)]Man(b1-4)GlcNAc(b1-4)GlcNAc(a1-Sp24,73.56025,1564.142875,16124.919525,42656.93162500001
GlcNAc(b1-3)Gal(b1-4)GlcNAc(b1-6)[GlcNAc(b1-3)Gal(b1-3)]GalNAc(a1-Sp14,12.415774999999998,17.156275,27.014725,39.06190000000001
GalNAc(b1-3)GlcNAc(b1-Sp0 ,8.858550000000003,5.7929999999999975,25.5481,1549.9372
GalNAc(b1-4)GlcNAc(b1-3)GalNAc(b1-4)GlcNAc(b1-Sp0 ,6.9625,1.7822000000000031,179.82407499999997,7966.1419
GlcNAc(b1-3)Gal(b1-4)GlcNAc(b1-3)Gal(b1-4)GlcNAc(b1-3)Gal(b1-4)GlcNAc(b1-3)Gal(b1-4)GlcNAc(b1-2)Man(a1-6)[GlcNAc(b1-3)Gal(b1-4)GlcNAc(b1-3)Gal(b1-4)GlcNAc(b1-3)Gal(b1-4)GlcNAc(b1-3)Gal(b1-4)GlcNAc(b1-2)Man(a1-3)]Man(b1-4)GlcNAc(b1-4)GlcNAc(b1-Sp25,22.668775000000004,29.58715,85.292675,1451.95055
Gal(b1-4)GlcNAc(b1-3)Gal(b1-4)GlcNAc(b1-3)Gal(b1-4)GlcNAc(b1-3)Gal(b1-4)GlcNAc(b1-3)Gal(b1-4)GlcNAc(b1-2)Man(a1-6)[Gal(b1-4)GlcNAc(b1-3)Gal(b1-4)GlcNAc(b1-3)Gal(b1-4)GlcNAc(b1-3)Gal(b1-4)GlcNAc(b1-3)Gal(b1-4)GlcNAc(b1-2)Man(a1-3)]Man(b1-4)GlcNAc(b1-4)GlcNAc(b1-Sp25,1030.570775,38967.23474999999,41671.912925,41808.70255
GlcNA(b1-3)Gal(b1-3)GalNAc(a1-Sp14,20.10095,30.32845,37.74079999999999,40.9421
Gal(b1-3)GlcNAc(b1-6)[Gal(b1-3)]GalNAc(a1-Sp14,29.148000000000003,87.28042500000002,1886.81795,22205.8065
Gal(b1-4)GlcNAc(b1-3)Gal(b1-4)GlcNAc(b1-3)Gal(b1-4)GlcNAc(b1-3)Gal(b1-4)GlcNAc(b1-3)Gal(b1-4)GlcNAc(b1-3)Gal(b1-4)GlcNAc(b1-2)Man(a1-6)[Gal(b1-4)GlcNAc(b1-3)Gal(b1-4)GlcNAc(b1-3)Gal(b1-4)GlcNAc(b1-3)Gal(b1-4)GlcNAc(b1-3)Gal(b1-4)GlcNAc(b1-3)Gal(b1-4)GlcNAc(b1-2)Man(a1-3)]Man(b1-4)GlcNAc(b1-4)GlcNAc(b1-Sp25,2676.87105,31401.199550000005,39510.43319999999,41917.664325
(3S)GlcA(b1-3)Gal(b1-4)GlcNAc(b1-3)Gal(b1-4)Glc(a1-Sp0,16.508200000000002,8.654,6.405999999999999,142.484825
(3S)GlcA(b1-3)Gal(b1-4)GlcNAc(b1-2)Man(a1-Sp0,5.401725000000001,-2.552900000000001,5.297274999999999,52.045425000000016
Gal(b1-3)GlcNAc(b1-3)Gal(b1-4)GlcNAc(b1-3)Gal(b1-4)GlcNAc(b1-6)[Gal(b1-3)GlcNAc(b1-3)Gal(b1-4)GlcNAc(b1-3)Gal(b1-4)GlcNA(b1-2)]Man(a1-6)[Gal(b1-3)GlcNAc(b1-3)Gal(b1-4)GlcNAc(b1-3)Gal(b1-4)GlcNAc(b1-2)Man(a1-3)]Man(b1-4)GlcNAc(b1-4)[Fuc(a1-6)]GlcNAc(b1-Sp24,21.91467500000001,663.384575,6516.485775000001,45163.9179
Gal(b1-3)GlcNAc(b1-3)Gal(b1-4)GlcNAc(b1-6)[Gal(b1-3)GlcNAc(b1-3)Gal(b1-4)GlcNA(b1-2)]Man(a1-6)[Gal(b1-3)GlcNAc(b1-3)Gal(b1-4)GlcNAc(b1-2)Man(a1-3)]Man(b1-4)GlcNAc(b1-4)[Fuc(a1-6)]GlcNAc(b1-Sp24,63.94055,1262.3616,9994.008125,34498.7522
Neu5Ac(a2-8)Neu5Ac(a2-3)Gal(b1-3)GalNAc(b1-4)[Neu5Ac(a2-3)]Gal(b1-4)Glc(a1-Sp21,4.246449999999996,10.134000000000004,42.1075,186.251275
GlcNAc(b1-3)Gal(b1-4)GlcNAc(b1-2)Man(a1-6)[GlcNAc(b1-3)Gal(b1-4)GlcNAc(b1-2)Man(a1-3)]Man(b1-4)GlcNAc(b1-4)[Fuc(a1-6)]GlcNAc(b1-Sp24,20.9099,21.160750000000007,174.32939999999996,2064.1942500000005
Gal(b1-4)GlcNAc(b1-3)Gal(b1-4)GlcNAc(b1-2)Man(a1-6)[Gal(b1-4)GlcNAc(b1-3)Gal(b1-4)GlcNAc(b1-2)Man(a1-3)]Man(b1-4)GlcNAc(b1-4)[Fuc(a1-6)]GlcNAc(b1-Sp24,1724.1623249999998,22795.46482500001,38375.5401,43588.432225
GlcNAc(b1-3)Gal(b1-4)GlcNAc(b1-3)Gal(b1-4)GlcNAc(b1-2)Man(a1-6)[GlcNAc(b1-3)Gal(b1-4)GlcNAc(b1-3)Gal(b1-4)GlcNAc(b1-2)Man(a1-3)]Man(b1-4)GlcNAc(b1-4)[Fuc(a1-6)]GlcNAc(b1-Sp24,27.8121,15.810075000000005,66.54122500000001,788.9064250000001
Gal(b1-4)GlcNAc(b1-3)Gal(b1-4)GlcNAc(b1-3)Gal(b1-4)GlcNAc(b1-2)Man(a1-6)[Gal(b1-4)GlcNAc(b1-3)Gal(b1-4)GlcNAc(b1-3)Gal(b1-4)GlcNAc(b1-2)Man(a1-3)]Man(b1-4)GlcNAc(b1-4)[Fuc(a1-6)]GlcNAc(b1-Sp24,646.2252500000002,20245.20595,37339.9072,42736.18422500001
GlcNAc(b1-3)Gal(b1-4)GlcNAc(b1-3)Gal(b1-4)GlcNAc(b1-3)Gal(b1-4)GlcNAc(b1-2)Man(a1-6)[GlcNAc(b1-3)Gal(b1-4)GlcNAc(b1-3)Gal(b1-4)GlcNAc(b1-3)Gal(b1-4)GlcNAc(b1-2)Man(a1-3)]Man(b1-4)GlcNAc(b1-4)[Fuc(a1-6)]GlcNAc(b1-Sp24,40.98214999999999,30.800825,83.4765,1564.014675
Gal(b1-4)GlcNAc(b1-3)Gal(b1-4)GlcNAc(b1-3)Gal(b1-4)GlcNAc(b1-3)Gal(b1-4)GlcNAc(b1-2)Man(a1-6)[Gal(b1-4)GlcNAc(b1-3)Gal(b1-4)GlcNAc(b1-3)Gal(b1-4)GlcNAc(b1-3)Gal(b1-4)GlcNAc(b1-2)Man(a1-3)]Man(b1-4)GlcNAc(b1-4)[Fuc(a1-6)]GlcNAc(b1-Sp24,1128.3354000000004,25834.403175,38804.607475,47305.601575
GlcNAc(b1-3)Gal(b1-4)GlcNAc(b1-3)Gal(b1-4)GlcNAc(b1-3)Gal(b1-4)GlcNAc(b1-3)Gal(b1-4)GlcNAc(b1-2)Man(a1-6)[GlcNAc(b1-3)Gal(b1-4)GlcNAc(b1-3)Gal(b1-4)GlcNAc(b1-3)Gal(b1-4)GlcNAc(b1-3)Gal(b1-4)GlcNAc(b1-2)Man(a1-3)]Man(b1-4)GlcNAc(b1-4)[Fuc(a1-6)]GlcNAc(b1-Sp19,3.663825000000001,211.25782500000003,2399.31545,19095.390125
Gal(b1-4)GlcNAc(b1-3)Gal(b1-4)GlcNAc(b1-3)Gal(b1-4)GlcNAc(b1-3)Gal(b1-4)GlcNAc(b1-3)Gal(b1-4)GlcNAc(b1-2)Man(a1-6)[Gal(b1-4)GlcNAc(b1-3)Gal(b1-4)GlcNAc(b1-3)Gal(b1-4)GlcNAc(b1-3)Gal(b1-4)GlcNAc(b1-3)Gal(b1-4)GlcNAc(b1-2)Man(a1-3)]Man(b1-4)GlcNAc(b1-4)[Fuc(a1-6)]GlcNAc(b1-Sp19,973.3553000000003,39411.048225,40959.62317499999,45313.798325
Gal(b1-4)GlcNAc(b1-3)Gal(b1-4)GlcNAc(b1-6)[Gal(b1-4)GlcNAc(b1-3)Gal(b1-4)GlcNA(b1-2)]Man(a1-6)[Gal(b1-4)GlcNAc(b1-3)Gal(b1-4)GlcNAc(b1-2)Man(a1-3)]Man(b1-4)GlcNAc(b1-4)[Fuc(a1-6)]GlcNAc(b1-Sp24,2170.946075,32867.74440000002,38072.82615,39244.9089
GlcNAc(b1-3)Gal(b1-4)GlcNAc(b1-3)Gal(b1-4)GlcNAc(b1-6)[GlcNAc(b1-3)Gal(b1-4)GlcNAc(b1-3)Gal(b1-4)GlcNA(b1-2)]Man(a1-6)[GlcNAc(b1-3)Gal(b1-4)GlcNAc(b1-3)Gal(b1-4)GlcNAc(b1-2)Man(a1-3)]Man(b1-4)GlcNAc(b1-4)[Fuc(a1-6)]GlcNAc(b1-Sp24,47.78535000000001,63.69675,336.6816,1167.769925
Gal(b1-4)GlcNAc(b1-3)Gal(b1-4)GlcNAc(b1-3)Gal(b1-4)GlcNAc(b1-6)[Gal(b1-4)GlcNAc(b1-3)Gal(b1-4)GlcNAc(b1-3)Gal(b1-4)GlcNA(b1-2)]Man(a1-6)[Gal(b1-4)GlcNAc(b1-3)Gal(b1-4)GlcNAc(b1-3)Gal(b1-4)GlcNAc(b1-2)Man(a1-3)]Man(b1-4)GlcNAc(b1-4)[Fuc(a1-6)]GlcNAc(b1-Sp24,2155.1613,30219.116950000003,45974.73659999999,41768.259525
GlcNAc(b1-3)Gal(b1-4)GlcNAc(b1-3)Gal(b1-4)GlcNAc(b1-3)Gal(b1-4)GlcNAc(b1-6)[GlcNAc(b1-3)Gal(b1-4)GlcNAc(b1-3)Gal(b1-4)GlcNAc(b1-3)Gal(b1-4)GlcNA(b1-2)]Man(a1-6)[GlcNAc(b1-3)Gal(b1-4)GlcNAc(b1-3)Gal(b1-4)GlcNAc(b1-3)Gal(b1-4)GlcNAc(b1-2)Man(a1-3)]Man(b1-4)GlcNAc(b1-4)[Fuc(a1-6)]GlcNAc(b1-Sp24,26.031700000000004,29.411825,44.807225,426.766725
Gal(b1-4)GlcNAc(b1-3)Gal(b1-4)GlcNAc(b1-3)Gal(b1-4)GlcNAc(b1-3)Gal(b1-4)GlcNAc(b1-6)[Gal(b1-4)GlcNAc(b1-3)Gal(b1-4)GlcNAc(b1-3)Gal(b1-4)GlcNAc(b1-3)Gal(b1-4)GlcNA(b1-2)]Man(a1-6)[Gal(b1-4)GlcNAc(b1-3)Gal(b1-4)GlcNAc(b1-3)Gal(b1-4)GlcNAc(b1-3)Gal(b1-4)GlcNAc(b1-2)Man(a1-3)]Man(b1-4)GlcNAc(b1-4)[Fuc(a1-6)]GlcNAc(b1-Sp24,1717.606675,32160.2741,42036.808525,42442.238425
GlcNAc(b1-3)Gal(b1-4)GlcNAc(b1-3)Gal(b1-4)GlcNAc(b1-3)Gal(b1-4)GlcNAc(b1-3)Gal(b1-4)GlcNAc(b1-6)[GlcNAc(b1-3)Gal(b1-4)GlcNAc(b1-3)Gal(b1-4)GlcNAc(b1-3)Gal(b1-4)GlcNAc(b1-3)Gal(b1-4)GlcNA(b1-2)]Man(a1-6)[GlcNAc(b1-3)Gal(b1-4)GlcNAc(b1-3)Gal(b1-4)GlcNAc(b1-3)Gal(b1-4)GlcNAc(b1-3)Gal(b1-4)GlcNAc(b1-2)Man(a1-3)]Man(b1-4)GlcNAc(b1-4)[Fuc(a1-6)]GlcNAc(b1-Sp24,23.193025,39.59395000000001,110.23529999999998,2307.221825
Gal(b1-4)GlcNAc(b1-3)Gal(b1-4)GlcNAc(b1-3)Gal(b1-4)GlcNAc(b1-3)Gal(b1-4)GlcNAc(b1-3)Gal(b1-4)GlcNAc(b1-6)[Gal(b1-4)GlcNAc(b1-3)Gal(b1-4)GlcNAc(b1-3)Gal(b1-4)GlcNAc(b1-3)Gal(b1-4)GlcNAc(b1-3)Gal(b1-4)GlcNA(b1-2)]Man(a1-6)[Gal(b1-4)GlcNAc(b1-3)Gal(b1-4)GlcNAc(b1-3)Gal(b1-4)GlcNAc(b1-3)Gal(b1-4)GlcNAc(b1-3)Gal(b1-4)GlcNAc(b1-2)Man(a1-3)]Man(b1-4)GlcNAc(b1-4)[Fuc(a1-6)]GlcNAc(b1-Sp24,1263.5190000000002,40263.0996,42981.7893,43750.931850000015
Gal(b1-4)GlcNAc(b1-3)Gal(b1-4)GlcNAc(b1-3)GalNAc(a1-Sp14,195.59052500000007,2119.0536,24449.939475,36984.00315
Gal(b1-4)GlcNAc(b1-3)Gal(b1-4)GlcNAc(b1-6)[Gal(b1-3)]GalNAc(a1-Sp14,320.746875,3333.9558499999994,27021.571274999995,35639.306575
Gal(b1-4)GlcNAc(b1-3)Gal(b1-4)GlcNAc(b1-6)[Gal(b1-4)GlcNAc(b1-3)Gal(b1-4)GlcNAc(b1-3)]GalNAc(a1-Sp14,248.5422,2836.995,36274.89105000001,41505.140425
Neu5Ac(a2-3)Gal(b1-4)GlcNAc(b1-3)Gal(b1-4)GlcNAc(b1-3)GalNAc(a1-Sp14,9.15375,6.133175,65.25707500000001,3490.0477
GlcNAc(b1-3)Gal(b1-4)GlcNAc(b1-3)GalNAc(a1-Sp14,4.374774999999998,5.4223,13.113874999999995,1362.6837
GlcNAc(b1-3)Gal(b1-4)GlcNAc(b1-6)[Gal(b1-3)]GalNAc(a1-Sp14,24.13817499999999,15.280374999999992,85.61535,3254.591875
GlcNAc(b1-3)Gal(b1-4)GlcNAc(b1-6)[GlcNAc(b1-3)Gal(b1-4)GlcNAc(b1-3)]GalNAc(a1-Sp14,-1.2932249999999996,29.049925,116.07575,7339.328724999998
Neu5Ac(a2-3)Gal(b1-4)GlcNAc(b1-3)Gal(b1-4)GlcNAc(b1-6)[Neu5Ac(a2-3)Gal(b1-4)GlcNAc(b1-3)Gal(b1-4)GlcNAc(b1-3)]GalNAc(a1-Sp14,40.67345,842.0961,16050.379850000005,36999.4604
Neu5Ac(a2-6)Gal(b1-4)GlcNAc(b1-3)Gal(b1-4)GlcNAc(b1-3)GalNAc(a1-Sp14,16.759899999999995,411.15827499999983,10067.054825,46921.74775
GlcNAc(b1-3)Gal(b1-4)GlcNAc(b1-3)Gal(b1-4)GlcNAc(b1-3)GalNAc(a1-Sp14,19.862300000000005,12.93375,18.310475,127.04532500000003
Gal(b1-4)GlcNAc(b1-3)Gal(b1-3)GalNAc(a1-Sp14,24.877325,1247.87305,23685.010974999994,37710.37182500002
Neu5Ac(a2-3)Gal(b1-4)GlcNAc(b1-3)Gal(b1-4)GlcNAc(b1-6)[Gal(b1-3)]GalNAc(a1-Sp14,31.873675,47.34780000000001,107.46115,2054.3081999999995
Neu5Ac(a2-6)Gal(b1-4)GlcNAc(b1-3)Gal(b1-4)GlcNAc(b1-6)[Gal(b1-3)]GalNAc(a1-Sp14,42.033275,519.0085,7815.233650000003,30338.301725
Neu5Ac(a2-6)Gal(b1-4)GlcNAc(b1-6)[Gal(b1-3)]GalNAc(a1-Sp14,29.520525,878.1992000000004,13979.852250000005,38425.8048
Neu5Ac(a2-3)Gal(b1-4)GlcNAc(b1-3)Gal(b1-4)GlcNAc(b1-2)Man(a1-6)[Neu5Ac(a2-3)Gal(b1-4)GlcNAc(b1-3)Gal(b1-4)GlcNAc(b1-2)Man(a1-3)]Man(b1-4)GlcNAc(b1-4)GlcNAc(b1-Sp12,189.54607500000003,1117.389375,11983.13195,33741.5377
GlcNAc(b1-6)[Neu5Ac(a2-3)Gal(b1-3)]GalNAc(a1-Sp14,15.693075,5.523474999999998,8.757450000000063,29.506325000000004
Neu5Ac(a2-6)Gal(b1-4)GlcNAc(b1-3)Gal(b1-4)GlcNAc(b1-6)[Neu5Ac(a2-6)Gal(b1-4)GlcNAc(b1-3)Gal(b1-4)GlcNAc(b1-3)]GalNAc(a1-Sp14,76.45790000000002,640.490825,14413.910675,36913.11534999999
Neu5Ac(a2-6)Gal(b1-4)GlcNAc(b1-3)Gal(b1-4)GlcNAc(b1-3)Gal(b1-4)GlcNAc(b1-2)Man(a1-6)[Neu5Ac(a2-6)Gal(b1-4)GlcNAc(b1-3)Gal(b1-4)GlcNAc(b1-3)Gal(b1-4)GlcNAc(b1-2)Man(a1-3)]Man(b1-4)GlcNAc(b1-4)GlcNAc(b1-Sp12,66.48842500000002,615.8561,7560.381575000001,32616.097900000004
Neu5Ac(a2-3)Gal(b1-4)GlcNAc(b1-3)Gal(b1-4)GlcNAc(b1-3)Gal(b1-4)GlcNAc(b1-2)Man(a1-6)[Neu5Ac(a2-3)Gal(b1-4)GlcNAc(b1-3)Gal(b1-4)GlcNAc(b1-3)Gal(b1-4)GlcNAc(b1-2)Man(a1-3)]Man(b1-4)GlcNAc(b1-4)GlcNAc(b1-Sp12,160.77315000000004,338.20855,702.673675,7653.679550000003
Neu5Ac(a2-6)Gal(b1-4)GlcNAc(b1-3)Gal(b1-4)GlcNAc(b1-2)Man(a1-6)[Neu5Ac(a2-6)Gal(b1-4)GlcNAc(b1-3)Gal(b1-4)GlcNAc(b1-2)Man(a1-3)]Man(b1-4)GlcNAc(b1-4)GlcNAc(b1-Sp12,1028.4356000000002,17045.594774999998,35083.073674999985,40880.130475
GlcNAc(b1-3)Fuc(a1-Sp21,7.2895749999999975,13.54495,13.921500000000002,61.1404
Gal(b1-3)GalNAc(b1-4)[Neu5Ac(a2-8)Neu5Ac(a2-8)Neu5Ac(a2-3)]Gal(b1-4)Glc(b1-Sp21,7.99675,14.672624999999995,25.14242499999999,10.3292
