IUPAC,SBA 0.1ug/ml,SBA 1ug/ml,SBA 10ug/ml,SBA 100ug/ml
Gal(a1-Sp8,18.021149999999995,9.176224999999988,3.5049499999999987,2.372824999999997
Glc(a1-Sp8,9.945575,9.831199999999997,8.910175000000002,18.793125
Man(a1-Sp8,13.1226,25.7511,7.3719499999999965,3.942725000000001
GalNAc(a1-Sp8,344.10945000000015,3996.146775,29269.375925,34914.868899999994
GalNAc(a1-Sp15,23.302575,1274.7145999999998,8038.15855,24224.23980000001
Fuc(a1-Sp8,15.910425000000005,8.9838,12.229499999999998,-1.0401249999999889
Fuc(a1-Sp9,16.815324999999994,8.539000000000005,-2.525549999999999,-19.409575
Rha(a1-Sp8,6.551949999999998,5.956850000000002,3.3515750000000004,-21.372825
Neu5Ac(a1-Sp8,0.6308249999999997,10.809324999999998,-8.43995,-24.036225
Neu5Ac(a1-Sp11,13.533400000000006,11.882799999999998,8.008875000000002,-15.486449999999998
Neu5Ac(b1-Sp8,7.163999999999998,10.952875000000002,5.985525000000003,1.281999999999993
Gal(b1-Sp8,17.831325,17.327199999999998,7.875975,19.771875
Glc(b1-Sp8,12.99905,15.435775000000005,5.12135,-3.6004249999999995
Man(b1-Sp8,1.189700000000001,14.844425000000005,4.537075,13.106525
GalNAc(b1-Sp8,77.421975,1875.5470750000006,17331.102899999998,27009.469000000005
GlcNAc(b1-Sp0,2.7729999999999984,3.637775,7.788125,33.605025000000005
GlcNAc(b1-Sp8,12.911825,8.573274999999997,16.592150000000004,-26.22825
GlcN[Gc](b1-Sp8,3.550600000000001,13.955825,22.5684,-25.980025
Gal(b1-4)GlcNAc(b1-6)[Gal(b1-4)GlcNAc(b1-3)]GalNAc(a1-Sp8,10.902975000000005,7.754175,3.9994499999999986,-24.236825
Gal(b1-4)GlcNAc(b1-6)[Gal(b1-4)GlcNAc(b1-3)]GalNAc(a1-Sp14,26.84595,7.1445000000000025,8.149125000000002,64.04564999999997
GlcNAc(b1-6)[GlcNAc(b1-4)][GlcNAc(b1-3)]GlcNAc(a1-Sp8,9.62435,2.5825,2.4049249999999978,-51.83047500000001
6S(3S)Gal(b1-4)(6S)GlcNAc(b1-Sp0,5.291825000000003,-1.4316250000000004,-2.9011750000000016,-45.44112499999999
6S(3S)Gal(b1-4)GlcNAc(b1-Sp0,10.5494,5.433075000000002,3.61505,-22.692075
(3S)Gal(b1-4)[Fuc(a1-3)](6S)Glc(a1-Sp0,39.29240000000001,40.76245,18.634675,-40.319924999999984
(3S)Gal(b1-4)Glc(b1-Sp8,16.233600000000006,9.738775,8.560349999999996,10.871750000000002
(3S)Gal(b1-4)(6S)Glc(b1-Sp0,14.088549999999998,10.195724999999982,9.579725000000002,26.255949999999984
(3S)Gal(b1-4)(6S)Glc(b1-Sp8,11.933675,10.245225,7.688425,3.43905
(3S)Gal(b1-3)[Fuc(a1-4)]GlcNAc(b1-Sp8,2.319725,7.074875000000002,19.221975,-11.015500000000005
(3S)Gal(b1-3)GalNAc(a1-Sp8,14.305875000000004,12.283100000000005,4.769525,-2.607125000000005
(3S)Gal(b1-3)GlcNAc(b1-Sp0,0.6119000000000003,0.7110749999999992,4.549074999999997,-15.4819
(3S)Gal(b1-3)GlcNAc(b1-Sp8,7.787975000000001,5.551725000000001,4.322099999999999,-14.523975
(3S)Gal(b1-4)[Fuc(a1-3)]GlcNAc(a1-Sp0 ,5.3495750000000015,16.742475000000006,8.327625,-3.8385000000000034
(3S)Gal(b1-4)[Fuc(a1-3)]GlcNAc(a1-Sp8,0.11037500000000032,-2.443574999999999,1.3496749999999995,-7.103700000000003
(3S)Gal(b1-4)(6S)GlcNAc(b1-Sp0,12.23455,0.5946250000000006,6.4595,-24.753925
(3S)Gal(b1-4)(6S)GlcNAc(b1-Sp8,3.282575,5.477774999999999,-0.6420250000000021,7.2272500000000015
(3S)Gal(b1-4)GlcNAc(b1-Sp0,1.269449999999992,12.325,1.4545749999999984,-5.035474999999963
(3S)Gal(b1-4)GlcNAc(b1-Sp8,11.924325000000005,10.398275000000003,15.399724999999998,-10.81665
(3S)Gal(b1-Sp8,10.487550000000002,3.558975000000004,5.459274999999997,9.474825
(6S)(4S)Gal(b1-4)GlcNAc(b1-Sp0,4.6976999999999975,11.430775,12.658225000000016,-9.516024999999997
(4S)Gal(b1-4)GlcNAc(b1-Sp8,5.8672499999999985,0.39707500000000095,16.720075,0.2737249999999989
(6P)Man(a1-Sp8,9.469725,15.571475000000007,7.854000000000001,0.8992500000000021
(6S)Gal(b1-4)Glc(b1-Sp0,11.205825,9.32895,7.354675,11.5683
(6S)Gal(b1-4)Glc(b1-Sp8,9.785200000000003,15.469324999999998,5.077549999999998,-20.440099999999994
(6S)Gal(b1-4)GlcNAc(b1-Sp8,6.1225,11.247549999999995,5.971050000000003,-85.09257499999995
(6S)Gal(b1-4)(6S)Glc(b1-Sp8,22.89695,15.169725000000005,2.953075,-67.5923
Neu5Ac(a2-3)(6S)Gal(b1-4)GlcNAc(b1-Sp8,7.9854,4.715724999999996,5.594725000000004,-31.005625
(6S)GlcNAc(b1-Sp8,24.45165,5.9942000000000055,5.454474999999995,-15.771875
"Neu5,9Ac2(a1-Sp8",24.76775,6.250999999999998,22.069875,-43.38097499999992
"Neu5,9Ac2(a2-6)Gal(b1-4)GlcNAc(b1-Sp8",4.3809999999999985,5.032475000000002,1.3163750000000016,5.818799999999998
Man(a1-6)[Man(a1-3)]Man(b1-4)GlcNAc(b1-4)GlcNAc(b1-Sp12,8.853224999999998,5.987300000000001,13.707949999999995,26.913425
Man(a1-6)[Man(a1-3)]Man(b1-4)GlcNAc(b1-4)GlcNAc(b1-Sp13,8.355625,15.779575,1.228600000000002,5.168375000000001
GlcNAc(b1-2)Man(a1-6)[GlcNAc(b1-2)Man(a1-3)]Man(b1-4)GlcNAc(b1-4)GlcNAc(b1-Sp12,7.542000000000002,11.047475000000004,10.41745,-0.6495750000000022
GlcNAc(b1-2)Man(a1-6)[GlcNAc(b1-2)Man(a1-3)]Man(b1-4)GlcNAc(b1-4)GlcNAc(b1-Sp13,6.809075,3.894425,-0.8686500000000006,-12.163825
Gal(b1-4)GlcNAc(b1-2)Man(a1-6)[Gal(b1-4)GlcNAc(b1-2)Man(a1-3)]Man(b1-4)GlcNAc(b1-4)GlcNAc(b1-Sp12,5.605725000000001,7.071225,4.41905,11.983700000000004
Neu5Ac(a2-6)Gal(b1-4)GlcNAc(b1-2)Man(a1-6)[Neu5Ac(a2-6)Gal(b1-4)GlcNAc(b1-2)Man(a1-3)]Man(b1-4)GlcNAc(b1-4)GlcNAc(b1-Sp12,10.0138,13.3204,4.002725000000001,0.2701250000000037
Neu5Ac(a2-6)Gal(b1-4)GlcNAc(b1-2)Man(a1-6)[Neu5Ac(a2-6)Gal(b1-4)GlcNAc(b1-2)Man(a1-3)]Man(b1-4)GlcNAc(b1-4)GlcNAc(b1-Sp13,16.12515,18.95215,3.9014250000000015,19.6426
Neu5Ac(a2-6)Gal(b1-4)GlcNAc(b1-2)Man(a1-6)[Neu5Ac(a2-6)Gal(b1-4)GlcNAc(b1-2)M(an-a)(a1-3)]Man(b1-4)GlcNAc(b1-4)GlcNAc(b1-Sp21,4.298450000000001,8.75635,19.203925,7.229975000000002
Neu5Ac(a2-6)Gal(b1-4)GlcNAc(b1-2)Man(a1-6)[Neu5Ac(a2-6)Gal(b1-4)GlcNAc(b1-2)Man(a1-3)]Man(b1-4)GlcNAc(b1-4)GlcNAc(b1-Sp24,30.876825000000004,22.7176,26.381175,12.333175
Fuc(a1-2)Gal(b1-3)GalNAc(b1-3)Gal(a1-Sp9,8.864750000000003,11.283424999999998,8.849899999999996,16.302125
Fuc(a1-2)Gal(b1-3)GalNAc(b1-3)Gal(a1-4)Gal(b1-4)Glc(b1-Sp9,-3.4596500000000026,5.399525000000002,20.952,-3.382074999999997
Fuc(a1-2)Gal(b1-3)[Fuc(a1-4)]GlcNAc(b1-Sp8,4.522349999999999,8.1375,7.246949999999997,-9.69815
Fuc(a1-2)Gal(b1-3)GalNAc(a1-Sp8,7.2614,8.267575,3.286900000000002,21.817525000000003
Fuc(a1-2)Gal(b1-3)GalNAc(a1-Sp14,13.920925000000008,1.8168999999999755,8.792225000000002,-10.319499999999998
Fuc(a1-2)Gal(b1-3)GalNAc(b1-4)[Neu5Ac(a2-3)]Gal(b1-4)Glc(b1-Sp0,10.8278,20.593325,7.174775,70.450875
Fuc(a1-2)Gal(b1-3)GalNAc(b1-4)[Neu5Ac(a2-3)]Gal(b1-4)Glc(b1-Sp9,13.4052,6.710824999999996,2.9951,-50.998224999999984
Fuc(a1-2)Gal(b1-3)GlcNAc(b1-3)Gal(b1-4)Glc(b1-Sp8,-1.3093500000000002,4.925625,5.978624999999999,81.67005
Fuc(a1-2)Gal(b1-3)GlcNAc(b1-3)Gal(b1-4)Glc(b1-Sp10,6.788824999999999,7.263900000000002,1.716075,-23.4177
Fuc(a1-2)Gal(b1-3)GlcNAc(b1-Sp0,8.346549999999999,0.9792500000000004,6.3804000000000025,-39.56495
Fuc(a1-2)Gal(b1-3)GlcNAc(b1-Sp8,6.098374999999999,15.956175000000002,4.880374999999999,-107.61709999999997
Fuc(a1-2)Gal(b1-4)[Fuc(a1-3)]GlcNAc(b1-3)Gal(b1-4)[Fuc(a1-3)]GlcNAc(b1-Sp0,16.038475,18.81005,6.208074999999999,220.903
Fuc(a1-2)Gal(b1-4)[Fuc(a1-3)]GlcNAc(b1-3)Gal(b1-4)[Fuc(a1-3)]GlcNAc(b1-3)Gal(b1-4)[Fuc(a1-3)]GlcNAc(b1-Sp0,3.893699999999999,39.56079999999999,10.382924999999998,-61.90412499999997
Fuc(a1-2)Gal(b1-4)[Fuc(a1-3)]GlcNAc(b1-Sp0,11.838025000000002,8.603225000000002,10.167099999999996,38.145825000000016
Fuc(a1-2)Gal(b1-4)[Fuc(a1-3)]GlcNAc(b1-Sp8,15.831224999999995,4.9007000000000005,11.80005,6.421699999999998
Fuc(a1-2)Gal(b1-4)GlcNAc(b1-3)Gal(b1-4)GlcNAc(b1-Sp0,23.095324999999995,8.1177,3.1273750000000016,313.28555
Fuc(a1-2)Gal(b1-4)GlcNAc(b1-3)Gal(b1-4)GlcNAc(b1-3)Gal(b1-4)GlcNAc(b1-Sp0,-0.007374999999999687,3.64275,15.724024999999996,557.11275
Fuc(a1-2)Gal(b1-4)GlcNAc(b1-Sp0,3.079425000000003,11.898775,-0.721025,0.3907250000000016
Fuc(a1-2)Gal(b1-4)GlcNAc(b1-Sp8,135.50417500000003,1.3457999999999997,4.0627999999999975,731.6469500000003
Fuc(a1-2)Gal(b1-4)Glc(b1-Sp0,27.21915000000001,14.250725,9.599775,280.37449999999995
Fuc(a1-2)Gal(b1-Sp8,12.79775,11.885950000000005,4.461524999999998,79.54767500000001
Fuc(a1-3)GlcNAc(b1-Sp8,6.4235250000000015,6.23375,9.326025,-4.6727
Fuc(a1-4)GlcNAc(b1-Sp8,-3.0790499999999987,9.422675,4.597124999999998,-6.096774999999999
Fuc(b1-3)GlcNAc(b1-Sp8,20.848275,8.01305,1.5303499999999994,0.7871499999999969
GalNAc(a1-3)[Fuc(a1-2)]Gal(b1-3)GlcNAc(b1-Sp0,3.59785,9.14785,9.88535,6.691125000000002
GalNAc(a1-3)[Fuc(a1-2)]Gal(b1-4)[Fuc(a1-3)]GlcNAc(b1-Sp0,9.674174999999998,8.076875,33.52912500000001,23.333600000000004
(3S)Gal(b1-4)[Fuc(a1-3)]Glc(b1-Sp0,12.871225000000004,6.239799999999999,21.495275,-18.10085
GalNAc(a1-3)[Fuc(a1-2)]Gal(b1-4)GlcNAc(b1-Sp0,2.642925,4.4312999999999985,5.373549999999998,230.03672500000005
GalNAc(a1-3)[Fuc(a1-2)]Gal(b1-4)GlcNAc(b1-Sp8,8.962125,-6.254174999999999,41.660725,1434.3610250000006
GalNAc(a1-3)[Fuc(a1-2)]Gal(b1-4)Glc(b1-Sp0,5.5969250000000015,1.3265500000000046,12.553675000000005,459.055775
GlcNAc(b1-3)Gal(b1-3)GalNAc(a1-Sp8,8.419449999999998,10.822475,10.774725,-50.435225
GalNAc(a1-3)[Fuc(a1-2)]Gal(b1-Sp8,11.2186,2.1416500000000043,5.613224999999997,3145.56095
GalNAc(a1-3)[Fuc(a1-2)]Gal(b1-Sp18,12.647100000000002,8.193175,517.2427999999999,10416.68135
GalNAc(a1-3)GalNAc(b1-Sp8,312.12255,5613.132774999999,26811.6139,17416.090299999996
GalNAc(a1-3)Gal(b1-Sp8,371.93432500000006,5506.214750000001,26094.9566,36246.53885
GalNAc(a1-4)[Fuc(a1-2)]Gal(b1-4)GlcNAc(b1-Sp8,183.837125,4575.865500000001,28076.374075,17392.963349999998
GalNAc(b1-3)GalNAc(a1-Sp8,9.359350000000003,5.367000000000001,6.363125,-9.51302499999997
GalNAc(b1-3)[Fuc(a1-2)]Gal(b1-Sp8,10.704325,1314.1976,13651.52995,16530.5161
GalNAc(b1-3)Gal(a1-4)Gal(b1-4)GlcNAc(b1-Sp0,16.812124999999995,1197.15885,13346.974450000005,33281.979225
GalNAc(b1-4)[Fuc(a1-3)]GlcNAc(b1-Sp0,11.483225000000004,18.462625,10.708125,-7.2441999999999975
GalNAc(b1-4)GlcNAc(b1-Sp0,431.817725,4495.442725,31162.9912,40538.107425
GalNAc(b1-4)GlcNAc(b1-Sp8,158.81685,2649.781175,26560.76135,41248.824450000015
Gal(a1-2)Gal(b1-Sp8,14.045324999999998,10.8462,25.980975,3.0059749999999976
Gal(a1-3)[Fuc(a1-2)]Gal(b1-3)GlcNAc(b1-Sp0,12.6783,12.530449999999998,52.0269,9.361475000000004
Gal(a1-3)[Fuc(a1-2)]Gal(b1-3)GlcNAc(b1-Sp8,14.711774999999996,23.6825,17.857725000000006,39.89325
Gal(a1-3)[Fuc(a1-2)]Gal(b1-4)[Fuc(a1-3)]GlcNAc(b1-Sp0,-2.24465,5.046925000000002,21.425024999999987,6.105775
Gal(a1-3)[Fuc(a1-2)]Gal(b1-4)[Fuc(a1-3)]GlcNAc(b1-Sp8,24.776274999999995,9.723775,6.934875000000003,159.591
Gal(a1-3)[Fuc(a1-2)]Gal(b1-4)GlcNAc(a1-Sp0,9.596500000000002,8.052874999999998,9.056175000000003,-1.2518250000000002
Gal(a1-3)[Fuc(a1-2)]Gal(b1-4)Glc(b1-Sp0,17.369675,10.226150000000004,13.7091,-11.913425000000005
Gal(a1-3)[Fuc(a1-2)]Gal(b1-Sp8,12.563425,2.6511,9.084775,2.888200000000001
Gal(a1-3)[Fuc(a1-2)]Gal(b1-Sp18,7.943849999999998,2.3350500000000007,2.6297,-19.490875000000006
Gal(a1-4)[Gal(a1-3)]Gal(b1-4)GlcNAc(b1-Sp8,14.699749999999998,1.0359250000000009,8.28435,418.183675
Gal(a1-3)GalNAc(a1-Sp8,16.665049999999994,13.107799999999967,25.39772500000001,65.199425
Gal(a1-3)GalNAc(a1-Sp16,11.537950000000002,10.69865,8.303899999999999,106.87782500000002
Gal(a1-3)GalNAc(b1-Sp8,16.839474999999993,14.282124999999995,1.6903749999999995,45.65785
Gal(a1-3)Gal(b1-4)[Fuc(a1-3)]GlcNAc(b1-Sp8,8.287899999999997,4.907649999999997,8.599249999999998,31.504425
Gal(a1-3)Gal(b1-3)GlcNAc(b1-Sp0,8.8734,9.914150000000003,2.7828500000000016,561.3925
Gal(a1-3)Gal(b1-4)GlcNAc(b1-Sp8,11.9563,2.519825000000001,1.115924999999999,83.1365
Gal(a1-3)Gal(b1-4)Glc(b1-Sp0,4.4613749999999985,5.833499999999999,12.090975,1065.474275
Gal(a1-3)Gal(b1-4)Glc(a1-Sp10,4.2774,8.957324999999997,10.1116,83.52895000000002
Gal(a1-3)Gal(b1-Sp8,8.915500000000002,19.127,7.169775,757.0294499999997
Gal(a1-4)[Fuc(a1-2)]Gal(b1-4)GlcNAc(b1-Sp8,6.259524999999997,10.461275,16.44075,304.24929999999995
Gal(a1-4)Gal(b1-4)GlcNAc(b1-Sp0,1.33085,5.907625000000001,159.3933,4598.67625
Gal(a1-4)Gal(b1-4)GlcNAc(b1-Sp8,8.319775000000002,18.543149999999994,953.275725,14012.223524999998
Gal(a1-4)Gal(b1-4)Glc(b1-Sp0,4.5189499999999985,25.958675,570.9855500000001,9207.410625
Gal(a1-4)GlcNAc(b1-Sp8,57.90227500000003,-2.6659749999999987,115.71705,995.6248750000003
Gal(a1-6)Glc(b1-Sp8,2.9929750000000017,2.891900000000001,5.359050000000001,-1.0262750000000036
Gal(b1-2)Gal(b1-Sp8,42.30539999999999,16.829225,9.956925,35.38382499999989
Gal(b1-3)[Fuc(a1-4)]GlcNAc(b1-3)Gal(b1-4)[Fuc(a1-3)]GlcNAc(b1-Sp0,6.589224999999999,4.939324999999998,4.625550000000001,-14.177424999999996
Gal(b1-3)[Fuc(a1-4)]GlcNAc(b1-3)Gal(b1-4)GlcNAc(b1-Sp0,19.51135,0.8831749999999996,1.795399999999999,0.08637500000000388
Gal(b1-3)[Fuc(a1-4)]GlcNAc(a1-Sp0,9.1599,7.848774999999998,4.0992,-17.709749999999996
Gal(b1-3)[Fuc(a1-4)]GlcNAc(a1-Sp8 ,-3.0274,3.736550000000001,1.3151249999999983,-6.562900000000003
Fuc(a1-4)[Gal(b1-3)]GlcNAc(b1-Sp8,-2.332250000000002,7.677174999999999,3.8951499999999983,-17.761225
Gal(b1-4)GlcNAc(b1-6)GalNAc(a1-Sp8,5.263424999999998,10.6581,5.835749999999999,17.204750000000004
Gal(b1-4)GlcNAc(b1-6)GalNAc(a1-Sp14,18.9426,11.840649999999998,7.92765,96.29887500000004
GlcNAc(b1-6)[Gal(b1-3)]GalNAc(a1-Sp8,8.273400000000002,17.314375,12.294049999999995,-6.18625
GlcNAc(b1-6)[Gal(b1-3)]GalNAc(a1-Sp14,0.5096749999999979,-2.935525,0.4262000000000006,-17.04535
Neu5Ac(a2-6)[Gal(b1-3)]GalNAc(a1-Sp8,3.88655,5.4575,6.857125,9.585125
Neu5Ac(a2-6)[Gal(b1-3)]GalNAc(a1-Sp14,17.723875,1.6787999999999992,6.0336500000000015,-31.771000000000033
Neu5Ac(b2-6)[Gal(b1-3)]GalNAc(a1-Sp8,-1.1627249999999991,5.385325,-5.8985,15.927550000000002
Neu5Ac(a2-6)[Gal(b1-3)]GlcNAc(b1-4)Gal(b1-4)Glc(b1-Sp10,5.5994249999999965,-4.674874999999998,8.309800000000001,-130.76350000000002
Gal(b1-3)GalNAc(a1-Sp8,5.87435,1.8171000000000008,-0.048149999999999686,284.4294
Gal(b1-3)GalNAc(a1-Sp14,4.72345,0.033025000000000304,0.8197000000000011,-90.056675
Gal(b1-3)GalNAc(a1-Sp16,-0.3069000000000006,3.931275000000001,-1.7341249999999988,119.195
Gal(b1-3)GalNAc(b1-Sp8,4.540274999999999,2.9491749999999985,3.1823999999999977,8.922925
Gal(b1-3)GalNAc(b1-3)Gal(a1-4)Gal(b1-4)Glc(b1-Sp0,11.3176,6.536475000000001,20.29595,1109.008275
Gal(b1-3)GalNAc(b1-4)[Neu5Ac(a2-3)]Gal(b1-4)Glc(b1-Sp0,20.0794,17.362675,2.9247749999999986,8.085374999999999
Gal(b1-3)GalNAc(b1-4)Gal(b1-4)Glc(b1-Sp8,-0.3997999999999991,16.00635,30.10647500000001,85.89454999999998
Gal(b1-3)Gal(b1-Sp8,4.433074999999999,5.142599999999998,-6.4926999999999975,8.934574999999997
Gal(b1-3)GlcNAc(b1-3)Gal(b1-4)GlcNAc(b1-Sp0,13.384750000000004,2.7032750000000005,8.427349999999999,0.7879499999999986
Gal(b1-3)GlcNAc(b1-3)Gal(b1-4)Glc(b1-Sp10,2.304075000000001,2.8058250000000005,2.606024999999999,-3.0928249999999977
Gal(b1-3)GlcNAc(b1-Sp0,13.262625000000005,3.042275,2.3893250000000013,1.0923250000000166
Gal(b1-3)GlcNAc(b1-Sp8,3.316600000000001,1.2386749999999989,6.668949999999999,29.96527500000002
Gal(b1-4)[Fuc(a1-3)]GlcNAc(b1-Sp0,6.469574999999999,2.7657500000000024,2.9354000000000013,8.822824999999998
Gal(b1-4)[Fuc(a1-3)]GlcNAc(b1-Sp8,21.49325000000001,2.0867250000000035,-1.1160749999999986,-5.7772000000000014
Gal(b1-4)[Fuc(a1-3)]GlcNAc(b1-4)Gal(b1-4)[Fuc(a1-3)]GlcNAc(b1-Sp0,29.5811,3.490249999999996,20.1309,-3.9128250000000016
Gal(b1-4)[Fuc(a1-3)]GlcNAc(b1-4)Gal(b1-4)[Fuc(a1-3)]GlcNAc(b1-4)Gal(b1-4)[Fuc(a1-3)]GlcNAc(b1-Sp0,12.241075,14.20485,3.4054750000000045,32.737675
Gal(b1-4)(6S)Glc(b1-Sp0,9.50175,8.333049999999998,7.624900000000002,816.1736249999999
Gal(b1-4)(6S)Glc(b1-Sp8,4.525024999999999,4.408775,4.389825000000001,-9.944124999999996
Gal(b1-4)GalNAc(a1-3)[Fuc(a1-2)]Gal(b1-4)GlcNAc(b1-Sp8,8.798150000000003,4.072725,41.430525,2447.8284
Gal(b1-4)GalNAc(b1-3)[Fuc(a1-2)]Gal(b1-4)GlcNAc(b1-Sp8,4.983074999999999,4.023325000000002,4.27805,3337.23595
Gal(b1-4)GlcNAc(b1-3)GalNAc(a1-Sp8,4.025175000000001,13.36975,15.45,-6.040050000000001
Gal(b1-4)GlcNAc(b1-3)GalNAc(a1-Sp14,-4.261549999999998,4.219925,13.440600000000002,805.3086749999999
Gal(b1-4)GlcNAc(b1-3)Gal(b1-4)[Fuc(a1-3)]GlcNAc(b1-3)Gal(b1-4)[Fuc(a1-3)]GlcNAc(b1-Sp0,9.243625000000002,9.332024999999996,3.378849999999999,-2.711800000000011
Gal(b1-4)GlcNAc(b1-3)Gal(b1-4)GlcNAc(b1-3)Gal(b1-4)GlcNAc(b1-Sp0,12.115849999999995,3.5509249999999994,4.623399999999997,1310.475725
Gal(b1-4)GlcNAc(b1-3)Gal(b1-4)GlcNAc(b1-Sp0,8.29825,-1.6148500000000006,3.3204,-24.431799999999992
Gal(b1-4)GlcNAc(b1-3)Gal(b1-4)Glc(b1-Sp0,13.784125,1.0772999999999993,0.7967999999999984,897.8178750000003
Gal(b1-4)GlcNAc(b1-3)Gal(b1-4)Glc(b1-Sp8,7.343900000000001,7.57305,22.169375,90.87375
Gal(b1-4)GlcNAc(b1-6)[Gal(b1-3)]GalNAc(a1-Sp8,14.61135,2.690625,3.640674999999998,-3.264499999999998
Gal(b1-4)GlcNAc(b1-6)[Gal(b1-3)]GalNAc(a1-Sp14,10.496225,13.984700000000002,4.831125,4.648025000000004
Gal(b1-4)GlcNAc(b1-Sp0,0.4455750000000016,7.843325,7.9594999999999985,22.1803
Gal(b1-4)GlcNAc(b1-Sp8,9.520650000000002,3.825899999999999,13.113449999999998,7.578024999999998
Gal(b1-4)GlcNAc(b1-Sp23,4.733774999999994,4.243874999999999,5.6632000000000025,47.871875
Gal(b1-4)Glc(b1-Sp0,21.0038,1.6248749999999994,17.107174999999998,12.807074999999998
Gal(b1-4)Glc(b1-Sp8,4.601574999999999,8.149724999999998,15.653025,22.329425
GlcNAc(a1-3)Gal(b1-4)GlcNAc(b1-Sp8,3.964249999999998,7.126199999999997,1.52285,-13.377674999999995
GlcNAc(a1-6)Gal(b1-4)GlcNAc(b1-Sp8,13.79375,13.311300000000005,1.2316249999999993,12.151400000000004
GlcNAc(b1-2)Gal(b1-3)GalNAc(a1-Sp8,5.009874999999999,8.921774999999998,2.41395,-8.385925000000004
GlcNAc(b1-6)[GlcNAc(b1-3)]GalNAc(a1-Sp8,0.9395249999999996,6.661025,-1.4121249999999996,-12.8897
GlcNAc(b1-6)[GlcNAc(b1-3)]GalNAc(a1-Sp14,11.315825,5.4032750000000025,4.963199999999999,-23.452825
GlcNAc(b1-6)[GlcNAc(b1-3)]Gal(b1-4)GlcNAc(b1-Sp8,12.797325,7.4735999999999985,-0.3018000000000036,-5.829625000000008
GlcNAc(b1-3)GalNAc(a1-Sp8,14.549075,5.40555,10.4942,-28.652525
GlcNAc(b1-3)GalNAc(a1-Sp14,8.176100000000002,9.273775,3.0234250000000005,-8.568599999999998
GlcNAc(b1-3)Gal(b1-Sp8,7.3617750000000015,15.68,8.152900000000002,7.663300000000002
GlcNAc(b1-3)Gal(b1-4)GlcNAc(b1-Sp0,10.304099999999998,11.561025,11.665675,7.615525000000002
GlcNAc(b1-3)Gal(b1-4)GlcNAc(b1-Sp8,11.344125,7.133650000000001,-1.7832249999999998,18.291950000000007
GlcNAc(b1-3)Gal(b1-4)GlcNAc(b1-3)Gal(b1-4)GlcNAc(b1-Sp0,3.890775,3.9537,19.310175,-3.7467249999999983
GlcNAc(b1-3)Gal(b1-4)Glc(b1-Sp0,7.06335,10.880749999999995,7.687125000000003,68.25414999999998
GlcNAc(b1-4)(a1-MDPLys,11.422375,1.8547249999999995,3.952750000000001,-41.04917500000001
GlcNAc(b1-6)[GlcNAc(b1-4)]GalNAc(a1-Sp8,3.3510000000000044,4.952050000000002,4.677875000000002,-46.89065
GlcNAc(b1-4)Gal(b1-4)GlcNAc(b1-Sp8,6.0024,8.258725000000002,6.4039,-6.898574999999994
GlcNAc(b1-4)GlcNAc(b1-4)GlcNAc(b1-4)GlcNAc(b1-4)GlcNAc(b1-4)GlcNAc(b1-Sp8,2.6862999999999992,2.9559,10.137825,3.6305500000000097
GlcNAc(b1-4)GlcNAc(b1-4)GlcNAc(b1-4)GlcNAc(b1-4)GlcNAc(b1-Sp8,17.498500000000003,7.212374999999998,9.9614,15.82845
GlcNAc(b1-4)GlcNAc(b1-4)GlcNAc(b1-Sp8,3.9606249999999936,4.75875,6.416174999999994,-12.266225000000004
GlcNAc(b1-6)GalNAc(a1-Sp8,13.464849999999995,2.648100000000001,5.2750749999999975,36.4386
GlcNAc(b1-6)GalNAc(a1-Sp14,6.806775000000003,1.2350749999999966,18.375175,-0.4483500000000049
GlcNAc(b1-6)Gal(b1-4)GlcNAc(b1-Sp8,12.245650000000005,10.109825,8.927050000000003,4.824725000000004
Glc(a1-4)Glc(b1-Sp8,20.077250000000006,1.9254,14.33755,0.888149999999996
Glc(a1-4)Glc(a1-Sp8,12.69234999999999,2.7440499999999983,7.109599999999999,5.236400000000003
Glc(a1-6)Glc(a1-6)Glc(b1-Sp8,18.621500000000005,7.023050000000001,17.446350000000002,26.045199999999966
Glc(b1-4)Glc(b1-Sp8,5.913425000000003,13.838425,9.132475,1.7932250000000014
Glc(b1-6)Glc(b1-Sp8,5.80195,6.649400000000003,5.0097000000000005,-3.7440250000000006
G-ol(a1-Sp8,25.698725000000003,18.873075,7.107025,107.36845000000002
GlcA(a1-Sp8,19.4686,10.843249999999998,9.478324999999996,65.06190000000001
GlcA(b1-Sp8,19.873850000000004,68.42017500000001,70.62505,91.37582500000002
GlcA(b1-3)Gal(b1-Sp8,10.028425,7.567674999999999,15.666450000000005,236.98430000000008
GlcA(b1-6)Gal(b1-Sp8,1.2038750000000011,5.073249999999998,7.998500000000003,18.63340000000001
KDN(a2-3)Gal(b1-3)GlcNAc(b1-Sp0,11.78405,5.5833,11.61265,56.7828
KDN(a2-3)Gal(b1-4)GlcNAc(b1-Sp0,8.731449999999997,15.132175000000007,4.136275,18.601550000000003
Man(a1-2)Man(a1-2)Man(a1-3)Man(a1-Sp9,10.42185,10.478875000000002,1.1859000000000002,-8.91785
Man(a1-2)Man(a1-6)[Man(a1-2)Man(a1-3)]Man(a1-Sp9,8.2575,6.716125,6.6922,10.772899999999995
Man(a1-2)Man(a1-3)Man(a1-Sp9,5.259574999999998,-0.6825500000000009,19.471725,-11.4578
Man(a1-6)[Man(a1-2)Man(a1-3)]Man(a1-6)[Man(a1-2)Man(a1-3)]Man(b1-4)GlcNAc(b1-4)GlcNAc(b1-Sp12,9.201775,-0.7368499999999987,0.5993500000000003,13.04985
Man(a1-2)Man(a1-6)[Man(a1-3)]Man(a1-6)[Man(a1-2)Man(a1-2)Man(a1-3)]Man(b1-4)GlcNAc(b1-4)GlcNAc(b1-Sp12,11.858575000000005,-1.5093500000000013,1.2359249999999982,10.649950000000004
Man(a1-2)Man(a1-6)[Man(a1-2)Man(a1-3)]Man(a1-6)[Man(a1-2)Man(a1-2)Man(a1-3)]Man(b1-4)GlcNAc(b1-4)GlcNAc(b1-Sp12,11.938575000000002,22.654725,21.327125,-4.8400249999999945
Man(a1-6)[Man(a1-3)]Man(a1-Sp9,6.456949999999999,6.582675,6.8343500000000015,-8.137
Man(a1-2)Man(a1-2)Man(a1-6)[Man(a1-3)]Man(a1-Sp9,2.1101250000000022,9.891275000000004,11.2877,-28.0563
Man(a1-6)[Man(a1-3)]Man(a1-6)[Man(a1-2)Man(a1-3)]Man(b1-4)GlcNAc(b1-4)GlcNAc(b1-Sp12,11.782925,90.099475,97.32575,119.19030000000004
Man(a1-6)[Man(a1-3)]Man(a1-6)[Man(a1-3)]Man(b1-4)GlcNAc(b1-4)GlcNAc(b1-Sp12,6.766424999999997,2.81725,9.067899999999996,-15.997925
Man(b1-4)GlcNAc(b1-Sp0,12.4792,5.176124999999999,20.496200000000005,40.485425000000006
Neu5Ac(a2-3)Gal(b1-4)GlcNAc(b1-3)Gal(b1-4)[Fuc(a1-3)]GlcNAc(b1-Sp0,8.245574999999995,2.286949999999999,5.5684999999999985,-8.65855
(3S)Gal(b1-4)[Fuc(a1-3)](6S)GlcNAc(b1-Sp8,0.9676249999999972,5.66905,6.0027750000000015,15.941050000000004
Fuc(a1-2)(6S)Gal(b1-4)GlcNAc(b1-Sp0,3.520700000000001,2.9265000000000017,11.556124999999998,11.346300000000005
Fuc(a1-2)Gal(b1-4)(6S)GlcNAc(b1-Sp8,6.441775,1.23855,3.6402750000000026,-4.451075000000001
Fuc(a1-2)(6S)Gal(b1-4)(6S)Glc(b1-Sp0,7.1198250000000005,21.610775,10.5319,7.1981
Neu5Ac(a2-3)Gal(b1-3)GalNAc(a1-Sp8,11.139700000000005,0.9452499999999996,1.6850499999999986,-87.09150000000002
Neu5Ac(a2-3)Gal(b1-3)GalNAc(a1-Sp14,3.268775000000004,2.6499,-2.637600000000001,89.31752500000002
GalNAc(b1-4)[Neu5Ac(a2-8)Neu5Ac(a2-8)Neu5Ac(a2-8)Neu5Ac(a2-3)]Gal(b1-4)Glc(b1-Sp0,3.854575000000001,14.498150000000004,1640.2232999999994,29257.1044
GalNAc(b1-4)[Neu5Ac(a2-8)Neu5Ac(a2-8)Neu5Ac(a2-3)]Gal(b1-4)Glc(b1-Sp0,5.553350000000003,27.249475,1904.02445,10230.1408
Neu5Ac(a2-8)Neu5Ac(a2-8)Neu5Ac(a2-3)Gal(b1-4)Glc(b1-Sp0,3.5064499999999987,7.39615,22.505175,-36.529
GalNAc(b1-4)[Neu5Ac(a2-8)Neu5Ac(a2-3)]Gal(b1-4)Glc(b1-Sp0,13.069324999999992,45.170275,3850.429175,10285.124050000002
Neu5Ac(a2-8)Neu5Ac(a2-8)Neu5Ac(a1-Sp8,9.18035,12.165949999999995,10.721475000000002,-8.369775000000004
Neu5Ac(a2-3)(6S)Gal(b1-4)[Fuc(a1-3)]GlcNAc(b1-Sp8,3.41405,6.633175000000001,6.693624999999999,-29.6268
GalNAc(b1-4)[Neu5Ac(a2-3)]Gal(b1-4)GlcNAc(b1-Sp0,7.0231,2.039775000000001,425.84645,781.9264999999997
GalNAc(b1-4)[Neu5Ac(a2-3)]Gal(b1-4)GlcNAc(b1-Sp8,17.5469,10.461025,297.205375,13551.9358
GalNAc(b1-4)[Neu5Ac(a2-3)]Gal(b1-4)Glc(b1-Sp0,7.831875,7.9216250000000015,161.88720000000006,1396.45305
Neu5Ac(a2-3)Gal(b1-3)GalNAc(b1-4)[Neu5Ac(a2-3)]Gal(b1-4)Glc(b1-Sp0,2.077424999999998,9.1105,-3.421975,-10.089475
Neu5Ac(a2-6)[Neu5Ac(a2-3)]GalNAc(a1-Sp8,-1.6295000000000002,0.8453249999999954,7.420024999999999,-25.08335
Neu5Ac(a2-3)GalNAc(a1-Sp8,1.7477500000000017,10.70695,-2.615100000000001,-6.246600000000001
Neu5Ac(a2-3)GalNAc(b1-4)GlcNAc(b1-Sp0,0.03479999999999883,7.042150000000001,-0.7433499999999977,-33.26692499999999
Neu5Ac(a2-3)Gal(b1-3)(6S)GlcNAc(a1-Sp8,31.585425000000008,22.04232499999999,28.315775,-12.71075
Neu5Ac(a2-3)Gal(b1-3)[ Fuc(a1-4)]GlcNAc(b1-Sp8,9.150174999999997,9.935100000000004,8.577574999999998,-21.3843
Neu5Ac(a2-3)Gal(b1-3)[Fuc(a1-4)]GlcNAc(b1-3)Gal(b1-4)[Fuc(a1-3)]GlcNAc(b1-Sp0,10.15485,8.434325000000001,13.7488,-10.240875000000006
Neu5Ac(a2-3)Gal(b1-4)[Neu5Ac(a2-3)Gal(b1-3)]GlcNAc(b1-Sp8,20.27095,15.705875,6.67665,-4.943149999999998
Neu5Ac(a2-3)Gal(b1-3)(6S)GalNAc(a1-Sp8,-1.2570750000000004,8.562900000000003,5.1971750000000005,19.95912499999996
Neu5Ac(a2-6)[Neu5Ac(a2-3)Gal(b1-3)]GalNAc(a1-Sp8,-1.966499999999998,5.338574999999999,5.721124999999998,-1.1594250000000057
Neu5Ac(a2-6)[Neu5Ac(a2-3)Gal(b1-3)]GalNAc(a1-Sp14,17.814724999999996,14.958424999999995,12.756149999999998,60.48222500000002
Neu5Ac(a2-3)Gal(b1-Sp8,11.149000000000001,6.714949999999996,6.1675499999999985,8.315625
Neu5Ac(a2-3)Gal(b1-3)GalNAc(b1-3)Gal(a1-4)Gal(b1-4)Glc(b1-Sp0,21.76355,15.472450000000002,22.800149999999924,-69.76315
Neu5Ac(a2-3)Gal(b1-3)GlcNAc(b1-3)Gal(b1-4)GlcNAc(b1-Sp0,7.190125,-2.158650000000001,11.280525000000004,-1.2185249999999996
Fuc(a1-2)(6S)Gal(b1-4)Glc(b1-Sp0,3.313124999999985,2.655125,2.246875,29.56559999999999
Neu5Ac(a2-3)Gal(b1-3)GlcNAc(b1-Sp0,9.094649999999998,8.652925000000002,11.737199999999996,-25.18430000000001
Neu5Ac(a2-3)Gal(b1-3)GlcNAc(b1-Sp8,12.141524999999994,2.7801000000000027,6.119825000000002,-25.10985
Neu5Ac(a2-3)Gal(b1-4)(6S)GlcNAc(b1-Sp8,3.259525000000002,2.164000000000001,2.22345,12.102375000000027
Neu5Ac(a2-3)Gal(b1-4)[Fuc(a1-3)](6S)GlcNAc(b1-Sp8,6.1702,6.968849999999998,3.2542250000000013,-21.96
Neu5Ac(a2-3)Gal(b1-4)[Fuc(a1-3)]GlcNAc(b1-3)Gal(b1-4)[Fuc(a1-3)]GlcNAc(b1-3)Gal(b1-4)[Fuc(a1-3)]GlcNAc(b1-Sp0,14.269924999999995,11.099200000000002,11.380475000000004,157.182925
Neu5Ac(a2-3)Gal(b1-4)[Fuc(a1-3)]GlcNAc(b1-Sp0,4.149849999999999,11.872975,4.16435,28.34989999999999
Neu5Ac(a2-3)Gal(b1-4)[Fuc(a1-3)]GlcNAc(b1-Sp8,3.482975000000004,4.0031,5.2663249999999975,-33.199575
Neu5Ac(a2-3)Gal(b1-4)[Fuc(a1-3)]GlcNAc(b1-3)Gal(b1-Sp8,8.982725,10.499524999999998,3.9954750000000017,14.808100000000005
Neu5Ac(a2-3)Gal(b1-4)[Fuc(a1-3)]GlcNAc(b1-3)Gal(b1-4)GlcNAc(b1-Sp8,16.618675000000003,25.417775,12.029700000000002,28.144725000000005
Neu5Ac(a2-3)Gal(b1-4)GlcNAc(b1-3)Gal(b1-4)GlcNAc(b1-3)Gal(b1-4)GlcNAc(b1-Sp0,10.5303,9.9547,14.264375,-7.752225000000003
Neu5Ac(a2-3)Gal(b1-4)GlcNAc(b1-Sp0,10.424425000000003,3.9307,5.22165,13.568475
Neu5Ac(a2-3)Gal(b1-4)GlcNAc(b1-Sp8,-0.2263499999999965,4.595675000000004,6.917150000000002,-24.1255
Neu5Ac(a2-3)Gal(b1-4)GlcNAc(b1-3)Gal(b1-4)GlcNAc(b1-Sp0,-1.1330999999999989,5.990575,-1.9516250000000013,23.048025
Fuc(a1-2)Gal(b1-4)(6S)Glc(b1-Sp0,13.969250000000002,3.1944250000000007,-0.9769749999999996,4.677474999999999
Neu5Ac(a2-3)Gal(b1-4)Glc(b1-Sp0,15.541200000000005,24.083175,11.19035,4.2363499999999945
Neu5Ac(a2-3)Gal(b1-4)Glc(b1-Sp8,0.9008749999999992,3.868725,5.65875,1.3137999999999987
Neu5Ac(a2-6)GalNAc(a1-Sp8,40.90724999999999,1.5578500000000022,5.546025,13.851225
Neu5Ac(a2-6)GalNAc(b1-4)GlcNAc(b1-Sp0,4.578424999999998,1.4798750000000034,14.444575000000002,-8.674075
Neu5Ac(a2-6)Gal(b1-4)(6S)GlcNAc(b1-Sp8,84.33207500000002,7.487650000000002,8.284024999999998,-31.83884999999998
Neu5Ac(a2-6)Gal(b1-4)GlcNAc(b1-Sp0,6.078100000000001,1.6800499999999996,8.638600000000004,1.3034000000000034
Neu5Ac(a2-6)Gal(b1-4)GlcNAc(b1-Sp8,9.874675000000003,8.334624999999999,6.992375000000001,-73.814425
Neu5Ac(a2-6)Gal(b1-4)GlcNAc(b1-3)Gal(b1-4)[Fuc(a1-3)]GlcNAc(b1-3)Gal(b1-4)[Fuc(a1-3)]GlcNAc(b1-Sp0,6.6502,15.03795,8.210949999999995,89.99367500000002
Neu5Ac(a2-6)Gal(b1-4)GlcNAc(b1-3)Gal(b1-4)GlcNAc(b1-Sp0,6.3785000000000025,15.38535,-1.5221999999999998,-3.4176
Neu5Ac(a2-6)Gal(b1-4)Glc(b1-Sp0,1.4410000000000007,4.214375,6.4776500000000015,-4.2776250000000005
Neu5Ac(a2-6)Gal(b1-4)Glc(b1-Sp8,11.0915,4.969249999999997,8.926675000000003,40.970875000000014
Neu5Ac(a2-6)Gal(b1-Sp8,28.066600000000008,16.11125,3.3427,-0.5849750000000142
Neu5Ac(a2-8)Neu5Ac(a1-Sp8,13.967274999999995,4.710700000000001,2.2872250000000007,4.685474999999997
Neu5Ac(a2-8)Neu5Ac(a2-3)Gal(b1-4)Glc(b1-Sp0,-2.606325,-1.602125,8.88755,-19.936675
Gal(b1-3)[Fuc(a1-4)]GlcNAc(b1-3)Gal(b1-3)[Fuc(a1-4)]GlcNAc(b1-Sp0,18.7097,3.2146500000000007,4.6397,15.998674999999993
Neu5Ac(b2-6)GalNAc(a1-Sp8,7.6934749999999985,-0.2601250000000004,-0.7875000000000005,-30.57650000000001
Neu5Ac(b2-6)Gal(b1-4)GlcNAc(b1-Sp8,-4.63755,8.99785,-1.8267749999999987,16.4394
Neu5Gc(a2-3)Gal(b1-3)[Fuc(a1-4)]GlcNAc(b1-Sp0,2.5848499999999976,6.9381499999999985,8.250224999999997,-9.052625
Neu5Gc(a2-3)Gal(b1-3)GlcNAc(b1-Sp0,4.082799999999999,3.2134250000000013,7.1721,0.3993249999999975
Neu5Gc(a2-3)Gal(b1-4)[Fuc(a1-3)]GlcNAc(b1-Sp0,3.1315250000000017,6.126950000000001,9.0882,-3.6762999999999977
Neu5Gc(a2-3)Gal(b1-4)GlcNAc(b1-Sp0,7.684925,4.832325000000001,12.07795,-9.850675
Neu5Gc(a2-3)Gal(b1-4)Glc(b1-Sp0,16.757475,10.24275,12.210024999999995,5.783224999999997
Neu5Gc(a2-6)GalNAc(a1-Sp0,14.9917,1.4811749999999986,5.8582,35.878725
Neu5Gc(a2-6)Gal(b1-4)GlcNAc(b1-Sp0,18.650325000000006,3.515525,6.824650000000003,2.8606999999999982
Neu5Gc(a1-Sp8,6.998575000000002,13.237725000000005,6.062450000000003,0.4813749999999999
Neu5Ac(a2-3)Gal(b1-4)GlcNAc(b1-6)[Gal(b1-3)]GalNAc(a1-Sp14,9.4773,5.763125,-0.6751250000000013,9.888749999999987
Gal(b1-3)GlcNAc(b1-3)Gal(b1-3)GlcNAc(b1-Sp0,17.99305,18.268175,4.658525000000001,15.915
Gal(b1-4)[Fuc(a1-3)](6S)GlcNAc(b1-Sp0 ,15.566400000000005,5.6070249999999975,10.5026,11.911975000000002
Gal(b1-4)[Fuc(a1-3)](6S)Glc(b1-Sp0,12.8126,21.5788,17.201074999999996,46.59672500000005
Gal(b1-4)[Fuc(a1-3)]GlcNAc(b1-3)Gal(b1-3)[Fuc(a1-4)]GlcNAc(b1-Sp0,11.541925000000004,18.269475,9.30655,-25.06265
Gal(b1-4)GlcNAc(b1-3)Gal(b1-3)GlcNAc(b1-Sp0,4.712624999999997,3.129700000000001,13.295800000000005,593.5921
Neu5Ac(a2-3)Gal(b1-3)GlcNAc(b1-3)Gal(b1-3)GlcNAc(b1-Sp0,5.188425000000001,3.713374999999997,10.889925000000005,-101.149075
Neu5Ac(a2-3)Gal(b1-4)GlcNAc(b1-3)Gal(b1-3)GlcNAc(b1-Sp0,0.9167999999999994,10.210825,4.78285,86.62337499999998
4S(3S)Gal(b1-4)GlcNAc(b1-Sp0,15.455275,5.1434,8.805275,-92.543925
(6S)Gal(b1-4)(6S)GlcNAc(b1-Sp0,6.223349999999996,12.346924999999995,2.9548500000000018,27.522775000000024
(6P)Glc(b1-Sp10,8.83895,18.696600000000007,6.097675000000002,84.27622499999998
Neu5Ac(a2-3)Gal(b1-4)[Fuc(a1-3)]GlcNAc(b1-6)[Gal(b1-3)]GalNAc(a1-Sp14,23.747375,17.876525,9.660125000000004,439.226075
Gal(b1-3)Gal(b1-4)GlcNAc(b1-Sp8,18.1096,3.99535,13.349224999999995,286.4011
Neu5Ac(a2-6)Gal(b1-4)GlcNAc(b1-2)Man(a1-6)[Gal(b1-4)GlcNAc(b1-2)Man(a1-3)]Man(b1-4)GlcNAc(b1-4)GlcNAc(b1-Sp12,7.741900000000008,11.38035,8.310874999999998,671.993575
Gal(b1-4)GlcNAc(b1-6)[Gal(b1-4)GlcNAc(b1-3)]Gal(b1-4)GlcNAc(a1-Sp0,16.516175,6.9695,17.930425000000007,1642.75295
GlcNAc(b1-6)[Gal(b1-4)GlcNAc(b1-3)]Gal(b1-4)GlcNAc(a1-Sp0,37.18045000000001,4.763025000000002,10.485249999999997,-0.012675000000001546
Gal(b1-4)GlcNAc(a1-6)Gal(b1-4)GlcNAc(b1-Sp0,13.397150000000007,5.392025,-1.245899999999999,38.182175
Gal(b1-4)GlcNAc(b1-6)Gal(b1-4)GlcNAc(b1-Sp0,-0.39869999999999983,6.2163749999999975,25.71045,-6.915625
GalNAc(b1-3)Gal(b1-Sp8,7.297850000000002,587.0596500000001,10083.853725,29235.241650000004
GlcA(b1-3)GlcNAc(b1-Sp8,9.0978,0.3816749999999995,8.4276,8.884
Neu5Ac(a2-6)Gal(b1-4)GlcNAc(b1-2)Man(a1-6)[GlcNAc(b1-2)Man(a1-3)]Man(b1-4)GlcNAc(b1-4)GlcNAc(b1-Sp12,13.573524999999995,5.54485,6.8766250000000015,-3.1644999999999897
GlcNAc(b1-3)Ma(n1-Sp10,9.44715,11.782050000000005,21.947699999999994,-2.9337750000000042
GlcNAc(b1-4)GlcNAc(b1-Sp10,9.074325000000004,1.4156999999999984,8.339250000000002,-17.9844
GlcNAc(b1-4)GlcNAc(b1-Sp12,16.290625,6.8124499999999975,5.708849999999997,26.07865000000004
MurNAc(b1-4)GlcNAc(b1-Sp10,9.956750000000003,1.8266500000000008,5.6060500000000015,-12.822649999999996
Man(a1-6)Man(b1-Sp10,12.634099999999995,9.215225000000002,5.366975,19.309000000000005
Man(a1-6)[Man(a1-3)]Man(a1-6)[Man(a1-3)]Man(b1-Sp10,10.07475,12.6713,16.507924999999993,28.550750000000008
Man(a1-2)Man(a1-6)[Man(a1-3)]Man(a1-6)[Man(a1-2)Man(a1-2)Man(a1-3)]Man(a1-Sp9,7.190750000000002,1.9436999999999989,4.573125,-0.5086499999999887
Man(a1-2)Man(a1-6)[Man(a1-2)Man(a1-3)]Man(a1-6)[Man(a1-2)Man(a1-2)Man(a1-3)]Man(a1-Sp9,7.968974999999999,4.509349999999999,8.597174999999998,91.344375
Neu5Ac(a2-3)Gal(b1-4)GlcNAc(b1-6)[Neu5Ac(a2-3)Gal(b1-3)]GalNAc(a1-Sp14,7.8194750000000015,2.99765,11.557450000000005,-5.072800000000001
Neu5Ac(a2-6)Gal(b1-4)GlcNAc(b1-2)Man(a1-6)[Neu5Ac(a2-3)Gal(b1-4)GlcNAc(b1-2)Man(a1-3)]Man(b1-4)GlcNAc(b1-4)GlcNAc(b1-Sp12,9.317424999999997,14.952575,2.9540999999999986,9.029624999999996
Gal(b1-4)GlcNAc(b1-2)Man(a1-6)[Neu5Ac(a2-6)Gal(b1-4)GlcNAc(b1-2)Man(a1-3)]Man(b1-4)GlcNAc(b1-4)GlcNAc(b1-Sp12,4.494325,12.064375,11.339025,30.991374999999977
GlcNAc(b1-2)Man(a1-6)[Neu5Ac(a2-6)Gal(b1-4)GlcNAc(b1-2)Man(a1-3)]Man(b1-4)GlcNAc(b1-4)GlcNAc(b1-Sp12,-1.4103749999999984,4.921499999999998,-1.1601500000000031,-22.4598
Neu5Ac(a2-8)Neu5Ac(b1-Sp17,-1.6177,4.374175,25.9691,-110.147675
Neu5Ac(a2-8)Neu5Ac(a2-8)Neu5Ac(b1-Sp8,20.0798,1.6472500000000014,1.9787250000000007,11.746499999999996
Neu5Gc(b2-6)Gal(b1-4)GlcNAc(a1-Sp8,7.6399750000000015,16.280899999999995,8.1797,-14.698900000000002
Gal(b1-3)GlcNAc(b1-2)Man(a1-6)[Gal(b1-3)GlcNAc(b1-2)Man(a1-3)]Man(b1-4)GlcNAc(b1-4)GlcNAc(b1-Sp19,11.168000000000005,21.347025000000013,11.798800000000002,3280.4250250000005
Neu5Ac(a2-3)Gal(b1-4)GlcNAc(b1-2)Man(a1-6)[Neu5Ac(a2-3)Gal(b1-4)GlcNAc(b1-2)Man(a1-3)]Man(b1-4)GlcNAc(b1-4)GlcNAc(b1-Sp12,7.201575,18.968450000000004,6.3094,-11.423049999999995
Neu5Ac(a2-3)Gal(b1-4)GlcNAc(b1-2)Man(a1-6)[Neu5Ac(a2-6)Gal(b1-4)GlcNAc(b1-2)Man(a1-3)]Man(b1-4)GlcNAc(b1-4)GlcNAc(b1-Sp12,29.917925,1.5993999999999993,-1.5347750000000009,13.527250000000002
Gal(b1-4)[Fuc(a1-3)]GlcNAc(b1-2)Man(a1-6)[Gal(b1-4)[Fuc(a1-3)]GlcNAc(b1-2)Man(a1-3)]Man(b1-4)GlcNAc(b1-4)GlcNAc(b1-Sp20,16.63155000000002,-0.4334000000000007,15.810824999999998,60.256824999999935
"Neu5,9Ac2(a2-3)Gal(b1-4)GlcNAc(b1-Sp0",11.963049999999996,6.429499999999999,16.270700000000005,19.21875000000005
"Neu5,9Ac2(a2-3)Gal(b1-4)GlcNAc(b1-Sp0",6.55585,3.197125,5.7221749999999965,-17.341050000000006
Neu5Ac(a2-6)Gal(b1-4)GlcNAc(b1-3)Gal(b1-3)GlcNAc(b1-Sp0,21.344150000000006,3.180750000000001,11.311925,2.0619249999999987
Neu5Ac(a2-3)Gal(b1-3)[Fuc(a1-4)]GlcNAc(b1-3)Gal(b1-3)[Fuc(a1-4)]GlcNAc(b1-Sp0,21.79170000000001,-0.0038249999999990787,10.849124999999995,4.954024999999994
Neu5Ac(a2-6)Gal(b1-4)GlcNAc(b1-3)Gal(b1-4)GlcNAc(b1-3)Gal(b1-4)GlcNAc(b1-Sp0,4.889100000000001,20.570775,3.026,-1.153925000000001
Gal(a1-4)Gal(b1-4)GlcNAc(b1-3)Gal(b1-4)Glc(b1-Sp0,8.494675,54.45614999999998,2447.1802,22797.075525
GalNAc(b1-3)Gal(a1-4)Gal(b1-4)GlcNAc(b1-3)Gal(b1-4)Glc(b1-Sp0,23.926675000000003,1149.9838500000005,14805.467525,34870.2147
GalNAc(a1-3)[Fuc(a1-2)]Gal(b1-4)GlcNAc(b1-3)Gal(b1-4)GlcNAc(b1-Sp0,8.440124999999998,1.152474999999999,3.655050000000001,96.155525
GalNAc(a1-3)[Fuc(a1-2)]Gal(b1-4)GlcNAc(b1-3)Gal(b1-4)GlcNAc(b1-3)Gal(b1-4)GlcNAc(b1-Sp0,37.09069999999999,19.97365,49.663825,588.38805
Neu5Ac(a2-3)Gal(b1-4)[Fuc(a1-3)]GlcNAc(b1-6)[Neu5Ac(a2-3)Gal(b1-3)]GalNAc(a1-Sp14,16.703625000000002,14.641775,8.310975000000001,34.17847500000001
GlcNAc(a1-4)Gal(b1-4)GlcNAc(b1-3)Gal(b1-4)GlcNAc(b1-3)Gal(b1-4)GlcNAc(b1-Sp0,2.9106000000000005,8.530399999999998,5.293574999999997,-76.74492500000005
GlcNAc(a1-4)Gal(b1-4)GlcNAc(b1-Sp0,6.466225,1.5596000000000003,10.674799999999998,36.346425
GlcNAc(a1-4)Gal(b1-3)GlcNAc(b1-Sp0,-0.034674999999998235,3.211450000000001,12.3174,-114.778275
GlcNAc(a1-4)Gal(b1-4)GlcNAc(b1-3)Gal(b1-4)Glc(b1-Sp0,18.584775000000004,11.77715,0.13097500000000115,4.4778750000000045
GlcNAc(a1-4)Gal(b1-4)GlcNAc(b1-3)Gal(b1-4)[Fuc(a1-3)]GlcNAc(b1-3)Gal(b1-4)[Fuc(a1-3)]GlcNAc(b1-Sp0,31.55525,20.944575,17.9073,207.59722499999995
GlcNAc(a1-4)Gal(b1-4)GlcNAc(b1-3)Gal(b1-4)GlcNAc(b1-Sp0,6.4171,17.628349999999994,-4.987000000000002,-4.293875
GlcNAc(a1-4)Gal(b1-3)GalNAc(a1-Sp14,1.024275000000003,13.616725,5.368450000000001,-49.42122499999999
Neu5Ac(a2-6)Gal(b1-4)GlcNAc(b1-2)Man(a1-6)[Man(a1-3)]Man(b1-4)GlcNAc(b1-4)GlcNAc(a1-Sp12,4.6022750000000014,5.133499999999998,5.660625,117.12235
Man(a1-6)[Neu5Ac(a2-6)Gal(b1-4)GlcNAc(b1-2)Man(a1-3)]Man(b1-4)GlcNAc(b1-4)GlcNAc(a1-Sp12,6.3902500000000035,4.095350000000002,13.163075,-18.798425
Neu5Ac(a2-6)Gal(b1-4)GlcNAc(b1-2)Man(a1-6)Man(b1-4)GlcNAc(b1-4)GlcNAc(a1-Sp12,2.7630250000000007,11.7796,8.740250000000005,43.8252
Neu5Ac(a2-6)Gal(b1-4)GlcNAc(b1-2)Man(a1-3)Man(b1-4)GlcNAc(b1-4)GlcNAc(a1-Sp12,8.126349999999999,20.154000000000003,14.154625,0.5016250000000078
Gal(b1-4)GlcNAc(b1-2)Man(a1-3)Man(b1-4)GlcNAc(b1-4)GlcNAc(a1-Sp12,8.823250000000002,3.3019,2.6918000000000006,186.286025
Gal(b1-4)GlcNAc(b1-2)Man(a1-6)Man(b1-4)GlcNAc(b1-4)GlcNAc(a1-Sp12,15.077775,11.0578,6.592299999999998,-6.3969000000000005
Man(a1-6)[Gal(b1-4)GlcNAc(b1-2)Man(a1-3)]Man(b1-4)GlcNAc(b1-4)GlcNAc(b1-Sp12,-1.3820750000000004,11.610975,11.02455,4.394325000000009
GlcNAc(b1-2)Man(a1-6)[GlcNAc(b1-2)Man(a1-3)]Man(b1-4)GlcNAc(b1-4)[Fuc(a1-6)]GlcNAc(b1-Sp22,1.8267999999999969,12.408150000000004,21.664075000000004,24.540375000000004
Gal(b1-4)GlcNAc(b1-2)Man(a1-6)[Gal(b1-4)GlcNAc(b1-2)Man(a1-3)]Man(b1-4)GlcNAc(b1-4)[Fuc(a1-6)]GlcNAc(b1-Sp22,28.767299999999995,14.7,14.638274999999995,19.145949999999992
Gal(b1-3)GlcNAc(b1-2)Man(a1-6)[Gal(b1-3)GlcNAc(b1-2)Man(a1-3)]Man(b1-4)GlcNAc(b1-4)[Fuc(a1-6)]GlcNAc(b1-Sp22,19.109199999999994,1.8886499999999984,11.7632,-3.9648250000000047
(6S)GlcNAc(b1-3)Gal(b1-4)GlcNAc(b1-Sp0,4.944149999999995,15.4875,1.062025000000002,-6.13125
KDN(a2-3)Gal(b1-4)[Fuc(a1-3)]GlcNAc(a1-Sp0,7.480225000000003,12.73795,13.051949999999994,-3.4816999999999965
KDN(a2-6)Gal(b1-4)GlcNAc(a1-Sp0,18.8442,8.58395,2.603349999999997,-3.9610749999999975
KDN(a2-3)Gal(b1-4)Glc(a1-Sp0,6.0684000000000005,6.225,14.590249999999996,-19.25045
KDN(a2-3)Gal(b1-3)GalNAc(a1-Sp14,14.157949999999998,8.184324999999998,4.258724999999998,18.244625
Fuc(a1-2)Gal(b1-3)GlcNAc(b1-2)Man(a1-6)[Fuc(a1-2)Gal(b1-3)GlcNAc(b1-2)Man(a1-3)]Man(b1-4)GlcNAc(b1-4)GlcNAc(b1-Sp20,11.427599999999998,3.205474999999998,23.79195,38.526375
Fuc(a1-2)Gal(b1-4)GlcNAc(b1-2)Man(a1-6)[Fuc(a1-2)Gal(b1-4)GlcNAc(b1-2)Man(a1-3)]Man(b1-4)GlcNAc(b1-4)GlcNAc(b1-Sp20,10.55135,11.040025000000005,21.91477500000001,4219.65955
Fuc(a1-2)Gal(b1-4)[Fuc(a1-3)]GlcNAc(b1-2)Man(a1-6)[Fuc(a1-2)Gal(b1-4)[Fuc(a1-3)]GlcNAc(b1-2)Man(a1-3)]Man(b1-4)GlcNAc(b1-4)GlcNA(b1-Sp20,25.5237,12.329675,13.837375000000007,103.64387499999998
Gal(a1-3)Gal(b1-4)GlcNAc(b1-2)Man(a1-6)[Gal(a1-3)Gal(b1-4)GlcNAc(b1-2)Man(a1-3)]Man(b1-4)GlcNAc(b1-4)GlcNAc(b1-Sp20,18.23775,4.2836750000000015,1.0940000000000012,884.7653249999997
Gal(b1-4)GlcNAc(b1-2)Man(a1-6)[Man(a1-3)]Man(b1-4)GlcNAc(b1-4)GlcNAc(b1-Sp12,20.221775,7.386750000000001,2.7357749999999985,549.75595
Fuc(a1-4)[Gal(b1-3)]GlcNAc(b1-2)Man(a1-6)[Fuc(a1-4)[Gal(b1-3)]GlcNAc(b1-2)Man(a1-3)]Man(b1-4)GlcNAc(b1-4)[Fuc(a1-6)]GlcNAc(b1-Sp22,9.030824999999997,27.20685000000001,35.33625,-41.7085
Neu5Ac(a2-6)GlcNAc(b1-4)GlcNAc(a1-Sp21,10.040574999999997,-0.6663249999999987,4.006125,22.348125
Neu5Ac(a2-6)GlcNAc(b1-4)GlcNAc(b1-4)GlcNAc(a1-Sp21,24.89392500000001,2.8660999999999994,0.036224999999998175,-70.470325
Gal(b1-4)[Fuc(a1-3)]GlcNAc(b1-6)[Fuc(a1-2)Gal(b1-4)GlcNAc(b1-3)]Gal(b1-4)Glc(a1-Sp21,1.5248749999999998,6.584425000000001,13.034225,83.67847500000002
Gal(b1-4)GlcNAc(b1-2)Man(a1-6)[Gal(b1-4)GlcNAc(b1-4)[Gal(b1-4)GlcNAc(b1-2)]Man(a1-3)]Man(b1-4)GlcNAc(b1-4)GlcNAc(a1-Sp21,1.3294250000000003,2.9625249999999976,37.119075,10297.1697
GalNAc(a1-3)[Fuc(a1-2)]Gal(b1-4)GlcNAc(b1-2)Man(a1-6)[GalNAc(a1-3)[Fuc(a1-2)]Gal(b1-4)GlcNAc(b1-2)Man(a1-3)]Man(b1-4)GlcNAc(b1-4)GlcNAc(b1-Sp20,7.735125000000003,17.196474999999996,0.5880500000000008,4113.8906000000015
Gal(a1-3)[Fuc(a1-2)]Gal(b1-4)GlcNAc(b1-2)Man(a1-6)[Gal(a1-3)[Fuc(a1-2)]Gal(b1-4)GlcNAc(b1-2)Man(a1-3)]Man(b1-4)GlcNAc(b1-4)GlcNAc(b1-Sp20,27.78685,6.497449999999995,14.1888,23.678049999999985
Gal(a1-3)Gal(b1-4)[Fuc(a1-3)]GlcNAc(b1-2)Man(a1-6)[Gal(a1-3)Gal(b1-4)[Fuc(a1-3)]GlcNAc(b1-2)Man(a1-3)]Man(b1-4)GlcNAc(b1-4)GlcNAc(b1-Sp20,26.809375,29.0088,-3.665775000000002,47.61970000000001
GalNAc(a1-3)[Fuc(a1-2)]Gal(b1-3)GlcNAc(b1-2)Man(a1-6)[GalNAc(a1-3)[Fuc(a1-2)]Gal(b1-3)GlcNAc(b1-2)Man(a1-3)]Man(b1-4)GlcNAc(b1-4)GlcNAc(b1-Sp20,3.708825000000002,2.453425000000001,5.939449999999997,38.99945
Gal(a1-3)[Fuc(a1-2)]Gal(b1-3)GlcNAc(b1-2)Man(a1-6)[Gal(a1-3)[Fuc(a1-2)]Gal(b1-3)GlcNAc(b1-2)Man(a1-3)]Man(b1-4)GlcNAc(b1-4)GlcNAc(b1-Sp20,9.5026,4.3526000000000025,14.9037,47.52234999999996
Fuc(a1-4)[Fuc(a1-2)Gal(b1-3)]GlcNAc(b1-2)Man(a1-3)[Fuc(a1-4)[Fuc(a1-2)Gal(b1-3)]GlcNAc(b1-2)Man(a1-3)]Man(b1-4)GlcNAc(b1-4)GlcNAc(b1-Sp19,25.194975,27.28525,25.501375000000003,14.273425
Neu5Ac(a2-3)Gal(b1-4)GlcNAc(b1-3)GalNAc(a1-Sp14,-5.9728249999999985,2.529375,1.7920000000000016,-35.342175
Neu5Ac(a2-6)Gal(b1-4)GlcNAc(b1-3)GalNAc(a1-Sp14,5.107775,12.07625,-3.082625,25.2429
Neu5Ac(a2-3)Gal(b1-4)[Fuc(a1-3)]GlcNAc(b1-3)GalNAc(a1-Sp14,19.104550000000003,41.55435,41.27675,16.47954999999999
GalNAc(b1-4)GlcNAc(b1-2)Man(a1-6)[GalNAc(b1-4)GlcNAc(b1-2)Man(a1-3)]Man(b1-4)GlcNAc(b1-4)GlcNAc(a1-Sp12,312.504675,2478.1541500000008,23983.680425,36362.80325
Gal(b1-3)GalNAc(a1-3)[Fuc(a1-2)]Gal(b1-4)Glc(a1-Sp0,-0.51065,-2.042425,7.6559500000000025,-21.445625
Gal(b1-3)GalNAc(a1-3)[Fuc(a1-2)]Gal(b1-4)GlcNAc(a1-Sp0,11.64065,8.465924999999999,1.045625,-21.91535
Gal(b1-3)GlcNac(b1-3)Gal(b1-4)GlcNac(b1-6)[Gal(b1-3)GlcNac(b1-3)]Gal(b1-4)Glc(b1-Sp0,15.72665,16.246225000000006,7.4583499999999985,99.05200000000002
Gal(b1-4)[Fuc(a1-3)]GlcNAc(b1-6)[Gal(b1-3)GlcNAc(b1-3)]Gal(b1-4)Glc(a1-Sp21,16.329724999999996,4.328975000000002,16.581125,10.377474999999997
Gal(b1-4)GlcNAc(b1-6)[Fuc(a1-4)[Fuc(a1-2)Gal(b1-3)]GlcNAc(b1-3)]Gal(b1-4)Glc(a1-Sp21,17.129900000000006,12.48945,3.86765,3.560949999999991
Gal(b1-4)[Fuc(a1-3)]GlcNAc(b1-6)[Fuc(a1-4)[Fuc(a1-2)Gal(b1-3)]GlcNAc(b1-3)]Gal(b1-4)Glc(a1-Sp21,2.9960500000000017,14.791225000000004,0.2573249999999998,14.029274999999998
Gal(b1-3)GlcNAc(b1-3)Gal(b1-4)[Fuc(a1-3)]GlcNAc(b1-6)[Gal(b1-3)GlcNAc(b1-3)]Gal(b1-4)Glc(a1-Sp21,13.486999999999995,10.504375,23.831000000000003,133.411075
Gal(b1-4)GlcNac(b1-6)[Gal(b1-4)GlcNac(b1-2)]Man(a1-6)[Gal(b1-4)GlcNac(b1-4)[Gal(b1-4)GlcNac(b1-2)]Man(a1-3)]Man(b1-4)GlcNac(b1-4)GlcNac(b1-Sp21,6.669049999999999,4.078374999999999,165.18435,10580.8129
GlcNac(b1-2)Man(a1-6)[GlcNac(b1-4)[GlcNac(b1-2)]Man(a1-3)]Man(b1-4)GlcNac(b1-4)GlcNac(a1-Sp21,1.3630250000000004,15.624299999999998,15.536075000000002,-45.843175
Fuc(a1-2)Gal(b1-3)GalNAc(a1-3)[Fuc(a1-2)]Gal(b1-4)Glc(b1-Sp0,4.472699999999999,0.4099749999999993,6.643624999999997,-34.496949999999984
Fuc(a1-2)Gal(b1-3)GalNAc(a1-3)[Fuc(a1-2)]Gal(b1-4)GlcNAc(b1-Sp0,5.1373250000000015,11.147849999999998,0.5288750000000011,-18.770950000000006
Gal(b1-3)GlcNAc(b1-3)GalNAc(a1-Sp14,15.622675000000005,5.414449999999999,5.274124999999998,80.850875
GalNAc(b1-4)[Neu5Ac(a2-3)]Gal(b1-4)GlcNAc(b1-3)GalNAc(a1-Sp14,48.765025,85.88725,61.55987500000001,245.57117500000004
GalNAc(a1-3)[Fuc(a1-2)]Gal(b1-3)GalNAc(a1-3)[Fuc(a1-2)]Gal(b1-4)GlcNAc(b1-Sp0,-1.466425000000001,-4.827025000000001,2.00915,960.962575
Gal(a1-3)Gal(b1-3)GlcNAc(b1-2)Man(a1-6)[Gal(a1-3)Gal(b1-3)GlcNAc(b1-2)Man(a1-3)]Man(b1-4)GlcNAc(b1-4)GlcNAc(a1-Sp19,23.176175000000004,16.676524999999998,23.063125,-27.730124999999994
Gal(a1-3)Gal(b1-3)[Fuc(a1-4)]GlcNAc(b1-2)Man(a1-6)[Gal(a1-3)Gal(b1-3)[Fuc(a1-4)]GlcNAc(b1-2)Man(a1-3)]Man(b1-4)GlcNAc(b1-4)GlcNAc(a1-Sp19,2.9037000000000024,12.897025,4.256724999999999,-3.5101499999999817
Neu5Ac(a2-3)Gal(b1-3)GlcNAc(b1-2)Man(a1-6)[Neu5Ac(a2-3)Gal(b1-3)GlcNAc(b1-2)Man(a1-3)]Man(b1-4)GlcNAc(b1-4)GlcNAc(a1-Sp19,22.482125,44.5535,12.06185,63.21289999999999
GlcNAc(b1-2)Man(a1-6)[Gal(b1-4)GlcNAc(b1-2)Man(a1-3)]Man(b1-4)GlcNAc(b1-4)GlcNAc(a1-Sp12,3.996699999999999,-0.16434999999999975,15.881649999999995,-3.8375
Gal(b1-4)GlcNAc(b1-2)Man(a1-6)[GlcNAc(b1-2)Man(a1-3)]Man(b1-4)GlcNAc(b1-4)GlcNAc(a1-Sp12,8.780899999999999,10.283425,5.077824999999999,7.839525000000003
Neu5Ac(a2-3)Gal(b1-3)GlcNAc(b1-3)GalNAc(a1-Sp14,10.444625000000002,5.2943,21.528074999999994,24.356725
Fuc(a1-2)Gal(b1-4)GlcNac(b1-3)GalNac(a1-Sp14,11.162175,9.946500000000002,18.518975000000005,6.641375
Gal(b1-4)[Fuc(a1-3)]GlcNac(b1-3)GalNac(a1-Sp14,28.937600000000003,32.443675000000006,22.112300000000005,-1.8822249999999767
GalNac(a1-3)GalNac(b1-3)Gal(a1-4)Gal(b1-4)GlcNac(b1-Sp0,390.49,6344.1983999999975,29974.06495,38192.220325
Gal(a1-4)Gal(b1-3)GlcNac(b1-2)Man(a1-6)[Gal(a1-4)Gal(b1-3)GlcNac(b1-2)Man(a1-3)]Man(b1-4)GlcNac(b1-4)GlcNac(b1-Sp19,1082.879625,12786.518250000005,33555.311050000004,35648.6584
Gal(a1-4)Gal(b1-4)GlcNac(b1-2)Man(a1-6)[Gal(a1-4)Gal(b1-4)GlcNac(b1-2)Man(a1-3)]Man(b1-4)GlcNac(b1-4)GlcNac(b1-Sp24,17.854499999999994,139.30577499999998,3648.121575,24185.202900000004
Gal(a1-3)Gal(b1-4)GlcNac(b1-3)GalNac(a1-Sp14,5.163225,5.630424999999999,7.516199999999999,-14.407374999999995
Gal(b1-3)GlcNAc(b1-6)Gal(b1-4)GlcNAc(b1-Sp0,6.39805,3.5869,3.92085,1.2460499999999968
Gal(b1-3)GlcNAc(a1-6)Gal(b1-4)GlcNAc(b1-Sp0,14.039549999999998,3.9985750000000015,-1.9358999999999995,-12.74295
GalNAc(b1-3)Gal(a1-6)Gal(b1-4)Glc(b1-Sp8,28.682475,884.863625,15469.085450000002,35733.580275
Gal(a1-3)[Fuc(a1-2)]Gal(b1-4)[Fuc(a1-3)]Glc(b1-Sp21,13.476875,7.902425000000001,6.767799999999999,31.983375
Gal(b1-4)GlcNAc(b1-6)[Neu5Ac(a2-6)Gal(b1-3)GlcNAc(b1-3)]Gal(b1-4)Glc(a1-Sp21,13.406525000000006,2.9825250000000025,19.878049999999995,-30.170675
Gal(b1-3)GalNAc(b1-4)[Neu5Ac(a2-8)Neu5Ac(a2-3)]Gal(b1-4)Glc(b1-Sp0,9.061500000000002,10.269225000000002,17.630575000000007,3405.6538
Neu5Ac(a2-3)Gal(b1-3)GalNAc(b1-4)[Neu5Ac(a2-8)Neu5Ac(a2-3)]Gal(b1-4)Glc(b1-Sp0,4.658425000000001,5.724500000000001,3.3871499999999983,-35.741175
Gal(a1-3)[Fuc(a1-2)]Gal(b1-4)GlcNAc(b1-3)GalNAc(a1-Sp14,9.741225,10.799175000000005,6.666950000000003,-40.49289999999999
GalNAc(a1-3)[Fuc(a1-2)]Gal(b1-4)GlcNAc(b1-3)GalNAc(a1-Sp14,2.686275,2.623125,9.423050000000003,-15.323449999999996
GalNAc(a1-3)GalNAc(b1-3)Gal(a1-4)Gal(b1-4)Glc(b1-Sp0,299.980575,7411.296100000002,28030.704725000003,25307.801700000004
Fuc(a1-2)Gal(b1-4)[Fuc(a1-3)]GlcNAc(b1-3)GalNAc(a1-Sp14,30.03997499999999,34.012975,38.437675,-110.415975
Gal(a1-3)[Fuc(a1-2)]Gal(b1-4)[Fuc(a1-3)]GlcNAc(b1-3)GalNAc(a1-Sp14,7.944675,29.250350000000005,8.839249999999991,-21.681349999999995
GalNAc(a1-3)[Fuc(a1-2)]Gal(b1-4)[Fuc(a1-3)]GlcNAc(b1-3)GalNAc(a1-Sp14,26.822075,19.714825,26.7148,14.304774999999992
Gal(b1-4)[Fuc(a1-3)]GlcNAc(b1-2)Man(a1-6)[Gal(b1-4)[Fuc(a1-3)]GlcNAc(b1-2)Man(a1-3)]Man(b1-4)GlcNAc(b1-4)[Fuc(a1-6)]GlcNAc(b1-Sp22,8.689275000000002,19.304525,0.9537250000000004,-82.21287499999998
Fuc(a1-2)Gal(b1-4)GlcNAc(b1-2)Man(a1-6)[Fuc(a1-2)Gal(b1-4)GlcNAc(b1-2)Man(a1-3)]Man(b1-4)GlcNAc(b1-4)[Fuc(a1-6)]GlcNAc(b1-Sp22,17.04845,20.969050000000006,13.8378,-12.458699999999995
GlcNAc(b1-2)[GlcNAc(b1-6)]Man(a1-6)[GlcNAc(b1-2)Man(a1-3)]Man(b1-4)GlcNAc(b1-4)GlcNAc(b1-Sp19,7.976175,3.9046249999999993,7.176399999999999,-24.003374999999995
Fuc(a1-2)Gal(b1-3)GlcNAc(b1-3)GalNAc(a1-Sp14,20.69525,13.468325,8.165575000000002,13.509975000000004
Gal(a1-3)[Fuc(a1-2)]Gal(b1-3)GlcNAc(b1-3)GalNAc(a1-Sp14,7.93784999999999,10.014149999999997,7.710450000000005,-40.82074999999999
GalNAc(a1-3)[Fuc(a1-2)]Gal(b1-3)GlcNAc(b1-3)GalNAc(a1-Sp14,19.360225,10.698699999999997,8.251100000000001,-32.305325
Gal(a1-3)Gal(b1-3)GlcNAc(b1-3)GalNAc(a1-Sp14,8.673425000000005,14.356549999999995,2.2994250000000003,-34.37417500000001
Fuc(a1-2)Gal(b1-3)GlcNAc(b1-2)Man(a1-6)[Fuc(a1-2)Gal(b1-3)GlcNAc(b1-2)Man(a1-3)]Man(b1-4)GlcNAc(b1-4)[Fuc(a1-6)]GlcNAc(b1-Sp22,18.940550000000005,7.102125000000006,5.431449999999997,-32.32272499999999
Gal(a1-3)[Fuc(a1-2)]Gal(b1-4)GlcNAc(b1-2)Man(a1-6)[Gal(a1-3)[Fuc(a1-2)]Gal(b1-4)GlcNAc(b1-2)Man(a1-3)]Man(b1-4)GlcNAc(b1-4)[Fuc(a1-6)]GlcNAc(b1-Sp22,14.880774999999995,16.6045,5.985275,-41.59604999999999
Gal(b1-3)GlcNAc(b1-6)[Gal(b1-3)GlcNAc(b1-2)]Man(a1-6)[Gal(b1-3)GlcNAc(b1-2)Man(a1-3)]Man(b1-4)GlcNAc(b1-4)GlcNAc(b1-Sp19,2.7707249999999988,20.057250000000003,-0.7346499999999967,-12.499499999999998
Gal(b1-4)GlcNAc(b1-6)[Fuc(a1-2)Gal(b1-3)GlcNAc(b1-3)]Gal(b1-4)Glc(a1-Sp21,7.09915,-1.05875,7.384200000000002,-41.084425
Fuc(a1-3)GlcNAc(b1-6)[Gal(b1-4)GlcNAc(b1-3)]Gal(b1-4)Glc(a1-Sp21,11.198200000000005,26.650800000000004,19.757925,-21.72925
GlcNAc(b1-2)Man(a1-6)[GlcNAc(b1-4)][GlcNAc(b1-2)Man(a1-3)]Man(b1-4)GlcNac(b1-4)GlcNAc(a1-Sp21,-0.2746750000000002,0.8329499999999985,-8.259525000000002,-50.64507499999999
GlcNAc(b1-2)Man(a1-6)[GlcNAc(b1-4)][GlcNAc(b1-4)[GlcNAc(b1-2)]Man(a1-3)]Man(b1-4)GlcNAc(b1-4)GlcNAc(a1-Sp21,-1.6403249999999998,3.763675000000001,2.0580500000000006,-46.649475
GlcNAc(b1-6)[GlcNAc(b1-2)]Man(a1-6)[GlcNAc(b1-4)][GlcNAc(b1-2)Man(a1-3)]Man(b1-4)GlcNAc(b1-4)GlcNAc(a1-Sp21,2.431875,7.272425,2.498099999999999,3.0649500000000023
GlcNAc(b1-6)[GlcNAc(b1-2)]Man(a1-6)[GlcNAc(b1-4)][GlcNAc(b1-4)[GlcNAc(b1-2)]Man(a1-3)]Man(b1-4)GlcNAc(b1-4)GlcNAc(a1-Sp21,9.01425,4.924600000000002,5.1258,-89.047675
Gal(b1-4)GlcNAc(b1-2)Man(a1-6)[GlcNAc(b1-4)][Gal(b1-4)GlcNAc(b1-2)Man(a1-3)]Man(b1-4)GlcNAc(b1-4)GlcNAc(a1-Sp21,0.257575000000001,-0.7735999999999992,3.3275749999999995,5357.036575
Gal(b1-4)GlcNAc(b1-2)Man(a1-6)[GlcNAc(b1-4)][Gal(b1-4)GlcNAc(b1-4)[Gal(b1-4)GlcNAc(b1-2)]Man(a1-3)]Man(b1-4)GlcNAc(b1-4)GlcNAc(a1-Sp21,7.606575000000001,1.0563749999999992,5.389850000000001,821.462275
Gal(b1-4)GlcNAc(b1-6)[Gal(b1-4)GlcNAc(b1-2)]Man(a1-6)[GlcNAc(b1-4)][Gal(b1-4)GlcNAc(b1-2)Man(a1-3)]Man(b1-4)GlcNAc(b1-4)GlcNAc(a1-Sp21,-3.0248000000000013,3.0028000000000006,5.249725,2604.67315
Gal(b1-4)GlcNAc(b1-6)[Gal(b1-4)GlcNAc(b1-2)]Man(a1-6)[GlcNAc(b1-4)][Gal(b1-4)GlcNAc(b1-4)[Gal(b1-4)GlcNAc(b1-2)]Man(a1-3)]Man(b1-4)GlcNAc(b1-4)GlcNAc(a1-Sp21,2.3676250000000003,11.358725000000002,25.420375,2753.3738500000013
Gal(b1-4)Gal(b1-Sp10,17.347675,5.6197500000000025,-8.380125,-109.6266
Gal(b1-6)Gal(b1-Sp10,7.162549999999998,-3.1983,1.1413999999999989,-198.4232
Neu5Ac(a2-3)Gal(b1-4)GlcNAc(b1-3)Gal(b1-Sp8,-4.865974999999963,-5.3417,-5.592275000000001,-41.418175000000026
GalNAc(b1-6)GalNAc(b1-Sp8,6.102574999999996,-1.910999999999996,-2.0984000000000025,-97.788175
(6S)Gal(b1-3)GlcNAc(b1-Sp0,-8.3444,4.3446750000000005,-16.8686,-34.43092500000001
(6S)Gal(b1-3)(6S)GlcNAc(a1-Sp0,-1.8976000000000008,6.278049999999999,-6.118999999999998,-17.730325000000004
Fuc(a1-2)Gal(b1-4) GlcNAc(b1-2)Man(a1-6)[Fuc(a1-2)Gal(b1-4)GlcNAc(b1-2)[Fuc(a1-2)Gal(b1-4)GlcNAc(b1-4)]Man(a1-3)]Man(b1-4)GlcNAc(b1-4)GlcNAc(b1-N,20.907475,31.892275,48.56667500000002,1179.8435
Fuc(a1-2)Gal(b1-4)[Fuc(a1-3)]GlcNAc(b1-2)Man(a1-6)[Fuc(a1-2)Gal(b1-4)[Fuc(a1-3)]GlcNAc(b1-4)[Fuc(a1-2)Gal(b1-4)[Fuc(a1-3)]GlcNAc(b1-2)]Man(a1-3)]Man(b1-4)GlcNAc(b1-4)GlcNAc(b1-N,12.486025000000005,32.0418,27.026175,-4.356874999999974
Gal(b1-4)[Fuc(a1-3)]GlcNAc(b1-6)GalNAc(a1-Sp14,7.8873,14.56025,18.04515,-26.40482500000001
Gal(b1-4)GlcNAc(b1-2)Man(a1-Sp0,-2.6590750000000014,5.1659000000000015,-6.3515,-17.866300000000006
Fuc(a1-2)Gal(b1-4)GlcNAc(b1-6)[Fuc(a1-2)Gal(b1-4)GlcNAc(b1-3)]GalNAc(a1-Sp14,15.132925,1.7156000000000002,3.5402000000000005,-35.55987500000001
Gal(a1-3)Fuc(a1-2)Gal(b1-4)GlcNAc(b1-6)[Gal(a1-3)Fuc(a1-2)Gal(b1-4)GlcNAc(b1-3)]GalNAc(a1-Sp14,19.6447,0.4000499999999967,1.694550000000003,-38.36810000000001
GalNAc(a1-3)[Fuc(a1-2)]Gal(b1-4)GlcNAc(b1-6)[GalNAc(a1-3)[Fuc(a1-2)]Gal(b1-4)GlcNAc(b1-3)]GalNAc(a1-Sp14,-1.3518,2.7550999999999988,9.751074999999998,730.2626
Neu5Ac(a2-8)Neu5Ac(a2-3)Gal(b1-3)GalNAc(b1-4)[Neu5Ac(a2-8)Neu5Ac(a2-3)]Gal(b1-4)Glc(b1-Sp0,0.09622500000000044,5.361099999999999,-6.874200000000003,-33.452325
GalNAc(b1-4)Gal(b1-4)Glc(b1-Sp0,-6.000300000000001,4.06795,12.988925000000002,-42.704225
GalNAc(a1-3)[Fuc(a1-2)]Gal(b1-4)GlcNAc(b1-2)Man(a1-6)[GalNAc(a1-3)[Fuc(a1-2)]Gal(b1-4)GlcNAc(b1-2)Man(a1-3)]Man(b1-4)GlcNAc(b1-4)[Fuc(a1-6)]GlcNAc(b1-Sp22,3.403999999999998,15.30585,7.259224999999999,-19.226274999999987
Gal(a1-3)[Fuc(a1-2)]Gal(b1-3)GlcNAc(b1-2)Man(a1-6)[Gal(a1-3)[Fuc(a1-2)]Gal(b1-3)GlcNAc(b1-2)Man(a1-3)]Man(b1-4)GlcNAc(b1-4)[Fuc(a1-6)]GlcNAc(b1-Sp22,22.3736,9.198499999999996,13.376900000000004,-88.64445
Neu5Ac(a2-6)Gal(b1-4)GlcNAc(b1-6)[Fuc(a1-2)Gal(b1-3)GlcNAc(b1-3)]Gal(b1-4)Glc(a1-Sp21,3.5670749999999987,7.611700000000001,17.011525,-48.08257500000001
GalNAc(a1-3)[Fuc(a1-2)]Gal(b1-3)GlcNAc(b1-2)Man(a1-6)[GalNAc(a1-3)[Fuc(a1-2)]Gal(b1-3)GlcNAc(b1-2)Man(a1-3)]Man(b1-4)GlcNAc(b1-4)[Fuc(a1-6)]GlcNAc(b1-Sp22,-3.6506000000000007,2.5901750000000003,8.338125,102.195425
Gal(b1-4)GlcNAc(b1-6)[Gal(b1-4)GlcNAc(b1-2)]Man(a1-6)[Gal(b1-4)GlcNAc(b1-2)Man(a1-3)]Man(b1-4)GlcNAc(b1-4)GlcNAc(b1-Sp19,0.3574749999999991,3.3023000000000007,36.405525,78.55129999999997
Neu5Ac(a2-3)Gal(b1-4)GlcNAc(b1-2)Man(a1-6)[GlcNAc(b1-4)][Neu5Ac(a2-3)Gal(b1-4)GlcNAc(b1-2)Man(a1-3)]Man(b1-4)GlcNAc(b1-4)GlcNAc(b1-Sp21,2.0369499999999974,-1.0080999999999998,-7.880874999999999,2.6761750000000006
Neu5Ac(a2-3)Gal(b1-4)GlcNAc(b1-4)Man(a1-6)[GlcNAc(b1-4)][Neu5Ac(a2-3)Gal(b1-4)GlcNAc(b1-4)[Neu5Ac(a2-3)Gal(b1-4)GlcNAc(b1-2)]Man(a1-3)]Man(b1-4)GlcNAc(b1-4)GlcNAc(b1-Sp21,6.233225000000001,-4.854025,1.582699999999999,-152.740775
Neu5Ac(a2-3)Gal(b1-4)GlcNAc(b1-6)[Neu5Ac(a2-3)Gal(b1-4)GlcNAc(b1-2)]Man(a1-6)[GlcNAc(b1-4)][Neu5Ac(a2-3)Gal(b1-4)GlcNAc(b1-2)Man(a1-3)]Man(b1-4)GlcNAc(b1-4)GlcNAc(b1-Sp21,3.310900000000002,2.037749999999999,0.4167499999999995,-79.430775
Neu5Ac(a2-3)Gal(b1-4)GlcNAc(b1-6)[Neu5Ac(a2-3)Gal(b1-4)GlcNAc(b1-2)]Man(a1-6)[GlcNAc(b1-4)][Neu5Ac(a2-3)Gal(b1-4)GlcNAc(b1-4)[Neu5Ac(a2-3)Gal(b1-4)GlcNAc(b1-2)]Man(a1-3)]Man(b1-4)GlcNAc(b1-4)GlcNAc(b1-Sp21,-2.417349999999999,2.649074999999998,1.6650750000000034,-160.643575
Neu5Ac(a2-6)Gal(b1-4)GlcNAc(b1-2)Man(a1-6)[GlcNAc(b1-4)][Neu5Ac(a2-6)Gal(b1-4)GlcNAc(b1-2)Man(a1-3)]Man(b1-4)GlcNAc(b1-4)GlcNAc(b1-Sp21,-4.241099999999999,-3.009475000000002,-1.75685,-83.67549999999997
Neu5Ac(a2-6)Gal(b1-4)GlcNAc(b1-4)Man(a1-6)[GlcNAc(b1-4)][Neu5Ac(a2-6)Gal(b1-4)GlcNAc(b1-4)[Neu5Ac(a2-6)Gal(b1-4)GlcNAc(b1-2)]Man(a1-3)]Man(b1-4)GlcNAc(b1-4)GlcNAc(b1-Sp21,4.163524999999994,-0.7868749999999984,10.3433500000001,-177.96005
Neu5Ac(a2-6)Gal(b1-4)GlcNAc(b1-6)[Neu5Ac(a2-6)Gal(b1-4)GlcNAc(b1-2)]Man(a1-6)[GlcNAc(b1-4)][Neu5Ac(a2-6)Gal(b1-4)GlcNAc(b1-2)Man(a1-3)]Man(b1-4)GlcNAc(b1-4)GlcNAc(b1-Sp21,-1.6930499999999995,-3.635200000000001,-3.942375000000001,-57.07927500000001
Neu5Ac(a2-6)Gal(b1-4)GlcNAc(b1-6)[Neu5Ac(a2-6)Gal(b1-4)GlcNAc(b1-2)]Man(a1-6)[GlcNAc(b1-4)][Neu5Ac(a2-6)Gal(b1-4)GlcNAc(b1-4)[Neu5Ac(a2-6)Gal(b1-4)GlcNAc(b1-2)]Man(a1-3)]Man(b1-4)GlcNAc(b1-4)GlcNAc(b1-Sp21,4.456499999999998,9.247975000000002,8.016000000000002,-135.64365
Gal(a1-3)[Fuc(a1-2)]Gal(b1-3)GalNAc(a1-Sp8,1.114375,3.733675,-3.21425,-79.20087500000002
Gal(a1-3)[Fuc(a1-2)]Gal(b1-3)GalNAc(b1-Sp8,15.718675,-2.39345,2.0021249999999995,-37.1165
Glc(a1-6)Glc(a1-6)Glc(a1-6)Glc(b1-Sp10,7.0543999999999984,1.4042250000000005,5.766800000000003,-17.035075
Glc(a1-4)Glc(a1-4)Glc(a1-4)Glc(b1-Sp10,3.42375,1.1121750000000006,4.152200000000004,-11.354974999999989
Neu5Ac(a2-3)Gal(b1-4)GlcNAc(b1-6)[Neu5Ac(a2-3)Gal(b1-4)GlcNAc(b1-3)]GalNAc(a1-Sp14,11.171375,2.5320750000000016,2.568949999999999,-10.325075000000002
Fuc(a1-2)Gal(b1-4)[Fuc(a1-3)]GlcNAc(b1-2)Man(a1-6)[Fuc(a1-2)Gal(b1-4)[Fuc(a1-3)]GlcNAc(b1-2)Man(a1-3)]Man(b1-4)GlcNAc(b1-4)[Fuc(a1-6)]GlcNAc(b1-Sp24,27.66119999999999,22.43372500000001,12.023475,72.27102500000002
Fuc(a1-2)Gal(b1-3)[Fuc(a1-4)]GlcNAc(b1-2)Man(a1-6)[Fuc(a1-2)Gal(b1-3)[Fuc(a1-4)]GlcNAc(b1-2)Man(a1-3)]Man(b1-4)GlcNAc(b1-4)[Fuc(a1-6)]GlcNA(cb-S)p(1-4)[Fuc(a1-6)]GlcNAc(b1-Sp19,7.7272,12.131025,14.272275,-21.745725000000004
Neu5Ac(a2-3)Gal(b1-3)GlcNAc(b1-6)[Neu5Ac(a2-3)Gal(b1-4)GlcNAc(b1-2)]Man(a1-6)[Neu5Ac(a2-3)Gal(b1-3)GlcNAc(b1-2)Man(a1-3)]Man(b1-4)GlcNAc(b1-4)GlcNAc(b1-Sp19,2.7304250000000057,1.951349999999998,-5.034249999999998,-19.474675
GlcNAc(b1-6)[GlcNAc(b1-2)]Man(a1-6)[GlcNAc(b1-2)Man(a1-3)]Man(b1-4)GlcNAc(b1-4)[Fuc(a1-6)]GlcNAc(b1-Sp24,2.216675000000002,15.452274999999998,14.251500000000002,-33.85655
Gal(b1-3)GlcNAc(b1-2)Man(a1-6)[GlcNAc(b1-4)][Gal(b1-3)GlcNAc(b1-2)Man(a1-3)]Man(b1-4)GlcNAc(b1-4)GlcNAc(b1-Sp21,31.04875,4.272450000000003,11.249099999999995,-23.051199999999994
Neu5Ac(a2-6)Gal(b1-4)GlcNAc(b1-6)[Gal(b1-3)GlcNAc(b1-3)]Gal(b1-4)Glc(b1-Sp21,5.381875,2.7841000000000005,-2.01685,-50.20847500000001
Neu5Ac(a2-3)Gal(b1-4)GlcNAc(b1-2)Man(a1-Sp0,0.49082500000000107,8.594675000000002,21.454525000000004,-33.48510000000001
Neu5Ac(a2-3)Gal(b1-4)GlcNAc(b1-6)GalNAc(a1-Sp14,-4.218350000000001,0.1035499999999967,14.900275000000002,-36.684075
Neu5Ac(a2-6)Gal(b1-4)GlcNAc(b1-6)GalNAc(a1-Sp14,1.8190500000000007,9.779500000000002,5.487275000000004,-66.794225
Neu5Ac(a2-6)Gal(b1-4)GlcNAc(b1-6)[Neu5Ac(a2-6)Gal(b1-4)GlcNAc(b1-3)]GalNAc(a1-Sp14,4.227600000000002,-7.720799999999999,0.4787999999999997,-169.158125
Neu5Ac(a2-6)Gal(b1-4)GlcNAc(b1-2)Man(a1-6)[Neu5Ac(a2-6)Gal(b1-4)GlcNAc(b1-2)Man(a1-3)]Man(b1-4)GlcNAc(b1-4)[Fuc(a1-6)]GlcNAc(b1-Sp24,10.85,9.083624999999998,7.85,-9.98245
Neu5Ac(a2-3)Gal(b1-4)GlcNAc(b1-2)Man(a1-6)[Neu5Ac(a2-3)Gal(b1-4)GlcNAc(b1-2)Man(a1-3)]Man(b1-4)GlcNAc(b1-4)[Fuc(a1-6)]GlcNAc(b1-Sp24,8.367924999999998,2.259625,2.360625,-75.998775
Man(a1-6)[Man(a1-3)]Man(b1-4)GlcNAc(b1-4)[Fuc(a1-6)]GlcNAc(b1-Sp19,0.7022499999999976,4056.002725,-1.413450000000001,746.05395
Gal(b1-4)GlcNAc(b1-6)[Gal(b1-4)GlcNAc(b1-2)]Man(a1-6)[Gal(b1-4)GlcNAc(b1-2)Man(a1-3)]Man(b1-4)GlcNAc(b1-4)[Fuc(a1-6)]GlcNAc(b1-Sp24,17.37105,3.423925000000001,28.47367500000001,1164.939875
Neu5Ac(a2-3)Gal(b1-3)GlcNAc(b1-2)Man(a1-6)[GlcNAc(b1-4)][Neu5Ac(a2-3)Gal(b1-3)GlcNAc(b1-2)Man(a1-3)]Man(b1-4)GlcNAc(b1-4)GlcNAc(a1-Sp21,4.8398,1.7095000000000002,-11.63825,14.988075
Neu5Ac(a2-6)Gal(b1-4)GlcNAc(b1-6)[Fuc(a1-2)Gal(b1-4)[Fuc(a1-3)]GlcNAc(b1-3)]Gal(b1-4)Glc(a1-Sp21,1.1774249999999975,0.8237999999999985,-0.7157750000000007,-192.84685
Gal(b1-3)GlcNAc(b1-6)GalNAc(a1-Sp14,-2.9478500000000007,12.188074999999998,-15.021375,100.751325
Gal(a1-3)Gal(b1-3)GlcNAc(b1-6)GalNAc(a1-Sp14,3.315,-2.276200000000001,-0.012975000000000849,-259.84349999999995
Gal(b1-3)[Fuc(a1-4)]GlcNAc(b1-6)GalNAc(a1-Sp14,16.525099999999995,4.3659500000000016,1.2975999999999992,-46.44097499999998
Neu5Ac(a2-3)Gal(b1-3)GlcNAc(b1-6)GalNAc(a1-Sp14,1.9055499999999976,6.580799999999997,6.902699999999999,-34.3923
(3S)Gal(b1-3)[Fuc(a1-4)]GlcNAc(b1-Sp0,24.420325000000005,13.041224999999995,2.902325000000001,-15.046424999999942
Gal(b1-4)[Fuc(a1-3)]GlcNAc(b1-6)[Neu5Ac(a2-6)[Neu5Ac(a2-3)Gal(b1-3)]GlcNAc(b1-3)]Gal(b1-4)Glc(a1-Sp21,5.4455750000000025,3.197925,9.145525000000003,-16.079925
Fuc(a1-2)Gal(b1-4)GlcNAc(b1-6)GalNAc(a1-Sp14,7.0456499999999975,22.677575,21.077375,-5.2893500000000016
Gal(a1-3)Gal(b1-4)GlcNAc(b1-6)GalNAc(a1-Sp14,2.6312999999999995,-0.16625,9.215975,-26.05095
Gal(b1-4)[Fuc(a1-3)]GlcNAc(b1-2)Man(a1-Sp0,6.445399999999999,-1.965675000000001,3.923625000000003,-13.5738
Fuc(a1-2)(6S)Gal(b1-3)GlcNAc(b1-Sp0,34.401349999999994,-1.2916999999999987,-4.54945,395.79115
Gal(a1-3)[Fuc(a1-2)]Gal(b1-4)GlcNAc(b1-6)GalNAc(a1-Sp14,2.9588250000000014,0.20482500000000048,-0.43607499999999977,-14.407125
Fuc(a1-2)Gal(b1-4)GlcNAc(b1-2)Man(a1-Sp0,8.4953,-3.8437,17.502625,-43.3629
Fuc(a1-2)Gal(b1-3)(6S)GlcNAc(b1-Sp0,-0.5598999999999991,12.336574999999995,-1.3415500000000011,-14.620999999999999
Fuc(a1-2)(6S)Gal(b1-3)(6S)GlcNAc(b1-Sp0,17.974200000000003,9.086000000000002,21.428225,-35.58182500000004
Neu5Ac(a2-6)GalNAc(b1-4)(6S)GlcNAc(b1-Sp8,-4.273575000000001,2.2199249999999977,-7.195924999999999,-71.06924999999998
GalNAc(b1-4)[Fuc(a1-3)](6S)GlcNAc(b1-Sp8,3.7029250000000014,6.957525,6.737874999999999,-15.747674999999989
(3S)GalNAc(b1-4)[Fuc(a1-3)]GlcNAc(b1-Sp8,-3.615899999999998,4.1016249999999985,-2.7526499999999987,-71.69659999999998
Fuc(a1-2)Gal(b1-3)GlcNAc(b1-6)[Fuc(a1-2)Gal(b1-3)GlcNAc(b1-3)]GalNAc(a1-Sp14,9.8817,12.268125,7.271324999999999,-25.237725
GalNAc(a1-3)[Fuc(a1-2)]Gal(b1-3)GlcNAc(b1-6)GalNAc(a1-Sp14,0.24207499999999985,-7.724799999999997,0.3910499999999999,-123.610925
GlcNAc(b1-6)[GlcNAc(b1-2)]Man(a1-6)[GlcNAc(b1-4)][GlcNAc(b1-4)[GlcNAc(b1-2)]Man(a1-3)]Man(b1-4)GlcNAc(b1-4)[Fuc(a1-6)]GlcNAc(a1-Sp21,-6.355174999999999,0.5040499999999986,-9.990925,0.19600000000000328
Gal(b1-4)GlcNAc(b1-6)[Gal(b1-4)GlcNAc(b1-2)]Man(a1-6)[GlcNAc(b1-4)]Gal(b1-4)GlcNAc(b1-4)[Gal (b1-4)GlcNAc(b1-2)]Man(a1-3)]Man(b1-4)GlcNAc(b1-4)[Fuc(a1-6)]GlcNAc(a1-Sp21,3.425849999999997,-7.5618250000000025,27.360699999999994,4144.905425000001
Gal(b1-3)GlcNAc(a1-3)Gal(b1-4)GlcNAc(b1-Sp8 ,-3.586400000000001,-1.203149999999999,-29.02765,2089.44685
Gal(b1-3)(6S)GlcNAc(b1-Sp8 ,-9.806425,-8.92875,-2.4063749999999997,-157.471675
(6S)(4S)GalNAc(b1-4)GlcNAc(a1-Sp8,-13.752075,-2.9665999999999983,-6.79555,-57.03714999999998
(6S)GalNAc(b1-4)GlcNAc(a1-Sp8 ,-2.9687749999999986,-8.783274999999998,-6.7241500000000025,-32.70285
(3S)GalNAc(b1-4)(3S)GlcNAc(a1-Sp8,-5.626225,-6.732449999999997,-11.89994999999999,-93.042975
GalNAc(b1-4)(6S)GlcNAc(a1-Sp8 ,368.986275,4703.335800000002,35117.3231,46931.6914
(3S)GalNAc(b1-4)GlcNAc(a1-Sp8 ,5.763324999999997,1.3727750000000016,-0.3465500000000006,-23.26565
(4S)GalNac(b1-Sp10,0.14354999999999762,5.60275,8.600550000000002,-44.79765
Gal(b1-4)(6P)GlcNAc(b1-Sp0 ,7.392674999999998,-0.9046500000000002,8.845475,-22.733425000000004
(6P)Gal(b1-4)GlcNAc(b1-SP0 ,-2.7800999999999987,-1.3253749999999993,-0.19962500000000288,0.7082749999999987
GalNAc(a1-3)[Fuc(a1-2)]Gal(b1-4)GlcNAc(b1-6)GalNAc(a1-Sp14,18.0013,295.8502000000001,6727.53535,16927.189275
Neu5Ac(a2-6)Gal(b1-4)GlcNAc(b1-2)Ma(n1-Sp0,14.376950000000004,2.435125000000001,3.0495,19.62267500000001
Gal(a1-3)Gal(b1-4)GlcNAc(b1-2)Man(a1-Sp0,27.160750000000014,7.122774999999999,4.1426,65.14595
Gal(a1-3)[Fuc(a1-2)]Gal(b1-4)GlcNAc(b1-2)Man(a1-Sp0,12.2575,-3.9743,-8.875524999999998,-18.395200000000006
GalNAc(a1-3)[Fuc(a1-2)]Gal(b1-4) GlcNAc(b1-2)Man(a1-Sp0,13.705225,3.045299999999997,9.965650000000002,17.828325
 Gal(b1-3)GlcNAc(b1-2)Man(a1-Sp0,9.993925,-1.9072249999999968,7.9017000000000035,-28.23904999999999
Gal(a1-3)[Fuc(a1-2)]Gal(b1-3)GlcNAc(b1-6)GalNAc(a1-Sp14,15.920525000000026,8.505825,8.974325000000004,-32.43152500000008
Neu5Ac(a2-3)Gal(b1-3)GlcNAc(b1-2)Man(a1-Sp0,-3.7301249999999992,13.987775000000005,19.5293,-40.570949999999975
Gal(a1-3)Gal(b1-3)GlcNAc(b1-2)Man(a1-Sp0,3.8246,6.928125,-8.857149999999997,855.1377
GalNAc(b1-4)GlcNAc(b1-2)Man(a1-Sp0,307.8091250000001,5136.34245,34292.754775,38128.15022500001
Neu5Ac(a2-3)Gal(b1-3)GlcNAc(b1-4)Gal(b1-4)Glc(b1-Sp0,-3.0827500000000008,0.9546999999999979,0.5444750000000003,-20.25775
GlcNAc(b1-2) Man(a1-6)[GlcNAc(b1-4)][GlcNAc(b1-2)Man(a1-3)]Man(b1-4)GlcNAc(b1-4)[Fuc(a1-6)]GlcNAc(a1-Sp21,5.343725000000001,4.19645,6.70875,-49.07492500000001
Gal(b1-4)GlcNAc(b1-2)Man(a1-6)[GlcNAc(b1-4)][Gal(b1-4)GlcNAc(b1-2)Man(a1-3)]Man(b1-4)GlcNAc(b1-4)[Fuc(a1-6)]GlcNAc(a1-Sp21,5.4185750000000015,3.971399999999999,7.059850000000001,1809.767125
Gal(b1-4)GlcNAc(b1-2)Man(a1-6)[Gal(b1-4)GlcNAc(b1-4)][Gal(b1-4)GlcNAc(b1-2)Man(a1-3)]Man(b1-4)GlcNAc(b1-4)[Fuc(a1-6)]GlcNAc(a1-Sp21,-3.4988999999999972,9.642550000000002,12.7075,-46.870224999999984
Fuc(a1-4)[Gal(b1-3)]GlcNAc(b1-2)Man(a1-Sp0,4.588500000000002,8.4948,11.123,-57.77829999999997
Neu5Ac(a2-3)Gal(b1-4)[Fuc(a1-3)]GlcNAc(b1-2)Man(a1-Sp0,14.195399999999998,2.522625,-5.024700000000001,-9.192450000000008
GlcNAc(b1-3)Gal(b1-4)GlcNAc(b1-6)[GlcNAc(b1-3)]Gal(b1-4)GlcNAc(a1-Sp0,7.397325000000002,-3.742799999999999,-1.8102250000000009,-44.42222500000002
GalNAc(a1-3)[Fuc(a1-2)]Gal(b1-3)GalNAc(b1-3)Gal(a1-4)Gal(b1-4)Glc(a1-Sp21,-2.9132750000000005,-8.545199999999998,-1.3160249999999998,-55.05002500000001
Gal(a1-3)[Fuc(a1-2)]Gal(b1-3)GalNAc(b1-3)Gal(a1-4)Gal(b1-4)Glc(a1-Sp21,9.351125,-0.3906749999999999,-3.578425,-30.51592500000001
Gal(b1-3)GalNAc(b1-3)Ga(l1-Sp21,2.212400000000001,5.9741750000000025,10.216724999999997,-51.82022499999998
GlcNAc(b1-3)Gal(b1-4)GlcNAc(b1-2)Man(a1-6)[GlcNAc(b1-3)Gal(b1-4)GlcNAc(b1-2)Man(a1-3)]Man(b1-4)GlcNAc(b1-4)GlcNAc(b1-Sp12,-1.0208499999999994,-1.0139249999999969,-2.865625,-10.0488
GlcNAc(b1-3)Gal(b1-4)GlcNAc(b1-2)Man(a1-6)[GlcNAc(b1-3)Gal(b1-4)GlcNAc(b1-2)Man(a1-3)]Man(b1-4)GlcNAc(b1-4)GlcNAc(b1-Sp25,12.22285,24.837975,14.836749999999993,-5.284150000000002
Gal(b1-4)GlcNAc(b1-3)Gal(b1-4)GlcNAc(b1-2)Man(a1-6)[Gal(b1-4)GlcNAc(b1-3)Gal(b1-4)GlcNAc(b1-2)Man(a1-3)]Man(b1-4)GlcNAc(b1-4)GlcNAc(b1-Sp12,78.421525,146.5451,143.68295,95.094525
Gal(b1-4)GlcNAc(b1-3)Gal(b1-4)GlcNAc(b1-2)Man(a1-6)[Gal(b1-4)GlcNAc(b1-3)Gal(b1-4)GlcNAc(b1-2)Man(a1-3)]Man(b1-4)GlcNAc(b1-4)GlcNAc(b1-Sp24,19.681325,9.8541,19.154275,349.10075
Neu5Gc(a2-3)Gal(b1-4)GlcNAc(b1-3)Gal(b1-4)GlcNAc(b1-2)Man(a1-6)[Neu5Gc(a2-3)Gal(b1-4)GlcNAc(b1-3)Gal(b1-4)GlcNAc(b1-2)Man(a1-3)]Man(b1-4)GlcNAc(b1-4)GlcNAc(b1-Sp24,17.138425,18.9353,18.777525000000004,1.120275000000003
Fuc(a1-2)Gal(b1-4)GlcNAc(b1-3)Gal(b1-4)GlcNAc(b1-2)Man(a1-6)[Fuc(a1-2)Gal(b1-4)GlcNAc(b1-3)Gal(b1-4)GlcNAc(b1-2)Man(a1-3)]Man(b1-4)GlcNAc(b1-4)GlcNAc(b1-Sp24,30.678325,24.17125,284.209575,8638.638125
GlcNAc(b1-3)Gal(b1-4)GlcNAc(b1-3)Gal(b1-4)GlcNAc(b1-2)Man(a1-6)[GlcNAc(b1-3)Gal(b1-4)GlcNAc(b1-3)Gal(b1-4)GlcNAc(b1-2)Man(a1-3)]Man(b1-4)GlcNAc(b1-4)GlcNAc(b1-Sp12,81.68790000000001,111.45752500000002,85.60037499999999,118.12967500000002
GlcNAc(b1-3)Gal(b1-4)GlcNAc(b1-3)Gal(b1-4)GlcNAc(b1-2)Man(a1-6)[GlcNAc(b1-3)Gal(b1-4)GlcNAc(b1-3)Gal(b1-4)GlcNAc(b1-2)Man(a1-3)]Man(b1-4)GlcNAc(b1-4)GlcNAc(b1-Sp25,19.5779,10.060025,15.210774999999993,-18.131725000000007
Gal(b1-4)GlcNAc(b1-3)Gal(b1-4)GlcNAc(b1-3)Gal(b1-4)GlcNAc(b1-2)Man(a1-6)[Gal(b1-4)GlcNAc(b1-3)Gal(b1-4)GlcNAc(b1-3)Gal(b1-4)GlcNAc(b1-2)Man(a1-3)]Man(b1-4)GlcNAc(b1-4)GlcNAc(b1-Sp12,75.7676,147.80462500000004,148.564275,883.008425
Gal(b1-4)GlcNAc(b1-3)Gal(b1-4)GlcNAc(b1-3)Gal(b1-4)GlcNAc(b1-2)Man(a1-6)[Gal(b1-4)GlcNAc(b1-3)Gal(b1-4)GlcNAc(b1-3)Gal(b1-4)GlcNAc(b1-2)Man(a1-3)]Man(b1-4)GlcNAc(b1-4)GlcNAc(b1-Sp24,48.57715,28.1659,81.63452500000002,1196.504775
GlcNAc(b1-3)Gal(b1-4)GlcNAc(b1-3)Gal(b1-4)GlcNAc(b1-3)Gal(b1-4)GlcNAc(b1-2)Man(a1-6)[GlcNAc(b1-3)Gal(b1-4)GlcNAc(b1-3)Gal(b1-4)GlcNAc(b1-3)Gal(b1-4)GlcNAc(b1-2)Man(a1-3)]Man(b1-4)GlcNAc(b1-4)GlcNAc(b1-Sp25,2.107025,6.8065750000000005,4.658150000000001,1.8326749999999803
Gal(b1-4)GlcNAc(b1-3)Gal(b1-4)GlcNAc(b1-3)Gal(b1-4)GlcNAc(b1-3)Gal(b1-4)GlcNAc(b1-2)Man(a1-6)[Gal(b1-4)GlcNAc(b1-3)Gal(b1-4)GlcNAc(b1-3)Gal(b1-4)GlcNAc(b1-3)Gal(b1-4)GlcNAc(b1-2)Man(a1-3)]Man(b1-4)GlcNAc(b1-4)GlcNAc(b1-Sp25,17.00850000000001,40.187,49.01472499999999,2610.00475
Gal(b1-3)GlcNAc(b1-3)Gal(b1-4)GlcNAc(b1-2)Man(a1-6)[Gal(b1-3)GlcNAc(b1-3)Gal(b1-4)GlcNAc(b1-2)Man(a1-3)]Man(b1-4)GlcNAc(b1-4)GlcNAc(a1-Sp25,6.067549999999999,5.996224999999999,11.75385,11.788000000000013
Neu5Gc(a2-8)Neu5Gc(a2-3)Gal(b1-4)GlcNAc(a1-Sp0,15.440025000000004,4.953375000000001,-4.455450000000002,3.169875000000001
Neu5Ac(a2-8)Neu5Gc(a2-3)Gal(b1-4)GlcNAc(a1-Sp0,1.3538249999999996,6.936824999999999,11.3607,-44.97820000000001
Neu5Gc(a2-8)Neu5Ac(a2-3)Gal(b1-4)GlcNAc(a1-Sp0,0.5815750000000008,0.4218999999999991,-1.3381999999999978,-16.975749999999994
Neu5Gc(a2-8)Neu5Gc(a2-3)Gal(b1-4)GlcNAc(b1-3)Gal(b1-4)GlcNAc(a1-Sp0,2.689099999999999,5.841850000000001,10.190225000000002,-58.63205
Neu5Gc(a2-8)Neu5Gc(a2-6)Gal(b1-4)GlcNAc(a1-Sp0,14.438349999999994,9.012375,6.802099999999999,-43.54324999999999
Neu5Ac(a2-8)Neu5Ac(a2-3)Gal(b1-4)GlcNAc(a1-Sp0,9.213824999999996,10.7846,-2.8176499999999987,8.405375000000006
GlcNAc(b1-3)Gal(b1-4)GlcNAc(b1-6)[GlcNAc(b1-3)Gal(b1-4)GlcNAc(b1-2)]Man(a1-6)[GlcNAc(b1-3)Gal(b1-4)GlcNAc(b1-2)]Man(a1-3)]Man(b1-4)GlcNAc(b1-4)GlcNAc(a1-Sp24,2.8827,26.010925000000004,20.834850000000007,831.0449249999997
Gal(b1-4)GlcNAc(b1-3)Gal(b1-4)GlcNAc(b1-6)[Gal(b1-4)GlcNAc(b1-3)Gal(b1-4)GlcNAc(b1-2)]Man(a1-6)[Gal(b1-4)GlcNAc(b1-3)Gal(b1-4)GlcNAc(b1-2)Man(a1-3)]Man(a1-4)GlcNAc(b1-4)GlcNAc(a1-Sp24,22.41905,27.5177,78.01702499999998,732.9847
Gal(a1-3)Gal(b1-4)GlcNAc(b1-2)Man(a1-6)[Gal(a1-3)Gal(b1-4)GlcNAc(b1-2)Man(a1-3)]Man(b1-4)GlcNAc(b1-4)GlcNAc(a1-Sp24,9.961125000000004,4.7611750000000015,24.661625,353.226125
GlcNAc(b1-3)Gal(b1-4)GlcNAc(b1-6)[GlcNAc(b1-3)Gal(b1-3)]GalNAc(a1-Sp14,2.619850000000003,10.137125,-5.9444500000000025,-31.25175
GalNAc(b1-3)GlcNAc(b1-Sp0 ,16.235049999999994,1209.969475,19143.730825,37941.67945000002
GalNAc(b1-4)GlcNAc(b1-3)GalNAc(b1-4)GlcNAc(b1-Sp0 ,452.0045499999998,8791.608349999999,36266.84455,37597.281475
GlcNAc(b1-3)Gal(b1-4)GlcNAc(b1-3)Gal(b1-4)GlcNAc(b1-3)Gal(b1-4)GlcNAc(b1-3)Gal(b1-4)GlcNAc(b1-2)Man(a1-6)[GlcNAc(b1-3)Gal(b1-4)GlcNAc(b1-3)Gal(b1-4)GlcNAc(b1-3)Gal(b1-4)GlcNAc(b1-3)Gal(b1-4)GlcNAc(b1-2)Man(a1-3)]Man(b1-4)GlcNAc(b1-4)GlcNAc(b1-Sp25,4.983300000000002,23.46235,2.7997250000000005,-27.084675
Gal(b1-4)GlcNAc(b1-3)Gal(b1-4)GlcNAc(b1-3)Gal(b1-4)GlcNAc(b1-3)Gal(b1-4)GlcNAc(b1-3)Gal(b1-4)GlcNAc(b1-2)Man(a1-6)[Gal(b1-4)GlcNAc(b1-3)Gal(b1-4)GlcNAc(b1-3)Gal(b1-4)GlcNAc(b1-3)Gal(b1-4)GlcNAc(b1-3)Gal(b1-4)GlcNAc(b1-2)Man(a1-3)]Man(b1-4)GlcNAc(b1-4)GlcNAc(b1-Sp25,10.4519,20.4696,24.168149999999994,1310.430725
GlcNA(b1-3)Gal(b1-3)GalNAc(a1-Sp14,1.886925,5.553975000000001,1.063575000000001,-20.495800000000006
Gal(b1-3)GlcNAc(b1-6)[Gal(b1-3)]GalNAc(a1-Sp14,10.0261,-4.889075000000002,14.468799999999998,-162.440625
Gal(b1-4)GlcNAc(b1-3)Gal(b1-4)GlcNAc(b1-3)Gal(b1-4)GlcNAc(b1-3)Gal(b1-4)GlcNAc(b1-3)Gal(b1-4)GlcNAc(b1-3)Gal(b1-4)GlcNAc(b1-2)Man(a1-6)[Gal(b1-4)GlcNAc(b1-3)Gal(b1-4)GlcNAc(b1-3)Gal(b1-4)GlcNAc(b1-3)Gal(b1-4)GlcNAc(b1-3)Gal(b1-4)GlcNAc(b1-3)Gal(b1-4)GlcNAc(b1-2)Man(a1-3)]Man(b1-4)GlcNAc(b1-4)GlcNAc(b1-Sp25,4.396275000000001,8.389024999999998,84.76525000000002,5785.341250000001
(3S)GlcA(b1-3)Gal(b1-4)GlcNAc(b1-3)Gal(b1-4)Glc(a1-Sp0,-0.5526,-6.110950000000001,11.971374999999995,-202.710775
(3S)GlcA(b1-3)Gal(b1-4)GlcNAc(b1-2)Man(a1-Sp0,6.150725000000001,2.113450000000002,-8.891449999999997,-53.4074
Gal(b1-3)GlcNAc(b1-3)Gal(b1-4)GlcNAc(b1-3)Gal(b1-4)GlcNAc(b1-6)[Gal(b1-3)GlcNAc(b1-3)Gal(b1-4)GlcNAc(b1-3)Gal(b1-4)GlcNA(b1-2)]Man(a1-6)[Gal(b1-3)GlcNAc(b1-3)Gal(b1-4)GlcNAc(b1-3)Gal(b1-4)GlcNAc(b1-2)Man(a1-3)]Man(b1-4)GlcNAc(b1-4)[Fuc(a1-6)]GlcNAc(b1-Sp24,20.520250000000008,42.43042500000001,54.44002500000001,2340.910675
Gal(b1-3)GlcNAc(b1-3)Gal(b1-4)GlcNAc(b1-6)[Gal(b1-3)GlcNAc(b1-3)Gal(b1-4)GlcNA(b1-2)]Man(a1-6)[Gal(b1-3)GlcNAc(b1-3)Gal(b1-4)GlcNAc(b1-2)Man(a1-3)]Man(b1-4)GlcNAc(b1-4)[Fuc(a1-6)]GlcNAc(b1-Sp24,8.244375,24.3847,32.827675000000006,2778.098825
Neu5Ac(a2-8)Neu5Ac(a2-3)Gal(b1-3)GalNAc(b1-4)[Neu5Ac(a2-3)]Gal(b1-4)Glc(a1-Sp21,7.713349999999997,7.889049999999999,21.487275,-29.826625
GlcNAc(b1-3)Gal(b1-4)GlcNAc(b1-2)Man(a1-6)[GlcNAc(b1-3)Gal(b1-4)GlcNAc(b1-2)Man(a1-3)]Man(b1-4)GlcNAc(b1-4)[Fuc(a1-6)]GlcNAc(b1-Sp24,13.286399999999993,19.572075000000005,6.6086750000000025,5.925375000000031
Gal(b1-4)GlcNAc(b1-3)Gal(b1-4)GlcNAc(b1-2)Man(a1-6)[Gal(b1-4)GlcNAc(b1-3)Gal(b1-4)GlcNAc(b1-2)Man(a1-3)]Man(b1-4)GlcNAc(b1-4)[Fuc(a1-6)]GlcNAc(b1-Sp24,29.50254999999999,25.40825,31.9127,625.944425
GlcNAc(b1-3)Gal(b1-4)GlcNAc(b1-3)Gal(b1-4)GlcNAc(b1-2)Man(a1-6)[GlcNAc(b1-3)Gal(b1-4)GlcNAc(b1-3)Gal(b1-4)GlcNAc(b1-2)Man(a1-3)]Man(b1-4)GlcNAc(b1-4)[Fuc(a1-6)]GlcNAc(b1-Sp24,9.203925000000012,67.69582500000001,9.6595,-42.65095
Gal(b1-4)GlcNAc(b1-3)Gal(b1-4)GlcNAc(b1-3)Gal(b1-4)GlcNAc(b1-2)Man(a1-6)[Gal(b1-4)GlcNAc(b1-3)Gal(b1-4)GlcNAc(b1-3)Gal(b1-4)GlcNAc(b1-2)Man(a1-3)]Man(b1-4)GlcNAc(b1-4)[Fuc(a1-6)]GlcNAc(b1-Sp24,7.115450000000003,52.35722500000002,24.78544999999999,1106.12635
GlcNAc(b1-3)Gal(b1-4)GlcNAc(b1-3)Gal(b1-4)GlcNAc(b1-3)Gal(b1-4)GlcNAc(b1-2)Man(a1-6)[GlcNAc(b1-3)Gal(b1-4)GlcNAc(b1-3)Gal(b1-4)GlcNAc(b1-3)Gal(b1-4)GlcNAc(b1-2)Man(a1-3)]Man(b1-4)GlcNAc(b1-4)[Fuc(a1-6)]GlcNAc(b1-Sp24,6.769275,3.410375000000004,6.452374999999996,-35.10079999999999
Gal(b1-4)GlcNAc(b1-3)Gal(b1-4)GlcNAc(b1-3)Gal(b1-4)GlcNAc(b1-3)Gal(b1-4)GlcNAc(b1-2)Man(a1-6)[Gal(b1-4)GlcNAc(b1-3)Gal(b1-4)GlcNAc(b1-3)Gal(b1-4)GlcNAc(b1-3)Gal(b1-4)GlcNAc(b1-2)Man(a1-3)]Man(b1-4)GlcNAc(b1-4)[Fuc(a1-6)]GlcNAc(b1-Sp24,-3.3110750000000007,23.929000000000002,47.8819,1272.946175
GlcNAc(b1-3)Gal(b1-4)GlcNAc(b1-3)Gal(b1-4)GlcNAc(b1-3)Gal(b1-4)GlcNAc(b1-3)Gal(b1-4)GlcNAc(b1-2)Man(a1-6)[GlcNAc(b1-3)Gal(b1-4)GlcNAc(b1-3)Gal(b1-4)GlcNAc(b1-3)Gal(b1-4)GlcNAc(b1-3)Gal(b1-4)GlcNAc(b1-2)Man(a1-3)]Man(b1-4)GlcNAc(b1-4)[Fuc(a1-6)]GlcNAc(b1-Sp19,8.155750000000001,12.734025,14.488725000000004,13.94487500000001
Gal(b1-4)GlcNAc(b1-3)Gal(b1-4)GlcNAc(b1-3)Gal(b1-4)GlcNAc(b1-3)Gal(b1-4)GlcNAc(b1-3)Gal(b1-4)GlcNAc(b1-2)Man(a1-6)[Gal(b1-4)GlcNAc(b1-3)Gal(b1-4)GlcNAc(b1-3)Gal(b1-4)GlcNAc(b1-3)Gal(b1-4)GlcNAc(b1-3)Gal(b1-4)GlcNAc(b1-2)Man(a1-3)]Man(b1-4)GlcNAc(b1-4)[Fuc(a1-6)]GlcNAc(b1-Sp19,12.041275,34.151174999999995,81.53117499999998,1994.994825
Gal(b1-4)GlcNAc(b1-3)Gal(b1-4)GlcNAc(b1-6)[Gal(b1-4)GlcNAc(b1-3)Gal(b1-4)GlcNA(b1-2)]Man(a1-6)[Gal(b1-4)GlcNAc(b1-3)Gal(b1-4)GlcNAc(b1-2)Man(a1-3)]Man(b1-4)GlcNAc(b1-4)[Fuc(a1-6)]GlcNAc(b1-Sp24,10.105325,49.585475,65.79962499999999,4603.356775
GlcNAc(b1-3)Gal(b1-4)GlcNAc(b1-3)Gal(b1-4)GlcNAc(b1-6)[GlcNAc(b1-3)Gal(b1-4)GlcNAc(b1-3)Gal(b1-4)GlcNA(b1-2)]Man(a1-6)[GlcNAc(b1-3)Gal(b1-4)GlcNAc(b1-3)Gal(b1-4)GlcNAc(b1-2)Man(a1-3)]Man(b1-4)GlcNAc(b1-4)[Fuc(a1-6)]GlcNAc(b1-Sp24,4.141574999999996,2.674649999999998,-10.289300000000004,212.90415
Gal(b1-4)GlcNAc(b1-3)Gal(b1-4)GlcNAc(b1-3)Gal(b1-4)GlcNAc(b1-6)[Gal(b1-4)GlcNAc(b1-3)Gal(b1-4)GlcNAc(b1-3)Gal(b1-4)GlcNA(b1-2)]Man(a1-6)[Gal(b1-4)GlcNAc(b1-3)Gal(b1-4)GlcNAc(b1-3)Gal(b1-4)GlcNAc(b1-2)Man(a1-3)]Man(b1-4)GlcNAc(b1-4)[Fuc(a1-6)]GlcNAc(b1-Sp24,27.49595,32.75435,73.15845,6926.9296749999985
GlcNAc(b1-3)Gal(b1-4)GlcNAc(b1-3)Gal(b1-4)GlcNAc(b1-3)Gal(b1-4)GlcNAc(b1-6)[GlcNAc(b1-3)Gal(b1-4)GlcNAc(b1-3)Gal(b1-4)GlcNAc(b1-3)Gal(b1-4)GlcNA(b1-2)]Man(a1-6)[GlcNAc(b1-3)Gal(b1-4)GlcNAc(b1-3)Gal(b1-4)GlcNAc(b1-3)Gal(b1-4)GlcNAc(b1-2)Man(a1-3)]Man(b1-4)GlcNAc(b1-4)[Fuc(a1-6)]GlcNAc(b1-Sp24,4.172274999999997,20.930475000000005,-15.570125,140.374425
Gal(b1-4)GlcNAc(b1-3)Gal(b1-4)GlcNAc(b1-3)Gal(b1-4)GlcNAc(b1-3)Gal(b1-4)GlcNAc(b1-6)[Gal(b1-4)GlcNAc(b1-3)Gal(b1-4)GlcNAc(b1-3)Gal(b1-4)GlcNAc(b1-3)Gal(b1-4)GlcNA(b1-2)]Man(a1-6)[Gal(b1-4)GlcNAc(b1-3)Gal(b1-4)GlcNAc(b1-3)Gal(b1-4)GlcNAc(b1-3)Gal(b1-4)GlcNAc(b1-2)Man(a1-3)]Man(b1-4)GlcNAc(b1-4)[Fuc(a1-6)]GlcNAc(b1-Sp24,4.18295,13.99255,107.908675,8507.484325
GlcNAc(b1-3)Gal(b1-4)GlcNAc(b1-3)Gal(b1-4)GlcNAc(b1-3)Gal(b1-4)GlcNAc(b1-3)Gal(b1-4)GlcNAc(b1-6)[GlcNAc(b1-3)Gal(b1-4)GlcNAc(b1-3)Gal(b1-4)GlcNAc(b1-3)Gal(b1-4)GlcNAc(b1-3)Gal(b1-4)GlcNA(b1-2)]Man(a1-6)[GlcNAc(b1-3)Gal(b1-4)GlcNAc(b1-3)Gal(b1-4)GlcNAc(b1-3)Gal(b1-4)GlcNAc(b1-3)Gal(b1-4)GlcNAc(b1-2)Man(a1-3)]Man(b1-4)GlcNAc(b1-4)[Fuc(a1-6)]GlcNAc(b1-Sp24,0.6493250000000028,6.5479249999999976,-2.791075000000001,-41.59059999999997
Gal(b1-4)GlcNAc(b1-3)Gal(b1-4)GlcNAc(b1-3)Gal(b1-4)GlcNAc(b1-3)Gal(b1-4)GlcNAc(b1-3)Gal(b1-4)GlcNAc(b1-6)[Gal(b1-4)GlcNAc(b1-3)Gal(b1-4)GlcNAc(b1-3)Gal(b1-4)GlcNAc(b1-3)Gal(b1-4)GlcNAc(b1-3)Gal(b1-4)GlcNA(b1-2)]Man(a1-6)[Gal(b1-4)GlcNAc(b1-3)Gal(b1-4)GlcNAc(b1-3)Gal(b1-4)GlcNAc(b1-3)Gal(b1-4)GlcNAc(b1-3)Gal(b1-4)GlcNAc(b1-2)Man(a1-3)]Man(b1-4)GlcNAc(b1-4)[Fuc(a1-6)]GlcNAc(b1-Sp24,16.136849999999995,30.85555,183.3904,9011.677675
Gal(b1-4)GlcNAc(b1-3)Gal(b1-4)GlcNAc(b1-3)GalNAc(a1-Sp14,76.1541,77.343275,58.887175,17.106724999999994
Gal(b1-4)GlcNAc(b1-3)Gal(b1-4)GlcNAc(b1-6)[Gal(b1-3)]GalNAc(a1-Sp14,74.92890000000001,58.315,38.49072500000001,11.427675
Gal(b1-4)GlcNAc(b1-3)Gal(b1-4)GlcNAc(b1-6)[Gal(b1-4)GlcNAc(b1-3)Gal(b1-4)GlcNAc(b1-3)]GalNAc(a1-Sp14,50.721575,59.270675,116.66349999999998,143.75984999999997
Neu5Ac(a2-3)Gal(b1-4)GlcNAc(b1-3)Gal(b1-4)GlcNAc(b1-3)GalNAc(a1-Sp14,18.021649999999994,3.2422999999999984,4.0961499999999935,-34.877425
GlcNAc(b1-3)Gal(b1-4)GlcNAc(b1-3)GalNAc(a1-Sp14,1.91705,-0.7873500000000018,-7.421875,-30.49922500000001
GlcNAc(b1-3)Gal(b1-4)GlcNAc(b1-6)[Gal(b1-3)]GalNAc(a1-Sp14,1.0108500000000051,6.9441000000000015,4.294375,-25.797000000000025
GlcNAc(b1-3)Gal(b1-4)GlcNAc(b1-6)[GlcNAc(b1-3)Gal(b1-4)GlcNAc(b1-3)]GalNAc(a1-Sp14,9.930375000000002,-0.3993750000000009,-2.5905250000000013,-9.2768
Neu5Ac(a2-3)Gal(b1-4)GlcNAc(b1-3)Gal(b1-4)GlcNAc(b1-6)[Neu5Ac(a2-3)Gal(b1-4)GlcNAc(b1-3)Gal(b1-4)GlcNAc(b1-3)]GalNAc(a1-Sp14,12.944675,17.310850000000002,11.12055,-20.693925
Neu5Ac(a2-6)Gal(b1-4)GlcNAc(b1-3)Gal(b1-4)GlcNAc(b1-3)GalNAc(a1-Sp14,20.240975,5.482275,0.5780000000000012,-159.27942499999997
GlcNAc(b1-3)Gal(b1-4)GlcNAc(b1-3)Gal(b1-4)GlcNAc(b1-3)GalNAc(a1-Sp14,3.2443250000000035,-6.094500000000003,-9.240475,-10.570550000000068
Gal(b1-4)GlcNAc(b1-3)Gal(b1-3)GalNAc(a1-Sp14,6.975949999999999,10.154225,-3.233375000000001,74.76284999999996
Neu5Ac(a2-3)Gal(b1-4)GlcNAc(b1-3)Gal(b1-4)GlcNAc(b1-6)[Gal(b1-3)]GalNAc(a1-Sp14,5.072399999999998,6.668450000000008,18.410325000000004,-57.86575000000001
Neu5Ac(a2-6)Gal(b1-4)GlcNAc(b1-3)Gal(b1-4)GlcNAc(b1-6)[Gal(b1-3)]GalNAc(a1-Sp14,4.789075,7.367524999999999,14.746850000000002,-192.768375
Neu5Ac(a2-6)Gal(b1-4)GlcNAc(b1-6)[Gal(b1-3)]GalNAc(a1-Sp14,6.009475,0.9722749999999998,-0.08412500000000023,-28.542575
Neu5Ac(a2-3)Gal(b1-4)GlcNAc(b1-3)Gal(b1-4)GlcNAc(b1-2)Man(a1-6)[Neu5Ac(a2-3)Gal(b1-4)GlcNAc(b1-3)Gal(b1-4)GlcNAc(b1-2)Man(a1-3)]Man(b1-4)GlcNAc(b1-4)GlcNAc(b1-Sp12,92.51595,87.007175,104.07297499999996,138.4865
GlcNAc(b1-6)[Neu5Ac(a2-3)Gal(b1-3)]GalNAc(a1-Sp14,5.231375000000002,3.0548749999999973,8.359099999999998,6.951975000000019
Neu5Ac(a2-6)Gal(b1-4)GlcNAc(b1-3)Gal(b1-4)GlcNAc(b1-6)[Neu5Ac(a2-6)Gal(b1-4)GlcNAc(b1-3)Gal(b1-4)GlcNAc(b1-3)]GalNAc(a1-Sp14,96.57085,139.04060000000004,115.09059999999997,131.23442500000004
Neu5Ac(a2-6)Gal(b1-4)GlcNAc(b1-3)Gal(b1-4)GlcNAc(b1-3)Gal(b1-4)GlcNAc(b1-2)Man(a1-6)[Neu5Ac(a2-6)Gal(b1-4)GlcNAc(b1-3)Gal(b1-4)GlcNAc(b1-3)Gal(b1-4)GlcNAc(b1-2)Man(a1-3)]Man(b1-4)GlcNAc(b1-4)GlcNAc(b1-Sp12,36.17922500000001,49.34167500000001,84.990375,93.9381
Neu5Ac(a2-3)Gal(b1-4)GlcNAc(b1-3)Gal(b1-4)GlcNAc(b1-3)Gal(b1-4)GlcNAc(b1-2)Man(a1-6)[Neu5Ac(a2-3)Gal(b1-4)GlcNAc(b1-3)Gal(b1-4)GlcNAc(b1-3)Gal(b1-4)GlcNAc(b1-2)Man(a1-3)]Man(b1-4)GlcNAc(b1-4)GlcNAc(b1-Sp12,81.31090000000002,122.89200000000001,148.16792499999997,186.38965
Neu5Ac(a2-6)Gal(b1-4)GlcNAc(b1-3)Gal(b1-4)GlcNAc(b1-2)Man(a1-6)[Neu5Ac(a2-6)Gal(b1-4)GlcNAc(b1-3)Gal(b1-4)GlcNAc(b1-2)Man(a1-3)]Man(b1-4)GlcNAc(b1-4)GlcNAc(b1-Sp12,35.37045,22.730775,15.196674999999995,-8.89142499999997
GlcNAc(b1-3)Fuc(a1-Sp21,1.6422000000000008,15.91955,-2.2815000000000007,-34.786424999999994
Gal(b1-3)GalNAc(b1-4)[Neu5Ac(a2-8)Neu5Ac(a2-8)Neu5Ac(a2-3)]Gal(b1-4)Glc(b1-Sp21,17.326825000000007,14.255399999999998,10.307225,135.72577500000003
