IUPAC,TL(EY Lab) (1ug/ml),TL(EY Lab) (3ug/ml),TL(EY Lab) (10ug/ml),TL(EY Lab) (100ug/ml)
Gal(a1-Sp8,4.247175000000002,-1.022224999999998,26.28700000000001,-1.556750000000001
Glc(a1-Sp8,2.3619249999999994,14.298249999999998,1.5355249999999978,-1.28145
Man(a1-Sp8,-0.10745000000000003,-3.3306500000000003,17.529525,16.586325000000002
GalNAc(a1-Sp8,1.0979999999999994,-0.02532499999999871,-1.7520749999999996,1.5229750000000006
GalNAc(a1-Sp15,-2.622925,9.738574999999967,4.570799999999963,2.943725
Fuc(a1-Sp8,2.2015,-0.03025000000000056,3.33455,4.999250000000019
Fuc(a1-Sp9,-0.0007500000000009166,-2.242300000000001,12.488200000000004,7.871200000000003
Rha(a1-Sp8,9.139975,-5.2291750000000015,7.09225,3.0598
Neu5Ac(a1-Sp8,5.126524999999999,13.255125,24.679575,-0.08557499999999862
Neu5Ac(a1-Sp11,3.5654999999999992,3.988600000000001,0.638074999999998,3.980549999999999
Neu5Ac(b1-Sp8,2.5140000000000002,-0.33897500000000136,-2.42625,6.319424999999997
Gal(b1-Sp8,2.95305,5.9162750000000015,-4.652600000000001,0.27847500000000003
Glc(b1-Sp8,0.6895250000000033,0.7494250000000022,3.398225,2.155149999999999
Man(b1-Sp8,10.06125,13.14085,27.8388,4.355675
GalNAc(b1-Sp8,9.020474999999998,8.4664,5.110249999999999,3.453599999999999
GlcNAc(b1-Sp0,5.232275,0.36487499999999695,-2.7275250000000013,1.9171499999999984
GlcNAc(b1-Sp8,-0.575874999999999,-1.3628749999999998,18.446375,3.466950000000001
GlcN[Gc](b1-Sp8,2.4002,2.2121000000000004,3.5597999999999987,9.742
Gal(b1-4)GlcNAc(b1-6)[Gal(b1-4)GlcNAc(b1-3)]GalNAc(a1-Sp8,5.734349999999997,1.256675000000001,2.6273,10.136525000000006
Gal(b1-4)GlcNAc(b1-6)[Gal(b1-4)GlcNAc(b1-3)]GalNAc(a1-Sp14,-0.18579999999999952,-2.011050000000001,9.338824999999996,-1.5961000000000003
GlcNAc(b1-6)[GlcNAc(b1-4)][GlcNAc(b1-3)]GlcNAc(a1-Sp8,2.922375,-4.4879250000000015,2.9182,0.16174999999999962
6S(3S)Gal(b1-4)(6S)GlcNAc(b1-Sp0,0.8099999999999992,-6.9743999999999975,-0.04262499999999925,0.8122250000000006
6S(3S)Gal(b1-4)GlcNAc(b1-Sp0,6.995249999999999,4.598499999999998,2.598225,-5.381525
(3S)Gal(b1-4)[Fuc(a1-3)](6S)Glc(a1-Sp0,1.1202000000000003,0.32582499999999914,-3.1987750000000013,5.4345250000000025
(3S)Gal(b1-4)Glc(b1-Sp8,8.2467,7.431324999999997,15.591700000000005,5.767625
(3S)Gal(b1-4)(6S)Glc(b1-Sp0,-0.04045000000000076,-2.7780750000000016,1.666175,6.398274999999997
(3S)Gal(b1-4)(6S)Glc(b1-Sp8,8.955375,0.2320000000000011,22.14615,13.173175
(3S)Gal(b1-3)[Fuc(a1-4)]GlcNAc(b1-Sp8,6.567725000000001,-1.1519500000000005,1.3094750000000004,3.2561250000000013
(3S)Gal(b1-3)GalNAc(a1-Sp8,6.67745,7.578875,6.501249999999343,10.276425000000003
(3S)Gal(b1-3)GlcNAc(b1-Sp0,4.775725,0.07529999999999948,-0.05927499999999952,8.406125000000031
(3S)Gal(b1-3)GlcNAc(b1-Sp8,4.616975000000001,2.762675000000001,3.4716249999999995,8.227525
(3S)Gal(b1-4)[Fuc(a1-3)]GlcNAc(a1-Sp0 ,6.391899999999998,1.4890249999999998,0.7263750000000009,31.466
(3S)Gal(b1-4)[Fuc(a1-3)]GlcNAc(a1-Sp8,1.7037749999999994,6.285999999999996,-2.171499999999999,1.4314500000000008
(3S)Gal(b1-4)(6S)GlcNAc(b1-Sp0,-0.9784249999999995,-7.224025000000001,6.46525,12.443525
(3S)Gal(b1-4)(6S)GlcNAc(b1-Sp8,6.137474999999999,1.1278750000000013,0.06082499999999946,7.557749999999999
(3S)Gal(b1-4)GlcNAc(b1-Sp0,7.375024999999999,3.2181749999999987,6.122575,2.2292750000000003
(3S)Gal(b1-4)GlcNAc(b1-Sp8,2.9843499999999987,3.160375,-2.700575,6.901200000000002
(3S)Gal(b1-Sp8,5.8143499999999975,-2.0470750000000004,-1.017974999999999,-0.9720249999999988
(6S)(4S)Gal(b1-4)GlcNAc(b1-Sp0,7.1091000000000015,5.189950000000001,2.085625,5.284950000000001
(4S)Gal(b1-4)GlcNAc(b1-Sp8,2.5289750000000017,1.9108750000000008,4.243175000000001,3.9646
(6P)Man(a1-Sp8,7.761899999999999,1.6411250000000006,2.980299999999999,3.631425
(6S)Gal(b1-4)Glc(b1-Sp0,5.357999999999999,4.397424999999998,7.252749999999999,6.498000000000001
(6S)Gal(b1-4)Glc(b1-Sp8,4.347874999999998,1.5069499999999998,7.255675,5.8875
(6S)Gal(b1-4)GlcNAc(b1-Sp8,7.830599999999999,1.335725,8.169849999999999,-3.750075
(6S)Gal(b1-4)(6S)Glc(b1-Sp8,1.874175,1.0651500000000012,-5.4477249999999975,-0.29157499999999903
Neu5Ac(a2-3)(6S)Gal(b1-4)GlcNAc(b1-Sp8,2.4902999999999977,0.39215,14.323349999999998,1.6691000000000011
(6S)GlcNAc(b1-Sp8,-0.1530749999999994,5.3392750000000015,2.12665,11.095625
"Neu5,9Ac2(a1-Sp8",4.428075,-4.645199999999999,3.427525000000001,-1.3088500000000003
"Neu5,9Ac2(a2-6)Gal(b1-4)GlcNAc(b1-Sp8",9.258875000000002,-8.20075,1.1759499999999985,1.94125
Man(a1-6)[Man(a1-3)]Man(b1-4)GlcNAc(b1-4)GlcNAc(b1-Sp12,1.9696250000000008,12.1052,3.624225,94.66402499999998
Man(a1-6)[Man(a1-3)]Man(b1-4)GlcNAc(b1-4)GlcNAc(b1-Sp13,24.541000000000004,6.430850000000002,40.97109999999999,394.0142000000001
GlcNAc(b1-2)Man(a1-6)[GlcNAc(b1-2)Man(a1-3)]Man(b1-4)GlcNAc(b1-4)GlcNAc(b1-Sp12,20.409524999999995,7.0751250000000026,1178.660875,6588.295725
GlcNAc(b1-2)Man(a1-6)[GlcNAc(b1-2)Man(a1-3)]Man(b1-4)GlcNAc(b1-4)GlcNAc(b1-Sp13,1041.5970250000003,11349.40285,31473.902074999984,40206.857525
Gal(b1-4)GlcNAc(b1-2)Man(a1-6)[Gal(b1-4)GlcNAc(b1-2)Man(a1-3)]Man(b1-4)GlcNAc(b1-4)GlcNAc(b1-Sp12,303.77855,2596.64905,18212.4346,31521.034200000016
Neu5Ac(a2-6)Gal(b1-4)GlcNAc(b1-2)Man(a1-6)[Neu5Ac(a2-6)Gal(b1-4)GlcNAc(b1-2)Man(a1-3)]Man(b1-4)GlcNAc(b1-4)GlcNAc(b1-Sp12,7.306175,18.487800000000007,4303.0384749999985,21659.043625
Neu5Ac(a2-6)Gal(b1-4)GlcNAc(b1-2)Man(a1-6)[Neu5Ac(a2-6)Gal(b1-4)GlcNAc(b1-2)Man(a1-3)]Man(b1-4)GlcNAc(b1-4)GlcNAc(b1-Sp13,16.68875,856.3212749999999,11024.014024999995,31115.6158
Neu5Ac(a2-6)Gal(b1-4)GlcNAc(b1-2)Man(a1-6)[Neu5Ac(a2-6)Gal(b1-4)GlcNAc(b1-2)M(an-a)(a1-3)]Man(b1-4)GlcNAc(b1-4)GlcNAc(b1-Sp21,11.283025000000002,490.15985,10912.4863,28790.64285
Neu5Ac(a2-6)Gal(b1-4)GlcNAc(b1-2)Man(a1-6)[Neu5Ac(a2-6)Gal(b1-4)GlcNAc(b1-2)Man(a1-3)]Man(b1-4)GlcNAc(b1-4)GlcNAc(b1-Sp24,30.72929999999999,390.86005,6983.184449999998,28237.24245
Fuc(a1-2)Gal(b1-3)GalNAc(b1-3)Gal(a1-Sp9,10.837775,3.335024999999998,13.057750000000004,27.365475
Fuc(a1-2)Gal(b1-3)GalNAc(b1-3)Gal(a1-4)Gal(b1-4)Glc(b1-Sp9,8.891124999999997,12.270275000000002,-0.5500749999999996,8.671725
Fuc(a1-2)Gal(b1-3)[Fuc(a1-4)]GlcNAc(b1-Sp8,5.632675,1.5570999999999993,5.184075000000003,5.656500000000001
Fuc(a1-2)Gal(b1-3)GalNAc(a1-Sp8,1.9119000000000008,-1.375,-1.4410499999999995,3.835049999999999
Fuc(a1-2)Gal(b1-3)GalNAc(a1-Sp14,-0.16487500000000033,9.5817,0.481725,-2.7026250000000003
Fuc(a1-2)Gal(b1-3)GalNAc(b1-4)[Neu5Ac(a2-3)]Gal(b1-4)Glc(b1-Sp0,6.8773500000000025,-1.8160750000000003,-1.0947749999999998,11.914450000000002
Fuc(a1-2)Gal(b1-3)GalNAc(b1-4)[Neu5Ac(a2-3)]Gal(b1-4)Glc(b1-Sp9,0.7650999999999999,-2.371925,1.0146499999999996,2.628524999999999
Fuc(a1-2)Gal(b1-3)GlcNAc(b1-3)Gal(b1-4)Glc(b1-Sp8,6.011625,6.1085249999999975,4.92385,5.83245
Fuc(a1-2)Gal(b1-3)GlcNAc(b1-3)Gal(b1-4)Glc(b1-Sp10,1.974525,-0.6970500000000008,5.999624999999997,0.1974750000000008
Fuc(a1-2)Gal(b1-3)GlcNAc(b1-Sp0,2.2082750000000004,6.446175,1.4560499999999994,9.002375
Fuc(a1-2)Gal(b1-3)GlcNAc(b1-Sp8,0.28800000000000026,-4.015050000000001,-4.27515,8.116499999999998
Fuc(a1-2)Gal(b1-4)[Fuc(a1-3)]GlcNAc(b1-3)Gal(b1-4)[Fuc(a1-3)]GlcNAc(b1-Sp0,2.7497500000000006,2.08085,-4.564225,7.352249999999996
Fuc(a1-2)Gal(b1-4)[Fuc(a1-3)]GlcNAc(b1-3)Gal(b1-4)[Fuc(a1-3)]GlcNAc(b1-3)Gal(b1-4)[Fuc(a1-3)]GlcNAc(b1-Sp0,6.105649999999999,-5.5028500000000005,3.8092750000000013,10.7664
Fuc(a1-2)Gal(b1-4)[Fuc(a1-3)]GlcNAc(b1-Sp0,-1.5651250000000014,-1.6888500000000004,2.1249499999999983,0.4114500000000003
Fuc(a1-2)Gal(b1-4)[Fuc(a1-3)]GlcNAc(b1-Sp8,8.15205,0.551875,4.745,3.035350000000001
Fuc(a1-2)Gal(b1-4)GlcNAc(b1-3)Gal(b1-4)GlcNAc(b1-Sp0,6.741125000000002,3.505724999999998,3.7590000000000012,9.456125
Fuc(a1-2)Gal(b1-4)GlcNAc(b1-3)Gal(b1-4)GlcNAc(b1-3)Gal(b1-4)GlcNAc(b1-Sp0,1.9436499999999992,-0.3933750000000011,0.03617500000000096,9.802674999999997
Fuc(a1-2)Gal(b1-4)GlcNAc(b1-Sp0,5.848824999999998,11.709750000000005,2.4735250000000004,5.88405
Fuc(a1-2)Gal(b1-4)GlcNAc(b1-Sp8,5.7944999999999975,2.59535,86.98205000000002,18.962325
Fuc(a1-2)Gal(b1-4)Glc(b1-Sp0,11.89495,1.94295,-2.3406,3.735025
Fuc(a1-2)Gal(b1-Sp8,2.1548000000000007,-0.9677750000000032,-0.01130000000000031,8.764950000000006
Fuc(a1-3)GlcNAc(b1-Sp8,1.9574750000000007,6.7337250000000015,-0.5061749999999998,8.973975000000003
Fuc(a1-4)GlcNAc(b1-Sp8,3.3695250000000003,-6.602175000000001,-0.8940249999999992,2.6666500000000006
Fuc(b1-3)GlcNAc(b1-Sp8,1.67,-5.243000000000001,2.7758749999999988,0.03842500000000015
GalNAc(a1-3)[Fuc(a1-2)]Gal(b1-3)GlcNAc(b1-Sp0,12.519,-3.08365,1.6141000000000003,7.747699999999999
GalNAc(a1-3)[Fuc(a1-2)]Gal(b1-4)[Fuc(a1-3)]GlcNAc(b1-Sp0,8.508375000000001,2.808049999999997,11.858149999999995,8.202550000000002
(3S)Gal(b1-4)[Fuc(a1-3)]Glc(b1-Sp0,-0.40927500000000094,1.5882750000000003,0.2036499999999988,11.792874999999995
GalNAc(a1-3)[Fuc(a1-2)]Gal(b1-4)GlcNAc(b1-Sp0,10.29615,0.5237249999999989,2.07055,3.864975
GalNAc(a1-3)[Fuc(a1-2)]Gal(b1-4)GlcNAc(b1-Sp8,5.438275000000003,5.219275,3.3908749999999994,12.952925
GalNAc(a1-3)[Fuc(a1-2)]Gal(b1-4)Glc(b1-Sp0,2.4704500000000014,1.3267999999999995,1.7596249999999998,9.765525
GlcNAc(b1-3)Gal(b1-3)GalNAc(a1-Sp8,5.784225000000001,4.630125,17.72355,6.785474999999999
GalNAc(a1-3)[Fuc(a1-2)]Gal(b1-Sp8,3.5073250000000007,-2.8765749999999994,3.264974999999999,6.0807249999999975
GalNAc(a1-3)[Fuc(a1-2)]Gal(b1-Sp18,2.4587250000000007,-8.793225,-6.726975,2.5952249999999983
GalNAc(a1-3)GalNAc(b1-Sp8,2.564525,-1.3330999999999986,7.933000000000002,1.0207000000000002
GalNAc(a1-3)Gal(b1-Sp8,3.982149999999997,-1.0130749999999995,37.5788,2.768025
GalNAc(a1-4)[Fuc(a1-2)]Gal(b1-4)GlcNAc(b1-Sp8,0.1484249999999996,2.8599499999999995,19.623400000000004,4.633975
GalNAc(b1-3)GalNAc(a1-Sp8,0.5883000000000012,-2.8195750000000004,3.623500000000001,4.708175
GalNAc(b1-3)[Fuc(a1-2)]Gal(b1-Sp8,3.266675,0.8156749999999988,-0.9599500000000012,3.593075
GalNAc(b1-3)Gal(a1-4)Gal(b1-4)GlcNAc(b1-Sp0,-3.3599749999999995,-2.7762249999999984,0.6712500000000006,2.9537750000000083
GalNAc(b1-4)[Fuc(a1-3)]GlcNAc(b1-Sp0,7.147549999999999,8.006374999999998,2.0451,1.8308750000000007
GalNAc(b1-4)GlcNAc(b1-Sp0,3.7855250000000007,1.559875,15.570999999999984,2.880799999999997
GalNAc(b1-4)GlcNAc(b1-Sp8,7.848924999999999,-3.971825000000001,2.4862,8.65
Gal(a1-2)Gal(b1-Sp8,2.805,3.0069999999999983,-0.036300000000000665,26.5532
Gal(a1-3)[Fuc(a1-2)]Gal(b1-3)GlcNAc(b1-Sp0,0.5591250000000012,11.0605,2.306800000000001,8.524499999999996
Gal(a1-3)[Fuc(a1-2)]Gal(b1-3)GlcNAc(b1-Sp8,15.271675,7.640925000000002,11.51195,12.245824999999995
Gal(a1-3)[Fuc(a1-2)]Gal(b1-4)[Fuc(a1-3)]GlcNAc(b1-Sp0,11.700699999999998,6.81575,9.167199999999998,16.179225000000002
Gal(a1-3)[Fuc(a1-2)]Gal(b1-4)[Fuc(a1-3)]GlcNAc(b1-Sp8,5.617274999999999,3.3149499999999987,49.826425,5.267325
Gal(a1-3)[Fuc(a1-2)]Gal(b1-4)GlcNAc(a1-Sp0,0.6566999999999998,-4.67165,-4.287300000000002,-0.21950000000000008
Gal(a1-3)[Fuc(a1-2)]Gal(b1-4)Glc(b1-Sp0,7.9327,10.602224999999997,8.115850000000002,5.8081999999999985
Gal(a1-3)[Fuc(a1-2)]Gal(b1-Sp8,4.750349999999999,-1.0277749999999992,-2.8378999999999994,5.178775000000003
Gal(a1-3)[Fuc(a1-2)]Gal(b1-Sp18,3.7945749999999983,11.3141,8.420999999999998,12.536575
Gal(a1-4)[Gal(a1-3)]Gal(b1-4)GlcNAc(b1-Sp8,1.4717000000000011,4.7684750000000005,7.229249999999999,-1.552575
Gal(a1-3)GalNAc(a1-Sp8,6.489724999999997,9.41855,5.587875,0.7728999999999989
Gal(a1-3)GalNAc(a1-Sp16,1.2570999999999994,12.740275,-0.17362499999999947,13.55875
Gal(a1-3)GalNAc(b1-Sp8,6.025424999999999,11.6324,2.3332499999999987,-0.030075000000000074
Gal(a1-3)Gal(b1-4)[Fuc(a1-3)]GlcNAc(b1-Sp8,8.386800000000001,5.269975000000001,0.3351499999999992,9.320925000000004
Gal(a1-3)Gal(b1-3)GlcNAc(b1-Sp0,8.676300000000001,6.009525,56.98697500000002,9.307425
Gal(a1-3)Gal(b1-4)GlcNAc(b1-Sp8,2.195099999999999,0.9641499999999964,16.573300000000017,5.01185
Gal(a1-3)Gal(b1-4)Glc(b1-Sp0,6.4509000000000025,1.6322500000000009,3.6273,4.264650000000001
Gal(a1-3)Gal(b1-4)Glc(a1-Sp10,-3.0027999999999992,0.3643500000000017,3.4408999999999987,8.090225
Gal(a1-3)Gal(b1-Sp8,2.041175,8.02855,0.13612499999999986,4.8165
Gal(a1-4)[Fuc(a1-2)]Gal(b1-4)GlcNAc(b1-Sp8,8.216650000000001,0.8233250000000005,4.00125,1.5595000000000017
Gal(a1-4)Gal(b1-4)GlcNAc(b1-Sp0,1.2196250000000006,5.406224999999997,0.5600999999999994,1.0331499999999996
Gal(a1-4)Gal(b1-4)GlcNAc(b1-Sp8,0.20819999999999889,5.423150000000002,4.960124999999998,3.3233
Gal(a1-4)Gal(b1-4)Glc(b1-Sp0,13.305525,4.7528000000000015,5.788350000000002,16.3409
Gal(a1-4)GlcNAc(b1-Sp8,2.857974999999999,-0.13159999999999972,3.758775,5.55785
Gal(a1-6)Glc(b1-Sp8,6.7379250000000015,-0.4673499999999997,1.167774999999999,10.751599999999994
Gal(b1-2)Gal(b1-Sp8,12.217650000000004,-6.724025,6.037474999999999,13.13235
Gal(b1-3)[Fuc(a1-4)]GlcNAc(b1-3)Gal(b1-4)[Fuc(a1-3)]GlcNAc(b1-Sp0,4.521125,9.603099999999998,3.7902000000000013,-0.8030250000000008
Gal(b1-3)[Fuc(a1-4)]GlcNAc(b1-3)Gal(b1-4)GlcNAc(b1-Sp0,7.314575000000001,-2.29535,2.0990500000000023,12.031875
Gal(b1-3)[Fuc(a1-4)]GlcNAc(a1-Sp0,0.6640250000000005,2.4186499999999995,4.010374999999982,5.817775
Gal(b1-3)[Fuc(a1-4)]GlcNAc(a1-Sp8 ,6.511850000000001,-4.9014750000000005,-2.2948000000000013,2.27755
Fuc(a1-4)[Gal(b1-3)]GlcNAc(b1-Sp8,-2.2808500000000005,-9.584525,-0.7181500000000005,10.832475
Gal(b1-4)GlcNAc(b1-6)GalNAc(a1-Sp8,2.7383500000000005,4.5054000000000025,0.9290500000000006,8.716050000000001
Gal(b1-4)GlcNAc(b1-6)GalNAc(a1-Sp14,1.247799999999999,8.940650000000002,9.116600000000002,12.12125
GlcNAc(b1-6)[Gal(b1-3)]GalNAc(a1-Sp8,3.4509000000000007,0.23317500000000105,-2.3798250000000003,15.002074999999998
GlcNAc(b1-6)[Gal(b1-3)]GalNAc(a1-Sp14,-0.07557499999999973,2.6077999999999992,-1.3532749999999991,-1.1869250000000005
Neu5Ac(a2-6)[Gal(b1-3)]GalNAc(a1-Sp8,3.809524999999997,3.5177750000000003,7.757800000000001,6.116474999999999
Neu5Ac(a2-6)[Gal(b1-3)]GalNAc(a1-Sp14,1.1035250000000012,4.162325000000002,5.047475,8.57615
Neu5Ac(b2-6)[Gal(b1-3)]GalNAc(a1-Sp8,8.616299999999999,1.1728750000000003,-1.231775,4.850599999999999
Neu5Ac(a2-6)[Gal(b1-3)]GlcNAc(b1-4)Gal(b1-4)Glc(b1-Sp10,2.232099999999999,-5.433200000000002,3.2384249999999994,2.1479999999999992
Gal(b1-3)GalNAc(a1-Sp8,7.540524999999999,-4.285625,8.85735,-3.744024999999999
Gal(b1-3)GalNAc(a1-Sp14,-0.5950750000000014,-1.3520500000000009,-6.2036,2.878524999999999
Gal(b1-3)GalNAc(a1-Sp16,10.6385,-2.197299999999999,-3.925149999999999,1.3528000000000002
Gal(b1-3)GalNAc(b1-Sp8,5.075825,12.286800000000005,3.42545,14.315849999999998
Gal(b1-3)GalNAc(b1-3)Gal(a1-4)Gal(b1-4)Glc(b1-Sp0,10.33555,2.669599999999999,6.836674999999998,7.2543250000000015
Gal(b1-3)GalNAc(b1-4)[Neu5Ac(a2-3)]Gal(b1-4)Glc(b1-Sp0,8.183724999999995,7.95975,-1.3468500000000008,11.246349999999996
Gal(b1-3)GalNAc(b1-4)Gal(b1-4)Glc(b1-Sp8,6.02605,-0.01392500000000041,17.26995,9.688374999999997
Gal(b1-3)Gal(b1-Sp8,5.92305,-4.12795,9.6391,2.936349999999948
Gal(b1-3)GlcNAc(b1-3)Gal(b1-4)GlcNAc(b1-Sp0,4.3427750000000005,1.8362250000000024,-0.2197250000000004,5.211325
Gal(b1-3)GlcNAc(b1-3)Gal(b1-4)Glc(b1-Sp10,5.9945,-2.0068,2.7908,5.64975
Gal(b1-3)GlcNAc(b1-Sp0,8.486975000000001,8.685175000000001,6.135249999999997,4.3061500000000015
Gal(b1-3)GlcNAc(b1-Sp8,5.8386999999999984,5.691875,6.513924999999998,9.173825000000008
Gal(b1-4)[Fuc(a1-3)]GlcNAc(b1-Sp0,3.004675,-3.3161749999999994,3.80015,8.605049999999999
Gal(b1-4)[Fuc(a1-3)]GlcNAc(b1-Sp8,0.9762749999999992,0.3267749999999996,5.176474999999999,4.666875
Gal(b1-4)[Fuc(a1-3)]GlcNAc(b1-4)Gal(b1-4)[Fuc(a1-3)]GlcNAc(b1-Sp0,16.885125000000002,-7.150199999999999,29.059725,6.963175
Gal(b1-4)[Fuc(a1-3)]GlcNAc(b1-4)Gal(b1-4)[Fuc(a1-3)]GlcNAc(b1-4)Gal(b1-4)[Fuc(a1-3)]GlcNAc(b1-Sp0,3.4756,-2.519350000000001,7.012824999999999,1.0597499999999995
Gal(b1-4)(6S)Glc(b1-Sp0,2.5325999999999977,-9.856175,3.68295,2.96125
Gal(b1-4)(6S)Glc(b1-Sp8,5.302775,2.3172500000000014,5.672199999999999,18.8537
Gal(b1-4)GalNAc(a1-3)[Fuc(a1-2)]Gal(b1-4)GlcNAc(b1-Sp8,0.3804000000000008,4.183775000000002,-0.4051999999999998,4.09985
Gal(b1-4)GalNAc(b1-3)[Fuc(a1-2)]Gal(b1-4)GlcNAc(b1-Sp8,0.4693250000000005,4.017974999999999,-0.6936250000000008,0.6447249999999993
Gal(b1-4)GlcNAc(b1-3)GalNAc(a1-Sp8,6.618999999999999,3.6735,4.8042500000000015,5.3644
Gal(b1-4)GlcNAc(b1-3)GalNAc(a1-Sp14,6.22375,5.6693250000000015,2.4815,18.297
Gal(b1-4)GlcNAc(b1-3)Gal(b1-4)[Fuc(a1-3)]GlcNAc(b1-3)Gal(b1-4)[Fuc(a1-3)]GlcNAc(b1-Sp0,2.0376000000000007,2.774899999999988,5.236350000000002,7.454774999999998
Gal(b1-4)GlcNAc(b1-3)Gal(b1-4)GlcNAc(b1-3)Gal(b1-4)GlcNAc(b1-Sp0,4.698000000000002,-0.7528249999999996,4.030200000000002,-1.7742749999999998
Gal(b1-4)GlcNAc(b1-3)Gal(b1-4)GlcNAc(b1-Sp0,-0.15534999999999988,-3.247,1.5458500000000015,8.704625
Gal(b1-4)GlcNAc(b1-3)Gal(b1-4)Glc(b1-Sp0,6.8600499999999975,2.9188250000000013,20.404200000000003,9.8631
Gal(b1-4)GlcNAc(b1-3)Gal(b1-4)Glc(b1-Sp8,4.407450000000001,0.6514999999999995,6.472725000000001,18.20795
Gal(b1-4)GlcNAc(b1-6)[Gal(b1-3)]GalNAc(a1-Sp8,7.46335,-1.362975,3.0410249999999994,11.424074999999995
Gal(b1-4)GlcNAc(b1-6)[Gal(b1-3)]GalNAc(a1-Sp14,9.471049999999998,7.333299999999999,-5.281125000000002,7.377849999999999
Gal(b1-4)GlcNAc(b1-Sp0,2.1490750000000007,3.024799999999998,-1.5465749999999998,1.7298999999999989
Gal(b1-4)GlcNAc(b1-Sp8,1.5481499999999992,-3.321875,-0.7930250000000011,24.937625
Gal(b1-4)GlcNAc(b1-Sp23,3.8619749999999993,2.856774999999999,0.10227499999999967,3.9878
Gal(b1-4)Glc(b1-Sp0,5.196925000000002,2.621949999999999,48.01382499999999,18.213425
Gal(b1-4)Glc(b1-Sp8,6.424725000000001,4.21505,10.288375000000002,2.5180000000000025
GlcNAc(a1-3)Gal(b1-4)GlcNAc(b1-Sp8,1.7725500000000007,0.3251750000000002,12.021125000000213,2.7288250000000005
GlcNAc(a1-6)Gal(b1-4)GlcNAc(b1-Sp8,7.953724999999999,0.3859999999999992,-0.3459749999999984,1.5799749999999977
GlcNAc(b1-2)Gal(b1-3)GalNAc(a1-Sp8,10.340799999999998,-1.9408500000000009,3.8556500000000007,2.032675
GlcNAc(b1-6)[GlcNAc(b1-3)]GalNAc(a1-Sp8,3.4515749999999987,1.38875,1.4303249999999998,9.715375
GlcNAc(b1-6)[GlcNAc(b1-3)]GalNAc(a1-Sp14,-0.2417500000000005,2.7006500000000004,-0.9074,3.5531999999999995
GlcNAc(b1-6)[GlcNAc(b1-3)]Gal(b1-4)GlcNAc(b1-Sp8,5.942450000000004,-11.351875,-7.94355,-1.2897000000000016
GlcNAc(b1-3)GalNAc(a1-Sp8,3.849325000000001,2.007375,-1.344624999999998,18.763225
GlcNAc(b1-3)GalNAc(a1-Sp14,9.056725,5.524625,10.081400000000002,9.236875
GlcNAc(b1-3)Gal(b1-Sp8,4.8873000000000015,4.436499999999999,0.4009,3.735499999999999
GlcNAc(b1-3)Gal(b1-4)GlcNAc(b1-Sp0,4.137950000000002,6.5364,-0.7081750000000007,8.9576
GlcNAc(b1-3)Gal(b1-4)GlcNAc(b1-Sp8,0.4069249999999993,4.7721,4.210825,13.154150000000017
GlcNAc(b1-3)Gal(b1-4)GlcNAc(b1-3)Gal(b1-4)GlcNAc(b1-Sp0,3.3889500000000004,-3.4532000000000007,9.631175,4.603925
GlcNAc(b1-3)Gal(b1-4)Glc(b1-Sp0,8.457474999999999,2.320825000000001,6.0528,2.231425
GlcNAc(b1-4)(a1-MDPLys,7.95295,-2.058125,1.2711749999999986,6.907674999999998
GlcNAc(b1-6)[GlcNAc(b1-4)]GalNAc(a1-Sp8,3.1579750000000004,3.2304249999999994,-1.4550250000000005,3.2291
GlcNAc(b1-4)Gal(b1-4)GlcNAc(b1-Sp8,-3.508024999999998,-9.032650000000002,10.195700000000004,2.1401249999999985
GlcNAc(b1-4)GlcNAc(b1-4)GlcNAc(b1-4)GlcNAc(b1-4)GlcNAc(b1-4)GlcNAc(b1-Sp8,6.2182499999999985,-2.183975000000002,15.666124999999996,53.57940000000001
GlcNAc(b1-4)GlcNAc(b1-4)GlcNAc(b1-4)GlcNAc(b1-4)GlcNAc(b1-Sp8,6.4200750000000015,-2.5157500000000024,2.4960249999999995,39.306725000000014
GlcNAc(b1-4)GlcNAc(b1-4)GlcNAc(b1-Sp8,8.77335,11.197774999999995,2.241375000000001,18.414850000000005
GlcNAc(b1-6)GalNAc(a1-Sp8,-0.81555,-2.179075,4.9491,9.213125
GlcNAc(b1-6)GalNAc(a1-Sp14,3.42755,-1.5965250000000022,4.7060499999999985,-1.4394000000000005
GlcNAc(b1-6)Gal(b1-4)GlcNAc(b1-Sp8,6.545399999999999,2.7436,5.907,1.9848750000000008
Glc(a1-4)Glc(b1-Sp8,12.406375000000002,1.115425,0.6786749999999984,7.4176000000000215
Glc(a1-4)Glc(a1-Sp8,8.15445,1.2614999999999998,20.8248,2.6998999999999977
Glc(a1-6)Glc(a1-6)Glc(b1-Sp8,11.259375,4.7585250000000014,9.417825,5.544224999999999
Glc(b1-4)Glc(b1-Sp8,6.642175000000001,4.95455,58.247075,10.1724
Glc(b1-6)Glc(b1-Sp8,7.81725,7.609325,-1.8596499999999985,4.3126250000000015
G-ol(a1-Sp8,10.929675000000005,6.909450000000002,17.823349999999994,5.211199999999999
GlcA(a1-Sp8,3.053024999999999,5.053325000000001,1.4130000000000011,14.956624999999995
GlcA(b1-Sp8,64.28712499999997,29.3611,19.057475,67.316875
GlcA(b1-3)Gal(b1-Sp8,6.05035,5.991699999999998,5.150025000000003,7.389875
GlcA(b1-6)Gal(b1-Sp8,2.408075,-6.656450000000002,4.883350000000001,4.099250000000003
KDN(a2-3)Gal(b1-3)GlcNAc(b1-Sp0,2.62855,-5.74735,-1.5808749999999991,4.209974999999999
KDN(a2-3)Gal(b1-4)GlcNAc(b1-Sp0,5.733950000000003,7.188075000000001,-0.6559749999999998,2.4216250000000006
Man(a1-2)Man(a1-2)Man(a1-3)Man(a1-Sp9,1.1216750000000002,-0.933175,6.750975,6.835750000000001
Man(a1-2)Man(a1-6)[Man(a1-2)Man(a1-3)]Man(a1-Sp9,9.92515,7.608125,2.7036999999999995,1.4878250000000008
Man(a1-2)Man(a1-3)Man(a1-Sp9,0.4517999999999991,8.1071,10.202450000000002,14.985249999999995
Man(a1-6)[Man(a1-2)Man(a1-3)]Man(a1-6)[Man(a1-2)Man(a1-3)]Man(b1-4)GlcNAc(b1-4)GlcNAc(b1-Sp12,0.5127250000000001,5.0166999999999975,7.554924999999997,88.36037499999998
Man(a1-2)Man(a1-6)[Man(a1-3)]Man(a1-6)[Man(a1-2)Man(a1-2)Man(a1-3)]Man(b1-4)GlcNAc(b1-4)GlcNAc(b1-Sp12,-7.363175,-9.52465,0.5672499999999987,296.883325
Man(a1-2)Man(a1-6)[Man(a1-2)Man(a1-3)]Man(a1-6)[Man(a1-2)Man(a1-2)Man(a1-3)]Man(b1-4)GlcNAc(b1-4)GlcNAc(b1-Sp12,12.9463,16.805,62.84555,311.61905
Man(a1-6)[Man(a1-3)]Man(a1-Sp9,8.173849999999998,5.222425000000001,3.8814249999999992,3.745675
Man(a1-2)Man(a1-2)Man(a1-6)[Man(a1-3)]Man(a1-Sp9,14.441149999999995,5.856449999999999,4.916800000000002,8.073000000000002
Man(a1-6)[Man(a1-3)]Man(a1-6)[Man(a1-2)Man(a1-3)]Man(b1-4)GlcNAc(b1-4)GlcNAc(b1-Sp12,25.095825,48.76032500000001,20.933625,340.4172250000001
Man(a1-6)[Man(a1-3)]Man(a1-6)[Man(a1-3)]Man(b1-4)GlcNAc(b1-4)GlcNAc(b1-Sp12,3.744299999999998,-1.015675,-0.7344500000000007,124.6604
Man(b1-4)GlcNAc(b1-Sp0,-0.14982499999999987,-1.2229,74.050475,9.510375
Neu5Ac(a2-3)Gal(b1-4)GlcNAc(b1-3)Gal(b1-4)[Fuc(a1-3)]GlcNAc(b1-Sp0,2.6692500000000017,-4.544375,75.6474,-0.5814750000000006
(3S)Gal(b1-4)[Fuc(a1-3)](6S)GlcNAc(b1-Sp8,5.461325,9.306474999999997,1.2730999999999997,8.033000000000001
Fuc(a1-2)(6S)Gal(b1-4)GlcNAc(b1-Sp0,3.3968249999999984,1.4876749999999994,2.3228,9.48375
Fuc(a1-2)Gal(b1-4)(6S)GlcNAc(b1-Sp8,3.5209499999999987,3.025575,4.63955,3.713175
Fuc(a1-2)(6S)Gal(b1-4)(6S)Glc(b1-Sp0,11.26785,10.745225,14.189725000000005,8.982599999999998
Neu5Ac(a2-3)Gal(b1-3)GalNAc(a1-Sp8,-1.9756750000000007,3.869925000000001,-3.489225000000001,0.7347750000000013
Neu5Ac(a2-3)Gal(b1-3)GalNAc(a1-Sp14,1.6473750000000005,-5.426025,-1.3422249999999982,-7.2438249999999975
GalNAc(b1-4)[Neu5Ac(a2-8)Neu5Ac(a2-8)Neu5Ac(a2-8)Neu5Ac(a2-3)]Gal(b1-4)Glc(b1-Sp0,10.23295,-3.275425000000001,2.884474999999997,2.436675
GalNAc(b1-4)[Neu5Ac(a2-8)Neu5Ac(a2-8)Neu5Ac(a2-3)]Gal(b1-4)Glc(b1-Sp0,4.946774999999999,8.277749999999997,12.344175000000002,8.177575000000001
Neu5Ac(a2-8)Neu5Ac(a2-8)Neu5Ac(a2-3)Gal(b1-4)Glc(b1-Sp0,3.1781500000000005,-8.372075,-4.493600000000002,0.4676250000000017
GalNAc(b1-4)[Neu5Ac(a2-8)Neu5Ac(a2-3)]Gal(b1-4)Glc(b1-Sp0,9.35405,-3.167175,-5.256725000000001,20.923950000000005
Neu5Ac(a2-8)Neu5Ac(a2-8)Neu5Ac(a1-Sp8,2.145199999999999,-5.347574999999999,-0.2025500000000013,4.009874999999999
Neu5Ac(a2-3)(6S)Gal(b1-4)[Fuc(a1-3)]GlcNAc(b1-Sp8,1.630275,1.3351999999999995,2.1112249999999992,8.883999999999997
GalNAc(b1-4)[Neu5Ac(a2-3)]Gal(b1-4)GlcNAc(b1-Sp0,8.0227,-1.5684250000000004,5.378775,12.617874999999998
GalNAc(b1-4)[Neu5Ac(a2-3)]Gal(b1-4)GlcNAc(b1-Sp8,1.4830749999999997,8.14035,1.976125,3.2844
GalNAc(b1-4)[Neu5Ac(a2-3)]Gal(b1-4)Glc(b1-Sp0,5.402275,1.056725,1.2240000000000002,6.707150000000001
Neu5Ac(a2-3)Gal(b1-3)GalNAc(b1-4)[Neu5Ac(a2-3)]Gal(b1-4)Glc(b1-Sp0,-9.705125,4.924774999999997,-5.283975,-2.725075
Neu5Ac(a2-6)[Neu5Ac(a2-3)]GalNAc(a1-Sp8,6.0116749999999985,-0.8730250000000002,2.5196500000000004,6.978375000000002
Neu5Ac(a2-3)GalNAc(a1-Sp8,1.88045,1.0346999999999995,4.975549999999998,7.484349999999999
Neu5Ac(a2-3)GalNAc(b1-4)GlcNAc(b1-Sp0,4.830625,-0.4208999999999996,4.23165,-1.1064499999999995
Neu5Ac(a2-3)Gal(b1-3)(6S)GlcNAc(a1-Sp8,13.13835,13.418275,20.0199,37.85147500000001
Neu5Ac(a2-3)Gal(b1-3)[ Fuc(a1-4)]GlcNAc(b1-Sp8,5.522425,7.3395249999999965,7.311525,5.995475
Neu5Ac(a2-3)Gal(b1-3)[Fuc(a1-4)]GlcNAc(b1-3)Gal(b1-4)[Fuc(a1-3)]GlcNAc(b1-Sp0,3.4627750000000006,10.89075,0.33622500000000066,5.714150000000004
Neu5Ac(a2-3)Gal(b1-4)[Neu5Ac(a2-3)Gal(b1-3)]GlcNAc(b1-Sp8,4.338324999999998,1.5984000000000007,4.242575,5.304725
Neu5Ac(a2-3)Gal(b1-3)(6S)GalNAc(a1-Sp8,5.9494500000000015,-2.080025,3.2763000000000013,1.2641500000000008
Neu5Ac(a2-6)[Neu5Ac(a2-3)Gal(b1-3)]GalNAc(a1-Sp8,24.75810000000001,-3.132550000000001,3.73875,3.145375
Neu5Ac(a2-6)[Neu5Ac(a2-3)Gal(b1-3)]GalNAc(a1-Sp14,11.003049999999998,0.40597500000000064,12.433925000000002,11.920349999999996
Neu5Ac(a2-3)Gal(b1-Sp8,6.688624999999997,6.192724999999999,0.0756250000000005,10.032675
Neu5Ac(a2-3)Gal(b1-3)GalNAc(b1-3)Gal(a1-4)Gal(b1-4)Glc(b1-Sp0,15.432550000000004,-3.1713250000000013,10.4282,14.708925
Neu5Ac(a2-3)Gal(b1-3)GlcNAc(b1-3)Gal(b1-4)GlcNAc(b1-Sp0,4.2567,2.41025,-3.16475,0.2402750000000005
Fuc(a1-2)(6S)Gal(b1-4)Glc(b1-Sp0,-2.5779,3.2735999999999983,1.7011250000000002,3.6427000000000014
Neu5Ac(a2-3)Gal(b1-3)GlcNAc(b1-Sp0,8.016850000000002,-0.03390000000000093,4.188900000000003,2.096499999999999
Neu5Ac(a2-3)Gal(b1-3)GlcNAc(b1-Sp8,3.03215,-0.6709250000000004,3.0084750000000007,3.2536750000000003
Neu5Ac(a2-3)Gal(b1-4)(6S)GlcNAc(b1-Sp8,3.0634250000000023,2.29605,7.416175,7.216474999999999
Neu5Ac(a2-3)Gal(b1-4)[Fuc(a1-3)](6S)GlcNAc(b1-Sp8,1.447375,0.6451000000000002,4.086799999999998,5.084400000000003
Neu5Ac(a2-3)Gal(b1-4)[Fuc(a1-3)]GlcNAc(b1-3)Gal(b1-4)[Fuc(a1-3)]GlcNAc(b1-3)Gal(b1-4)[Fuc(a1-3)]GlcNAc(b1-Sp0,9.37165,-5.764700000000001,4.702075000000002,14.44925
Neu5Ac(a2-3)Gal(b1-4)[Fuc(a1-3)]GlcNAc(b1-Sp0,11.063525,1.5078500000000004,3.2640499999999992,1.6086250000000009
Neu5Ac(a2-3)Gal(b1-4)[Fuc(a1-3)]GlcNAc(b1-Sp8,3.8092,-1.734325,4.38065,2.8351749999999987
Neu5Ac(a2-3)Gal(b1-4)[Fuc(a1-3)]GlcNAc(b1-3)Gal(b1-Sp8,7.075474999999999,3.155574999999999,7.895049999999999,2.2676999999999987
Neu5Ac(a2-3)Gal(b1-4)[Fuc(a1-3)]GlcNAc(b1-3)Gal(b1-4)GlcNAc(b1-Sp8,2.479125,-2.2599500000000017,1.5286499999999998,0.8341000000000021
Neu5Ac(a2-3)Gal(b1-4)GlcNAc(b1-3)Gal(b1-4)GlcNAc(b1-3)Gal(b1-4)GlcNAc(b1-Sp0,4.415499999999999,2.1987749999999995,2.830775000000002,10.888674999999996
Neu5Ac(a2-3)Gal(b1-4)GlcNAc(b1-Sp0,3.3264,-3.5940000000000003,13.569025,4.688350000000002
Neu5Ac(a2-3)Gal(b1-4)GlcNAc(b1-Sp8,7.134699999999999,3.1244750000000003,3.1573249999999984,2.8671750000000005
Neu5Ac(a2-3)Gal(b1-4)GlcNAc(b1-3)Gal(b1-4)GlcNAc(b1-Sp0,1.3884249999999991,-1.0607999999999989,3.6653499999999934,4.438975
Fuc(a1-2)Gal(b1-4)(6S)Glc(b1-Sp0,5.910675,12.455250000000005,7.2359250000000035,13.322474999999995
Neu5Ac(a2-3)Gal(b1-4)Glc(b1-Sp0,4.374624999999998,10.865125,3.876725,8.359000000000002
Neu5Ac(a2-3)Gal(b1-4)Glc(b1-Sp8,9.66155,4.246175000000001,6.128050000000003,6.9662000000000015
Neu5Ac(a2-6)GalNAc(a1-Sp8,5.3135749999999975,-1.5782749999999997,7.261475,10.254275
Neu5Ac(a2-6)GalNAc(b1-4)GlcNAc(b1-Sp0,4.603875,-2.412725,7.827450000000002,3.4174750000000014
Neu5Ac(a2-6)Gal(b1-4)(6S)GlcNAc(b1-Sp8,5.628575,-3.1558,2.990600000000001,16.44645
Neu5Ac(a2-6)Gal(b1-4)GlcNAc(b1-Sp0,9.303174999999996,14.128600000000004,9.921474999999996,5.010324999999999
Neu5Ac(a2-6)Gal(b1-4)GlcNAc(b1-Sp8,0.4689000000000005,1.7596999999999996,-2.155725,12.921325000000005
Neu5Ac(a2-6)Gal(b1-4)GlcNAc(b1-3)Gal(b1-4)[Fuc(a1-3)]GlcNAc(b1-3)Gal(b1-4)[Fuc(a1-3)]GlcNAc(b1-Sp0,11.704475000000002,5.739274999999999,8.3651,11.184050000000012
Neu5Ac(a2-6)Gal(b1-4)GlcNAc(b1-3)Gal(b1-4)GlcNAc(b1-Sp0,10.7375,5.789824999999998,4.89735,7.342625
Neu5Ac(a2-6)Gal(b1-4)Glc(b1-Sp0,10.65705,4.89565,6.492075,2.839975
Neu5Ac(a2-6)Gal(b1-4)Glc(b1-Sp8,10.358375,5.680199999999999,4.75,31.44549999999998
Neu5Ac(a2-6)Gal(b1-Sp8,7.051850000000001,4.306374999999999,10.21975,13.18715
Neu5Ac(a2-8)Neu5Ac(a1-Sp8,2.6815749999999983,4.281425,10.338025000000004,6.758975
Neu5Ac(a2-8)Neu5Ac(a2-3)Gal(b1-4)Glc(b1-Sp0,6.740500000000001,-1.2940999999999994,-0.8969500000000004,2.6617000000000006
Gal(b1-3)[Fuc(a1-4)]GlcNAc(b1-3)Gal(b1-3)[Fuc(a1-4)]GlcNAc(b1-Sp0,7.541800000000006,1.2528500000000022,3.9242500000000007,5.46885
Neu5Ac(b2-6)GalNAc(a1-Sp8,8.319025000000002,-3.225625,-0.4136750000000005,10.3512
Neu5Ac(b2-6)Gal(b1-4)GlcNAc(b1-Sp8,5.8882749999999975,-3.0005749999999995,-3.486425,8.369375
Neu5Gc(a2-3)Gal(b1-3)[Fuc(a1-4)]GlcNAc(b1-Sp0,12.265300000000005,3.2340499999999963,21.10642500000085,20.694325
Neu5Gc(a2-3)Gal(b1-3)GlcNAc(b1-Sp0,0.5184999999999995,-3.021125,2.0071749999999984,7.330949999999999
Neu5Gc(a2-3)Gal(b1-4)[Fuc(a1-3)]GlcNAc(b1-Sp0,11.115675,-1.982275000000001,-2.795975,4.07005
Neu5Gc(a2-3)Gal(b1-4)GlcNAc(b1-Sp0,7.2424,4.05655,-3.3221750000000005,11.26945
Neu5Gc(a2-3)Gal(b1-4)Glc(b1-Sp0,11.52455,4.692999999999998,21.868075000000005,3.460275
Neu5Gc(a2-6)GalNAc(a1-Sp0,7.4114,-5.5310500000000005,3.68205,11.4747
Neu5Gc(a2-6)Gal(b1-4)GlcNAc(b1-Sp0,6.903425000000001,1.0396499999999982,6.088675000000002,15.942874999999988
Neu5Gc(a1-Sp8,7.340549999999999,4.560750000000003,8.4714,10.400674999999996
Neu5Ac(a2-3)Gal(b1-4)GlcNAc(b1-6)[Gal(b1-3)]GalNAc(a1-Sp14,5.223725,6.375925000000001,5.9720999999999975,9.951675000000002
Gal(b1-3)GlcNAc(b1-3)Gal(b1-3)GlcNAc(b1-Sp0,12.501649999999998,5.527275,7.15105,4.23025
Gal(b1-4)[Fuc(a1-3)](6S)GlcNAc(b1-Sp0 ,12.235400000000002,13.15995,5.067774999999998,5.80395
Gal(b1-4)[Fuc(a1-3)](6S)Glc(b1-Sp0,3.6229249999999986,14.411,0.811375,25.9374
Gal(b1-4)[Fuc(a1-3)]GlcNAc(b1-3)Gal(b1-3)[Fuc(a1-4)]GlcNAc(b1-Sp0,8.043475,9.785749999999998,5.837550000000001,16.543300000000002
Gal(b1-4)GlcNAc(b1-3)Gal(b1-3)GlcNAc(b1-Sp0,4.665625,2.0237000000000016,10.2444,10.371475000000004
Neu5Ac(a2-3)Gal(b1-3)GlcNAc(b1-3)Gal(b1-3)GlcNAc(b1-Sp0,5.71745,-6.978700000000003,0.5626749999999987,3.911925
Neu5Ac(a2-3)Gal(b1-4)GlcNAc(b1-3)Gal(b1-3)GlcNAc(b1-Sp0,5.024875,5.709975,2.040024999999999,3.384675
4S(3S)Gal(b1-4)GlcNAc(b1-Sp0,3.802975,2.46265,0.3564499999999988,11.624900000000006
(6S)Gal(b1-4)(6S)GlcNAc(b1-Sp0,5.8166249999999975,6.340199999999999,-2.1113499999999994,0.3135749999999988
(6P)Glc(b1-Sp10,15.108575000000002,9.642725000000002,5.276925000000001,24.1659
Neu5Ac(a2-3)Gal(b1-4)[Fuc(a1-3)]GlcNAc(b1-6)[Gal(b1-3)]GalNAc(a1-Sp14,6.2691,-0.2476750000000001,10.204449999999998,10.428250000000002
Gal(b1-3)Gal(b1-4)GlcNAc(b1-Sp8,2.321649999999999,2.94055,1.9997250000000009,11.945574999999998
Neu5Ac(a2-6)Gal(b1-4)GlcNAc(b1-2)Man(a1-6)[Gal(b1-4)GlcNAc(b1-2)Man(a1-3)]Man(b1-4)GlcNAc(b1-4)GlcNAc(b1-Sp12,66.04035,1806.588675,12486.80025,31699.408525000013
Gal(b1-4)GlcNAc(b1-6)[Gal(b1-4)GlcNAc(b1-3)]Gal(b1-4)GlcNAc(a1-Sp0,8.258849999999995,0.8223749999999992,6.409299999999999,2.3008499999999987
GlcNAc(b1-6)[Gal(b1-4)GlcNAc(b1-3)]Gal(b1-4)GlcNAc(a1-Sp0,8.996275,-3.2818,7.1511999999997915,3.373450000000002
Gal(b1-4)GlcNAc(a1-6)Gal(b1-4)GlcNAc(b1-Sp0,1.2393249999999991,-4.72735,0.7288000000000001,4.895775
Gal(b1-4)GlcNAc(b1-6)Gal(b1-4)GlcNAc(b1-Sp0,4.1375749999999965,-2.4633000000000007,8.466925000000002,5.5768
GalNAc(b1-3)Gal(b1-Sp8,3.1801999999999992,4.006174999999998,9.426125000000004,9.383575
GlcA(b1-3)GlcNAc(b1-Sp8,1.577375,9.1046,0.9287249999999992,11.39975
Neu5Ac(a2-6)Gal(b1-4)GlcNAc(b1-2)Man(a1-6)[GlcNAc(b1-2)Man(a1-3)]Man(b1-4)GlcNAc(b1-4)GlcNAc(b1-Sp12,54.240275,746.713375,16906.091075,27265.913325
GlcNAc(b1-3)Ma(n1-Sp10,9.582674999999998,5.614849999999998,9.508625,7.765275
GlcNAc(b1-4)GlcNAc(b1-Sp10,4.22335,7.190200000000001,4.924050000000001,0.18837499999999974
GlcNAc(b1-4)GlcNAc(b1-Sp12,2.7420500000000008,-2.3378000000000005,1.5098250000000002,12.587550000000007
MurNAc(b1-4)GlcNAc(b1-Sp10,3.6981,-1.0111750000000015,6.2223250000000005,5.526100000000001
Man(a1-6)Man(b1-Sp10,22.356125,3.1763250000000003,0.923350000000001,20.8427
Man(a1-6)[Man(a1-3)]Man(a1-6)[Man(a1-3)]Man(b1-Sp10,11.215950000000005,4.63545,5.536100000000001,9.009725
Man(a1-2)Man(a1-6)[Man(a1-3)]Man(a1-6)[Man(a1-2)Man(a1-2)Man(a1-3)]Man(a1-Sp9,6.359475,4.067075,5.013650000000001,6.242800000000001
Man(a1-2)Man(a1-6)[Man(a1-2)Man(a1-3)]Man(a1-6)[Man(a1-2)Man(a1-2)Man(a1-3)]Man(a1-Sp9,2.8407,-0.9024250000000008,-0.24625,10.1722
Neu5Ac(a2-3)Gal(b1-4)GlcNAc(b1-6)[Neu5Ac(a2-3)Gal(b1-3)]GalNAc(a1-Sp14,3.696649999999999,0.3797749999999985,-5.023225000000002,-0.2653499999999997
Neu5Ac(a2-6)Gal(b1-4)GlcNAc(b1-2)Man(a1-6)[Neu5Ac(a2-3)Gal(b1-4)GlcNAc(b1-2)Man(a1-3)]Man(b1-4)GlcNAc(b1-4)GlcNAc(b1-Sp12,7.206950000000003,0.21987500000000004,16.535225,939.4313499999997
Gal(b1-4)GlcNAc(b1-2)Man(a1-6)[Neu5Ac(a2-6)Gal(b1-4)GlcNAc(b1-2)Man(a1-3)]Man(b1-4)GlcNAc(b1-4)GlcNAc(b1-Sp12,23.66532500000001,147.915675,5540.187775,23440.39295
GlcNAc(b1-2)Man(a1-6)[Neu5Ac(a2-6)Gal(b1-4)GlcNAc(b1-2)Man(a1-3)]Man(b1-4)GlcNAc(b1-4)GlcNAc(b1-Sp12,2.7402,37.63137499999999,4483.107225000002,20721.73705
Neu5Ac(a2-8)Neu5Ac(b1-Sp17,5.951400000000002,2.7420250000000013,6.0567249999999975,9.453375
Neu5Ac(a2-8)Neu5Ac(a2-8)Neu5Ac(b1-Sp8,1.0717500000000015,3.5936000000000012,6.2388499999999985,1.305375000000001
Neu5Gc(b2-6)Gal(b1-4)GlcNAc(a1-Sp8,3.93935,8.072624999999999,9.0289,11.795875
Gal(b1-3)GlcNAc(b1-2)Man(a1-6)[Gal(b1-3)GlcNAc(b1-2)Man(a1-3)]Man(b1-4)GlcNAc(b1-4)GlcNAc(b1-Sp19,57.63780000000001,1056.2837,8152.938275,28484.375275
Neu5Ac(a2-3)Gal(b1-4)GlcNAc(b1-2)Man(a1-6)[Neu5Ac(a2-3)Gal(b1-4)GlcNAc(b1-2)Man(a1-3)]Man(b1-4)GlcNAc(b1-4)GlcNAc(b1-Sp12,3.790175,-1.956875,5.424649999999998,10.40805
Neu5Ac(a2-3)Gal(b1-4)GlcNAc(b1-2)Man(a1-6)[Neu5Ac(a2-6)Gal(b1-4)GlcNAc(b1-2)Man(a1-3)]Man(b1-4)GlcNAc(b1-4)GlcNAc(b1-Sp12,2.4651749999999995,44.46890000000001,1808.645175,18300.771675
Gal(b1-4)[Fuc(a1-3)]GlcNAc(b1-2)Man(a1-6)[Gal(b1-4)[Fuc(a1-3)]GlcNAc(b1-2)Man(a1-3)]Man(b1-4)GlcNAc(b1-4)GlcNAc(b1-Sp20,73.71072500000002,548.5262250000002,6998.7060500000025,15517.685825000004
"Neu5,9Ac2(a2-3)Gal(b1-4)GlcNAc(b1-Sp0",36.593875,12.38925,20.453975,26.141
"Neu5,9Ac2(a2-3)Gal(b1-4)GlcNAc(b1-Sp0",4.866875,-6.079600000000005,-0.9829249999999998,-0.0175500000000004
Neu5Ac(a2-6)Gal(b1-4)GlcNAc(b1-3)Gal(b1-3)GlcNAc(b1-Sp0,-7.029199999999999,-0.8316750000000006,6.3844499999999975,-3.3916499999999985
Neu5Ac(a2-3)Gal(b1-3)[Fuc(a1-4)]GlcNAc(b1-3)Gal(b1-3)[Fuc(a1-4)]GlcNAc(b1-Sp0,11.347624999999995,-0.3703499999999984,5.443099999999999,8.653624999999998
Neu5Ac(a2-6)Gal(b1-4)GlcNAc(b1-3)Gal(b1-4)GlcNAc(b1-3)Gal(b1-4)GlcNAc(b1-Sp0,7.1763249999999985,2.079224999999999,4.16545,9.400049999999997
Gal(a1-4)Gal(b1-4)GlcNAc(b1-3)Gal(b1-4)Glc(b1-Sp0,1.564425,5.111599999999998,3.787749999999997,5.941674999999997
GalNAc(b1-3)Gal(a1-4)Gal(b1-4)GlcNAc(b1-3)Gal(b1-4)Glc(b1-Sp0,0.809324999999999,-2.8809500000000012,4.077449999999998,12.5886
GalNAc(a1-3)[Fuc(a1-2)]Gal(b1-4)GlcNAc(b1-3)Gal(b1-4)GlcNAc(b1-Sp0,5.0410249999999985,-1.24735,2.332300000000001,9.077649999999998
GalNAc(a1-3)[Fuc(a1-2)]Gal(b1-4)GlcNAc(b1-3)Gal(b1-4)GlcNAc(b1-3)Gal(b1-4)GlcNAc(b1-Sp0,15.476074999999998,-3.3265499999999983,15.938675000000002,30.48635
Neu5Ac(a2-3)Gal(b1-4)[Fuc(a1-3)]GlcNAc(b1-6)[Neu5Ac(a2-3)Gal(b1-3)]GalNAc(a1-Sp14,8.994649999999998,-2.50845,2.8123499999999986,13.005825000000002
GlcNAc(a1-4)Gal(b1-4)GlcNAc(b1-3)Gal(b1-4)GlcNAc(b1-3)Gal(b1-4)GlcNAc(b1-Sp0,5.8564500000000015,5.492199999999998,-0.7977249999999989,5.865999999999998
GlcNAc(a1-4)Gal(b1-4)GlcNAc(b1-Sp0,9.079900000000002,6.883825,11.193824999999995,1.743925
GlcNAc(a1-4)Gal(b1-3)GlcNAc(b1-Sp0,2.711925,-1.5984249999999998,8.351775,-0.4480000000000008
GlcNAc(a1-4)Gal(b1-4)GlcNAc(b1-3)Gal(b1-4)Glc(b1-Sp0,1.0983999999999998,-0.6878499999999987,4.3507250000000015,4.467700000000002
GlcNAc(a1-4)Gal(b1-4)GlcNAc(b1-3)Gal(b1-4)[Fuc(a1-3)]GlcNAc(b1-3)Gal(b1-4)[Fuc(a1-3)]GlcNAc(b1-Sp0,12.073150000000002,14.043624999999995,20.888475,23.183125
GlcNAc(a1-4)Gal(b1-4)GlcNAc(b1-3)Gal(b1-4)GlcNAc(b1-Sp0,6.65325,0.3591749999999996,-4.903599999999999,8.665075000000002
GlcNAc(a1-4)Gal(b1-3)GalNAc(a1-Sp14,7.554099999999999,-1.0213500000000009,-1.6371499999999992,11.569825000000002
Neu5Ac(a2-6)Gal(b1-4)GlcNAc(b1-2)Man(a1-6)[Man(a1-3)]Man(b1-4)GlcNAc(b1-4)GlcNAc(a1-Sp12,5.201550000000001,2.3590500000000008,1.4676,31.725300000000004
Man(a1-6)[Neu5Ac(a2-6)Gal(b1-4)GlcNAc(b1-2)Man(a1-3)]Man(b1-4)GlcNAc(b1-4)GlcNAc(a1-Sp12,-0.8764749999999992,-1.94045,20.536725,204.642725
Neu5Ac(a2-6)Gal(b1-4)GlcNAc(b1-2)Man(a1-6)Man(b1-4)GlcNAc(b1-4)GlcNAc(a1-Sp12,12.385025000000004,-2.66025,3.2018250000000004,2.6970500000000013
Neu5Ac(a2-6)Gal(b1-4)GlcNAc(b1-2)Man(a1-3)Man(b1-4)GlcNAc(b1-4)GlcNAc(a1-Sp12,2.4000249999999994,2.3648499999999992,2.980375,18.7588
Gal(b1-4)GlcNAc(b1-2)Man(a1-3)Man(b1-4)GlcNAc(b1-4)GlcNAc(a1-Sp12,7.7793,0.9874249999999992,5.048675000000001,3.9274
Gal(b1-4)GlcNAc(b1-2)Man(a1-6)Man(b1-4)GlcNAc(b1-4)GlcNAc(a1-Sp12,2.179099999999999,-6.0383749999999985,5.535,3.7912
Man(a1-6)[Gal(b1-4)GlcNAc(b1-2)Man(a1-3)]Man(b1-4)GlcNAc(b1-4)GlcNAc(b1-Sp12,8.646224999999996,12.687675,389.5456,4094.1836
GlcNAc(b1-2)Man(a1-6)[GlcNAc(b1-2)Man(a1-3)]Man(b1-4)GlcNAc(b1-4)[Fuc(a1-6)]GlcNAc(b1-Sp22,71.24972499999998,1087.57995,6625.011200000001,9103.180325
Gal(b1-4)GlcNAc(b1-2)Man(a1-6)[Gal(b1-4)GlcNAc(b1-2)Man(a1-3)]Man(b1-4)GlcNAc(b1-4)[Fuc(a1-6)]GlcNAc(b1-Sp22,542.1819750000002,3309.6893999999993,12330.405324999998,18151.803675000006
Gal(b1-3)GlcNAc(b1-2)Man(a1-6)[Gal(b1-3)GlcNAc(b1-2)Man(a1-3)]Man(b1-4)GlcNAc(b1-4)[Fuc(a1-6)]GlcNAc(b1-Sp22,478.800175,3890.8572,15807.911499999998,22493.679650000005
(6S)GlcNAc(b1-3)Gal(b1-4)GlcNAc(b1-Sp0,1.4872749999999997,-0.8465749999999996,5.985150000000003,8.356750000000002
KDN(a2-3)Gal(b1-4)[Fuc(a1-3)]GlcNAc(a1-Sp0,7.901925000000002,1.9843500000000027,15.354375,31.169650000000008
KDN(a2-6)Gal(b1-4)GlcNAc(a1-Sp0,9.5629,-1.73375,-2.247675000000001,20.144350000000006
KDN(a2-3)Gal(b1-4)Glc(a1-Sp0,6.09635,-4.309550000000003,0.17907500000000187,5.204574999999998
KDN(a2-3)Gal(b1-3)GalNAc(a1-Sp14,2.0566499999999985,-2.1372000000000004,9.288025000000003,12.71985
Fuc(a1-2)Gal(b1-3)GlcNAc(b1-2)Man(a1-6)[Fuc(a1-2)Gal(b1-3)GlcNAc(b1-2)Man(a1-3)]Man(b1-4)GlcNAc(b1-4)GlcNAc(b1-Sp20,13.460175,9.284074999999998,150.60289999999995,2091.25565
Fuc(a1-2)Gal(b1-4)GlcNAc(b1-2)Man(a1-6)[Fuc(a1-2)Gal(b1-4)GlcNAc(b1-2)Man(a1-3)]Man(b1-4)GlcNAc(b1-4)GlcNAc(b1-Sp20,96.27067499999998,836.3000749999999,9993.294425,17216.714375000003
Fuc(a1-2)Gal(b1-4)[Fuc(a1-3)]GlcNAc(b1-2)Man(a1-6)[Fuc(a1-2)Gal(b1-4)[Fuc(a1-3)]GlcNAc(b1-2)Man(a1-3)]Man(b1-4)GlcNAc(b1-4)GlcNA(b1-Sp20,44.49787499999999,31.53092500000001,26.89905000000001,74.371925
Gal(a1-3)Gal(b1-4)GlcNAc(b1-2)Man(a1-6)[Gal(a1-3)Gal(b1-4)GlcNAc(b1-2)Man(a1-3)]Man(b1-4)GlcNAc(b1-4)GlcNAc(b1-Sp20,14.150775,22.99325000000001,349.5049,7046.000074999999
Gal(b1-4)GlcNAc(b1-2)Man(a1-6)[Man(a1-3)]Man(b1-4)GlcNAc(b1-4)GlcNAc(b1-Sp12,1.773675,3.6234499999999983,5.717824999999998,51.981375
Fuc(a1-4)[Gal(b1-3)]GlcNAc(b1-2)Man(a1-6)[Fuc(a1-4)[Gal(b1-3)]GlcNAc(b1-2)Man(a1-3)]Man(b1-4)GlcNAc(b1-4)[Fuc(a1-6)]GlcNAc(b1-Sp22,21.719649999999994,48.460800000000006,463.238525,1536.530975
Neu5Ac(a2-6)GlcNAc(b1-4)GlcNAc(a1-Sp21,2.0105249999999995,-2.4843,-8.113575,11.68655
Neu5Ac(a2-6)GlcNAc(b1-4)GlcNAc(b1-4)GlcNAc(a1-Sp21,5.078400000000002,-1.2497250000000002,0.11690000000000025,-0.002850000000000019
Gal(b1-4)[Fuc(a1-3)]GlcNAc(b1-6)[Fuc(a1-2)Gal(b1-4)GlcNAc(b1-3)]Gal(b1-4)Glc(a1-Sp21,0.6472000000000007,4.7529,3.7707500000000014,-0.9707
Gal(b1-4)GlcNAc(b1-2)Man(a1-6)[Gal(b1-4)GlcNAc(b1-4)[Gal(b1-4)GlcNAc(b1-2)]Man(a1-3)]Man(b1-4)GlcNAc(b1-4)GlcNAc(a1-Sp21,39.5492,431.57340000000005,4726.8752749999985,22024.062624999995
GalNAc(a1-3)[Fuc(a1-2)]Gal(b1-4)GlcNAc(b1-2)Man(a1-6)[GalNAc(a1-3)[Fuc(a1-2)]Gal(b1-4)GlcNAc(b1-2)Man(a1-3)]Man(b1-4)GlcNAc(b1-4)GlcNAc(b1-Sp20,9.526775,1.6328249999999969,98.26204999999996,3903.048400000001
Gal(a1-3)[Fuc(a1-2)]Gal(b1-4)GlcNAc(b1-2)Man(a1-6)[Gal(a1-3)[Fuc(a1-2)]Gal(b1-4)GlcNAc(b1-2)Man(a1-3)]Man(b1-4)GlcNAc(b1-4)GlcNAc(b1-Sp20,18.999825,39.236,551.79125,9724.49175
Gal(a1-3)Gal(b1-4)[Fuc(a1-3)]GlcNAc(b1-2)Man(a1-6)[Gal(a1-3)Gal(b1-4)[Fuc(a1-3)]GlcNAc(b1-2)Man(a1-3)]Man(b1-4)GlcNAc(b1-4)GlcNAc(b1-Sp20,-3.9909250000000007,-18.029725,-14.394775,38.527175
GalNAc(a1-3)[Fuc(a1-2)]Gal(b1-3)GlcNAc(b1-2)Man(a1-6)[GalNAc(a1-3)[Fuc(a1-2)]Gal(b1-3)GlcNAc(b1-2)Man(a1-3)]Man(b1-4)GlcNAc(b1-4)GlcNAc(b1-Sp20,-0.290025,-6.5556000000000045,-6.556175000000001,621.2032999999999
Gal(a1-3)[Fuc(a1-2)]Gal(b1-3)GlcNAc(b1-2)Man(a1-6)[Gal(a1-3)[Fuc(a1-2)]Gal(b1-3)GlcNAc(b1-2)Man(a1-3)]Man(b1-4)GlcNAc(b1-4)GlcNAc(b1-Sp20,6.172125000000001,-8.194825000000005,166.109925,1599.1341250000007
Fuc(a1-4)[Fuc(a1-2)Gal(b1-3)]GlcNAc(b1-2)Man(a1-3)[Fuc(a1-4)[Fuc(a1-2)Gal(b1-3)]GlcNAc(b1-2)Man(a1-3)]Man(b1-4)GlcNAc(b1-4)GlcNAc(b1-Sp19,5.701425000000001,47.158,-8.622074999999999,21.667725
Neu5Ac(a2-3)Gal(b1-4)GlcNAc(b1-3)GalNAc(a1-Sp14,1.588824999999999,-8.2885,-3.8106750000000034,2.0524000000000004
Neu5Ac(a2-6)Gal(b1-4)GlcNAc(b1-3)GalNAc(a1-Sp14,4.73215,13.167324999999998,6.265074999999998,6.403924999999999
Neu5Ac(a2-3)Gal(b1-4)[Fuc(a1-3)]GlcNAc(b1-3)GalNAc(a1-Sp14,5.881349999999998,-3.9605749999999986,3.4633749999999988,44.91580000000005
GalNAc(b1-4)GlcNAc(b1-2)Man(a1-6)[GalNAc(b1-4)GlcNAc(b1-2)Man(a1-3)]Man(b1-4)GlcNAc(b1-4)GlcNAc(a1-Sp12,43.641375,100.0403,468.3218,1358.4982000000002
Gal(b1-3)GalNAc(a1-3)[Fuc(a1-2)]Gal(b1-4)Glc(a1-Sp0,10.341724999999997,-7.1553,-5.157350000000001,17.0247
Gal(b1-3)GalNAc(a1-3)[Fuc(a1-2)]Gal(b1-4)GlcNAc(a1-Sp0,5.9385,-4.775400000000001,5.337125,5.410999999999998
Gal(b1-3)GlcNac(b1-3)Gal(b1-4)GlcNac(b1-6)[Gal(b1-3)GlcNac(b1-3)]Gal(b1-4)Glc(b1-Sp0,3.287300000000001,-3.3726999999999987,3.77695,-0.567075
Gal(b1-4)[Fuc(a1-3)]GlcNAc(b1-6)[Gal(b1-3)GlcNAc(b1-3)]Gal(b1-4)Glc(a1-Sp21,-0.9289000000000014,0.8627749999999974,-3.3247749999999985,2.8878000000000004
Gal(b1-4)GlcNAc(b1-6)[Fuc(a1-4)[Fuc(a1-2)Gal(b1-3)]GlcNAc(b1-3)]Gal(b1-4)Glc(a1-Sp21,-0.4470750000000003,1.8796499999999912,6.235774999999999,-4.674824999999999
Gal(b1-4)[Fuc(a1-3)]GlcNAc(b1-6)[Fuc(a1-4)[Fuc(a1-2)Gal(b1-3)]GlcNAc(b1-3)]Gal(b1-4)Glc(a1-Sp21,0.3211750000000002,-8.647625,-6.329125000000002,-6.4678
Gal(b1-3)GlcNAc(b1-3)Gal(b1-4)[Fuc(a1-3)]GlcNAc(b1-6)[Gal(b1-3)GlcNAc(b1-3)]Gal(b1-4)Glc(a1-Sp21,2.0483,2.7589999999999995,3.521675000000002,-4.30385
Gal(b1-4)GlcNac(b1-6)[Gal(b1-4)GlcNac(b1-2)]Man(a1-6)[Gal(b1-4)GlcNac(b1-4)[Gal(b1-4)GlcNac(b1-2)]Man(a1-3)]Man(b1-4)GlcNac(b1-4)GlcNac(b1-Sp21,124.36832499999996,1113.4173,12436.740400000002,22781.331725
GlcNac(b1-2)Man(a1-6)[GlcNac(b1-4)[GlcNac(b1-2)]Man(a1-3)]Man(b1-4)GlcNac(b1-4)GlcNac(a1-Sp21,234.13667500000003,2343.991975000001,15247.365899999995,30174.53555
Fuc(a1-2)Gal(b1-3)GalNAc(a1-3)[Fuc(a1-2)]Gal(b1-4)Glc(b1-Sp0,12.620575000000002,-7.308900000000005,4.583924999999999,8.204474999999999
Fuc(a1-2)Gal(b1-3)GalNAc(a1-3)[Fuc(a1-2)]Gal(b1-4)GlcNAc(b1-Sp0,6.487599999999998,-3.0531,0.8980750000000013,-1.2664749999999998
Gal(b1-3)GlcNAc(b1-3)GalNAc(a1-Sp14,3.367375,-0.06342500000000229,0.0002500000000082992,6.25385
GalNAc(b1-4)[Neu5Ac(a2-3)]Gal(b1-4)GlcNAc(b1-3)GalNAc(a1-Sp14,21.413575000000005,5.8203749999999985,34.139025,57.144025
GalNAc(a1-3)[Fuc(a1-2)]Gal(b1-3)GalNAc(a1-3)[Fuc(a1-2)]Gal(b1-4)GlcNAc(b1-Sp0,1.4141500000000002,-4.7051,-4.47085,-7.465875000000002
Gal(a1-3)Gal(b1-3)GlcNAc(b1-2)Man(a1-6)[Gal(a1-3)Gal(b1-3)GlcNAc(b1-2)Man(a1-3)]Man(b1-4)GlcNAc(b1-4)GlcNAc(a1-Sp19,11.195525,-7.727275000000002,6.820449999999999,33.716449999999995
Gal(a1-3)Gal(b1-3)[Fuc(a1-4)]GlcNAc(b1-2)Man(a1-6)[Gal(a1-3)Gal(b1-3)[Fuc(a1-4)]GlcNAc(b1-2)Man(a1-3)]Man(b1-4)GlcNAc(b1-4)GlcNAc(a1-Sp19,13.797324999999995,0.275100000000009,15.606175,320.096175
Neu5Ac(a2-3)Gal(b1-3)GlcNAc(b1-2)Man(a1-6)[Neu5Ac(a2-3)Gal(b1-3)GlcNAc(b1-2)Man(a1-3)]Man(b1-4)GlcNAc(b1-4)GlcNAc(a1-Sp19,3.5932249999999986,-19.147150000000003,-8.563624999999998,0.8725500000000004
GlcNAc(b1-2)Man(a1-6)[Gal(b1-4)GlcNAc(b1-2)Man(a1-3)]Man(b1-4)GlcNAc(b1-4)GlcNAc(a1-Sp12,185.70765,2279.774275,15590.282475,23655.13035
Gal(b1-4)GlcNAc(b1-2)Man(a1-6)[GlcNAc(b1-2)Man(a1-3)]Man(b1-4)GlcNAc(b1-4)GlcNAc(a1-Sp12,98.329675,1498.328475,15879.2552,23186.271875
Neu5Ac(a2-3)Gal(b1-3)GlcNAc(b1-3)GalNAc(a1-Sp14,0.3412499999999987,29.6487,-12.3051,-3.758099999999997
Fuc(a1-2)Gal(b1-4)GlcNac(b1-3)GalNac(a1-Sp14,1.7776499999999986,-3.3130000000000006,0.5391499999999994,2.766299999999997
Gal(b1-4)[Fuc(a1-3)]GlcNac(b1-3)GalNac(a1-Sp14,16.13385,-4.272074999999999,-3.0346999999999986,5.617075
GalNac(a1-3)GalNac(b1-3)Gal(a1-4)Gal(b1-4)GlcNac(b1-Sp0,3.9174000000000007,-10.860024999999998,-2.03195,2.57865
Gal(a1-4)Gal(b1-3)GlcNac(b1-2)Man(a1-6)[Gal(a1-4)Gal(b1-3)GlcNac(b1-2)Man(a1-3)]Man(b1-4)GlcNac(b1-4)GlcNac(b1-Sp19,26.342525,403.505275,10003.489199999998,17629.961799999994
Gal(a1-4)Gal(b1-4)GlcNac(b1-2)Man(a1-6)[Gal(a1-4)Gal(b1-4)GlcNac(b1-2)Man(a1-3)]Man(b1-4)GlcNac(b1-4)GlcNac(b1-Sp24,107.7665,1583.386775,14166.1252,27538.5893
Gal(a1-3)Gal(b1-4)GlcNac(b1-3)GalNac(a1-Sp14,3.649025000000001,-9.411425,1.5004250000000017,1.6281500000000049
Gal(b1-3)GlcNAc(b1-6)Gal(b1-4)GlcNAc(b1-Sp0,8.284950000000002,-7.124324999999999,0.554549999999999,3.6351999999999993
Gal(b1-3)GlcNAc(a1-6)Gal(b1-4)GlcNAc(b1-Sp0,1.0352500000000011,-1.4031749999999996,-0.8488499999999997,-2.408725
GalNAc(b1-3)Gal(a1-6)Gal(b1-4)Glc(b1-Sp8,4.979174999999999,2.1114750000000013,3.8779499999999993,1.9952500000000004
Gal(a1-3)[Fuc(a1-2)]Gal(b1-4)[Fuc(a1-3)]Glc(b1-Sp21,3.915849999999999,-1.9853500000000013,1.170550000000001,-0.9990249999999996
Gal(b1-4)GlcNAc(b1-6)[Neu5Ac(a2-6)Gal(b1-3)GlcNAc(b1-3)]Gal(b1-4)Glc(a1-Sp21,0.8502499999999973,-2.903500000000001,-2.020924999999999,2.2891249999999994
Gal(b1-3)GalNAc(b1-4)[Neu5Ac(a2-8)Neu5Ac(a2-3)]Gal(b1-4)Glc(b1-Sp0,6.3924499999999975,4.1138,3.150775000000001,4.237225
Neu5Ac(a2-3)Gal(b1-3)GalNAc(b1-4)[Neu5Ac(a2-8)Neu5Ac(a2-3)]Gal(b1-4)Glc(b1-Sp0,2.426875,1.1340250000000012,-0.6289999999999996,5.223025
Gal(a1-3)[Fuc(a1-2)]Gal(b1-4)GlcNAc(b1-3)GalNAc(a1-Sp14,11.941725000000002,0.4141500000000011,3.528,7.914425000000001
GalNAc(a1-3)[Fuc(a1-2)]Gal(b1-4)GlcNAc(b1-3)GalNAc(a1-Sp14,10.212,-4.5137,2.8746499999999986,17.31645
GalNAc(a1-3)GalNAc(b1-3)Gal(a1-4)Gal(b1-4)Glc(b1-Sp0,-1.2687000000000013,0.2038499999999992,2.6702749999999984,2.6694750000000003
Fuc(a1-2)Gal(b1-4)[Fuc(a1-3)]GlcNAc(b1-3)GalNAc(a1-Sp14,1.5079250000000002,17.541675000000005,0.5538750000000014,7.557125000000003
Gal(a1-3)[Fuc(a1-2)]Gal(b1-4)[Fuc(a1-3)]GlcNAc(b1-3)GalNAc(a1-Sp14,0.03967500000000035,-2.344375,3.9384500000000013,-0.43250000000000105
GalNAc(a1-3)[Fuc(a1-2)]Gal(b1-4)[Fuc(a1-3)]GlcNAc(b1-3)GalNAc(a1-Sp14,0.9362500000000012,2.4771749999999972,-0.07697500000000003,25.733825
Gal(b1-4)[Fuc(a1-3)]GlcNAc(b1-2)Man(a1-6)[Gal(b1-4)[Fuc(a1-3)]GlcNAc(b1-2)Man(a1-3)]Man(b1-4)GlcNAc(b1-4)[Fuc(a1-6)]GlcNAc(b1-Sp22,5.681400000000001,-4.9932500000000015,-3.425875,5.571349999999999
Fuc(a1-2)Gal(b1-4)GlcNAc(b1-2)Man(a1-6)[Fuc(a1-2)Gal(b1-4)GlcNAc(b1-2)Man(a1-3)]Man(b1-4)GlcNAc(b1-4)[Fuc(a1-6)]GlcNAc(b1-Sp22,462.21475,2369.69015,9149.267375,10223.890575
GlcNAc(b1-2)[GlcNAc(b1-6)]Man(a1-6)[GlcNAc(b1-2)Man(a1-3)]Man(b1-4)GlcNAc(b1-4)GlcNAc(b1-Sp19,6.875275000000002,-4.329275000000003,-14.049050000000005,-2.493100000000001
Fuc(a1-2)Gal(b1-3)GlcNAc(b1-3)GalNAc(a1-Sp14,0.035649999999998634,-23.983175,13.297925,3.8229250000000015
Gal(a1-3)[Fuc(a1-2)]Gal(b1-3)GlcNAc(b1-3)GalNAc(a1-Sp14,2.6350750000000023,23.561875,-14.090675000000005,3.4914499999999986
GalNAc(a1-3)[Fuc(a1-2)]Gal(b1-3)GlcNAc(b1-3)GalNAc(a1-Sp14,5.855800000000002,-13.204125000000005,-11.457525000000002,-1.4967000000000006
Gal(a1-3)Gal(b1-3)GlcNAc(b1-3)GalNAc(a1-Sp14,1.7136749999999985,-24.873425000000005,-6.838174999999998,-3.1743500000000004
Fuc(a1-2)Gal(b1-3)GlcNAc(b1-2)Man(a1-6)[Fuc(a1-2)Gal(b1-3)GlcNAc(b1-2)Man(a1-3)]Man(b1-4)GlcNAc(b1-4)[Fuc(a1-6)]GlcNAc(b1-Sp22,5.38855,24.82212500000001,1083.3502,2056.9219
Gal(a1-3)[Fuc(a1-2)]Gal(b1-4)GlcNAc(b1-2)Man(a1-6)[Gal(a1-3)[Fuc(a1-2)]Gal(b1-4)GlcNAc(b1-2)Man(a1-3)]Man(b1-4)GlcNAc(b1-4)[Fuc(a1-6)]GlcNAc(b1-Sp22,35.78970000000001,539.0631999999998,6006.912924999999,8400.246775
Gal(b1-3)GlcNAc(b1-6)[Gal(b1-3)GlcNAc(b1-2)]Man(a1-6)[Gal(b1-3)GlcNAc(b1-2)Man(a1-3)]Man(b1-4)GlcNAc(b1-4)GlcNAc(b1-Sp19,0.2256999999999998,-6.575999999999999,-4.11425,4.861600000000001
Gal(b1-4)GlcNAc(b1-6)[Fuc(a1-2)Gal(b1-3)GlcNAc(b1-3)]Gal(b1-4)Glc(a1-Sp21,6.808875,-10.3883,-11.193074999999995,-4.910475000000002
Fuc(a1-3)GlcNAc(b1-6)[Gal(b1-4)GlcNAc(b1-3)]Gal(b1-4)Glc(a1-Sp21,9.4098,-8.7012,15.634574999999998,15.649325
GlcNAc(b1-2)Man(a1-6)[GlcNAc(b1-4)][GlcNAc(b1-2)Man(a1-3)]Man(b1-4)GlcNac(b1-4)GlcNAc(a1-Sp21,8.670300000000001,-9.30545,-10.10105,1.6125
GlcNAc(b1-2)Man(a1-6)[GlcNAc(b1-4)][GlcNAc(b1-4)[GlcNAc(b1-2)]Man(a1-3)]Man(b1-4)GlcNAc(b1-4)GlcNAc(a1-Sp21,1.809925000000001,-7.853425,2.764225000000001,3.36375
GlcNAc(b1-6)[GlcNAc(b1-2)]Man(a1-6)[GlcNAc(b1-4)][GlcNAc(b1-2)Man(a1-3)]Man(b1-4)GlcNAc(b1-4)GlcNAc(a1-Sp21,-2.7129250000000003,-1.0979249999999992,-2.8833249999999992,3.710675
GlcNAc(b1-6)[GlcNAc(b1-2)]Man(a1-6)[GlcNAc(b1-4)][GlcNAc(b1-4)[GlcNAc(b1-2)]Man(a1-3)]Man(b1-4)GlcNAc(b1-4)GlcNAc(a1-Sp21,2.3464750000000008,1.3392749999999998,-0.6363000000000012,-6.296575
Gal(b1-4)GlcNAc(b1-2)Man(a1-6)[GlcNAc(b1-4)][Gal(b1-4)GlcNAc(b1-2)Man(a1-3)]Man(b1-4)GlcNAc(b1-4)GlcNAc(a1-Sp21,2.2742499999999994,5.450675,5.755199999999999,7.778525000000003
Gal(b1-4)GlcNAc(b1-2)Man(a1-6)[GlcNAc(b1-4)][Gal(b1-4)GlcNAc(b1-4)[Gal(b1-4)GlcNAc(b1-2)]Man(a1-3)]Man(b1-4)GlcNAc(b1-4)GlcNAc(a1-Sp21,2.1815999999999995,-0.5787750000000003,-1.5496999999999996,-0.3113999999999999
Gal(b1-4)GlcNAc(b1-6)[Gal(b1-4)GlcNAc(b1-2)]Man(a1-6)[GlcNAc(b1-4)][Gal(b1-4)GlcNAc(b1-2)Man(a1-3)]Man(b1-4)GlcNAc(b1-4)GlcNAc(a1-Sp21,8.874425,-3.3884500000000006,2.5263500000000008,-1.037375
Gal(b1-4)GlcNAc(b1-6)[Gal(b1-4)GlcNAc(b1-2)]Man(a1-6)[GlcNAc(b1-4)][Gal(b1-4)GlcNAc(b1-4)[Gal(b1-4)GlcNAc(b1-2)]Man(a1-3)]Man(b1-4)GlcNAc(b1-4)GlcNAc(a1-Sp21,1.9647749999999984,-4.8603999999999985,-7.3951249999999975,-7.6510000000000025
Gal(b1-4)Gal(b1-Sp10,6.1317749999999975,-5.6401499999999976,-0.3956,0.17842499999999714
Gal(b1-6)Gal(b1-Sp10,3.3528749999999987,-4.3587250000000015,3.321375,-1.6483249999999998
Neu5Ac(a2-3)Gal(b1-4)GlcNAc(b1-3)Gal(b1-Sp8,-3.032525,-7.6580499999999985,-10.507825,-4.7311250000000005
GalNAc(b1-6)GalNAc(b1-Sp8,2.6104249999999984,-11.051275000000002,-4.90535,0.5317499999999997
(6S)Gal(b1-3)GlcNAc(b1-Sp0,9.717675000000002,-3.9699500000000016,-10.222549999999998,-12.907474999999998
(6S)Gal(b1-3)(6S)GlcNAc(a1-Sp0,2.49005,-6.733024999999999,-4.012525000000001,-1.8327
Fuc(a1-2)Gal(b1-4) GlcNAc(b1-2)Man(a1-6)[Fuc(a1-2)Gal(b1-4)GlcNAc(b1-2)[Fuc(a1-2)Gal(b1-4)GlcNAc(b1-4)]Man(a1-3)]Man(b1-4)GlcNAc(b1-4)GlcNAc(b1-N,28.220625,6.702600000000002,972.646525,5567.7933749999975
Fuc(a1-2)Gal(b1-4)[Fuc(a1-3)]GlcNAc(b1-2)Man(a1-6)[Fuc(a1-2)Gal(b1-4)[Fuc(a1-3)]GlcNAc(b1-4)[Fuc(a1-2)Gal(b1-4)[Fuc(a1-3)]GlcNAc(b1-2)]Man(a1-3)]Man(b1-4)GlcNAc(b1-4)GlcNAc(b1-N,3.7836750000000015,-6.341899999999999,12.950274999999998,25.823075
Gal(b1-4)[Fuc(a1-3)]GlcNAc(b1-6)GalNAc(a1-Sp14,8.278199999999998,19.741575000000005,-1.524975000000012,6.698475000000002
Gal(b1-4)GlcNAc(b1-2)Man(a1-Sp0,0.5633250000000007,-18.3037,5.3000250000000015,-1.9916750000000008
Fuc(a1-2)Gal(b1-4)GlcNAc(b1-6)[Fuc(a1-2)Gal(b1-4)GlcNAc(b1-3)]GalNAc(a1-Sp14,6.333350000000001,-7.075025000000003,-7.33125,-3.735725
Gal(a1-3)Fuc(a1-2)Gal(b1-4)GlcNAc(b1-6)[Gal(a1-3)Fuc(a1-2)Gal(b1-4)GlcNAc(b1-3)]GalNAc(a1-Sp14,5.265149999999998,-14.738099999999996,-4.902900000000002,-2.263125
GalNAc(a1-3)[Fuc(a1-2)]Gal(b1-4)GlcNAc(b1-6)[GalNAc(a1-3)[Fuc(a1-2)]Gal(b1-4)GlcNAc(b1-3)]GalNAc(a1-Sp14,-1.97385,-12.099224999999995,-12.343225,-6.916199999999997
Neu5Ac(a2-8)Neu5Ac(a2-3)Gal(b1-3)GalNAc(b1-4)[Neu5Ac(a2-8)Neu5Ac(a2-3)]Gal(b1-4)Glc(b1-Sp0,1.8427499999999988,-7.773200000000003,-12.086475000000005,0.1696250000000008
GalNAc(b1-4)Gal(b1-4)Glc(b1-Sp0,10.023625,-17.231225,-6.695674999999998,0.660075
GalNAc(a1-3)[Fuc(a1-2)]Gal(b1-4)GlcNAc(b1-2)Man(a1-6)[GalNAc(a1-3)[Fuc(a1-2)]Gal(b1-4)GlcNAc(b1-2)Man(a1-3)]Man(b1-4)GlcNAc(b1-4)[Fuc(a1-6)]GlcNAc(b1-Sp22,12.984949999999998,-9.412175,312.66532500000005,567.3070250000002
Gal(a1-3)[Fuc(a1-2)]Gal(b1-3)GlcNAc(b1-2)Man(a1-6)[Gal(a1-3)[Fuc(a1-2)]Gal(b1-3)GlcNAc(b1-2)Man(a1-3)]Man(b1-4)GlcNAc(b1-4)[Fuc(a1-6)]GlcNAc(b1-Sp22,6.049075,2.468275,828.2607750000003,2271.00635
Neu5Ac(a2-6)Gal(b1-4)GlcNAc(b1-6)[Fuc(a1-2)Gal(b1-3)GlcNAc(b1-3)]Gal(b1-4)Glc(a1-Sp21,2.7999249999999987,-3.6630000000000003,-0.7922000000000002,-7.6253
GalNAc(a1-3)[Fuc(a1-2)]Gal(b1-3)GlcNAc(b1-2)Man(a1-6)[GalNAc(a1-3)[Fuc(a1-2)]Gal(b1-3)GlcNAc(b1-2)Man(a1-3)]Man(b1-4)GlcNAc(b1-4)[Fuc(a1-6)]GlcNAc(b1-Sp22,8.087750000000002,21.385325,378.464,694.6988249999997
Gal(b1-4)GlcNAc(b1-6)[Gal(b1-4)GlcNAc(b1-2)]Man(a1-6)[Gal(b1-4)GlcNAc(b1-2)Man(a1-3)]Man(b1-4)GlcNAc(b1-4)GlcNAc(b1-Sp19,2.9238500000000007,-9.678100000000002,-4.977050000000002,3.595800000000001
Neu5Ac(a2-3)Gal(b1-4)GlcNAc(b1-2)Man(a1-6)[GlcNAc(b1-4)][Neu5Ac(a2-3)Gal(b1-4)GlcNAc(b1-2)Man(a1-3)]Man(b1-4)GlcNAc(b1-4)GlcNAc(b1-Sp21,1.2573250000000007,-2.9875750000000005,-0.4204249999999998,-2.9174750000000005
Neu5Ac(a2-3)Gal(b1-4)GlcNAc(b1-4)Man(a1-6)[GlcNAc(b1-4)][Neu5Ac(a2-3)Gal(b1-4)GlcNAc(b1-4)[Neu5Ac(a2-3)Gal(b1-4)GlcNAc(b1-2)]Man(a1-3)]Man(b1-4)GlcNAc(b1-4)GlcNAc(b1-Sp21,-0.591499999999999,-5.254825,-11.473999999999998,-3.8946249999999987
Neu5Ac(a2-3)Gal(b1-4)GlcNAc(b1-6)[Neu5Ac(a2-3)Gal(b1-4)GlcNAc(b1-2)]Man(a1-6)[GlcNAc(b1-4)][Neu5Ac(a2-3)Gal(b1-4)GlcNAc(b1-2)Man(a1-3)]Man(b1-4)GlcNAc(b1-4)GlcNAc(b1-Sp21,1.9146,-7.090350000000001,-5.1287,14.14595
Neu5Ac(a2-3)Gal(b1-4)GlcNAc(b1-6)[Neu5Ac(a2-3)Gal(b1-4)GlcNAc(b1-2)]Man(a1-6)[GlcNAc(b1-4)][Neu5Ac(a2-3)Gal(b1-4)GlcNAc(b1-4)[Neu5Ac(a2-3)Gal(b1-4)GlcNAc(b1-2)]Man(a1-3)]Man(b1-4)GlcNAc(b1-4)GlcNAc(b1-Sp21,0.4478500000000012,-6.020125,-6.18225,-2.287125
Neu5Ac(a2-6)Gal(b1-4)GlcNAc(b1-2)Man(a1-6)[GlcNAc(b1-4)][Neu5Ac(a2-6)Gal(b1-4)GlcNAc(b1-2)Man(a1-3)]Man(b1-4)GlcNAc(b1-4)GlcNAc(b1-Sp21,2.473125,-5.396750000000001,-7.66665,-6.9251
Neu5Ac(a2-6)Gal(b1-4)GlcNAc(b1-4)Man(a1-6)[GlcNAc(b1-4)][Neu5Ac(a2-6)Gal(b1-4)GlcNAc(b1-4)[Neu5Ac(a2-6)Gal(b1-4)GlcNAc(b1-2)]Man(a1-3)]Man(b1-4)GlcNAc(b1-4)GlcNAc(b1-Sp21,1.89195,-8.215875,1.950549999999998,3.827074999999997
Neu5Ac(a2-6)Gal(b1-4)GlcNAc(b1-6)[Neu5Ac(a2-6)Gal(b1-4)GlcNAc(b1-2)]Man(a1-6)[GlcNAc(b1-4)][Neu5Ac(a2-6)Gal(b1-4)GlcNAc(b1-2)Man(a1-3)]Man(b1-4)GlcNAc(b1-4)GlcNAc(b1-Sp21,-1.0190500000000011,-5.693025000000002,-2.994200000000001,-8.257699999999998
Neu5Ac(a2-6)Gal(b1-4)GlcNAc(b1-6)[Neu5Ac(a2-6)Gal(b1-4)GlcNAc(b1-2)]Man(a1-6)[GlcNAc(b1-4)][Neu5Ac(a2-6)Gal(b1-4)GlcNAc(b1-4)[Neu5Ac(a2-6)Gal(b1-4)GlcNAc(b1-2)]Man(a1-3)]Man(b1-4)GlcNAc(b1-4)GlcNAc(b1-Sp21,-2.207075000000001,-6.284724999999996,3.3671499999999988,12.06655
Gal(a1-3)[Fuc(a1-2)]Gal(b1-3)GalNAc(a1-Sp8,7.952024999999999,-3.1487999999999987,-5.701625,-7.188349999999999
Gal(a1-3)[Fuc(a1-2)]Gal(b1-3)GalNAc(b1-Sp8,4.567225000000004,-2.699975000000004,6.3,0.35
Glc(a1-6)Glc(a1-6)Glc(a1-6)Glc(b1-Sp10,11.796825000000002,1.518375000000006,-3.6311750000000007,-3.7285
Glc(a1-4)Glc(a1-4)Glc(a1-4)Glc(b1-Sp10,1.6027750000000005,-3.279325,3.2221499999999987,7.99275
Neu5Ac(a2-3)Gal(b1-4)GlcNAc(b1-6)[Neu5Ac(a2-3)Gal(b1-4)GlcNAc(b1-3)]GalNAc(a1-Sp14,1.7565750000000009,1.3575499999999991,-7.056600000000001,0.17867500000000014
Fuc(a1-2)Gal(b1-4)[Fuc(a1-3)]GlcNAc(b1-2)Man(a1-6)[Fuc(a1-2)Gal(b1-4)[Fuc(a1-3)]GlcNAc(b1-2)Man(a1-3)]Man(b1-4)GlcNAc(b1-4)[Fuc(a1-6)]GlcNAc(b1-Sp24,1149.6812,6289.003525,16652.120549999996,24139.95935
Fuc(a1-2)Gal(b1-3)[Fuc(a1-4)]GlcNAc(b1-2)Man(a1-6)[Fuc(a1-2)Gal(b1-3)[Fuc(a1-4)]GlcNAc(b1-2)Man(a1-3)]Man(b1-4)GlcNAc(b1-4)[Fuc(a1-6)]GlcNA(cb-S)p(1-4)[Fuc(a1-6)]GlcNAc(b1-Sp19,6.893999999999999,121.793875,1211.6687249999998,4194.203375000001
Neu5Ac(a2-3)Gal(b1-3)GlcNAc(b1-6)[Neu5Ac(a2-3)Gal(b1-4)GlcNAc(b1-2)]Man(a1-6)[Neu5Ac(a2-3)Gal(b1-3)GlcNAc(b1-2)Man(a1-3)]Man(b1-4)GlcNAc(b1-4)GlcNAc(b1-Sp19,7.136475000000003,-18.241025000000004,-14.601400000000005,23.060175
GlcNAc(b1-6)[GlcNAc(b1-2)]Man(a1-6)[GlcNAc(b1-2)Man(a1-3)]Man(b1-4)GlcNAc(b1-4)[Fuc(a1-6)]GlcNAc(b1-Sp24,-0.8644499999999997,30.990925000000004,-2.7662749999999985,-3.436525
Gal(b1-3)GlcNAc(b1-2)Man(a1-6)[GlcNAc(b1-4)][Gal(b1-3)GlcNAc(b1-2)Man(a1-3)]Man(b1-4)GlcNAc(b1-4)GlcNAc(b1-Sp21,9.87725,-12.96435,-0.10317500000000024,0.3915500000000014
Neu5Ac(a2-6)Gal(b1-4)GlcNAc(b1-6)[Gal(b1-3)GlcNAc(b1-3)]Gal(b1-4)Glc(b1-Sp21,9.936875,-8.387975,-4.458725,-1.4966499999999991
Neu5Ac(a2-3)Gal(b1-4)GlcNAc(b1-2)Man(a1-Sp0,3.0203750000000005,-23.62985,-3.44285,13.785325000000002
Neu5Ac(a2-3)Gal(b1-4)GlcNAc(b1-6)GalNAc(a1-Sp14,1.5084250000000008,-15.652150000000002,-13.52845,-5.71095
Neu5Ac(a2-6)Gal(b1-4)GlcNAc(b1-6)GalNAc(a1-Sp14,2.751174999999998,-8.512175,-1.240174999999999,6.240525000000001
Neu5Ac(a2-6)Gal(b1-4)GlcNAc(b1-6)[Neu5Ac(a2-6)Gal(b1-4)GlcNAc(b1-3)]GalNAc(a1-Sp14,18.898325,-8.77115,-8.980625,0.3610749999999987
Neu5Ac(a2-6)Gal(b1-4)GlcNAc(b1-2)Man(a1-6)[Neu5Ac(a2-6)Gal(b1-4)GlcNAc(b1-2)Man(a1-3)]Man(b1-4)GlcNAc(b1-4)[Fuc(a1-6)]GlcNAc(b1-Sp24,2348.415525,11530.945525000005,30224.682925000016,40060.64382499999
Neu5Ac(a2-3)Gal(b1-4)GlcNAc(b1-2)Man(a1-6)[Neu5Ac(a2-3)Gal(b1-4)GlcNAc(b1-2)Man(a1-3)]Man(b1-4)GlcNAc(b1-4)[Fuc(a1-6)]GlcNAc(b1-Sp24,35.7636,354.357475,7237.920575000001,19692.7656
Man(a1-6)[Man(a1-3)]Man(b1-4)GlcNAc(b1-4)[Fuc(a1-6)]GlcNAc(b1-Sp19,3.9666499999999987,-3.9296999999999978,76.40677500000002,563.0213749999998
Gal(b1-4)GlcNAc(b1-6)[Gal(b1-4)GlcNAc(b1-2)]Man(a1-6)[Gal(b1-4)GlcNAc(b1-2)Man(a1-3)]Man(b1-4)GlcNAc(b1-4)[Fuc(a1-6)]GlcNAc(b1-Sp24,1.974475,8.009875,-3.985625,5.890599999999999
Neu5Ac(a2-3)Gal(b1-3)GlcNAc(b1-2)Man(a1-6)[GlcNAc(b1-4)][Neu5Ac(a2-3)Gal(b1-3)GlcNAc(b1-2)Man(a1-3)]Man(b1-4)GlcNAc(b1-4)GlcNAc(a1-Sp21,12.050275000000005,-2.9431749999999983,-9.246300000000002,9.4396
Neu5Ac(a2-6)Gal(b1-4)GlcNAc(b1-6)[Fuc(a1-2)Gal(b1-4)[Fuc(a1-3)]GlcNAc(b1-3)]Gal(b1-4)Glc(a1-Sp21,-1.2025750000000004,-2.595675,-4.602075000000001,-3.033475
Gal(b1-3)GlcNAc(b1-6)GalNAc(a1-Sp14,4.77985,-0.2736750000000017,-2.8481750000000003,-8.1691
Gal(a1-3)Gal(b1-3)GlcNAc(b1-6)GalNAc(a1-Sp14,-2.13565,-5.6021,-8.900125000000003,-7.663450000000003
Gal(b1-3)[Fuc(a1-4)]GlcNAc(b1-6)GalNAc(a1-Sp14,1.119625000000001,-7.917225,-2.2611,0.4473999999999876
Neu5Ac(a2-3)Gal(b1-3)GlcNAc(b1-6)GalNAc(a1-Sp14,-0.1562499999999991,-5.822725000000001,-2.6670750000000005,5.140525
(3S)Gal(b1-3)[Fuc(a1-4)]GlcNAc(b1-Sp0,5.5382500000000014,5.18915,-2.9148000000000005,-1.89735
Gal(b1-4)[Fuc(a1-3)]GlcNAc(b1-6)[Neu5Ac(a2-6)[Neu5Ac(a2-3)Gal(b1-3)]GlcNAc(b1-3)]Gal(b1-4)Glc(a1-Sp21,7.619500000000002,0.04324999999999957,16.14815,2.6859749999999987
Fuc(a1-2)Gal(b1-4)GlcNAc(b1-6)GalNAc(a1-Sp14,0.2793750000000008,-1.0124750000000011,-0.31032499999999885,3.614875
Gal(a1-3)Gal(b1-4)GlcNAc(b1-6)GalNAc(a1-Sp14,-0.36375,-8.546949999999999,-1.3219250000000002,-1.6730500000000037
Gal(b1-4)[Fuc(a1-3)]GlcNAc(b1-2)Man(a1-Sp0,4.593350000000001,-8.973225000000003,-10.514275,-1.0444250000000022
Fuc(a1-2)(6S)Gal(b1-3)GlcNAc(b1-Sp0,7.7453499999999975,-17.595275,-11.1626,-1.2558250000000002
Gal(a1-3)[Fuc(a1-2)]Gal(b1-4)GlcNAc(b1-6)GalNAc(a1-Sp14,6.048650000000002,16.525724999999998,-8.2039,-4.731224999999999
Fuc(a1-2)Gal(b1-4)GlcNAc(b1-2)Man(a1-Sp0,7.225900000000002,-15.13355,-0.15850000000000009,-0.21605000000000008
Fuc(a1-2)Gal(b1-3)(6S)GlcNAc(b1-Sp0,12.528875000000005,-4.276050000000003,-7.768724999999999,1.6563499999999998
Fuc(a1-2)(6S)Gal(b1-3)(6S)GlcNAc(b1-Sp0,-1.201775,-16.5957,-14.608,-5.413524999999997
Neu5Ac(a2-6)GalNAc(b1-4)(6S)GlcNAc(b1-Sp8,-2.222525,-10.129274999999998,-14.1064,-2.3081749999999985
GalNAc(b1-4)[Fuc(a1-3)](6S)GlcNAc(b1-Sp8,4.965074999999999,-3.4407250000000014,-5.6237249999999985,-1.930225000000001
(3S)GalNAc(b1-4)[Fuc(a1-3)]GlcNAc(b1-Sp8,1.5202,-4.078,-6.325425,-7.160300000000001
Fuc(a1-2)Gal(b1-3)GlcNAc(b1-6)[Fuc(a1-2)Gal(b1-3)GlcNAc(b1-3)]GalNAc(a1-Sp14,9.842225000000004,-7.3857250000000025,-2.0903750000000016,9.119800000000003
GalNAc(a1-3)[Fuc(a1-2)]Gal(b1-3)GlcNAc(b1-6)GalNAc(a1-Sp14,-3.1088499999999994,-10.133199999999997,-5.930375,-6.3762750000000015
GlcNAc(b1-6)[GlcNAc(b1-2)]Man(a1-6)[GlcNAc(b1-4)][GlcNAc(b1-4)[GlcNAc(b1-2)]Man(a1-3)]Man(b1-4)GlcNAc(b1-4)[Fuc(a1-6)]GlcNAc(a1-Sp21,0.7396750000000001,-5.704274999999999,-6.579925,-4.713974999999999
Gal(b1-4)GlcNAc(b1-6)[Gal(b1-4)GlcNAc(b1-2)]Man(a1-6)[GlcNAc(b1-4)]Gal(b1-4)GlcNAc(b1-4)[Gal (b1-4)GlcNAc(b1-2)]Man(a1-3)]Man(b1-4)GlcNAc(b1-4)[Fuc(a1-6)]GlcNAc(a1-Sp21,-0.6810249999999995,-6.141549999999999,-8.271425,-4.593975000000001
Gal(b1-3)GlcNAc(a1-3)Gal(b1-4)GlcNAc(b1-Sp8 ,3.209725000000001,-10.5911,-6.533724999999999,-2.975
Gal(b1-3)(6S)GlcNAc(b1-Sp8 ,7.167025,-8.433025,-11.962025000000004,-3.0975499999999987
(6S)(4S)GalNAc(b1-4)GlcNAc(a1-Sp8,3.4201750000000013,4.988999999999997,-9.995324999999998,4.881824999999999
(6S)GalNAc(b1-4)GlcNAc(a1-Sp8 ,2.9930250000000003,-7.429725000000005,-7.55625,2.672624999999999
(3S)GalNAc(b1-4)(3S)GlcNAc(a1-Sp8,7.5652000000000035,-17.47025,-1.8590750000000007,-1.309025
GalNAc(b1-4)(6S)GlcNAc(a1-Sp8 ,-3.84595,-9.458324999999997,0.07674999999999965,-0.8723750000000003
(3S)GalNAc(b1-4)GlcNAc(a1-Sp8 ,-0.7518999999999996,-7.431575000000001,-8.874075000000003,-7.6940500000000025
(4S)GalNac(b1-Sp10,3.838075,-6.172599999999999,-4.081375,2.6721249999999976
Gal(b1-4)(6P)GlcNAc(b1-Sp0 ,2.576624999999999,-12.183475000000005,-4.992825000000003,-2.3003750000000003
(6P)Gal(b1-4)GlcNAc(b1-SP0 ,-2.501075000000001,-16.418075,14.255425,5.634149999999997
GalNAc(a1-3)[Fuc(a1-2)]Gal(b1-4)GlcNAc(b1-6)GalNAc(a1-Sp14,7.292974999999997,-13.214825,-13.414924999999998,-9.710350000000002
Neu5Ac(a2-6)Gal(b1-4)GlcNAc(b1-2)Ma(n1-Sp0,1.7807000000000004,-10.09945,-12.83285,-1.141575
Gal(a1-3)Gal(b1-4)GlcNAc(b1-2)Man(a1-Sp0,-2.5944000000000003,36.222225,-14.701900000000002,-5.217675
Gal(a1-3)[Fuc(a1-2)]Gal(b1-4)GlcNAc(b1-2)Man(a1-Sp0,-2.078825,-5.934875000000003,-2.2403500000000007,10.176025
GalNAc(a1-3)[Fuc(a1-2)]Gal(b1-4) GlcNAc(b1-2)Man(a1-Sp0,5.340925,-8.121399999999998,-6.1529250000000015,0.16539999999999733
 Gal(b1-3)GlcNAc(b1-2)Man(a1-Sp0,4.539850000000001,-17.1283,-3.7687749999999984,62.52085
Gal(a1-3)[Fuc(a1-2)]Gal(b1-3)GlcNAc(b1-6)GalNAc(a1-Sp14,7.2628999999999975,-13.206525,-6.390825,-5.808425000000002
Neu5Ac(a2-3)Gal(b1-3)GlcNAc(b1-2)Man(a1-Sp0,8.641274999999998,-8.784899999999999,-3.580874999999998,29.34775
Gal(a1-3)Gal(b1-3)GlcNAc(b1-2)Man(a1-Sp0,0.7391750000000012,-6.4625,-11.924850000000005,-5.118700000000001
GalNAc(b1-4)GlcNAc(b1-2)Man(a1-Sp0,1.3530749999999987,-2.7771750000000006,1.2091999999999985,-5.838400000000003
Neu5Ac(a2-3)Gal(b1-3)GlcNAc(b1-4)Gal(b1-4)Glc(b1-Sp0,4.661499999999998,-9.000874999999997,0.01130000000000031,-5.286425
GlcNAc(b1-2) Man(a1-6)[GlcNAc(b1-4)][GlcNAc(b1-2)Man(a1-3)]Man(b1-4)GlcNAc(b1-4)[Fuc(a1-6)]GlcNAc(a1-Sp21,5.960625,-0.057499999999997435,-6.434624999999999,4.196674999999999
Gal(b1-4)GlcNAc(b1-2)Man(a1-6)[GlcNAc(b1-4)][Gal(b1-4)GlcNAc(b1-2)Man(a1-3)]Man(b1-4)GlcNAc(b1-4)[Fuc(a1-6)]GlcNAc(a1-Sp21,-3.5525,-8.5781,-7.8045750000000025,-2.181900000000002
Gal(b1-4)GlcNAc(b1-2)Man(a1-6)[Gal(b1-4)GlcNAc(b1-4)][Gal(b1-4)GlcNAc(b1-2)Man(a1-3)]Man(b1-4)GlcNAc(b1-4)[Fuc(a1-6)]GlcNAc(a1-Sp21,-6.232624999999998,-9.175425,-2.609325,-2.5223750000000003
Fuc(a1-4)[Gal(b1-3)]GlcNAc(b1-2)Man(a1-Sp0,10.0474,-4.271025000000002,-4.410874999999999,4.782624999999999
Neu5Ac(a2-3)Gal(b1-4)[Fuc(a1-3)]GlcNAc(b1-2)Man(a1-Sp0,0.05224999999999992,-10.0936,5.6841500000000025,-4.93425
GlcNAc(b1-3)Gal(b1-4)GlcNAc(b1-6)[GlcNAc(b1-3)]Gal(b1-4)GlcNAc(a1-Sp0,3.629850000000001,-1.3982250000000027,2.1206750000000003,1.8131749999999995
GalNAc(a1-3)[Fuc(a1-2)]Gal(b1-3)GalNAc(b1-3)Gal(a1-4)Gal(b1-4)Glc(a1-Sp21,2.051975000000001,-10.311525000000003,-2.677825000000001,-0.8428499999999985
Gal(a1-3)[Fuc(a1-2)]Gal(b1-3)GalNAc(b1-3)Gal(a1-4)Gal(b1-4)Glc(a1-Sp21,7.096775000000001,2.6971749999999983,-9.290349999999998,3.3261249999999976
Gal(b1-3)GalNAc(b1-3)Ga(l1-Sp21,0.3369999999999989,-9.87535,-10.115025,-1.3959000000000008
GlcNAc(b1-3)Gal(b1-4)GlcNAc(b1-2)Man(a1-6)[GlcNAc(b1-3)Gal(b1-4)GlcNAc(b1-2)Man(a1-3)]Man(b1-4)GlcNAc(b1-4)GlcNAc(b1-Sp12,-2.88735,-10.48505,429.379825,7952.5144999999975
GlcNAc(b1-3)Gal(b1-4)GlcNAc(b1-2)Man(a1-6)[GlcNAc(b1-3)Gal(b1-4)GlcNAc(b1-2)Man(a1-3)]Man(b1-4)GlcNAc(b1-4)GlcNAc(b1-Sp25,6.710649999999994,41.41485,448.50720000000007,6717.767474999999
Gal(b1-4)GlcNAc(b1-3)Gal(b1-4)GlcNAc(b1-2)Man(a1-6)[Gal(b1-4)GlcNAc(b1-3)Gal(b1-4)GlcNAc(b1-2)Man(a1-3)]Man(b1-4)GlcNAc(b1-4)GlcNAc(b1-Sp12,86.797125,30.98717499999999,140.8702,172.51169999999996
Gal(b1-4)GlcNAc(b1-3)Gal(b1-4)GlcNAc(b1-2)Man(a1-6)[Gal(b1-4)GlcNAc(b1-3)Gal(b1-4)GlcNAc(b1-2)Man(a1-3)]Man(b1-4)GlcNAc(b1-4)GlcNAc(b1-Sp24,7.165275,-3.889725000000001,433.28604999999993,12035.991525
Neu5Gc(a2-3)Gal(b1-4)GlcNAc(b1-3)Gal(b1-4)GlcNAc(b1-2)Man(a1-6)[Neu5Gc(a2-3)Gal(b1-4)GlcNAc(b1-3)Gal(b1-4)GlcNAc(b1-2)Man(a1-3)]Man(b1-4)GlcNAc(b1-4)GlcNAc(b1-Sp24,12.355175,37.6217,-0.7894250000000014,2871.815575
Fuc(a1-2)Gal(b1-4)GlcNAc(b1-3)Gal(b1-4)GlcNAc(b1-2)Man(a1-6)[Fuc(a1-2)Gal(b1-4)GlcNAc(b1-3)Gal(b1-4)GlcNAc(b1-2)Man(a1-3)]Man(b1-4)GlcNAc(b1-4)GlcNAc(b1-Sp24,8.365925,-3.830675,194.8863,5216.046175000001
GlcNAc(b1-3)Gal(b1-4)GlcNAc(b1-3)Gal(b1-4)GlcNAc(b1-2)Man(a1-6)[GlcNAc(b1-3)Gal(b1-4)GlcNAc(b1-3)Gal(b1-4)GlcNAc(b1-2)Man(a1-3)]Man(b1-4)GlcNAc(b1-4)GlcNAc(b1-Sp12,53.0134,8.229475,77.97797500000001,161.28987500000005
GlcNAc(b1-3)Gal(b1-4)GlcNAc(b1-3)Gal(b1-4)GlcNAc(b1-2)Man(a1-6)[GlcNAc(b1-3)Gal(b1-4)GlcNAc(b1-3)Gal(b1-4)GlcNAc(b1-2)Man(a1-3)]Man(b1-4)GlcNAc(b1-4)GlcNAc(b1-Sp25,4.562849999999999,-24.56415,242.27785,10392.16505
Gal(b1-4)GlcNAc(b1-3)Gal(b1-4)GlcNAc(b1-3)Gal(b1-4)GlcNAc(b1-2)Man(a1-6)[Gal(b1-4)GlcNAc(b1-3)Gal(b1-4)GlcNAc(b1-3)Gal(b1-4)GlcNAc(b1-2)Man(a1-3)]Man(b1-4)GlcNAc(b1-4)GlcNAc(b1-Sp12,64.00660000000002,39.9628,80.938275,317.28005
Gal(b1-4)GlcNAc(b1-3)Gal(b1-4)GlcNAc(b1-3)Gal(b1-4)GlcNAc(b1-2)Man(a1-6)[Gal(b1-4)GlcNAc(b1-3)Gal(b1-4)GlcNAc(b1-3)Gal(b1-4)GlcNAc(b1-2)Man(a1-3)]Man(b1-4)GlcNAc(b1-4)GlcNAc(b1-Sp24,-3.4457000000000004,-17.000675,187.32422500000007,8114.747799999999
GlcNAc(b1-3)Gal(b1-4)GlcNAc(b1-3)Gal(b1-4)GlcNAc(b1-3)Gal(b1-4)GlcNAc(b1-2)Man(a1-6)[GlcNAc(b1-3)Gal(b1-4)GlcNAc(b1-3)Gal(b1-4)GlcNAc(b1-3)Gal(b1-4)GlcNAc(b1-2)Man(a1-3)]Man(b1-4)GlcNAc(b1-4)GlcNAc(b1-Sp25,-6.423350000000003,9.144425000000002,16.3222,4857.0645
Gal(b1-4)GlcNAc(b1-3)Gal(b1-4)GlcNAc(b1-3)Gal(b1-4)GlcNAc(b1-3)Gal(b1-4)GlcNAc(b1-2)Man(a1-6)[Gal(b1-4)GlcNAc(b1-3)Gal(b1-4)GlcNAc(b1-3)Gal(b1-4)GlcNAc(b1-3)Gal(b1-4)GlcNAc(b1-2)Man(a1-3)]Man(b1-4)GlcNAc(b1-4)GlcNAc(b1-Sp25,3.7196749999999987,-6.641474999999999,19.030825,1778.3603750000002
Gal(b1-3)GlcNAc(b1-3)Gal(b1-4)GlcNAc(b1-2)Man(a1-6)[Gal(b1-3)GlcNAc(b1-3)Gal(b1-4)GlcNAc(b1-2)Man(a1-3)]Man(b1-4)GlcNAc(b1-4)GlcNAc(a1-Sp25,0.32179999999999964,-0.9569999999999976,-0.9670999999999984,150.743675
Neu5Gc(a2-8)Neu5Gc(a2-3)Gal(b1-4)GlcNAc(a1-Sp0,7.090925,-7.5121249999999975,-4.559675,1.7895249999999994
Neu5Ac(a2-8)Neu5Gc(a2-3)Gal(b1-4)GlcNAc(a1-Sp0,2.233224999999999,-7.8653749999999985,-5.9150750000000025,6.565799999999998
Neu5Gc(a2-8)Neu5Ac(a2-3)Gal(b1-4)GlcNAc(a1-Sp0,5.834074999999999,-4.801075000000001,3.2445500000000003,-5.5897000000000014
Neu5Gc(a2-8)Neu5Gc(a2-3)Gal(b1-4)GlcNAc(b1-3)Gal(b1-4)GlcNAc(a1-Sp0,6.4581500000000025,-5.7267,-2.7281499999999985,-5.5090499999999984
Neu5Gc(a2-8)Neu5Gc(a2-6)Gal(b1-4)GlcNAc(a1-Sp0,-3.19525,-0.3824499999999995,1.068299999999999,2.6666000000000007
Neu5Ac(a2-8)Neu5Ac(a2-3)Gal(b1-4)GlcNAc(a1-Sp0,1.246624999999998,-12.016575,0.7375249999999998,-0.31240000000000023
GlcNAc(b1-3)Gal(b1-4)GlcNAc(b1-6)[GlcNAc(b1-3)Gal(b1-4)GlcNAc(b1-2)]Man(a1-6)[GlcNAc(b1-3)Gal(b1-4)GlcNAc(b1-2)]Man(a1-3)]Man(b1-4)GlcNAc(b1-4)GlcNAc(a1-Sp24,12.724275000000002,0.4580000000000002,0.9597999999999997,0.06730000000000125
Gal(b1-4)GlcNAc(b1-3)Gal(b1-4)GlcNAc(b1-6)[Gal(b1-4)GlcNAc(b1-3)Gal(b1-4)GlcNAc(b1-2)]Man(a1-6)[Gal(b1-4)GlcNAc(b1-3)Gal(b1-4)GlcNAc(b1-2)Man(a1-3)]Man(a1-4)GlcNAc(b1-4)GlcNAc(a1-Sp24,-6.766074999999999,-11.769925000000004,-10.973050000000002,14.623725000000007
Gal(a1-3)Gal(b1-4)GlcNAc(b1-2)Man(a1-6)[Gal(a1-3)Gal(b1-4)GlcNAc(b1-2)Man(a1-3)]Man(b1-4)GlcNAc(b1-4)GlcNAc(a1-Sp24,8.542200000000001,-12.217450000000005,188.86057500000004,6368.160775000002
GlcNAc(b1-3)Gal(b1-4)GlcNAc(b1-6)[GlcNAc(b1-3)Gal(b1-3)]GalNAc(a1-Sp14,-2.269824999999999,-5.535974999999999,-4.928099999999999,-3.167975
GalNAc(b1-3)GlcNAc(b1-Sp0 ,0.3910250000000004,-10.722975,-10.678275,-9.152175
GalNAc(b1-4)GlcNAc(b1-3)GalNAc(b1-4)GlcNAc(b1-Sp0 ,-1.6503249999999996,-4.616825,-4.08845,0.67375
GlcNAc(b1-3)Gal(b1-4)GlcNAc(b1-3)Gal(b1-4)GlcNAc(b1-3)Gal(b1-4)GlcNAc(b1-3)Gal(b1-4)GlcNAc(b1-2)Man(a1-6)[GlcNAc(b1-3)Gal(b1-4)GlcNAc(b1-3)Gal(b1-4)GlcNAc(b1-3)Gal(b1-4)GlcNAc(b1-3)Gal(b1-4)GlcNAc(b1-2)Man(a1-3)]Man(b1-4)GlcNAc(b1-4)GlcNAc(b1-Sp25,2.8843,-8.766725,-0.3336250000000014,145.9101
Gal(b1-4)GlcNAc(b1-3)Gal(b1-4)GlcNAc(b1-3)Gal(b1-4)GlcNAc(b1-3)Gal(b1-4)GlcNAc(b1-3)Gal(b1-4)GlcNAc(b1-2)Man(a1-6)[Gal(b1-4)GlcNAc(b1-3)Gal(b1-4)GlcNAc(b1-3)Gal(b1-4)GlcNAc(b1-3)Gal(b1-4)GlcNAc(b1-3)Gal(b1-4)GlcNAc(b1-2)Man(a1-3)]Man(b1-4)GlcNAc(b1-4)GlcNAc(b1-Sp25,0.020225000000001717,-7.165725000000001,5.918025,28.329475
GlcNA(b1-3)Gal(b1-3)GalNAc(a1-Sp14,3.5604250000000013,-13.4764,-5.335925,-7.489275000000001
Gal(b1-3)GlcNAc(b1-6)[Gal(b1-3)]GalNAc(a1-Sp14,3.747525,-11.192674999999998,-4.823674999999998,2.3077999999999994
Gal(b1-4)GlcNAc(b1-3)Gal(b1-4)GlcNAc(b1-3)Gal(b1-4)GlcNAc(b1-3)Gal(b1-4)GlcNAc(b1-3)Gal(b1-4)GlcNAc(b1-3)Gal(b1-4)GlcNAc(b1-2)Man(a1-6)[Gal(b1-4)GlcNAc(b1-3)Gal(b1-4)GlcNAc(b1-3)Gal(b1-4)GlcNAc(b1-3)Gal(b1-4)GlcNAc(b1-3)Gal(b1-4)GlcNAc(b1-3)Gal(b1-4)GlcNAc(b1-2)Man(a1-3)]Man(b1-4)GlcNAc(b1-4)GlcNAc(b1-Sp25,0.3617250000000008,-4.744725000000002,4.072724999999998,50.94349999999997
(3S)GlcA(b1-3)Gal(b1-4)GlcNAc(b1-3)Gal(b1-4)Glc(a1-Sp0,2.550024999999998,-7.123850000000003,-4.973724999999999,-6.0944
(3S)GlcA(b1-3)Gal(b1-4)GlcNAc(b1-2)Man(a1-Sp0,-5.605800000000001,-4.797724999999998,-7.794799999999999,-9.0033
Gal(b1-3)GlcNAc(b1-3)Gal(b1-4)GlcNAc(b1-3)Gal(b1-4)GlcNAc(b1-6)[Gal(b1-3)GlcNAc(b1-3)Gal(b1-4)GlcNAc(b1-3)Gal(b1-4)GlcNA(b1-2)]Man(a1-6)[Gal(b1-3)GlcNAc(b1-3)Gal(b1-4)GlcNAc(b1-3)Gal(b1-4)GlcNAc(b1-2)Man(a1-3)]Man(b1-4)GlcNAc(b1-4)[Fuc(a1-6)]GlcNAc(b1-Sp24,6.2654,-4.89375,7.3757499999999965,10.242749999999996
Gal(b1-3)GlcNAc(b1-3)Gal(b1-4)GlcNAc(b1-6)[Gal(b1-3)GlcNAc(b1-3)Gal(b1-4)GlcNA(b1-2)]Man(a1-6)[Gal(b1-3)GlcNAc(b1-3)Gal(b1-4)GlcNAc(b1-2)Man(a1-3)]Man(b1-4)GlcNAc(b1-4)[Fuc(a1-6)]GlcNAc(b1-Sp24,16.817075000000006,3.3608249999999966,8.528500000000001,4.3440499999999975
Neu5Ac(a2-8)Neu5Ac(a2-3)Gal(b1-3)GalNAc(b1-4)[Neu5Ac(a2-3)]Gal(b1-4)Glc(a1-Sp21,-1.7558750000000003,-0.6095000000000002,-14.025674999999998,-10.793449999999995
GlcNAc(b1-3)Gal(b1-4)GlcNAc(b1-2)Man(a1-6)[GlcNAc(b1-3)Gal(b1-4)GlcNAc(b1-2)Man(a1-3)]Man(b1-4)GlcNAc(b1-4)[Fuc(a1-6)]GlcNAc(b1-Sp24,1735.9784,8515.5583,22280.0564,36321.865800000014
Gal(b1-4)GlcNAc(b1-3)Gal(b1-4)GlcNAc(b1-2)Man(a1-6)[Gal(b1-4)GlcNAc(b1-3)Gal(b1-4)GlcNAc(b1-2)Man(a1-3)]Man(b1-4)GlcNAc(b1-4)[Fuc(a1-6)]GlcNAc(b1-Sp24,999.357025,7404.598075,22070.7414,32013.873100000004
GlcNAc(b1-3)Gal(b1-4)GlcNAc(b1-3)Gal(b1-4)GlcNAc(b1-2)Man(a1-6)[GlcNAc(b1-3)Gal(b1-4)GlcNAc(b1-3)Gal(b1-4)GlcNAc(b1-2)Man(a1-3)]Man(b1-4)GlcNAc(b1-4)[Fuc(a1-6)]GlcNAc(b1-Sp24,510.9932,6282.165075,21558.66165,35644.378224999986
Gal(b1-4)GlcNAc(b1-3)Gal(b1-4)GlcNAc(b1-3)Gal(b1-4)GlcNAc(b1-2)Man(a1-6)[Gal(b1-4)GlcNAc(b1-3)Gal(b1-4)GlcNAc(b1-3)Gal(b1-4)GlcNAc(b1-2)Man(a1-3)]Man(b1-4)GlcNAc(b1-4)[Fuc(a1-6)]GlcNAc(b1-Sp24,561.3242,5912.98075,21079.608875,35821.22925
GlcNAc(b1-3)Gal(b1-4)GlcNAc(b1-3)Gal(b1-4)GlcNAc(b1-3)Gal(b1-4)GlcNAc(b1-2)Man(a1-6)[GlcNAc(b1-3)Gal(b1-4)GlcNAc(b1-3)Gal(b1-4)GlcNAc(b1-3)Gal(b1-4)GlcNAc(b1-2)Man(a1-3)]Man(b1-4)GlcNAc(b1-4)[Fuc(a1-6)]GlcNAc(b1-Sp24,162.092125,2090.857825,14810.30115,30706.720675
Gal(b1-4)GlcNAc(b1-3)Gal(b1-4)GlcNAc(b1-3)Gal(b1-4)GlcNAc(b1-3)Gal(b1-4)GlcNAc(b1-2)Man(a1-6)[Gal(b1-4)GlcNAc(b1-3)Gal(b1-4)GlcNAc(b1-3)Gal(b1-4)GlcNAc(b1-3)Gal(b1-4)GlcNAc(b1-2)Man(a1-3)]Man(b1-4)GlcNAc(b1-4)[Fuc(a1-6)]GlcNAc(b1-Sp24,85.57739999999998,1311.268025,13155.032775,29548.5415
GlcNAc(b1-3)Gal(b1-4)GlcNAc(b1-3)Gal(b1-4)GlcNAc(b1-3)Gal(b1-4)GlcNAc(b1-3)Gal(b1-4)GlcNAc(b1-2)Man(a1-6)[GlcNAc(b1-3)Gal(b1-4)GlcNAc(b1-3)Gal(b1-4)GlcNAc(b1-3)Gal(b1-4)GlcNAc(b1-3)Gal(b1-4)GlcNAc(b1-2)Man(a1-3)]Man(b1-4)GlcNAc(b1-4)[Fuc(a1-6)]GlcNAc(b1-Sp19,23.29315,120.4752,4962.582,18035.2076
Gal(b1-4)GlcNAc(b1-3)Gal(b1-4)GlcNAc(b1-3)Gal(b1-4)GlcNAc(b1-3)Gal(b1-4)GlcNAc(b1-3)Gal(b1-4)GlcNAc(b1-2)Man(a1-6)[Gal(b1-4)GlcNAc(b1-3)Gal(b1-4)GlcNAc(b1-3)Gal(b1-4)GlcNAc(b1-3)Gal(b1-4)GlcNAc(b1-3)Gal(b1-4)GlcNAc(b1-2)Man(a1-3)]Man(b1-4)GlcNAc(b1-4)[Fuc(a1-6)]GlcNAc(b1-Sp19,15.318025,32.38682499999999,2867.2001999999993,19155.5529
Gal(b1-4)GlcNAc(b1-3)Gal(b1-4)GlcNAc(b1-6)[Gal(b1-4)GlcNAc(b1-3)Gal(b1-4)GlcNA(b1-2)]Man(a1-6)[Gal(b1-4)GlcNAc(b1-3)Gal(b1-4)GlcNAc(b1-2)Man(a1-3)]Man(b1-4)GlcNAc(b1-4)[Fuc(a1-6)]GlcNAc(b1-Sp24,7.506799999999997,-2.01615,-8.2644,0.4132000000000011
GlcNAc(b1-3)Gal(b1-4)GlcNAc(b1-3)Gal(b1-4)GlcNAc(b1-6)[GlcNAc(b1-3)Gal(b1-4)GlcNAc(b1-3)Gal(b1-4)GlcNA(b1-2)]Man(a1-6)[GlcNAc(b1-3)Gal(b1-4)GlcNAc(b1-3)Gal(b1-4)GlcNAc(b1-2)Man(a1-3)]Man(b1-4)GlcNAc(b1-4)[Fuc(a1-6)]GlcNAc(b1-Sp24,3.863599999999999,-3.046750000000003,4.969799999999998,3.8676
Gal(b1-4)GlcNAc(b1-3)Gal(b1-4)GlcNAc(b1-3)Gal(b1-4)GlcNAc(b1-6)[Gal(b1-4)GlcNAc(b1-3)Gal(b1-4)GlcNAc(b1-3)Gal(b1-4)GlcNA(b1-2)]Man(a1-6)[Gal(b1-4)GlcNAc(b1-3)Gal(b1-4)GlcNAc(b1-3)Gal(b1-4)GlcNAc(b1-2)Man(a1-3)]Man(b1-4)GlcNAc(b1-4)[Fuc(a1-6)]GlcNAc(b1-Sp24,0.4296249999999997,4.062825,-10.639225,-0.9907250000000012
GlcNAc(b1-3)Gal(b1-4)GlcNAc(b1-3)Gal(b1-4)GlcNAc(b1-3)Gal(b1-4)GlcNAc(b1-6)[GlcNAc(b1-3)Gal(b1-4)GlcNAc(b1-3)Gal(b1-4)GlcNAc(b1-3)Gal(b1-4)GlcNA(b1-2)]Man(a1-6)[GlcNAc(b1-3)Gal(b1-4)GlcNAc(b1-3)Gal(b1-4)GlcNAc(b1-3)Gal(b1-4)GlcNAc(b1-2)Man(a1-3)]Man(b1-4)GlcNAc(b1-4)[Fuc(a1-6)]GlcNAc(b1-Sp24,3.7946500000000025,-7.9248249999999985,-1.836125,3.0161250000000006
Gal(b1-4)GlcNAc(b1-3)Gal(b1-4)GlcNAc(b1-3)Gal(b1-4)GlcNAc(b1-3)Gal(b1-4)GlcNAc(b1-6)[Gal(b1-4)GlcNAc(b1-3)Gal(b1-4)GlcNAc(b1-3)Gal(b1-4)GlcNAc(b1-3)Gal(b1-4)GlcNA(b1-2)]Man(a1-6)[Gal(b1-4)GlcNAc(b1-3)Gal(b1-4)GlcNAc(b1-3)Gal(b1-4)GlcNAc(b1-3)Gal(b1-4)GlcNAc(b1-2)Man(a1-3)]Man(b1-4)GlcNAc(b1-4)[Fuc(a1-6)]GlcNAc(b1-Sp24,5.5230250000000005,-3.98645,0.5536750000000001,5.1765500000000015
GlcNAc(b1-3)Gal(b1-4)GlcNAc(b1-3)Gal(b1-4)GlcNAc(b1-3)Gal(b1-4)GlcNAc(b1-3)Gal(b1-4)GlcNAc(b1-6)[GlcNAc(b1-3)Gal(b1-4)GlcNAc(b1-3)Gal(b1-4)GlcNAc(b1-3)Gal(b1-4)GlcNAc(b1-3)Gal(b1-4)GlcNA(b1-2)]Man(a1-6)[GlcNAc(b1-3)Gal(b1-4)GlcNAc(b1-3)Gal(b1-4)GlcNAc(b1-3)Gal(b1-4)GlcNAc(b1-3)Gal(b1-4)GlcNAc(b1-2)Man(a1-3)]Man(b1-4)GlcNAc(b1-4)[Fuc(a1-6)]GlcNAc(b1-Sp24,8.575824999999998,-7.001524999999999,-2.0785000000000022,1.0994499999999992
Gal(b1-4)GlcNAc(b1-3)Gal(b1-4)GlcNAc(b1-3)Gal(b1-4)GlcNAc(b1-3)Gal(b1-4)GlcNAc(b1-3)Gal(b1-4)GlcNAc(b1-6)[Gal(b1-4)GlcNAc(b1-3)Gal(b1-4)GlcNAc(b1-3)Gal(b1-4)GlcNAc(b1-3)Gal(b1-4)GlcNAc(b1-3)Gal(b1-4)GlcNA(b1-2)]Man(a1-6)[Gal(b1-4)GlcNAc(b1-3)Gal(b1-4)GlcNAc(b1-3)Gal(b1-4)GlcNAc(b1-3)Gal(b1-4)GlcNAc(b1-3)Gal(b1-4)GlcNAc(b1-2)Man(a1-3)]Man(b1-4)GlcNAc(b1-4)[Fuc(a1-6)]GlcNAc(b1-Sp24,-4.6546,-7.971825000000003,-6.470675,2.454000000000004
Gal(b1-4)GlcNAc(b1-3)Gal(b1-4)GlcNAc(b1-3)GalNAc(a1-Sp14,35.811175,2.4361999999999995,64.717025,66.81334999999999
Gal(b1-4)GlcNAc(b1-3)Gal(b1-4)GlcNAc(b1-6)[Gal(b1-3)]GalNAc(a1-Sp14,48.4867,-7.762475000000002,39.9006,46.423324999999984
Gal(b1-4)GlcNAc(b1-3)Gal(b1-4)GlcNAc(b1-6)[Gal(b1-4)GlcNAc(b1-3)Gal(b1-4)GlcNAc(b1-3)]GalNAc(a1-Sp14,43.20479999999999,30.068149999999992,47.50905,81.12245000000001
Neu5Ac(a2-3)Gal(b1-4)GlcNAc(b1-3)Gal(b1-4)GlcNAc(b1-3)GalNAc(a1-Sp14,-0.6096500000000002,-11.69695,-3.3234249999999985,6.7079999999999975
GlcNAc(b1-3)Gal(b1-4)GlcNAc(b1-3)GalNAc(a1-Sp14,-1.8278000000000016,-9.19425,2.341300000000002,-3.2680749999999987
GlcNAc(b1-3)Gal(b1-4)GlcNAc(b1-6)[Gal(b1-3)]GalNAc(a1-Sp14,-1.781575,-12.4891,-7.573775,-0.9566499999999998
GlcNAc(b1-3)Gal(b1-4)GlcNAc(b1-6)[GlcNAc(b1-3)Gal(b1-4)GlcNAc(b1-3)]GalNAc(a1-Sp14,2.2167249999999994,-8.891975,-2.181424999999999,0.9620750000000022
Neu5Ac(a2-3)Gal(b1-4)GlcNAc(b1-3)Gal(b1-4)GlcNAc(b1-6)[Neu5Ac(a2-3)Gal(b1-4)GlcNAc(b1-3)Gal(b1-4)GlcNAc(b1-3)]GalNAc(a1-Sp14,5.514949999999999,-8.7762,-0.548125,15.1306
Neu5Ac(a2-6)Gal(b1-4)GlcNAc(b1-3)Gal(b1-4)GlcNAc(b1-3)GalNAc(a1-Sp14,-2.1195000000000004,-6.4516500000000025,-11.010650000000002,-4.3850750000000005
GlcNAc(b1-3)Gal(b1-4)GlcNAc(b1-3)Gal(b1-4)GlcNAc(b1-3)GalNAc(a1-Sp14,6.6804999999999986,-12.966575,-11.255775000000002,-4.574699999999998
Gal(b1-4)GlcNAc(b1-3)Gal(b1-3)GalNAc(a1-Sp14,6.6006,-1.184124999999998,-3.70255,5.486700000000001
Neu5Ac(a2-3)Gal(b1-4)GlcNAc(b1-3)Gal(b1-4)GlcNAc(b1-6)[Gal(b1-3)]GalNAc(a1-Sp14,19.758825,-6.287849999999999,-9.185175,18.496925000000005
Neu5Ac(a2-6)Gal(b1-4)GlcNAc(b1-3)Gal(b1-4)GlcNAc(b1-6)[Gal(b1-3)]GalNAc(a1-Sp14,1.8579249999999992,2.430724999999997,-2.7378250000000013,-6.658275000000002
Neu5Ac(a2-6)Gal(b1-4)GlcNAc(b1-6)[Gal(b1-3)]GalNAc(a1-Sp14,2.288475000000001,-6.4069499999999975,-8.725250000000003,1.6462250000000012
Neu5Ac(a2-3)Gal(b1-4)GlcNAc(b1-3)Gal(b1-4)GlcNAc(b1-2)Man(a1-6)[Neu5Ac(a2-3)Gal(b1-4)GlcNAc(b1-3)Gal(b1-4)GlcNAc(b1-2)Man(a1-3)]Man(b1-4)GlcNAc(b1-4)GlcNAc(b1-Sp12,50.769425,2.8719750000000026,49.44967499999999,163.83164999999997
GlcNAc(b1-6)[Neu5Ac(a2-3)Gal(b1-3)]GalNAc(a1-Sp14,0.8585499999999993,-4.9155750000000005,0.3274499999999998,2.5570999999999984
Neu5Ac(a2-6)Gal(b1-4)GlcNAc(b1-3)Gal(b1-4)GlcNAc(b1-6)[Neu5Ac(a2-6)Gal(b1-4)GlcNAc(b1-3)Gal(b1-4)GlcNAc(b1-3)]GalNAc(a1-Sp14,50.78610000000001,23.39085,61.04630000000001,83.592975
Neu5Ac(a2-6)Gal(b1-4)GlcNAc(b1-3)Gal(b1-4)GlcNAc(b1-3)Gal(b1-4)GlcNAc(b1-2)Man(a1-6)[Neu5Ac(a2-6)Gal(b1-4)GlcNAc(b1-3)Gal(b1-4)GlcNAc(b1-3)Gal(b1-4)GlcNAc(b1-2)Man(a1-3)]Man(b1-4)GlcNAc(b1-4)GlcNAc(b1-Sp12,41.6368,20.845975,41.83527499999999,139.78952500000003
Neu5Ac(a2-3)Gal(b1-4)GlcNAc(b1-3)Gal(b1-4)GlcNAc(b1-3)Gal(b1-4)GlcNAc(b1-2)Man(a1-6)[Neu5Ac(a2-3)Gal(b1-4)GlcNAc(b1-3)Gal(b1-4)GlcNAc(b1-3)Gal(b1-4)GlcNAc(b1-2)Man(a1-3)]Man(b1-4)GlcNAc(b1-4)GlcNAc(b1-Sp12,94.6162,52.90830000000001,111.31055,200.05982500000007
Neu5Ac(a2-6)Gal(b1-4)GlcNAc(b1-3)Gal(b1-4)GlcNAc(b1-2)Man(a1-6)[Neu5Ac(a2-6)Gal(b1-4)GlcNAc(b1-3)Gal(b1-4)GlcNAc(b1-2)Man(a1-3)]Man(b1-4)GlcNAc(b1-4)GlcNAc(b1-Sp12,15.422724999999998,-2.6627750000000017,9.456499999999998,92.05835
GlcNAc(b1-3)Fuc(a1-Sp21,0.4964500000000003,-6.7289499999999975,-4.370524999999999,-3.973950000000001
Gal(b1-3)GalNAc(b1-4)[Neu5Ac(a2-8)Neu5Ac(a2-8)Neu5Ac(a2-3)]Gal(b1-4)Glc(b1-Sp21,6.496050000000001,-2.9429000000000016,6.130849999999999,4.202275000000001
