IUPAC,VGA(EY Lab) (1ug/ml),VGA(EY Lab) (10ug/ml),VGA(EY Lab) (100ug/ml)
Gal(a1-Sp8,17.948205077295754,13.232689128316537,39.03670948098078
Glc(a1-Sp8,15.907883022158144,24.845546906219877,21.57443790090449
Man(a1-Sp8,9.104737794641132,15.682398742326768,11.788240056655304
GalNAc(a1-Sp8,10.406977804458892,2.0432958384270377,66.08807063953877
GalNAc(a1-Sp15,13.981445790046186,11.552955637519796,35.28515521305188
Fuc(a1-Sp8,2.6884548268165767,10.08990395279689,5.243990845641005
Fuc(a1-Sp9,5.228743818149191,10.607143680047262,28.90274651567141
Rha(a1-Sp8,27.162823369006272,1.4440308791712215,13.560520214473947
Neu5Ac(a1-Sp8,5.055578657285447,12.047714757129988,4.025367621617515
Neu5Ac(a1-Sp11,4.210497816470164,5.087508730868849,134.56244155835847
Neu5Ac(b1-Sp8,6.369816177619778,3.4406375857777687,444.9498632722644
Gal(b1-Sp8,16.02130785638822,21.619126138522148,36.27705269551709
Glc(b1-Sp8,12.687912846090988,22.693174699069534,32.23480733951778
Man(b1-Sp8,3.0847999193626636,49.36945355480428,40.30112349513334
GalNAc(b1-Sp8,16.404296755118743,5.919160056052427,67.94034909492295
GlcNAc(b1-Sp0,14.032198956536824,16.10297231310627,16.71170860851263
GlcNAc(b1-Sp8,5.000040976748758,12.552373729133198,13.492037433859515
GlcN[Gc](b1-Sp8,11.568318405887707,9.767306669019185,37.60867348971284
Gal(b1-4)GlcNAc(b1-6)[Gal(b1-4)GlcNAc(b1-3)]GalNAc(a1-Sp8,4.468755843632542,9.51804222323757,39.607613805965364
Gal(b1-4)GlcNAc(b1-6)[Gal(b1-4)GlcNAc(b1-3)]GalNAc(a1-Sp14,4.203555975897072,5.523510349406439,113.59958840491743
GlcNAc(b1-6)[GlcNAc(b1-4)][GlcNAc(b1-3)]GlcNAc(a1-Sp8,5.4521409259727225,1.7597604181156778,15.941671330692813
6S(3S)Gal(b1-4)(6S)GlcNAc(b1-Sp0,5.288333110410755,0.9078838582109484,32.10569793752868
6S(3S)Gal(b1-4)GlcNAc(b1-Sp0,6.09486992396064,8.138885864989957,6.6835865147389235
(3S)Gal(b1-4)[Fuc(a1-3)](6S)Glc(a1-Sp0,6.9463064513931885,10.788351330640538,54.1610168992653
(3S)Gal(b1-4)Glc(b1-Sp8,7.496992592144308,15.650389325082793,20.416872223298594
(3S)Gal(b1-4)(6S)Glc(b1-Sp0,7.305730332816354,29.36101182070933,42.46271843700072
(3S)Gal(b1-4)(6S)Glc(b1-Sp8,21.39969692735156,11.492489023270807,24.24531030563776
(3S)Gal(b1-3)[Fuc(a1-4)]GlcNAc(b1-Sp8,5.51203842542242,6.235305510291116,9.84844744600217
(3S)Gal(b1-3)GalNAc(a1-Sp8,7.56550083911613,10.802629837836175,28.959435005825835
(3S)Gal(b1-3)GlcNAc(b1-Sp0,4.377444037620583,12.35674362200657,4.116287782598131
(3S)Gal(b1-3)GlcNAc(b1-Sp8,7.002634999948236,11.740920393329489,17.252363818039544
(3S)Gal(b1-4)[Fuc(a1-3)]GlcNAc(a1-Sp0 ,8.387075352389948,25.01945824000461,55.347459457887524
(3S)Gal(b1-4)[Fuc(a1-3)]GlcNAc(a1-Sp8,9.300277438290037,3.8804202968235266,163.0031468223927
(3S)Gal(b1-4)(6S)GlcNAc(b1-Sp0,18.822122696001454,20.85089474696866,46.58505777531214
(3S)Gal(b1-4)(6S)GlcNAc(b1-Sp8,6.6496413760442765,9.345883855963915,215.10469964623417
(3S)Gal(b1-4)GlcNAc(b1-Sp0,2.7531545791449403,12.522395964830372,23.022290390745944
(3S)Gal(b1-4)GlcNAc(b1-Sp8,16.135847542325347,9.771575351838957,32.17822143908049
(3S)Gal(b1-Sp8,3.802254242770553,15.115536136124986,9.014117075408262
(6S)(4S)Gal(b1-4)GlcNAc(b1-Sp0,5.096985208924979,5.903789480494712,3.0531939619301185
(4S)Gal(b1-4)GlcNAc(b1-Sp8,6.785934576018253,2.380494199915919,4.17678482836978
(6P)Man(a1-Sp8,21.161903352959506,8.522037634421709,19.79606523445169
(6S)Gal(b1-4)Glc(b1-Sp0,14.742141824347188,3.1934116500486844,53.83888756992154
(6S)Gal(b1-4)Glc(b1-Sp8,5.672142588343487,10.670664939293466,55.79232796656859
(6S)Gal(b1-4)GlcNAc(b1-Sp8,3.830643624227308,7.162458087835484,80.45295771983254
(6S)Gal(b1-4)(6S)Glc(b1-Sp8,3.0645904091466027,6.317013753546855,77.32867432289699
Neu5Ac(a2-3)(6S)Gal(b1-4)GlcNAc(b1-Sp8,5.990617799526186,2.1442974410825686,11.583873699961838
(6S)GlcNAc(b1-Sp8,5.726938279962512,14.889418408694365,14.191791497992778
"Neu5,9Ac2(a1-Sp8",3.3771570706734813,6.342864855620585,13.34168398841266
"Neu5,9Ac2(a2-6)Gal(b1-4)GlcNAc(b1-Sp8",3.6644564026150785,10.552072815763099,19.277971584751878
Man(a1-6)[Man(a1-3)]Man(b1-4)GlcNAc(b1-4)GlcNAc(b1-Sp12,5.5413279834350195,16.273893068424034,17.845241647635337
Man(a1-6)[Man(a1-3)]Man(b1-4)GlcNAc(b1-4)GlcNAc(b1-Sp13,14.270187270991487,1.829743787164512,27.51375877514017
GlcNAc(b1-2)Man(a1-6)[GlcNAc(b1-2)Man(a1-3)]Man(b1-4)GlcNAc(b1-4)GlcNAc(b1-Sp12,5.151052861309034,9.76796298906958,19.639981250669944
GlcNAc(b1-2)Man(a1-6)[GlcNAc(b1-2)Man(a1-3)]Man(b1-4)GlcNAc(b1-4)GlcNAc(b1-Sp13,3.2866234338349964,3.9355743904162312,8.89304510366575
Gal(b1-4)GlcNAc(b1-2)Man(a1-6)[Gal(b1-4)GlcNAc(b1-2)Man(a1-3)]Man(b1-4)GlcNAc(b1-4)GlcNAc(b1-Sp12,7.8227483628943775,5.921742690852637,76.33703410518821
Neu5Ac(a2-6)Gal(b1-4)GlcNAc(b1-2)Man(a1-6)[Neu5Ac(a2-6)Gal(b1-4)GlcNAc(b1-2)Man(a1-3)]Man(b1-4)GlcNAc(b1-4)GlcNAc(b1-Sp12,5.027527065649003,7.99701815491249,109.90926576211235
Neu5Ac(a2-6)Gal(b1-4)GlcNAc(b1-2)Man(a1-6)[Neu5Ac(a2-6)Gal(b1-4)GlcNAc(b1-2)Man(a1-3)]Man(b1-4)GlcNAc(b1-4)GlcNAc(b1-Sp13,15.628752864165671,15.314104197411167,110.38283802181013
Neu5Ac(a2-6)Gal(b1-4)GlcNAc(b1-2)Man(a1-6)[Neu5Ac(a2-6)Gal(b1-4)GlcNAc(b1-2)M(an-a)(a1-3)]Man(b1-4)GlcNAc(b1-4)GlcNAc(b1-Sp21,6.867241054212864,9.429801908311768,11.50609955411334
Neu5Ac(a2-6)Gal(b1-4)GlcNAc(b1-2)Man(a1-6)[Neu5Ac(a2-6)Gal(b1-4)GlcNAc(b1-2)Man(a1-3)]Man(b1-4)GlcNAc(b1-4)GlcNAc(b1-Sp24,11.260737251915012,13.246673327921483,58.792651394030564
Fuc(a1-2)Gal(b1-3)GalNAc(b1-3)Gal(a1-Sp9,14.680249504322724,6.311838185703112,30.82259036431984
Fuc(a1-2)Gal(b1-3)GalNAc(b1-3)Gal(a1-4)Gal(b1-4)Glc(b1-Sp9,4.1824957864095085,6.711937232026732,14.382527078223575
Fuc(a1-2)Gal(b1-3)[Fuc(a1-4)]GlcNAc(b1-Sp8,6.8537857812914815,3.4463159794191807,9.145528071686183
Fuc(a1-2)Gal(b1-3)GalNAc(a1-Sp8,6.728659075117919,5.279896797207937,7.472352443954088
Fuc(a1-2)Gal(b1-3)GalNAc(a1-Sp14,4.231655690546348,9.749137386285346,12.684569995339489
Fuc(a1-2)Gal(b1-3)GalNAc(b1-4)[Neu5Ac(a2-3)]Gal(b1-4)Glc(b1-Sp0,6.791973366837749,2.6684763834755345,6.929753207245816
Fuc(a1-2)Gal(b1-3)GalNAc(b1-4)[Neu5Ac(a2-3)]Gal(b1-4)Glc(b1-Sp9,3.0116319090873884,3.935286044135376,2.1489225864372177
Fuc(a1-2)Gal(b1-3)GlcNAc(b1-3)Gal(b1-4)Glc(b1-Sp8,5.868237374416615,6.355188497794533,12.566579869472587
Fuc(a1-2)Gal(b1-3)GlcNAc(b1-3)Gal(b1-4)Glc(b1-Sp10,3.4814797174956142,4.387630313734278,13.48216819073748
Fuc(a1-2)Gal(b1-3)GlcNAc(b1-Sp0,3.929929462789377,3.2824509912563835,21.4489827166698
Fuc(a1-2)Gal(b1-3)GlcNAc(b1-Sp8,6.72433993160916,21.174366806668235,5.582214196594998
Fuc(a1-2)Gal(b1-4)[Fuc(a1-3)]GlcNAc(b1-3)Gal(b1-4)[Fuc(a1-3)]GlcNAc(b1-Sp0,1.6610951186892728,6.436375491623112,41.94099714276193
Fuc(a1-2)Gal(b1-4)[Fuc(a1-3)]GlcNAc(b1-3)Gal(b1-4)[Fuc(a1-3)]GlcNAc(b1-3)Gal(b1-4)[Fuc(a1-3)]GlcNAc(b1-Sp0,7.202466771414727,6.497589928837724,5.018271355755847
Fuc(a1-2)Gal(b1-4)[Fuc(a1-3)]GlcNAc(b1-Sp0,8.884846109340707,6.614144390370287,10.739953125906405
Fuc(a1-2)Gal(b1-4)[Fuc(a1-3)]GlcNAc(b1-Sp8,5.153686228322403,4.462133392597472,18.796934222544547
Fuc(a1-2)Gal(b1-4)GlcNAc(b1-3)Gal(b1-4)GlcNAc(b1-Sp0,4.500224319871911,4.832132561906115,12.028511151011164
Fuc(a1-2)Gal(b1-4)GlcNAc(b1-3)Gal(b1-4)GlcNAc(b1-3)Gal(b1-4)GlcNAc(b1-Sp0,1.8397251993617587,6.465023170621025,3.711000823115862
Fuc(a1-2)Gal(b1-4)GlcNAc(b1-Sp0,8.564903805793739,6.246813496162125,3.6006286043782216
Fuc(a1-2)Gal(b1-4)GlcNAc(b1-Sp8,2.020775271193383,8.610567523059483,28.37434372966477
Fuc(a1-2)Gal(b1-4)Glc(b1-Sp0,4.995316471372617,7.467341900290446,17.107745802316252
Fuc(a1-2)Gal(b1-Sp8,3.7726526276834216,3.7973363158710485,7.786863948128707
Fuc(a1-3)GlcNAc(b1-Sp8,7.227234179304,5.404018454431237,11.184239199091728
Fuc(a1-4)GlcNAc(b1-Sp8,1.5886870603845746,3.575247363936286,8.401294957524923
Fuc(b1-3)GlcNAc(b1-Sp8,3.3700920679807336,3.8715917781536136,13.683532235348933
GalNAc(a1-3)[Fuc(a1-2)]Gal(b1-3)GlcNAc(b1-Sp0,6.14087645013587,5.309296599048375,19.100112434289482
GalNAc(a1-3)[Fuc(a1-2)]Gal(b1-4)[Fuc(a1-3)]GlcNAc(b1-Sp0,9.99809085609181,9.382218243171486,35.71708592564629
(3S)Gal(b1-4)[Fuc(a1-3)]Glc(b1-Sp0,4.623946205263073,6.0045652967138325,26.544609139883146
GalNAc(a1-3)[Fuc(a1-2)]Gal(b1-4)GlcNAc(b1-Sp0,5.1404562955701385,13.622949560790179,3.82065412418694
GalNAc(a1-3)[Fuc(a1-2)]Gal(b1-4)GlcNAc(b1-Sp8,1.3515278474748391,4.28093545258121,1.6497988107139907
GalNAc(a1-3)[Fuc(a1-2)]Gal(b1-4)Glc(b1-Sp0,2.895401076419866,10.258141805414864,3.1120534982280272
GlcNAc(b1-3)Gal(b1-3)GalNAc(a1-Sp8,1.1922177457718748,9.41535437091987,8.214700061627438
GalNAc(a1-3)[Fuc(a1-2)]Gal(b1-Sp8,19.456096312895525,7.595621055581968,4.072830295486587
GalNAc(a1-3)[Fuc(a1-2)]Gal(b1-Sp18,6.344405437535759,8.527667586939197,14.393145629170125
GalNAc(a1-3)GalNAc(b1-Sp8,7.105054950467782,3.899384315824737,125.37876157247156
GalNAc(a1-3)Gal(b1-Sp8,3.664809445137176,9.348150318423068,117.34161389897736
GalNAc(a1-4)[Fuc(a1-2)]Gal(b1-4)GlcNAc(b1-Sp8,6.9855063753460325,19.06766155737684,98.31149869123057
GalNAc(b1-3)GalNAc(a1-Sp8,1.4402125152791638,7.795929034384978,5.995758936323218
GalNAc(b1-3)[Fuc(a1-2)]Gal(b1-Sp8,16.895416294368136,13.565371955214985,60.69231958534087
GalNAc(b1-3)Gal(a1-4)Gal(b1-4)GlcNAc(b1-Sp0,3.9270260506520778,5.429672925999624,853.8659651483847
GalNAc(b1-4)[Fuc(a1-3)]GlcNAc(b1-Sp0,7.802169314310392,6.194608351354147,6.011891529294263
GalNAc(b1-4)GlcNAc(b1-Sp0,4.515026497153697,3.3662087110972143,86.18918914701538
GalNAc(b1-4)GlcNAc(b1-Sp8,2.967711385338313,2.7617650455219147,77.56325435812049
Gal(a1-2)Gal(b1-Sp8,9.489841235192863,88.84112433021467,39.49770967592088
Gal(a1-3)[Fuc(a1-2)]Gal(b1-3)GlcNAc(b1-Sp0,7.985565575618301,21.59957026817893,33.14180823381049
Gal(a1-3)[Fuc(a1-2)]Gal(b1-3)GlcNAc(b1-Sp8,5.988725421434263,7.221698329802157,2.0674275954672368
Gal(a1-3)[Fuc(a1-2)]Gal(b1-4)[Fuc(a1-3)]GlcNAc(b1-Sp0,2.9417654279927414,10.447258652233444,29.932282650565345
Gal(a1-3)[Fuc(a1-2)]Gal(b1-4)[Fuc(a1-3)]GlcNAc(b1-Sp8,8.175941903485283,8.604116309602443,7.230229899064988
Gal(a1-3)[Fuc(a1-2)]Gal(b1-4)GlcNAc(a1-Sp0,4.1900597728433375,6.1979741262098464,56.705966702242286
Gal(a1-3)[Fuc(a1-2)]Gal(b1-4)Glc(b1-Sp0,3.129236254530279,3.5919419399539345,31.90811647510951
Gal(a1-3)[Fuc(a1-2)]Gal(b1-Sp8,6.315056175258154,8.329456836383113,113.4698937641464
Gal(a1-3)[Fuc(a1-2)]Gal(b1-Sp18,6.2688584938434495,5.344802404439287,13.44186899678265
Gal(a1-4)[Gal(a1-3)]Gal(b1-4)GlcNAc(b1-Sp8,4.288970549657966,10.608937242210768,104.87152613410295
Gal(a1-3)GalNAc(a1-Sp8,7.043008011022932,8.655488975740576,10.384912676410266
Gal(a1-3)GalNAc(a1-Sp16,1.0266115575035228,7.7723783168345575,4.722618616121078
Gal(a1-3)GalNAc(b1-Sp8,5.208222107399034,4.044608753534347,11.327073221085513
Gal(a1-3)Gal(b1-4)[Fuc(a1-3)]GlcNAc(b1-Sp8,10.937212500564305,15.664640288454333,45.13537161358786
Gal(a1-3)Gal(b1-3)GlcNAc(b1-Sp0,73.26003669190997,20.724782681370034,61.92353204436271
Gal(a1-3)Gal(b1-4)GlcNAc(b1-Sp8,5.0847074534005126,14.794151391090331,41.152172232854255
Gal(a1-3)Gal(b1-4)Glc(b1-Sp0,5.672658626546582,4.75957279131577,128.98411065107658
Gal(a1-3)Gal(b1-4)Glc(a1-Sp10,4.802642983729539,0.8288770048485501,199.63031320959863
Gal(a1-3)Gal(b1-Sp8,1.9622267461568317,5.219089928649762,37.52570794632812
Gal(a1-4)[Fuc(a1-2)]Gal(b1-4)GlcNAc(b1-Sp8,10.381285997529409,9.128337320080076,25.997851834895176
Gal(a1-4)Gal(b1-4)GlcNAc(b1-Sp0,2.481453831090413,2.754142685119995,15.139713956236653
Gal(a1-4)Gal(b1-4)GlcNAc(b1-Sp8,6.555265049497742,3.4205018447590425,28.28837465632608
Gal(a1-4)Gal(b1-4)Glc(b1-Sp0,5.593735260315771,4.465576529687957,152.37518115726445
Gal(a1-4)GlcNAc(b1-Sp8,2.7422379818620146,898.8520298090202,23.870420695688786
Gal(a1-6)Glc(b1-Sp8,1.8866958958277624,3.1705666691197854,70.33492092672866
Gal(b1-2)Gal(b1-Sp8,2.553481211176868,7.088846048723347,25.912575285242013
Gal(b1-3)[Fuc(a1-4)]GlcNAc(b1-3)Gal(b1-4)[Fuc(a1-3)]GlcNAc(b1-Sp0,10.65466956357745,1.7819557745634396,11.432839907149056
Gal(b1-3)[Fuc(a1-4)]GlcNAc(b1-3)Gal(b1-4)GlcNAc(b1-Sp0,1.6277763797585951,1.8033620220299653,22.102888884261255
Gal(b1-3)[Fuc(a1-4)]GlcNAc(a1-Sp0,6.120974003307536,12.754095646235893,49.33962661947459
Gal(b1-3)[Fuc(a1-4)]GlcNAc(a1-Sp8 ,6.781723041135384,1.7099288881412562,2.6749561641268302
Fuc(a1-4)[Gal(b1-3)]GlcNAc(b1-Sp8,8.875307996298869,3.1733811621045365,26.588973863787327
Gal(b1-4)GlcNAc(b1-6)GalNAc(a1-Sp8,3.703907420549272,3.0983983769844783,23.78470901740248
Gal(b1-4)GlcNAc(b1-6)GalNAc(a1-Sp14,21.21034732347634,4.781770920467979,61.157090617271564
GlcNAc(b1-6)[Gal(b1-3)]GalNAc(a1-Sp8,5.9600323530301935,8.73952525293375,57.583338150624456
GlcNAc(b1-6)[Gal(b1-3)]GalNAc(a1-Sp14,12.652946466172745,1.7220623708700795,23.581028095254144
Neu5Ac(a2-6)[Gal(b1-3)]GalNAc(a1-Sp8,6.632235767069807,1.4136788638159594,7.251711091183928
Neu5Ac(a2-6)[Gal(b1-3)]GalNAc(a1-Sp14,2.7666992938336894,7.146103933554745,15.69235827366828
Neu5Ac(b2-6)[Gal(b1-3)]GalNAc(a1-Sp8,7.302630926533723,5.696624189816282,19.110340118964405
Neu5Ac(a2-6)[Gal(b1-3)]GlcNAc(b1-4)Gal(b1-4)Glc(b1-Sp10,5.983290047568595,3.169922723032853,26.50640957647475
Gal(b1-3)GalNAc(a1-Sp8,3.0324221017749684,9.014351240614417,30.01045467703715
Gal(b1-3)GalNAc(a1-Sp14,2.778599063527038,5.1677045802915975,74.23128640707503
Gal(b1-3)GalNAc(a1-Sp16,7.875539078850419,5.672488784402022,19.736943010591904
Gal(b1-3)GalNAc(b1-Sp8,6.843170360293539,2.3881613666863712,51.887093457011716
Gal(b1-3)GalNAc(b1-3)Gal(a1-4)Gal(b1-4)Glc(b1-Sp0,3.1157991489610843,3.87248126431878,62.18839719188634
Gal(b1-3)GalNAc(b1-4)[Neu5Ac(a2-3)]Gal(b1-4)Glc(b1-Sp0,14.375734858434196,8.993531175378225,12.402374312304135
Gal(b1-3)GalNAc(b1-4)Gal(b1-4)Glc(b1-Sp8,7.408982554249027,2.3281345815910144,36.12359259001198
Gal(b1-3)Gal(b1-Sp8,3.7713739967461786,2.126335936926876,39.3288448657704
Gal(b1-3)GlcNAc(b1-3)Gal(b1-4)GlcNAc(b1-Sp0,2.541568799481923,7.504374950820353,25.36538820118207
Gal(b1-3)GlcNAc(b1-3)Gal(b1-4)Glc(b1-Sp10,16.29594919992899,2.6736786174046223,58.28589496293245
Gal(b1-3)GlcNAc(b1-Sp0,5.669370313285829,0.9832525803000394,26.67322251739559
Gal(b1-3)GlcNAc(b1-Sp8,6.662553677332287,6.201125211335975,50.70349982340958
Gal(b1-4)[Fuc(a1-3)]GlcNAc(b1-Sp0,1.5063474530023582,2.819313295231068,4.5402060412129694
Gal(b1-4)[Fuc(a1-3)]GlcNAc(b1-Sp8,4.994480250903655,6.462174802327268,16.431901954125742
Gal(b1-4)[Fuc(a1-3)]GlcNAc(b1-4)Gal(b1-4)[Fuc(a1-3)]GlcNAc(b1-Sp0,3.366928414742437,21.297581406817066,28.54597646493576
Gal(b1-4)[Fuc(a1-3)]GlcNAc(b1-4)Gal(b1-4)[Fuc(a1-3)]GlcNAc(b1-4)Gal(b1-4)[Fuc(a1-3)]GlcNAc(b1-Sp0,3.0932976088095088,5.658879680864406,7.789413515096406
Gal(b1-4)(6S)Glc(b1-Sp0,2.7408365175313434,14.586390018209903,31.259382887169426
Gal(b1-4)(6S)Glc(b1-Sp8,8.147875461329367,4.902414486335621,63.74196672739102
Gal(b1-4)GalNAc(a1-3)[Fuc(a1-2)]Gal(b1-4)GlcNAc(b1-Sp8,5.307160457579927,9.913999612164606,22.033371207481323
Gal(b1-4)GalNAc(b1-3)[Fuc(a1-2)]Gal(b1-4)GlcNAc(b1-Sp8,2.020545524522196,4.778230139828623,43.89143062120254
Gal(b1-4)GlcNAc(b1-3)GalNAc(a1-Sp8,2.76288309123519,1.7717890795746571,75.63875626101564
Gal(b1-4)GlcNAc(b1-3)GalNAc(a1-Sp14,4.093933448001635,5.198611703137677,17.907580847856032
Gal(b1-4)GlcNAc(b1-3)Gal(b1-4)[Fuc(a1-3)]GlcNAc(b1-3)Gal(b1-4)[Fuc(a1-3)]GlcNAc(b1-Sp0,3.6476669612233104,5.028572747393968,128.32476954523108
Gal(b1-4)GlcNAc(b1-3)Gal(b1-4)GlcNAc(b1-3)Gal(b1-4)GlcNAc(b1-Sp0,11.437663634202865,9.92604307444982,48.14119735351422
Gal(b1-4)GlcNAc(b1-3)Gal(b1-4)GlcNAc(b1-Sp0,4.105157279163212,3.072198317573265,26.61936367402496
Gal(b1-4)GlcNAc(b1-3)Gal(b1-4)Glc(b1-Sp0,3.665895280714748,4.0894046953682635,26.21505542830615
Gal(b1-4)GlcNAc(b1-3)Gal(b1-4)Glc(b1-Sp8,5.417244445518405,4.94229013337946,31.5111961667066
Gal(b1-4)GlcNAc(b1-6)[Gal(b1-3)]GalNAc(a1-Sp8,5.6266995687229215,2.767013450154031,14.678872836467395
Gal(b1-4)GlcNAc(b1-6)[Gal(b1-3)]GalNAc(a1-Sp14,4.185581265387965,4.241772501659339,119.81745247532108
Gal(b1-4)GlcNAc(b1-Sp0,7.533728746554831,6.819195602610817,200.13421390268746
Gal(b1-4)GlcNAc(b1-Sp8,11.315024112067404,3.366456328124082,6.70930738675756
Gal(b1-4)GlcNAc(b1-Sp23,7.406482147641571,6.444151139082109,51.987676073149004
Gal(b1-4)Glc(b1-Sp0,2.3716127831779934,13.090558929593751,48.734617831852006
Gal(b1-4)Glc(b1-Sp8,12.952582002410429,6.898375981103582,70.5225290059377
GlcNAc(a1-3)Gal(b1-4)GlcNAc(b1-Sp8,2.377683626802922,2.8942150582383093,24.4691582189192
GlcNAc(a1-6)Gal(b1-4)GlcNAc(b1-Sp8,1.3676742180309849,3.2194728682140945,96.05343983326414
GlcNAc(b1-2)Gal(b1-3)GalNAc(a1-Sp8,2.3684650986099243,10.776206844092366,10.134690596494114
GlcNAc(b1-6)[GlcNAc(b1-3)]GalNAc(a1-Sp8,1.8177459070233053,2.9449024715033763,4.002562972646371
GlcNAc(b1-6)[GlcNAc(b1-3)]GalNAc(a1-Sp14,3.744888422458899,7.764210820757426,4.7706010935031244
GlcNAc(b1-6)[GlcNAc(b1-3)]Gal(b1-4)GlcNAc(b1-Sp8,5.456920732656835,5.3300810741176035,3.766177242576353
GlcNAc(b1-3)GalNAc(a1-Sp8,3.220980028267794,4.221804929174252,54.55340431876519
GlcNAc(b1-3)GalNAc(a1-Sp14,1.500674992572795,2.18065643690916,16.516513320588167
GlcNAc(b1-3)Gal(b1-Sp8,8.760476399288986,7.977305995551795,5.481987647134312
GlcNAc(b1-3)Gal(b1-4)GlcNAc(b1-Sp0,2.9472995044899446,4.18419690661581,11.337867091300723
GlcNAc(b1-3)Gal(b1-4)GlcNAc(b1-Sp8,7.81349699617058,2.234393700014988,2.1012876417409743
GlcNAc(b1-3)Gal(b1-4)GlcNAc(b1-3)Gal(b1-4)GlcNAc(b1-Sp0,5.223800975263766,1.713267878208189,25.75047373795609
GlcNAc(b1-3)Gal(b1-4)Glc(b1-Sp0,6.7854756740654025,6.250909810779549,29.030031292037314
GlcNAc(b1-4)(a1-MDPLys,3.86399341614346,1.7671058627032097,35.471529607125824
GlcNAc(b1-6)[GlcNAc(b1-4)]GalNAc(a1-Sp8,3.650457152649972,6.321950452721592,10.665733481692405
GlcNAc(b1-4)Gal(b1-4)GlcNAc(b1-Sp8,10.340993123929957,5.666319254080774,11.118710673005216
GlcNAc(b1-4)GlcNAc(b1-4)GlcNAc(b1-4)GlcNAc(b1-4)GlcNAc(b1-4)GlcNAc(b1-Sp8,2.6233301754004703,0.8348035078188564,57.79880000180939
GlcNAc(b1-4)GlcNAc(b1-4)GlcNAc(b1-4)GlcNAc(b1-4)GlcNAc(b1-Sp8,5.442576403383477,6.9046870006298375,26.956977484688448
GlcNAc(b1-4)GlcNAc(b1-4)GlcNAc(b1-Sp8,2.8448977267791813,7.44679406473013,7.41179043973181
GlcNAc(b1-6)GalNAc(a1-Sp8,4.315298947832775,5.218711648162472,85.93450221482634
GlcNAc(b1-6)GalNAc(a1-Sp14,2.945965132600873,2.414903331398581,91.52854169606978
GlcNAc(b1-6)Gal(b1-4)GlcNAc(b1-Sp8,6.347084743407798,11.70581582330624,15.536115584099464
Glc(a1-4)Glc(b1-Sp8,3.520201827902321,9.242948490020195,40.60035964705241
Glc(a1-4)Glc(a1-Sp8,11.950770366242793,1.8841422741307632,13.92022718956722
Glc(a1-6)Glc(a1-6)Glc(b1-Sp8,10.095168726136613,14.488711321117096,18.583690724395925
Glc(b1-4)Glc(b1-Sp8,6.14599893121533,6.619565776481607,74.01407155635431
Glc(b1-6)Glc(b1-Sp8,7.5101209340018835,3.764152914335448,28.753061135512155
G-ol(a1-Sp8,3.887193234520265,5.056758861415079,29.456070952337946
GlcA(a1-Sp8,2.4084625723685225,5.0952869931437625,13.05931488019183
GlcA(b1-Sp8,15.130226752762113,21.21094152153551,13.58554936010442
GlcA(b1-3)Gal(b1-Sp8,7.496389111654584,5.664535456681333,8.673200349159885
GlcA(b1-6)Gal(b1-Sp8,1.9473918403855088,8.747525514633624,13.858106979069438
KDN(a2-3)Gal(b1-3)GlcNAc(b1-Sp0,5.458623908016255,7.083308925154028,24.61894273188476
KDN(a2-3)Gal(b1-4)GlcNAc(b1-Sp0,3.5748813155124446,4.290479638688435,10.949775345640656
Man(a1-2)Man(a1-2)Man(a1-3)Man(a1-Sp9,7.822974538445513,9.673298340104372,35.370152017519594
Man(a1-2)Man(a1-6)[Man(a1-2)Man(a1-3)]Man(a1-Sp9,46.65831144644358,409.18026329920167,544.9444467399508
Man(a1-2)Man(a1-3)Man(a1-Sp9,5.132254688000204,7.112574282388903,32.20353113045207
Man(a1-6)[Man(a1-2)Man(a1-3)]Man(a1-6)[Man(a1-2)Man(a1-3)]Man(b1-4)GlcNAc(b1-4)GlcNAc(b1-Sp12,40.64802272653205,8.804700939223697,7.485616496264223
Man(a1-2)Man(a1-6)[Man(a1-3)]Man(a1-6)[Man(a1-2)Man(a1-2)Man(a1-3)]Man(b1-4)GlcNAc(b1-4)GlcNAc(b1-Sp12,5.936330580136747,6.252651788574719,91.88863118490751
Man(a1-2)Man(a1-6)[Man(a1-2)Man(a1-3)]Man(a1-6)[Man(a1-2)Man(a1-2)Man(a1-3)]Man(b1-4)GlcNAc(b1-4)GlcNAc(b1-Sp12,8.937039900464809,24.774791583835807,60.550384560979424
Man(a1-6)[Man(a1-3)]Man(a1-Sp9,12.595671779623348,10.879837574461613,26.58036132241246
Man(a1-2)Man(a1-2)Man(a1-6)[Man(a1-3)]Man(a1-Sp9,1.5451573757495856,7.252008277884103,100.20218253502618
Man(a1-6)[Man(a1-3)]Man(a1-6)[Man(a1-2)Man(a1-3)]Man(b1-4)GlcNAc(b1-4)GlcNAc(b1-Sp12,12.958392586916911,22.72205875942289,127.8944601949172
Man(a1-6)[Man(a1-3)]Man(a1-6)[Man(a1-3)]Man(b1-4)GlcNAc(b1-4)GlcNAc(b1-Sp12,2.784199703685063,8.747842175978791,19.897198050144308
Man(b1-4)GlcNAc(b1-Sp0,4.186938228487096,5.684222170989322,19.860341276251177
Neu5Ac(a2-3)Gal(b1-4)GlcNAc(b1-3)Gal(b1-4)[Fuc(a1-3)]GlcNAc(b1-Sp0,1.8982575527748289,3.3488989686910524,31.73753730521637
(3S)Gal(b1-4)[Fuc(a1-3)](6S)GlcNAc(b1-Sp8,3.1742606082624447,5.2468002810443215,78.60365465966477
Fuc(a1-2)(6S)Gal(b1-4)GlcNAc(b1-Sp0,3.400823657586498,1.8757432684583184,15.109956015460984
Fuc(a1-2)Gal(b1-4)(6S)GlcNAc(b1-Sp8,1.8793326127023549,7.67454434021982,4.272224108802488
Fuc(a1-2)(6S)Gal(b1-4)(6S)Glc(b1-Sp0,9.265432384945674,6.559725945685536,38.304420128089156
Neu5Ac(a2-3)Gal(b1-3)GalNAc(a1-Sp8,8.625762024115133,5.068855546291159,5.384708278696867
Neu5Ac(a2-3)Gal(b1-3)GalNAc(a1-Sp14,3.7924846511444894,1.5874138611800754,20.690493377615873
GalNAc(b1-4)[Neu5Ac(a2-8)Neu5Ac(a2-8)Neu5Ac(a2-8)Neu5Ac(a2-3)]Gal(b1-4)Glc(b1-Sp0,1.3826179045564306,7.6862376737039995,54.93097616545688
GalNAc(b1-4)[Neu5Ac(a2-8)Neu5Ac(a2-8)Neu5Ac(a2-3)]Gal(b1-4)Glc(b1-Sp0,5.5153287356693514,8.785367481025872,38.11651358011814
Neu5Ac(a2-8)Neu5Ac(a2-8)Neu5Ac(a2-3)Gal(b1-4)Glc(b1-Sp0,8.277363248593524,3.4617405997561477,9.100205970196509
GalNAc(b1-4)[Neu5Ac(a2-8)Neu5Ac(a2-3)]Gal(b1-4)Glc(b1-Sp0,11.266072702994899,3.915079609663117,55.303418155661966
Neu5Ac(a2-8)Neu5Ac(a2-8)Neu5Ac(a1-Sp8,0.6820174796147002,3.2685247712079595,2.8008993424731545
Neu5Ac(a2-3)(6S)Gal(b1-4)[Fuc(a1-3)]GlcNAc(b1-Sp8,1.3719948566473086,4.918543182267826,15.872833324268242
GalNAc(b1-4)[Neu5Ac(a2-3)]Gal(b1-4)GlcNAc(b1-Sp0,8.264242000732231,2.0872615752064565,41.370577183549216
GalNAc(b1-4)[Neu5Ac(a2-3)]Gal(b1-4)GlcNAc(b1-Sp8,4.5984554048050805,5.680942023702288,73.20517266673625
GalNAc(b1-4)[Neu5Ac(a2-3)]Gal(b1-4)Glc(b1-Sp0,19.031116038478974,1.9442646756978887,61.32356979739392
Neu5Ac(a2-3)Gal(b1-3)GalNAc(b1-4)[Neu5Ac(a2-3)]Gal(b1-4)Glc(b1-Sp0,12.955405460913472,6.231462151788031,9.723738431625316
Neu5Ac(a2-6)[Neu5Ac(a2-3)]GalNAc(a1-Sp8,1.5062501795297327,2.9296970336822628,273.57496019090166
Neu5Ac(a2-3)GalNAc(a1-Sp8,5.329811285824294,5.8102040936614125,8.823466793507839
Neu5Ac(a2-3)GalNAc(b1-4)GlcNAc(b1-Sp0,9.465500290484735,3.7980498017623048,15.034693706114096
Neu5Ac(a2-3)Gal(b1-3)(6S)GlcNAc(a1-Sp8,5.7878064016084325,5.603022883230062,936.6381078206124
Neu5Ac(a2-3)Gal(b1-3)[ Fuc(a1-4)]GlcNAc(b1-Sp8,15.15030501002098,4.493755758828028,20.953357224957205
Neu5Ac(a2-3)Gal(b1-3)[Fuc(a1-4)]GlcNAc(b1-3)Gal(b1-4)[Fuc(a1-3)]GlcNAc(b1-Sp0,4.255038212421442,5.554021022871631,18.55858737644559
Neu5Ac(a2-3)Gal(b1-4)[Neu5Ac(a2-3)Gal(b1-3)]GlcNAc(b1-Sp8,6.2594390872239245,2.170416109681883,11.803893179053256
Neu5Ac(a2-3)Gal(b1-3)(6S)GalNAc(a1-Sp8,8.65158811856721,41.72693124278371,22.620224895931138
Neu5Ac(a2-6)[Neu5Ac(a2-3)Gal(b1-3)]GalNAc(a1-Sp8,5.1833554758637375,4.901630992078044,9.722368278699717
Neu5Ac(a2-6)[Neu5Ac(a2-3)Gal(b1-3)]GalNAc(a1-Sp14,2.2115017934652474,14.265051472363036,40.923818129900496
Neu5Ac(a2-3)Gal(b1-Sp8,7.661924962871063,5.143990237808257,2.973603220561435
Neu5Ac(a2-3)Gal(b1-3)GalNAc(b1-3)Gal(a1-4)Gal(b1-4)Glc(b1-Sp0,3.5738735412947458,5.6491220629846595,22.01080610796668
Neu5Ac(a2-3)Gal(b1-3)GlcNAc(b1-3)Gal(b1-4)GlcNAc(b1-Sp0,8.684739674663279,3.5927827519208524,9.260580255577922
Fuc(a1-2)(6S)Gal(b1-4)Glc(b1-Sp0,5.071921958110818,4.90262393486046,32.61025408129578
Neu5Ac(a2-3)Gal(b1-3)GlcNAc(b1-Sp0,4.361868955982821,12.354135094878151,8.411212204105894
Neu5Ac(a2-3)Gal(b1-3)GlcNAc(b1-Sp8,6.790232782153598,4.956562962712507,3.4775751748404606
Neu5Ac(a2-3)Gal(b1-4)(6S)GlcNAc(b1-Sp8,8.561591679316026,12.130481138025804,11.047077488148975
Neu5Ac(a2-3)Gal(b1-4)[Fuc(a1-3)](6S)GlcNAc(b1-Sp8,6.350892178465951,1.8609511985362035,26.768264673474192
Neu5Ac(a2-3)Gal(b1-4)[Fuc(a1-3)]GlcNAc(b1-3)Gal(b1-4)[Fuc(a1-3)]GlcNAc(b1-3)Gal(b1-4)[Fuc(a1-3)]GlcNAc(b1-Sp0,4.320005141490011,5.913897630933971,7.757590642020662
Neu5Ac(a2-3)Gal(b1-4)[Fuc(a1-3)]GlcNAc(b1-Sp0,3.7976295021807127,4.674185359592982,32.57318293965145
Neu5Ac(a2-3)Gal(b1-4)[Fuc(a1-3)]GlcNAc(b1-Sp8,7.517789136441642,11.973903487271814,7.5727198942431935
Neu5Ac(a2-3)Gal(b1-4)[Fuc(a1-3)]GlcNAc(b1-3)Gal(b1-Sp8,3.1274671866117614,2.246179947340233,5.4954670838033985
Neu5Ac(a2-3)Gal(b1-4)[Fuc(a1-3)]GlcNAc(b1-3)Gal(b1-4)GlcNAc(b1-Sp8,1.882697453124104,8.062126794049664,7.251492229189828
Neu5Ac(a2-3)Gal(b1-4)GlcNAc(b1-3)Gal(b1-4)GlcNAc(b1-3)Gal(b1-4)GlcNAc(b1-Sp0,8.873536111757629,7.904656620414742,41.43714533687336
Neu5Ac(a2-3)Gal(b1-4)GlcNAc(b1-Sp0,4.482743895112306,3.7790992745185537,10.189983493125089
Neu5Ac(a2-3)Gal(b1-4)GlcNAc(b1-Sp8,4.259782423629951,2.725479771067848,4.950217673580962
Neu5Ac(a2-3)Gal(b1-4)GlcNAc(b1-3)Gal(b1-4)GlcNAc(b1-Sp0,5.24007648123257,1.8212629519100207,13.592946269051962
Fuc(a1-2)Gal(b1-4)(6S)Glc(b1-Sp0,7.070096465867118,9.0688226164793,20.004516352793104
Neu5Ac(a2-3)Gal(b1-4)Glc(b1-Sp0,5.760979238737684,6.204700183664519,8.875924546209239
Neu5Ac(a2-3)Gal(b1-4)Glc(b1-Sp8,3.6458147054762176,5.668001524567537,9.033190781039906
Neu5Ac(a2-6)GalNAc(a1-Sp8,2.4550878360050565,305.2653332231054,25.43312842593298
Neu5Ac(a2-6)GalNAc(b1-4)GlcNAc(b1-Sp0,4.488701245256443,2.431326042855354,9.251342155961368
Neu5Ac(a2-6)Gal(b1-4)(6S)GlcNAc(b1-Sp8,6.894533527549197,5.5757418731352,6.353274479287558
Neu5Ac(a2-6)Gal(b1-4)GlcNAc(b1-Sp0,4.838215495062889,2.957415586143867,4.125536589241047
Neu5Ac(a2-6)Gal(b1-4)GlcNAc(b1-Sp8,20.209767742583423,4.160724687178908,46.52821269853377
Neu5Ac(a2-6)Gal(b1-4)GlcNAc(b1-3)Gal(b1-4)[Fuc(a1-3)]GlcNAc(b1-3)Gal(b1-4)[Fuc(a1-3)]GlcNAc(b1-Sp0,4.877417146400335,4.0455015761336695,26.949755330614828
Neu5Ac(a2-6)Gal(b1-4)GlcNAc(b1-3)Gal(b1-4)GlcNAc(b1-Sp0,4.220815083507765,9.811202140198393,9.119192697227456
Neu5Ac(a2-6)Gal(b1-4)Glc(b1-Sp0,3.2621094324327498,6.872025970556281,34.569161936134165
Neu5Ac(a2-6)Gal(b1-4)Glc(b1-Sp8,5.1548825718115845,2.212324897779097,30.411032624416556
Neu5Ac(a2-6)Gal(b1-Sp8,5.151601093834807,6.3466635462396015,61.94978002874586
Neu5Ac(a2-8)Neu5Ac(a1-Sp8,7.617517126717424,3.8651945241044086,20.84025033188981
Neu5Ac(a2-8)Neu5Ac(a2-3)Gal(b1-4)Glc(b1-Sp0,24.77864100968153,5.666022692624277,1.4379535838011872
Gal(b1-3)[Fuc(a1-4)]GlcNAc(b1-3)Gal(b1-3)[Fuc(a1-4)]GlcNAc(b1-Sp0,4.480143596284977,4.698107789578697,3.935826580169232
Neu5Ac(b2-6)GalNAc(a1-Sp8,15.2512202859039,5.611964559759799,3.5113301083776403
Neu5Ac(b2-6)Gal(b1-4)GlcNAc(b1-Sp8,7.300234805070772,6.515091638137819,90.54065996552788
Neu5Gc(a2-3)Gal(b1-3)[Fuc(a1-4)]GlcNAc(b1-Sp0,5.412167815441418,5.637366066036497,12.682666097046265
Neu5Gc(a2-3)Gal(b1-3)GlcNAc(b1-Sp0,4.8961665702193455,7.139701624192708,7.907414107184472
Neu5Gc(a2-3)Gal(b1-4)[Fuc(a1-3)]GlcNAc(b1-Sp0,4.006217811831172,2.809156998549565,30.62009631624033
Neu5Gc(a2-3)Gal(b1-4)GlcNAc(b1-Sp0,3.53346132142408,5.603301120693646,21.528946302981637
Neu5Gc(a2-3)Gal(b1-4)Glc(b1-Sp0,3.950495481582053,7.498327050916088,12.02371005510224
Neu5Gc(a2-6)GalNAc(a1-Sp0,9.853160955077657,1.3099452863891805,31.27575367004232
Neu5Gc(a2-6)Gal(b1-4)GlcNAc(b1-Sp0,8.163524497982882,16.790630126849518,60.6710734060516
Neu5Gc(a1-Sp8,2.9010341271116893,5.858167316661418,141.40407309213785
Neu5Ac(a2-3)Gal(b1-4)GlcNAc(b1-6)[Gal(b1-3)]GalNAc(a1-Sp14,5.233555103607874,6.634122318739668,43.881546742034566
Gal(b1-3)GlcNAc(b1-3)Gal(b1-3)GlcNAc(b1-Sp0,4.6480005955966375,8.811234346512789,86.35185493172209
Gal(b1-4)[Fuc(a1-3)](6S)GlcNAc(b1-Sp0 ,7.723703589600005,12.79783543452435,131.71875660115128
Gal(b1-4)[Fuc(a1-3)](6S)Glc(b1-Sp0,5.359997945584215,10.224568700928163,26.394813199992583
Gal(b1-4)[Fuc(a1-3)]GlcNAc(b1-3)Gal(b1-3)[Fuc(a1-4)]GlcNAc(b1-Sp0,5.039831345061733,10.210528361451221,8.174010723577894
Gal(b1-4)GlcNAc(b1-3)Gal(b1-3)GlcNAc(b1-Sp0,4.436862339818499,5.031964221520924,22.619311249903234
Neu5Ac(a2-3)Gal(b1-3)GlcNAc(b1-3)Gal(b1-3)GlcNAc(b1-Sp0,6.414492234516048,4.9570060065695625,7.574766565545085
Neu5Ac(a2-3)Gal(b1-4)GlcNAc(b1-3)Gal(b1-3)GlcNAc(b1-Sp0,4.057734485317362,3.6992910909839662,5.6799799145771726
4S(3S)Gal(b1-4)GlcNAc(b1-Sp0,4.943389904373985,6.71490537709454,12.52739681774179
(6S)Gal(b1-4)(6S)GlcNAc(b1-Sp0,2.776428163876516,4.2839933079429535,19.19319466762024
(6P)Glc(b1-Sp10,26.465735296086145,28.58771115862843,12.023912021849075
Neu5Ac(a2-3)Gal(b1-4)[Fuc(a1-3)]GlcNAc(b1-6)[Gal(b1-3)]GalNAc(a1-Sp14,5.528872744661872,10.757904473145935,81.97256287361742
Gal(b1-3)Gal(b1-4)GlcNAc(b1-Sp8,12.31519634012521,3.40630033748736,45.17735041931966
Neu5Ac(a2-6)Gal(b1-4)GlcNAc(b1-2)Man(a1-6)[Gal(b1-4)GlcNAc(b1-2)Man(a1-3)]Man(b1-4)GlcNAc(b1-4)GlcNAc(b1-Sp12,5.146114591611816,8.405953099391327,61.86913936998394
Gal(b1-4)GlcNAc(b1-6)[Gal(b1-4)GlcNAc(b1-3)]Gal(b1-4)GlcNAc(a1-Sp0,8.3199891035085,4.051611390545733,7.946854169418156
GlcNAc(b1-6)[Gal(b1-4)GlcNAc(b1-3)]Gal(b1-4)GlcNAc(a1-Sp0,2.1639642741967826,0.5991288286615548,7.3813322720224335
Gal(b1-4)GlcNAc(a1-6)Gal(b1-4)GlcNAc(b1-Sp0,3.654313761729647,5.9401754465531855,7.627572416787211
Gal(b1-4)GlcNAc(b1-6)Gal(b1-4)GlcNAc(b1-Sp0,10.77958615918688,8.120137924321236,143.48764340914215
GalNAc(b1-3)Gal(b1-Sp8,9.921399793165934,10.490631730382098,122.0427821667739
GlcA(b1-3)GlcNAc(b1-Sp8,2.723835023760933,7.239578510463637,32.48347199494947
Neu5Ac(a2-6)Gal(b1-4)GlcNAc(b1-2)Man(a1-6)[GlcNAc(b1-2)Man(a1-3)]Man(b1-4)GlcNAc(b1-4)GlcNAc(b1-Sp12,4.2415173597821525,6.058526822242622,115.68576524440027
GlcNAc(b1-3)Ma(n1-Sp10,5.011563283963065,18.159104024221577,37.666643678149306
GlcNAc(b1-4)GlcNAc(b1-Sp10,4.862576580630889,1.6936759142468782,72.65728368619806
GlcNAc(b1-4)GlcNAc(b1-Sp12,10.210788478002074,3.575338766582993,42.534021446915496
MurNAc(b1-4)GlcNAc(b1-Sp10,8.732522533609638,4.296471086349043,28.910260187042603
Man(a1-6)Man(b1-Sp10,1.4522885465706834,28.0375174401937,74.49176963723095
Man(a1-6)[Man(a1-3)]Man(a1-6)[Man(a1-3)]Man(b1-Sp10,9.356792554787829,4.367969026523286,26.18677105886034
Man(a1-2)Man(a1-6)[Man(a1-3)]Man(a1-6)[Man(a1-2)Man(a1-2)Man(a1-3)]Man(a1-Sp9,7.720654076080594,1.866603288284002,48.30940550146058
Man(a1-2)Man(a1-6)[Man(a1-2)Man(a1-3)]Man(a1-6)[Man(a1-2)Man(a1-2)Man(a1-3)]Man(a1-Sp9,16.554544272671322,19.444900648241976,346.2165006410694
Neu5Ac(a2-3)Gal(b1-4)GlcNAc(b1-6)[Neu5Ac(a2-3)Gal(b1-3)]GalNAc(a1-Sp14,5.344687945053481,2.8404632662061715,95.26210484260002
Neu5Ac(a2-6)Gal(b1-4)GlcNAc(b1-2)Man(a1-6)[Neu5Ac(a2-3)Gal(b1-4)GlcNAc(b1-2)Man(a1-3)]Man(b1-4)GlcNAc(b1-4)GlcNAc(b1-Sp12,3.237335837150668,3.3493437088480484,75.66802733230531
Gal(b1-4)GlcNAc(b1-2)Man(a1-6)[Neu5Ac(a2-6)Gal(b1-4)GlcNAc(b1-2)Man(a1-3)]Man(b1-4)GlcNAc(b1-4)GlcNAc(b1-Sp12,3.2330419590792143,2.7243088781071343,54.42932923142171
GlcNAc(b1-2)Man(a1-6)[Neu5Ac(a2-6)Gal(b1-4)GlcNAc(b1-2)Man(a1-3)]Man(b1-4)GlcNAc(b1-4)GlcNAc(b1-Sp12,9.05083187649989,9.695432785036813,50.31399149337908
Neu5Ac(a2-8)Neu5Ac(b1-Sp17,3.6996377862118752,5.030402531524357,23.396073939641376
Neu5Ac(a2-8)Neu5Ac(a2-8)Neu5Ac(b1-Sp8,2.8380120722963817,7.499243013575884,10.49146380551822
Neu5Gc(b2-6)Gal(b1-4)GlcNAc(a1-Sp8,7.169858884885152,2.0298889006954743,119.302106056585
Gal(b1-3)GlcNAc(b1-2)Man(a1-6)[Gal(b1-3)GlcNAc(b1-2)Man(a1-3)]Man(b1-4)GlcNAc(b1-4)GlcNAc(b1-Sp19,6.45263062143391,4.589279285737571,70.55556297833057
Neu5Ac(a2-3)Gal(b1-4)GlcNAc(b1-2)Man(a1-6)[Neu5Ac(a2-3)Gal(b1-4)GlcNAc(b1-2)Man(a1-3)]Man(b1-4)GlcNAc(b1-4)GlcNAc(b1-Sp12,1.51676747284041,5.722647452228722,3.511886205801732
Neu5Ac(a2-3)Gal(b1-4)GlcNAc(b1-2)Man(a1-6)[Neu5Ac(a2-6)Gal(b1-4)GlcNAc(b1-2)Man(a1-3)]Man(b1-4)GlcNAc(b1-4)GlcNAc(b1-Sp12,4.81226857001976,11.35504116868363,13.059334038788776
Gal(b1-4)[Fuc(a1-3)]GlcNAc(b1-2)Man(a1-6)[Gal(b1-4)[Fuc(a1-3)]GlcNAc(b1-2)Man(a1-3)]Man(b1-4)GlcNAc(b1-4)GlcNAc(b1-Sp20,7.488088450944388,4.7094452599713685,77.39684116320582
"Neu5,9Ac2(a2-3)Gal(b1-4)GlcNAc(b1-Sp0",1.4024284010242811,24.139168141218143,15.988198079521075
"Neu5,9Ac2(a2-3)Gal(b1-4)GlcNAc(b1-Sp0",5.194363841944461,13.754851325259766,2.9934316665827763
Neu5Ac(a2-6)Gal(b1-4)GlcNAc(b1-3)Gal(b1-3)GlcNAc(b1-Sp0,6.980751764912813,3.2075827165224178,63.64566004206415
Neu5Ac(a2-3)Gal(b1-3)[Fuc(a1-4)]GlcNAc(b1-3)Gal(b1-3)[Fuc(a1-4)]GlcNAc(b1-Sp0,3.567289344866795,4.8432020957213915,25.663453899595556
Neu5Ac(a2-6)Gal(b1-4)GlcNAc(b1-3)Gal(b1-4)GlcNAc(b1-3)Gal(b1-4)GlcNAc(b1-Sp0,4.359083462055607,2.040373580989508,30.363927241753586
Gal(a1-4)Gal(b1-4)GlcNAc(b1-3)Gal(b1-4)Glc(b1-Sp0,15.986200876042025,5.418284562709865,15.332710933382547
GalNAc(b1-3)Gal(a1-4)Gal(b1-4)GlcNAc(b1-3)Gal(b1-4)Glc(b1-Sp0,4.715282492067678,8.698078307304439,61.831773484100935
GalNAc(a1-3)[Fuc(a1-2)]Gal(b1-4)GlcNAc(b1-3)Gal(b1-4)GlcNAc(b1-Sp0,2.136302658605906,2.8279730226200317,12.213548107327421
GalNAc(a1-3)[Fuc(a1-2)]Gal(b1-4)GlcNAc(b1-3)Gal(b1-4)GlcNAc(b1-3)Gal(b1-4)GlcNAc(b1-Sp0,14.68002174816735,2.1783661721574665,97.19557342665777
Neu5Ac(a2-3)Gal(b1-4)[Fuc(a1-3)]GlcNAc(b1-6)[Neu5Ac(a2-3)Gal(b1-3)]GalNAc(a1-Sp14,5.008829649395771,3.8279106071937834,75.22552380839011
GlcNAc(a1-4)Gal(b1-4)GlcNAc(b1-3)Gal(b1-4)GlcNAc(b1-3)Gal(b1-4)GlcNAc(b1-Sp0,8.560453316657162,3.7561616448843096,38.61013854179577
GlcNAc(a1-4)Gal(b1-4)GlcNAc(b1-Sp0,9.148043151907775,5.813780883957247,10.357470910249608
GlcNAc(a1-4)Gal(b1-3)GlcNAc(b1-Sp0,4.749796185364172,4.368181873502973,1554.6902379607861
GlcNAc(a1-4)Gal(b1-4)GlcNAc(b1-3)Gal(b1-4)Glc(b1-Sp0,3.5115360849396606,3.5448054666887794,35.87701403823905
GlcNAc(a1-4)Gal(b1-4)GlcNAc(b1-3)Gal(b1-4)[Fuc(a1-3)]GlcNAc(b1-3)Gal(b1-4)[Fuc(a1-3)]GlcNAc(b1-Sp0,7.161084708978549,7.942632016057415,51.53621516994955
GlcNAc(a1-4)Gal(b1-4)GlcNAc(b1-3)Gal(b1-4)GlcNAc(b1-Sp0,2.973475655833312,5.846941109389308,11.696679122155428
GlcNAc(a1-4)Gal(b1-3)GalNAc(a1-Sp14,3.2843428692053425,4.898376201014639,6.287509636042942
Neu5Ac(a2-6)Gal(b1-4)GlcNAc(b1-2)Man(a1-6)[Man(a1-3)]Man(b1-4)GlcNAc(b1-4)GlcNAc(a1-Sp12,6.386939865264115,9.546729446735496,31.10914412273611
Man(a1-6)[Neu5Ac(a2-6)Gal(b1-4)GlcNAc(b1-2)Man(a1-3)]Man(b1-4)GlcNAc(b1-4)GlcNAc(a1-Sp12,5.990825953836959,5.3211055764599635,39.09399108314688
Neu5Ac(a2-6)Gal(b1-4)GlcNAc(b1-2)Man(a1-6)Man(b1-4)GlcNAc(b1-4)GlcNAc(a1-Sp12,8.533142433428138,5.717548547746082,81.98228299250087
Neu5Ac(a2-6)Gal(b1-4)GlcNAc(b1-2)Man(a1-3)Man(b1-4)GlcNAc(b1-4)GlcNAc(a1-Sp12,5.947470616713217,6.028506033006848,130.91419295473344
Gal(b1-4)GlcNAc(b1-2)Man(a1-3)Man(b1-4)GlcNAc(b1-4)GlcNAc(a1-Sp12,7.1906857375241575,5.573068510255372,66.45396159841292
Gal(b1-4)GlcNAc(b1-2)Man(a1-6)Man(b1-4)GlcNAc(b1-4)GlcNAc(a1-Sp12,1.8549774275356208,13.302990345375974,87.98004024396197
Man(a1-6)[Gal(b1-4)GlcNAc(b1-2)Man(a1-3)]Man(b1-4)GlcNAc(b1-4)GlcNAc(b1-Sp12,1.3327786462875246,4.044827836777071,120.5770162007814
GlcNAc(b1-2)Man(a1-6)[GlcNAc(b1-2)Man(a1-3)]Man(b1-4)GlcNAc(b1-4)[Fuc(a1-6)]GlcNAc(b1-Sp22,9.22465197356157,6.269464835746873,54.409035793476704
Gal(b1-4)GlcNAc(b1-2)Man(a1-6)[Gal(b1-4)GlcNAc(b1-2)Man(a1-3)]Man(b1-4)GlcNAc(b1-4)[Fuc(a1-6)]GlcNAc(b1-Sp22,14.121816435424746,9.217271333570825,27.26210423956963
Gal(b1-3)GlcNAc(b1-2)Man(a1-6)[Gal(b1-3)GlcNAc(b1-2)Man(a1-3)]Man(b1-4)GlcNAc(b1-4)[Fuc(a1-6)]GlcNAc(b1-Sp22,4.671601700345046,13.38164176100975,167.98373510990817
(6S)GlcNAc(b1-3)Gal(b1-4)GlcNAc(b1-Sp0,4.8002872715251845,4.049166956301003,188.8744758064357
KDN(a2-3)Gal(b1-4)[Fuc(a1-3)]GlcNAc(a1-Sp0,6.4231869205117675,4.846980125466448,60.66973778259789
KDN(a2-6)Gal(b1-4)GlcNAc(a1-Sp0,6.9187886831800265,12.38426704044961,16.731774446145167
KDN(a2-3)Gal(b1-4)Glc(a1-Sp0,2.0511163405570336,10.723950368645255,36.24830191060686
KDN(a2-3)Gal(b1-3)GalNAc(a1-Sp14,11.422765943500725,5.758219943914965,51.23887225303177
Fuc(a1-2)Gal(b1-3)GlcNAc(b1-2)Man(a1-6)[Fuc(a1-2)Gal(b1-3)GlcNAc(b1-2)Man(a1-3)]Man(b1-4)GlcNAc(b1-4)GlcNAc(b1-Sp20,12.996649669434055,7.953842969701277,120.83577825951427
Fuc(a1-2)Gal(b1-4)GlcNAc(b1-2)Man(a1-6)[Fuc(a1-2)Gal(b1-4)GlcNAc(b1-2)Man(a1-3)]Man(b1-4)GlcNAc(b1-4)GlcNAc(b1-Sp20,5.011122424084982,10.514784045015679,68.35961306770713
Fuc(a1-2)Gal(b1-4)[Fuc(a1-3)]GlcNAc(b1-2)Man(a1-6)[Fuc(a1-2)Gal(b1-4)[Fuc(a1-3)]GlcNAc(b1-2)Man(a1-3)]Man(b1-4)GlcNAc(b1-4)GlcNA(b1-Sp20,12.980049767495725,15.626539528715133,59.81738190640456
Gal(a1-3)Gal(b1-4)GlcNAc(b1-2)Man(a1-6)[Gal(a1-3)Gal(b1-4)GlcNAc(b1-2)Man(a1-3)]Man(b1-4)GlcNAc(b1-4)GlcNAc(b1-Sp20,4.947733455751877,6.662425638046553,199.93120561067192
Gal(b1-4)GlcNAc(b1-2)Man(a1-6)[Man(a1-3)]Man(b1-4)GlcNAc(b1-4)GlcNAc(b1-Sp12,6.306758272612535,1.7508305084064062,73.06734505609735
Fuc(a1-4)[Gal(b1-3)]GlcNAc(b1-2)Man(a1-6)[Fuc(a1-4)[Gal(b1-3)]GlcNAc(b1-2)Man(a1-3)]Man(b1-4)GlcNAc(b1-4)[Fuc(a1-6)]GlcNAc(b1-Sp22,5.613612574804175,5.637912505528966,88.03874800058217
Neu5Ac(a2-6)GlcNAc(b1-4)GlcNAc(a1-Sp21,5.221343614115688,10.404316218121528,9.434515714253696
Neu5Ac(a2-6)GlcNAc(b1-4)GlcNAc(b1-4)GlcNAc(a1-Sp21,14.690030345184624,6.808226858000548,14.241102700604564
Gal(b1-4)[Fuc(a1-3)]GlcNAc(b1-6)[Fuc(a1-2)Gal(b1-4)GlcNAc(b1-3)]Gal(b1-4)Glc(a1-Sp21,7.354414615725718,1.325619862554872,5.233718371610508
Gal(b1-4)GlcNAc(b1-2)Man(a1-6)[Gal(b1-4)GlcNAc(b1-4)[Gal(b1-4)GlcNAc(b1-2)]Man(a1-3)]Man(b1-4)GlcNAc(b1-4)GlcNAc(a1-Sp21,2.775165468189837,7.0456026676218375,43.82193116978269
GalNAc(a1-3)[Fuc(a1-2)]Gal(b1-4)GlcNAc(b1-2)Man(a1-6)[GalNAc(a1-3)[Fuc(a1-2)]Gal(b1-4)GlcNAc(b1-2)Man(a1-3)]Man(b1-4)GlcNAc(b1-4)GlcNAc(b1-Sp20,9.35747975525462,4.680085615313744,26.63267197641525
Gal(a1-3)[Fuc(a1-2)]Gal(b1-4)GlcNAc(b1-2)Man(a1-6)[Gal(a1-3)[Fuc(a1-2)]Gal(b1-4)GlcNAc(b1-2)Man(a1-3)]Man(b1-4)GlcNAc(b1-4)GlcNAc(b1-Sp20,5.324327470832973,8.085979865380157,83.58245367840367
Gal(a1-3)Gal(b1-4)[Fuc(a1-3)]GlcNAc(b1-2)Man(a1-6)[Gal(a1-3)Gal(b1-4)[Fuc(a1-3)]GlcNAc(b1-2)Man(a1-3)]Man(b1-4)GlcNAc(b1-4)GlcNAc(b1-Sp20,18.509788732181683,7.7781567976718975,28.336936673653785
GalNAc(a1-3)[Fuc(a1-2)]Gal(b1-3)GlcNAc(b1-2)Man(a1-6)[GalNAc(a1-3)[Fuc(a1-2)]Gal(b1-3)GlcNAc(b1-2)Man(a1-3)]Man(b1-4)GlcNAc(b1-4)GlcNAc(b1-Sp20,5.12867615951394,10.266451576210072,24.440682239028558
Gal(a1-3)[Fuc(a1-2)]Gal(b1-3)GlcNAc(b1-2)Man(a1-6)[Gal(a1-3)[Fuc(a1-2)]Gal(b1-3)GlcNAc(b1-2)Man(a1-3)]Man(b1-4)GlcNAc(b1-4)GlcNAc(b1-Sp20,4.9772698897923275,2.649152995927813,162.58078083630454
Fuc(a1-4)[Fuc(a1-2)Gal(b1-3)]GlcNAc(b1-2)Man(a1-3)[Fuc(a1-4)[Fuc(a1-2)Gal(b1-3)]GlcNAc(b1-2)Man(a1-3)]Man(b1-4)GlcNAc(b1-4)GlcNAc(b1-Sp19,6.376702644457658,7.349937687944496,154.47875708589618
Neu5Ac(a2-3)Gal(b1-4)GlcNAc(b1-3)GalNAc(a1-Sp14,3.694832984385082,3.119233251270788,13.332600960177775
Neu5Ac(a2-6)Gal(b1-4)GlcNAc(b1-3)GalNAc(a1-Sp14,8.419061419778334,9.041580826888994,76.49396604981297
Neu5Ac(a2-3)Gal(b1-4)[Fuc(a1-3)]GlcNAc(b1-3)GalNAc(a1-Sp14,9.339413840636183,16.637079778314494,127.97185836030502
GalNAc(b1-4)GlcNAc(b1-2)Man(a1-6)[GalNAc(b1-4)GlcNAc(b1-2)Man(a1-3)]Man(b1-4)GlcNAc(b1-4)GlcNAc(a1-Sp12,24.090647847159115,16.93099326383429,80.91572775214959
Gal(b1-3)GalNAc(a1-3)[Fuc(a1-2)]Gal(b1-4)Glc(a1-Sp0,9.760817011227417,5.0397314606865065,20.717739030116178
Gal(b1-3)GalNAc(a1-3)[Fuc(a1-2)]Gal(b1-4)GlcNAc(a1-Sp0,2.3272107516295124,7.764502951681236,344.55428361779707
Gal(b1-3)GlcNac(b1-3)Gal(b1-4)GlcNac(b1-6)[Gal(b1-3)GlcNac(b1-3)]Gal(b1-4)Glc(b1-Sp0,6.849491079391713,9.273134608597394,57.0844025044787
Gal(b1-4)[Fuc(a1-3)]GlcNAc(b1-6)[Gal(b1-3)GlcNAc(b1-3)]Gal(b1-4)Glc(a1-Sp21,5.5230400785406815,4.309207501385842,4.254498916441284
Gal(b1-4)GlcNAc(b1-6)[Fuc(a1-4)[Fuc(a1-2)Gal(b1-3)]GlcNAc(b1-3)]Gal(b1-4)Glc(a1-Sp21,6.432917776755742,8.042828670519679,14.18169990574701
Gal(b1-4)[Fuc(a1-3)]GlcNAc(b1-6)[Fuc(a1-4)[Fuc(a1-2)Gal(b1-3)]GlcNAc(b1-3)]Gal(b1-4)Glc(a1-Sp21,5.501812642514584,9.336908495142627,6.704807025000807
Gal(b1-3)GlcNAc(b1-3)Gal(b1-4)[Fuc(a1-3)]GlcNAc(b1-6)[Gal(b1-3)GlcNAc(b1-3)]Gal(b1-4)Glc(a1-Sp21,2.5203874999690035,3.886911447409113,49.61923257051307
Gal(b1-4)GlcNac(b1-6)[Gal(b1-4)GlcNac(b1-2)]Man(a1-6)[Gal(b1-4)GlcNac(b1-4)[Gal(b1-4)GlcNac(b1-2)]Man(a1-3)]Man(b1-4)GlcNac(b1-4)GlcNac(b1-Sp21,4.4272328611297,2.0842932175360223,5.2492575062255975
GlcNac(b1-2)Man(a1-6)[GlcNac(b1-4)[GlcNac(b1-2)]Man(a1-3)]Man(b1-4)GlcNac(b1-4)GlcNac(a1-Sp21,3.617925102758024,5.1308342488494665,16.02115110481558
Fuc(a1-2)Gal(b1-3)GalNAc(a1-3)[Fuc(a1-2)]Gal(b1-4)Glc(b1-Sp0,3.677725952609846,8.202536935353196,19.011296754210814
Fuc(a1-2)Gal(b1-3)GalNAc(a1-3)[Fuc(a1-2)]Gal(b1-4)GlcNAc(b1-Sp0,7.114280932216551,3.4051500730511104,16.402189670564315
Gal(b1-3)GlcNAc(b1-3)GalNAc(a1-Sp14,11.059043267239117,10.933165057864077,127.92167038468979
GalNAc(b1-4)[Neu5Ac(a2-3)]Gal(b1-4)GlcNAc(b1-3)GalNAc(a1-Sp14,39.80517721615081,7.8913251367139505,50.47211164755471
GalNAc(a1-3)[Fuc(a1-2)]Gal(b1-3)GalNAc(a1-3)[Fuc(a1-2)]Gal(b1-4)GlcNAc(b1-Sp0,5.417768098273183,3.1111811673114325,6.491970328798492
Gal(a1-3)Gal(b1-3)GlcNAc(b1-2)Man(a1-6)[Gal(a1-3)Gal(b1-3)GlcNAc(b1-2)Man(a1-3)]Man(b1-4)GlcNAc(b1-4)GlcNAc(a1-Sp19,7.205384720413399,10.979812696186269,114.7175100182182
Gal(a1-3)Gal(b1-3)[Fuc(a1-4)]GlcNAc(b1-2)Man(a1-6)[Gal(a1-3)Gal(b1-3)[Fuc(a1-4)]GlcNAc(b1-2)Man(a1-3)]Man(b1-4)GlcNAc(b1-4)GlcNAc(a1-Sp19,4.9354539250880505,9.072666777148076,126.85665485779604
Neu5Ac(a2-3)Gal(b1-3)GlcNAc(b1-2)Man(a1-6)[Neu5Ac(a2-3)Gal(b1-3)GlcNAc(b1-2)Man(a1-3)]Man(b1-4)GlcNAc(b1-4)GlcNAc(a1-Sp19,23.232591486458567,14.294353503714886,17.287982696924658
GlcNAc(b1-2)Man(a1-6)[Gal(b1-4)GlcNAc(b1-2)Man(a1-3)]Man(b1-4)GlcNAc(b1-4)GlcNAc(a1-Sp12,12.509200673371039,4.936102505941972,13.130575920854824
Gal(b1-4)GlcNAc(b1-2)Man(a1-6)[GlcNAc(b1-2)Man(a1-3)]Man(b1-4)GlcNAc(b1-4)GlcNAc(a1-Sp12,8.9541647957341,6.5755398645282375,37.03292554313426
Neu5Ac(a2-3)Gal(b1-3)GlcNAc(b1-3)GalNAc(a1-Sp14,10.786307698613395,12.221547422857974,12.832224286537404
Fuc(a1-2)Gal(b1-4)GlcNac(b1-3)GalNac(a1-Sp14,3.572672158086533,5.363854846019478,4.24165934383779
Gal(b1-4)[Fuc(a1-3)]GlcNac(b1-3)GalNac(a1-Sp14,10.212143477416156,3.0156962496246202,36.76356659062516
GalNac(a1-3)GalNac(b1-3)Gal(a1-4)Gal(b1-4)GlcNac(b1-Sp0,2.601866431845927,6.266982233034233,10.487488885333788
Gal(a1-4)Gal(b1-3)GlcNac(b1-2)Man(a1-6)[Gal(a1-4)Gal(b1-3)GlcNac(b1-2)Man(a1-3)]Man(b1-4)GlcNac(b1-4)GlcNac(b1-Sp19,2.280724332311993,15.450652284693355,46.551222536721326
Gal(a1-4)Gal(b1-4)GlcNac(b1-2)Man(a1-6)[Gal(a1-4)Gal(b1-4)GlcNac(b1-2)Man(a1-3)]Man(b1-4)GlcNac(b1-4)GlcNac(b1-Sp24,11.292368187519386,4.964398633856287,49.732508346444575
Gal(a1-3)Gal(b1-4)GlcNac(b1-3)GalNac(a1-Sp14,1.7985617420594628,6.55895693638351,48.14073706964994
Gal(b1-3)GlcNAc(b1-6)Gal(b1-4)GlcNAc(b1-Sp0,4.629065139960769,3.091042458998797,121.12348310641157
Gal(b1-3)GlcNAc(a1-6)Gal(b1-4)GlcNAc(b1-Sp0,1.6637258034804498,7.838492392195056,38.35419427841846
GalNAc(b1-3)Gal(a1-6)Gal(b1-4)Glc(b1-Sp8,8.916595638985017,6.9318645992618775,36.78707466365285
Gal(a1-3)[Fuc(a1-2)]Gal(b1-4)[Fuc(a1-3)]Glc(b1-Sp21,2.6794641367258043,16.136215865019278,4.491018725096425
Gal(b1-4)GlcNAc(b1-6)[Neu5Ac(a2-6)Gal(b1-3)GlcNAc(b1-3)]Gal(b1-4)Glc(a1-Sp21,6.012471694458668,2.8471669057445013,58.558891584483916
Gal(b1-3)GalNAc(b1-4)[Neu5Ac(a2-8)Neu5Ac(a2-3)]Gal(b1-4)Glc(b1-Sp0,11.751165737066266,2.517721808004214,31.61928772825997
Neu5Ac(a2-3)Gal(b1-3)GalNAc(b1-4)[Neu5Ac(a2-8)Neu5Ac(a2-3)]Gal(b1-4)Glc(b1-Sp0,2.5042624068775217,8.819283505053006,40.937926594245475
Gal(a1-3)[Fuc(a1-2)]Gal(b1-4)GlcNAc(b1-3)GalNAc(a1-Sp14,3.798048691433532,5.960214871056798,44.318203000347395
GalNAc(a1-3)[Fuc(a1-2)]Gal(b1-4)GlcNAc(b1-3)GalNAc(a1-Sp14,9.461009425487676,3.1466368104162763,42.114910602065905
GalNAc(a1-3)GalNAc(b1-3)Gal(a1-4)Gal(b1-4)Glc(b1-Sp0,3.6515387336482297,1.9038955054921864,29.879379899857373
Fuc(a1-2)Gal(b1-4)[Fuc(a1-3)]GlcNAc(b1-3)GalNAc(a1-Sp14,6.15433114427013,20.730616705953697,69.89109397317138
Gal(a1-3)[Fuc(a1-2)]Gal(b1-4)[Fuc(a1-3)]GlcNAc(b1-3)GalNAc(a1-Sp14,1.627942340041564,7.175390444428787,77.11870289395853
GalNAc(a1-3)[Fuc(a1-2)]Gal(b1-4)[Fuc(a1-3)]GlcNAc(b1-3)GalNAc(a1-Sp14,2.717134015066792,3.2916848234098475,150.71775783986368
Gal(b1-4)[Fuc(a1-3)]GlcNAc(b1-2)Man(a1-6)[Gal(b1-4)[Fuc(a1-3)]GlcNAc(b1-2)Man(a1-3)]Man(b1-4)GlcNAc(b1-4)[Fuc(a1-6)]GlcNAc(b1-Sp22,8.847089096797133,8.91748802092458,71.29494245757662
Fuc(a1-2)Gal(b1-4)GlcNAc(b1-2)Man(a1-6)[Fuc(a1-2)Gal(b1-4)GlcNAc(b1-2)Man(a1-3)]Man(b1-4)GlcNAc(b1-4)[Fuc(a1-6)]GlcNAc(b1-Sp22,9.898585794950726,12.543625371046716,26.791964089054307
GlcNAc(b1-2)[GlcNAc(b1-6)]Man(a1-6)[GlcNAc(b1-2)Man(a1-3)]Man(b1-4)GlcNAc(b1-4)GlcNAc(b1-Sp19,6.177930961292784,12.86173569504391,70.031305940766
Fuc(a1-2)Gal(b1-3)GlcNAc(b1-3)GalNAc(a1-Sp14,8.616615814614619,2.1001045503736213,17.310137757587793
Gal(a1-3)[Fuc(a1-2)]Gal(b1-3)GlcNAc(b1-3)GalNAc(a1-Sp14,4.732329277339719,4.68096890068356,13.033170009121616
GalNAc(a1-3)[Fuc(a1-2)]Gal(b1-3)GlcNAc(b1-3)GalNAc(a1-Sp14,13.924516348034015,8.58077044656636,22.64853706995591
Gal(a1-3)Gal(b1-3)GlcNAc(b1-3)GalNAc(a1-Sp14,5.1260553803582765,9.335890010420362,68.56831004358594
Fuc(a1-2)Gal(b1-3)GlcNAc(b1-2)Man(a1-6)[Fuc(a1-2)Gal(b1-3)GlcNAc(b1-2)Man(a1-3)]Man(b1-4)GlcNAc(b1-4)[Fuc(a1-6)]GlcNAc(b1-Sp22,6.213367745635217,2.3765829677290884,25.808738564082656
Gal(a1-3)[Fuc(a1-2)]Gal(b1-4)GlcNAc(b1-2)Man(a1-6)[Gal(a1-3)[Fuc(a1-2)]Gal(b1-4)GlcNAc(b1-2)Man(a1-3)]Man(b1-4)GlcNAc(b1-4)[Fuc(a1-6)]GlcNAc(b1-Sp22,6.910789547511919,7.349160113634295,40.56821677508146
Gal(b1-3)GlcNAc(b1-6)[Gal(b1-3)GlcNAc(b1-2)]Man(a1-6)[Gal(b1-3)GlcNAc(b1-2)Man(a1-3)]Man(b1-4)GlcNAc(b1-4)GlcNAc(b1-Sp19,4.080163359781077,1.2781859811858347,60.11957724398743
Gal(b1-4)GlcNAc(b1-6)[Fuc(a1-2)Gal(b1-3)GlcNAc(b1-3)]Gal(b1-4)Glc(a1-Sp21,5.93607721275872,7.005653976372706,113.88866723923479
Fuc(a1-3)GlcNAc(b1-6)[Gal(b1-4)GlcNAc(b1-3)]Gal(b1-4)Glc(a1-Sp21,5.880732218794416,5.942209360933585,110.88267132130777
GlcNAc(b1-2)Man(a1-6)[GlcNAc(b1-4)][GlcNAc(b1-2)Man(a1-3)]Man(b1-4)GlcNac(b1-4)GlcNAc(a1-Sp21,4.021781448044304,2.8052612110996025,4.876130773728284
GlcNAc(b1-2)Man(a1-6)[GlcNAc(b1-4)][GlcNAc(b1-4)[GlcNAc(b1-2)]Man(a1-3)]Man(b1-4)GlcNAc(b1-4)GlcNAc(a1-Sp21,2.3351261107985897,5.9423213068070755,6.493864736811185
GlcNAc(b1-6)[GlcNAc(b1-2)]Man(a1-6)[GlcNAc(b1-4)][GlcNAc(b1-2)Man(a1-3)]Man(b1-4)GlcNAc(b1-4)GlcNAc(a1-Sp21,2.6904111598725344,2.425511440741244,8.917480384989172
GlcNAc(b1-6)[GlcNAc(b1-2)]Man(a1-6)[GlcNAc(b1-4)][GlcNAc(b1-4)[GlcNAc(b1-2)]Man(a1-3)]Man(b1-4)GlcNAc(b1-4)GlcNAc(a1-Sp21,8.103131640863714,6.873482887820895,6.279972738263546
Gal(b1-4)GlcNAc(b1-2)Man(a1-6)[GlcNAc(b1-4)][Gal(b1-4)GlcNAc(b1-2)Man(a1-3)]Man(b1-4)GlcNAc(b1-4)GlcNAc(a1-Sp21,3.1448778719000594,3.840621514373247,38.83515693976045
Gal(b1-4)GlcNAc(b1-2)Man(a1-6)[GlcNAc(b1-4)][Gal(b1-4)GlcNAc(b1-4)[Gal(b1-4)GlcNAc(b1-2)]Man(a1-3)]Man(b1-4)GlcNAc(b1-4)GlcNAc(a1-Sp21,10.49667788334322,6.712119444892199,29.72425084801691
Gal(b1-4)GlcNAc(b1-6)[Gal(b1-4)GlcNAc(b1-2)]Man(a1-6)[GlcNAc(b1-4)][Gal(b1-4)GlcNAc(b1-2)Man(a1-3)]Man(b1-4)GlcNAc(b1-4)GlcNAc(a1-Sp21,11.203466624963292,2.2830856203831846,98.20451194760187
Gal(b1-4)GlcNAc(b1-6)[Gal(b1-4)GlcNAc(b1-2)]Man(a1-6)[GlcNAc(b1-4)][Gal(b1-4)GlcNAc(b1-4)[Gal(b1-4)GlcNAc(b1-2)]Man(a1-3)]Man(b1-4)GlcNAc(b1-4)GlcNAc(a1-Sp21,2.966179338672335,4.083312184469042,65.32507969782094
Gal(b1-4)Gal(b1-Sp10,4.465976723704085,6.326350854692353,31.265345916845174
Gal(b1-6)Gal(b1-Sp10,5.487825801717836,10.992325317958588,78.18700608252735
Neu5Ac(a2-3)Gal(b1-4)GlcNAc(b1-3)Gal(b1-Sp8,1.8586897918964331,2.80206640713599,8.817012978894837
GalNAc(b1-6)GalNAc(b1-Sp8,4.054467631720182,0.9621429277053034,5.407770480213327
(6S)Gal(b1-3)GlcNAc(b1-Sp0,2.3223036929953818,2.7687268570891352,7.496059940395367
(6S)Gal(b1-3)(6S)GlcNAc(a1-Sp0,0.5989365707930344,7.123758343739631,12.827459643638234
Fuc(a1-2)Gal(b1-4) GlcNAc(b1-2)Man(a1-6)[Fuc(a1-2)Gal(b1-4)GlcNAc(b1-2)[Fuc(a1-2)Gal(b1-4)GlcNAc(b1-4)]Man(a1-3)]Man(b1-4)GlcNAc(b1-4)GlcNAc(b1-N,14.100376654159508,23.5944788732449,29.86426098515024
Fuc(a1-2)Gal(b1-4)[Fuc(a1-3)]GlcNAc(b1-2)Man(a1-6)[Fuc(a1-2)Gal(b1-4)[Fuc(a1-3)]GlcNAc(b1-4)[Fuc(a1-2)Gal(b1-4)[Fuc(a1-3)]GlcNAc(b1-2)]Man(a1-3)]Man(b1-4)GlcNAc(b1-4)GlcNAc(b1-N,2.698303903071953,20.66110894238656,56.45771231428432
Gal(b1-4)[Fuc(a1-3)]GlcNAc(b1-6)GalNAc(a1-Sp14,1.2963395041423382,6.357616794247669,278.35252739137604
Gal(b1-4)GlcNAc(b1-2)Man(a1-Sp0,4.68441932892079,9.210435938470344,78.2456971665961
Fuc(a1-2)Gal(b1-4)GlcNAc(b1-6)[Fuc(a1-2)Gal(b1-4)GlcNAc(b1-3)]GalNAc(a1-Sp14,3.7997582601834905,8.681581308484834,50.382571169667976
Gal(a1-3)Fuc(a1-2)Gal(b1-4)GlcNAc(b1-6)[Gal(a1-3)Fuc(a1-2)Gal(b1-4)GlcNAc(b1-3)]GalNAc(a1-Sp14,5.558694548183051,5.021064883070121,49.466350773792115
GalNAc(a1-3)[Fuc(a1-2)]Gal(b1-4)GlcNAc(b1-6)[GalNAc(a1-3)[Fuc(a1-2)]Gal(b1-4)GlcNAc(b1-3)]GalNAc(a1-Sp14,5.773157280827079,2.045269967510404,63.064501289889726
Neu5Ac(a2-8)Neu5Ac(a2-3)Gal(b1-3)GalNAc(b1-4)[Neu5Ac(a2-8)Neu5Ac(a2-3)]Gal(b1-4)Glc(b1-Sp0,3.1705147904822435,2.548122683467186,68.16842049093678
GalNAc(b1-4)Gal(b1-4)Glc(b1-Sp0,16.894962006542073,0.8063581090309944,10.46117764753726
GalNAc(a1-3)[Fuc(a1-2)]Gal(b1-4)GlcNAc(b1-2)Man(a1-6)[GalNAc(a1-3)[Fuc(a1-2)]Gal(b1-4)GlcNAc(b1-2)Man(a1-3)]Man(b1-4)GlcNAc(b1-4)[Fuc(a1-6)]GlcNAc(b1-Sp22,2.3651102234709294,8.896763620178596,242.00839587647056
Gal(a1-3)[Fuc(a1-2)]Gal(b1-3)GlcNAc(b1-2)Man(a1-6)[Gal(a1-3)[Fuc(a1-2)]Gal(b1-3)GlcNAc(b1-2)Man(a1-3)]Man(b1-4)GlcNAc(b1-4)[Fuc(a1-6)]GlcNAc(b1-Sp22,2.8241671921411986,4.771938765585593,55.70416989935162
Neu5Ac(a2-6)Gal(b1-4)GlcNAc(b1-6)[Fuc(a1-2)Gal(b1-3)GlcNAc(b1-3)]Gal(b1-4)Glc(a1-Sp21,2.4902848677410585,3.3567794102631616,41.48315897831311
GalNAc(a1-3)[Fuc(a1-2)]Gal(b1-3)GlcNAc(b1-2)Man(a1-6)[GalNAc(a1-3)[Fuc(a1-2)]Gal(b1-3)GlcNAc(b1-2)Man(a1-3)]Man(b1-4)GlcNAc(b1-4)[Fuc(a1-6)]GlcNAc(b1-Sp22,9.479373992824282,10.715164687021844,28.35655479949337
Gal(b1-4)GlcNAc(b1-6)[Gal(b1-4)GlcNAc(b1-2)]Man(a1-6)[Gal(b1-4)GlcNAc(b1-2)Man(a1-3)]Man(b1-4)GlcNAc(b1-4)GlcNAc(b1-Sp19,6.218674164696737,9.344137471297183,160.98890654342964
Neu5Ac(a2-3)Gal(b1-4)GlcNAc(b1-2)Man(a1-6)[GlcNAc(b1-4)][Neu5Ac(a2-3)Gal(b1-4)GlcNAc(b1-2)Man(a1-3)]Man(b1-4)GlcNAc(b1-4)GlcNAc(b1-Sp21,2.992688684109992,4.1701097918200345,40.70237283495684
Neu5Ac(a2-3)Gal(b1-4)GlcNAc(b1-4)Man(a1-6)[GlcNAc(b1-4)][Neu5Ac(a2-3)Gal(b1-4)GlcNAc(b1-4)[Neu5Ac(a2-3)Gal(b1-4)GlcNAc(b1-2)]Man(a1-3)]Man(b1-4)GlcNAc(b1-4)GlcNAc(b1-Sp21,6.079514887102424,1.811070940079377,72.26818685569162
Neu5Ac(a2-3)Gal(b1-4)GlcNAc(b1-6)[Neu5Ac(a2-3)Gal(b1-4)GlcNAc(b1-2)]Man(a1-6)[GlcNAc(b1-4)][Neu5Ac(a2-3)Gal(b1-4)GlcNAc(b1-2)Man(a1-3)]Man(b1-4)GlcNAc(b1-4)GlcNAc(b1-Sp21,3.400915694828869,3.5741961542655485,1.1363189751708496
Neu5Ac(a2-3)Gal(b1-4)GlcNAc(b1-6)[Neu5Ac(a2-3)Gal(b1-4)GlcNAc(b1-2)]Man(a1-6)[GlcNAc(b1-4)][Neu5Ac(a2-3)Gal(b1-4)GlcNAc(b1-4)[Neu5Ac(a2-3)Gal(b1-4)GlcNAc(b1-2)]Man(a1-3)]Man(b1-4)GlcNAc(b1-4)GlcNAc(b1-Sp21,3.1055163568237742,7.6261901061954465,33.70170843873003
Neu5Ac(a2-6)Gal(b1-4)GlcNAc(b1-2)Man(a1-6)[GlcNAc(b1-4)][Neu5Ac(a2-6)Gal(b1-4)GlcNAc(b1-2)Man(a1-3)]Man(b1-4)GlcNAc(b1-4)GlcNAc(b1-Sp21,7.515133337639457,3.900848182446996,36.82859161362718
Neu5Ac(a2-6)Gal(b1-4)GlcNAc(b1-4)Man(a1-6)[GlcNAc(b1-4)][Neu5Ac(a2-6)Gal(b1-4)GlcNAc(b1-4)[Neu5Ac(a2-6)Gal(b1-4)GlcNAc(b1-2)]Man(a1-3)]Man(b1-4)GlcNAc(b1-4)GlcNAc(b1-Sp21,2.1591640558327216,23.479271983957812,38.599020848634666
Neu5Ac(a2-6)Gal(b1-4)GlcNAc(b1-6)[Neu5Ac(a2-6)Gal(b1-4)GlcNAc(b1-2)]Man(a1-6)[GlcNAc(b1-4)][Neu5Ac(a2-6)Gal(b1-4)GlcNAc(b1-2)Man(a1-3)]Man(b1-4)GlcNAc(b1-4)GlcNAc(b1-Sp21,1.699391138761174,2.0382272990272714,66.17866229510211
Neu5Ac(a2-6)Gal(b1-4)GlcNAc(b1-6)[Neu5Ac(a2-6)Gal(b1-4)GlcNAc(b1-2)]Man(a1-6)[GlcNAc(b1-4)][Neu5Ac(a2-6)Gal(b1-4)GlcNAc(b1-4)[Neu5Ac(a2-6)Gal(b1-4)GlcNAc(b1-2)]Man(a1-3)]Man(b1-4)GlcNAc(b1-4)GlcNAc(b1-Sp21,6.623719971624705,2.670704454352823,88.45212079716255
Gal(a1-3)[Fuc(a1-2)]Gal(b1-3)GalNAc(a1-Sp8,2.591753990865388,10.134370887726584,13.826095480979685
Gal(a1-3)[Fuc(a1-2)]Gal(b1-3)GalNAc(b1-Sp8,3.59045619478454,9.711953799785428,757.1314688063292
Glc(a1-6)Glc(a1-6)Glc(a1-6)Glc(b1-Sp10,2.525927279238259,4.623833861274276,73.61168441243437
Glc(a1-4)Glc(a1-4)Glc(a1-4)Glc(b1-Sp10,11.361986198870929,3.5176983065398417,31.19909350846591
Neu5Ac(a2-3)Gal(b1-4)GlcNAc(b1-6)[Neu5Ac(a2-3)Gal(b1-4)GlcNAc(b1-3)]GalNAc(a1-Sp14,5.730980163622391,1.4644092483546616,26.443459064120802
Fuc(a1-2)Gal(b1-4)[Fuc(a1-3)]GlcNAc(b1-2)Man(a1-6)[Fuc(a1-2)Gal(b1-4)[Fuc(a1-3)]GlcNAc(b1-2)Man(a1-3)]Man(b1-4)GlcNAc(b1-4)[Fuc(a1-6)]GlcNAc(b1-Sp24,25.60767696805004,9.828665840752096,51.38656229484998
Fuc(a1-2)Gal(b1-3)[Fuc(a1-4)]GlcNAc(b1-2)Man(a1-6)[Fuc(a1-2)Gal(b1-3)[Fuc(a1-4)]GlcNAc(b1-2)Man(a1-3)]Man(b1-4)GlcNAc(b1-4)[Fuc(a1-6)]GlcNA(cb-S)p(1-4)[Fuc(a1-6)]GlcNAc(b1-Sp19,11.732179733394249,13.789689549412149,65.115545968551
Neu5Ac(a2-3)Gal(b1-3)GlcNAc(b1-6)[Neu5Ac(a2-3)Gal(b1-4)GlcNAc(b1-2)]Man(a1-6)[Neu5Ac(a2-3)Gal(b1-3)GlcNAc(b1-2)Man(a1-3)]Man(b1-4)GlcNAc(b1-4)GlcNAc(b1-Sp19,3.33102125318447,8.082585327521558,66.33201692398123
GlcNAc(b1-6)[GlcNAc(b1-2)]Man(a1-6)[GlcNAc(b1-2)Man(a1-3)]Man(b1-4)GlcNAc(b1-4)[Fuc(a1-6)]GlcNAc(b1-Sp24,5.176974362501712,4.674721156033447,9.500700592193217
Gal(b1-3)GlcNAc(b1-2)Man(a1-6)[GlcNAc(b1-4)][Gal(b1-3)GlcNAc(b1-2)Man(a1-3)]Man(b1-4)GlcNAc(b1-4)GlcNAc(b1-Sp21,4.48150421956736,7.3515214098851684,15.383119615642572
Neu5Ac(a2-6)Gal(b1-4)GlcNAc(b1-6)[Gal(b1-3)GlcNAc(b1-3)]Gal(b1-4)Glc(b1-Sp21,4.412773720594185,3.2440747735936464,33.87231145463805
Neu5Ac(a2-3)Gal(b1-4)GlcNAc(b1-2)Man(a1-Sp0,8.956046322271156,7.340354871984509,31.34442887946755
Neu5Ac(a2-3)Gal(b1-4)GlcNAc(b1-6)GalNAc(a1-Sp14,1.9033701643400096,2.2755541543032263,19.71451318538357
Neu5Ac(a2-6)Gal(b1-4)GlcNAc(b1-6)GalNAc(a1-Sp14,4.5635188472456925,7.394678188343729,148.08946639346942
Neu5Ac(a2-6)Gal(b1-4)GlcNAc(b1-6)[Neu5Ac(a2-6)Gal(b1-4)GlcNAc(b1-3)]GalNAc(a1-Sp14,4.2636682089291735,5.714925167999438,106.02337558348084
Neu5Ac(a2-6)Gal(b1-4)GlcNAc(b1-2)Man(a1-6)[Neu5Ac(a2-6)Gal(b1-4)GlcNAc(b1-2)Man(a1-3)]Man(b1-4)GlcNAc(b1-4)[Fuc(a1-6)]GlcNAc(b1-Sp24,5.506986210487546,6.1686997243476425,53.47300526025561
Neu5Ac(a2-3)Gal(b1-4)GlcNAc(b1-2)Man(a1-6)[Neu5Ac(a2-3)Gal(b1-4)GlcNAc(b1-2)Man(a1-3)]Man(b1-4)GlcNAc(b1-4)[Fuc(a1-6)]GlcNAc(b1-Sp24,2.1446332295212325,4.997063682470603,12.056130916501946
Man(a1-6)[Man(a1-3)]Man(b1-4)GlcNAc(b1-4)[Fuc(a1-6)]GlcNAc(b1-Sp19,7.468349036824226,3.8781151327029986,9.734304437529168
Gal(b1-4)GlcNAc(b1-6)[Gal(b1-4)GlcNAc(b1-2)]Man(a1-6)[Gal(b1-4)GlcNAc(b1-2)Man(a1-3)]Man(b1-4)GlcNAc(b1-4)[Fuc(a1-6)]GlcNAc(b1-Sp24,5.4072602251509965,3.6712433646518208,186.291393222596
Neu5Ac(a2-3)Gal(b1-3)GlcNAc(b1-2)Man(a1-6)[GlcNAc(b1-4)][Neu5Ac(a2-3)Gal(b1-3)GlcNAc(b1-2)Man(a1-3)]Man(b1-4)GlcNAc(b1-4)GlcNAc(a1-Sp21,2.6936798628146805,6.617614982945138,12.515472241056942
Neu5Ac(a2-6)Gal(b1-4)GlcNAc(b1-6)[Fuc(a1-2)Gal(b1-4)[Fuc(a1-3)]GlcNAc(b1-3)]Gal(b1-4)Glc(a1-Sp21,1.541638995787718,4.144911065692485,33.78532448425895
Gal(b1-3)GlcNAc(b1-6)GalNAc(a1-Sp14,7.192778655186089,4.11590855826511,64.93390256234913
Gal(a1-3)Gal(b1-3)GlcNAc(b1-6)GalNAc(a1-Sp14,1.7731224567600143,6.329751914569802,2498.5916378001416
Gal(b1-3)[Fuc(a1-4)]GlcNAc(b1-6)GalNAc(a1-Sp14,4.982537109662776,4.267129468682663,44.61591473812923
Neu5Ac(a2-3)Gal(b1-3)GlcNAc(b1-6)GalNAc(a1-Sp14,7.746029409101586,2.393251131828832,48.40390744615385
(3S)Gal(b1-3)[Fuc(a1-4)]GlcNAc(b1-Sp0,9.977212196634225,8.173333972692342,18.222751909814857
Gal(b1-4)[Fuc(a1-3)]GlcNAc(b1-6)[Neu5Ac(a2-6)[Neu5Ac(a2-3)Gal(b1-3)]GlcNAc(b1-3)]Gal(b1-4)Glc(a1-Sp21,8.429233034060692,6.7384606503760685,127.527787809677
Fuc(a1-2)Gal(b1-4)GlcNAc(b1-6)GalNAc(a1-Sp14,14.68166550588408,5.312189788903756,761.8862107358751
Gal(a1-3)Gal(b1-4)GlcNAc(b1-6)GalNAc(a1-Sp14,15.887560360756018,7.7820612629302754,47.52616559190496
Gal(b1-4)[Fuc(a1-3)]GlcNAc(b1-2)Man(a1-Sp0,3.2169909153068166,8.26303988493339,32.297940498737674
Fuc(a1-2)(6S)Gal(b1-3)GlcNAc(b1-Sp0,10.627479386438095,5.955708693556124,16.566571031120688
Gal(a1-3)[Fuc(a1-2)]Gal(b1-4)GlcNAc(b1-6)GalNAc(a1-Sp14,5.767038016752334,2.5090869554481348,27.720013090109344
Fuc(a1-2)Gal(b1-4)GlcNAc(b1-2)Man(a1-Sp0,8.795256025835746,8.152554594317866,7.921438227367555
Fuc(a1-2)Gal(b1-3)(6S)GlcNAc(b1-Sp0,9.497954618056816,9.53552619505954,76.41002977687222
Fuc(a1-2)(6S)Gal(b1-3)(6S)GlcNAc(b1-Sp0,4.5087816287588485,19.023868654644527,20.49818430178629
Neu5Ac(a2-6)GalNAc(b1-4)(6S)GlcNAc(b1-Sp8,5.456566366238634,8.292905531989378,12.419195651457008
GalNAc(b1-4)[Fuc(a1-3)](6S)GlcNAc(b1-Sp8,3.1340300204635354,3.1566977883013587,118.13227128195473
(3S)GalNAc(b1-4)[Fuc(a1-3)]GlcNAc(b1-Sp8,3.3729056701900237,10.458888494322268,7.035050016109339
Fuc(a1-2)Gal(b1-3)GlcNAc(b1-6)[Fuc(a1-2)Gal(b1-3)GlcNAc(b1-3)]GalNAc(a1-Sp14,13.994023272424785,5.779741820863053,216.24243782137023
GalNAc(a1-3)[Fuc(a1-2)]Gal(b1-3)GlcNAc(b1-6)GalNAc(a1-Sp14,2.073424672693305,6.642450612286601,15.388059382737858
GlcNAc(b1-6)[GlcNAc(b1-2)]Man(a1-6)[GlcNAc(b1-4)][GlcNAc(b1-4)[GlcNAc(b1-2)]Man(a1-3)]Man(b1-4)GlcNAc(b1-4)[Fuc(a1-6)]GlcNAc(a1-Sp21,12.679665076116946,2.993704094707202,5.948338394529466
Gal(b1-4)GlcNAc(b1-6)[Gal(b1-4)GlcNAc(b1-2)]Man(a1-6)[GlcNAc(b1-4)]Gal(b1-4)GlcNAc(b1-4)[Gal (b1-4)GlcNAc(b1-2)]Man(a1-3)]Man(b1-4)GlcNAc(b1-4)[Fuc(a1-6)]GlcNAc(a1-Sp21,10.37064777276071,14.092332278465125,59.27812790557745
Gal(b1-3)GlcNAc(a1-3)Gal(b1-4)GlcNAc(b1-Sp8 ,4.645862483615571,3.020136083440612,60.04061266601134
Gal(b1-3)(6S)GlcNAc(b1-Sp8 ,6.351324772767232,3.3099963417653533,77.94578774126713
(6S)(4S)GalNAc(b1-4)GlcNAc(a1-Sp8,10.381631451270096,4.499528986831104,3.9138047416591095
(6S)GalNAc(b1-4)GlcNAc(a1-Sp8 ,5.608896709321122,4.768243118801724,6673.36174220688
(3S)GalNAc(b1-4)(3S)GlcNAc(a1-Sp8,3.7411228558415615,2.4741381669516094,25.01377269485753
GalNAc(b1-4)(6S)GlcNAc(a1-Sp8 ,10.235981731128673,2.9550185497161734,70.54495702460487
(3S)GalNAc(b1-4)GlcNAc(a1-Sp8 ,1.6289237906769432,2.3761456359687507,5.284993681800069
(4S)GalNac(b1-Sp10,10.284793540100836,4.566044937269747,7.199921675210549
Gal(b1-4)(6P)GlcNAc(b1-Sp0 ,3.2022203821463204,13.752087909962338,149.9533354776078
(6P)Gal(b1-4)GlcNAc(b1-SP0 ,1.777221039291397,2.1582598042172845,8.372067749964756
GalNAc(a1-3)[Fuc(a1-2)]Gal(b1-4)GlcNAc(b1-6)GalNAc(a1-Sp14,4.3156226143126455,6.401552380738077,39.05259810793659
Neu5Ac(a2-6)Gal(b1-4)GlcNAc(b1-2)Ma(n1-Sp0,5.446186884417392,2.3994178217503794,35.946298167440034
Gal(a1-3)Gal(b1-4)GlcNAc(b1-2)Man(a1-Sp0,10.738282682184334,3.1627393014864,106.91132901657326
Gal(a1-3)[Fuc(a1-2)]Gal(b1-4)GlcNAc(b1-2)Man(a1-Sp0,14.341021720778242,10.559549582250181,25.75384790214371
GalNAc(a1-3)[Fuc(a1-2)]Gal(b1-4) GlcNAc(b1-2)Man(a1-Sp0,8.858587135796537,3.703560518834095,66.83905123306775
 Gal(b1-3)GlcNAc(b1-2)Man(a1-Sp0,8.78767274348941,3.13864990242622,97.58330378814371
Gal(a1-3)[Fuc(a1-2)]Gal(b1-3)GlcNAc(b1-6)GalNAc(a1-Sp14,4.858660207214194,3.7500567124600455,27.93730718798474
Neu5Ac(a2-3)Gal(b1-3)GlcNAc(b1-2)Man(a1-Sp0,3.310337737552873,7.305072066493706,55.05449228806557
Gal(a1-3)Gal(b1-3)GlcNAc(b1-2)Man(a1-Sp0,2.1397388693872657,22.634134227459782,43.814178286676395
GalNAc(b1-4)GlcNAc(b1-2)Man(a1-Sp0,2.9601616498653147,5.711712581106182,33.27786516560219
Neu5Ac(a2-3)Gal(b1-3)GlcNAc(b1-4)Gal(b1-4)Glc(b1-Sp0,9.562194996443024,1.8093282425161727,141.6156594347533
GlcNAc(b1-2) Man(a1-6)[GlcNAc(b1-4)][GlcNAc(b1-2)Man(a1-3)]Man(b1-4)GlcNAc(b1-4)[Fuc(a1-6)]GlcNAc(a1-Sp21,2.257095949813976,1.4257129383224398,15.505069924033457
Gal(b1-4)GlcNAc(b1-2)Man(a1-6)[GlcNAc(b1-4)][Gal(b1-4)GlcNAc(b1-2)Man(a1-3)]Man(b1-4)GlcNAc(b1-4)[Fuc(a1-6)]GlcNAc(a1-Sp21,1.3482058917934847,3.022519293983084,48.112411773773786
Gal(b1-4)GlcNAc(b1-2)Man(a1-6)[Gal(b1-4)GlcNAc(b1-4)][Gal(b1-4)GlcNAc(b1-2)Man(a1-3)]Man(b1-4)GlcNAc(b1-4)[Fuc(a1-6)]GlcNAc(a1-Sp21,0.25633731032894097,5.72758475944849,47.18433412404129
Fuc(a1-4)[Gal(b1-3)]GlcNAc(b1-2)Man(a1-Sp0,3.6508380383824153,13.518816310455339,37.65875804151227
Neu5Ac(a2-3)Gal(b1-4)[Fuc(a1-3)]GlcNAc(b1-2)Man(a1-Sp0,3.875279677218976,0.8681028870473823,20.571461843271283
GlcNAc(b1-3)Gal(b1-4)GlcNAc(b1-6)[GlcNAc(b1-3)]Gal(b1-4)GlcNAc(a1-Sp0,9.205716429254483,2.571099689983515,51.24839152118987
GalNAc(a1-3)[Fuc(a1-2)]Gal(b1-3)GalNAc(b1-3)Gal(a1-4)Gal(b1-4)Glc(a1-Sp21,5.77258487356401,2.1420381686219647,6.2715829162846255
Gal(a1-3)[Fuc(a1-2)]Gal(b1-3)GalNAc(b1-3)Gal(a1-4)Gal(b1-4)Glc(a1-Sp21,8.292235064755861,4.4053391114267955,3.1196296301270534
Gal(b1-3)GalNAc(b1-3)Ga(l1-Sp21,6.644506185313296,13.646773539070196,17.29711189938948
GlcNAc(b1-3)Gal(b1-4)GlcNAc(b1-2)Man(a1-6)[GlcNAc(b1-3)Gal(b1-4)GlcNAc(b1-2)Man(a1-3)]Man(b1-4)GlcNAc(b1-4)GlcNAc(b1-Sp12,4.989947948542818,4.8685837607905365,20.833363692144548
GlcNAc(b1-3)Gal(b1-4)GlcNAc(b1-2)Man(a1-6)[GlcNAc(b1-3)Gal(b1-4)GlcNAc(b1-2)Man(a1-3)]Man(b1-4)GlcNAc(b1-4)GlcNAc(b1-Sp25,8.942602212257158,5.064799612357239,16.46202782899179
Gal(b1-4)GlcNAc(b1-3)Gal(b1-4)GlcNAc(b1-2)Man(a1-6)[Gal(b1-4)GlcNAc(b1-3)Gal(b1-4)GlcNAc(b1-2)Man(a1-3)]Man(b1-4)GlcNAc(b1-4)GlcNAc(b1-Sp12,18.30828417757049,17.29433823982115,282.10326017543383
Gal(b1-4)GlcNAc(b1-3)Gal(b1-4)GlcNAc(b1-2)Man(a1-6)[Gal(b1-4)GlcNAc(b1-3)Gal(b1-4)GlcNAc(b1-2)Man(a1-3)]Man(b1-4)GlcNAc(b1-4)GlcNAc(b1-Sp24,12.149907229549804,3.475781279079569,29.44331931610311
Neu5Gc(a2-3)Gal(b1-4)GlcNAc(b1-3)Gal(b1-4)GlcNAc(b1-2)Man(a1-6)[Neu5Gc(a2-3)Gal(b1-4)GlcNAc(b1-3)Gal(b1-4)GlcNAc(b1-2)Man(a1-3)]Man(b1-4)GlcNAc(b1-4)GlcNAc(b1-Sp24,8.6629216726614,8.499402211283261,51.4215233124792
Fuc(a1-2)Gal(b1-4)GlcNAc(b1-3)Gal(b1-4)GlcNAc(b1-2)Man(a1-6)[Fuc(a1-2)Gal(b1-4)GlcNAc(b1-3)Gal(b1-4)GlcNAc(b1-2)Man(a1-3)]Man(b1-4)GlcNAc(b1-4)GlcNAc(b1-Sp24,13.162747261875081,3.55839031902067,11.748650717422908
GlcNAc(b1-3)Gal(b1-4)GlcNAc(b1-3)Gal(b1-4)GlcNAc(b1-2)Man(a1-6)[GlcNAc(b1-3)Gal(b1-4)GlcNAc(b1-3)Gal(b1-4)GlcNAc(b1-2)Man(a1-3)]Man(b1-4)GlcNAc(b1-4)GlcNAc(b1-Sp12,13.619199594047654,11.777574173082655,133.4627303954517
GlcNAc(b1-3)Gal(b1-4)GlcNAc(b1-3)Gal(b1-4)GlcNAc(b1-2)Man(a1-6)[GlcNAc(b1-3)Gal(b1-4)GlcNAc(b1-3)Gal(b1-4)GlcNAc(b1-2)Man(a1-3)]Man(b1-4)GlcNAc(b1-4)GlcNAc(b1-Sp25,4.406108162161553,5.284851740194164,12.848340744852418
Gal(b1-4)GlcNAc(b1-3)Gal(b1-4)GlcNAc(b1-3)Gal(b1-4)GlcNAc(b1-2)Man(a1-6)[Gal(b1-4)GlcNAc(b1-3)Gal(b1-4)GlcNAc(b1-3)Gal(b1-4)GlcNAc(b1-2)Man(a1-3)]Man(b1-4)GlcNAc(b1-4)GlcNAc(b1-Sp12,25.42002994661232,25.17371383209004,92.33260276111687
Gal(b1-4)GlcNAc(b1-3)Gal(b1-4)GlcNAc(b1-3)Gal(b1-4)GlcNAc(b1-2)Man(a1-6)[Gal(b1-4)GlcNAc(b1-3)Gal(b1-4)GlcNAc(b1-3)Gal(b1-4)GlcNAc(b1-2)Man(a1-3)]Man(b1-4)GlcNAc(b1-4)GlcNAc(b1-Sp24,9.28106229421863,3.9956086464809446,37.55576669473229
GlcNAc(b1-3)Gal(b1-4)GlcNAc(b1-3)Gal(b1-4)GlcNAc(b1-3)Gal(b1-4)GlcNAc(b1-2)Man(a1-6)[GlcNAc(b1-3)Gal(b1-4)GlcNAc(b1-3)Gal(b1-4)GlcNAc(b1-3)Gal(b1-4)GlcNAc(b1-2)Man(a1-3)]Man(b1-4)GlcNAc(b1-4)GlcNAc(b1-Sp25,8.077758871328937,12.02621461596153,41.41961121626645
Gal(b1-4)GlcNAc(b1-3)Gal(b1-4)GlcNAc(b1-3)Gal(b1-4)GlcNAc(b1-3)Gal(b1-4)GlcNAc(b1-2)Man(a1-6)[Gal(b1-4)GlcNAc(b1-3)Gal(b1-4)GlcNAc(b1-3)Gal(b1-4)GlcNAc(b1-3)Gal(b1-4)GlcNAc(b1-2)Man(a1-3)]Man(b1-4)GlcNAc(b1-4)GlcNAc(b1-Sp25,19.588472064626853,3.8339430098137854,100.95048507304224
Gal(b1-3)GlcNAc(b1-3)Gal(b1-4)GlcNAc(b1-2)Man(a1-6)[Gal(b1-3)GlcNAc(b1-3)Gal(b1-4)GlcNAc(b1-2)Man(a1-3)]Man(b1-4)GlcNAc(b1-4)GlcNAc(a1-Sp25,7.355081810274661,5.852829362510726,43.45137264616418
Neu5Gc(a2-8)Neu5Gc(a2-3)Gal(b1-4)GlcNAc(a1-Sp0,2.7229924280712448,5.6587603556344375,5.268480390887556
Neu5Ac(a2-8)Neu5Gc(a2-3)Gal(b1-4)GlcNAc(a1-Sp0,7.27243198157719,3.1521752176076965,10.604472676933698
Neu5Gc(a2-8)Neu5Ac(a2-3)Gal(b1-4)GlcNAc(a1-Sp0,4.05294231351332,10.982277937507618,12.066832504120542
Neu5Gc(a2-8)Neu5Gc(a2-3)Gal(b1-4)GlcNAc(b1-3)Gal(b1-4)GlcNAc(a1-Sp0,2.4368134238180805,5.59453388965515,2.7170434352742108
Neu5Gc(a2-8)Neu5Gc(a2-6)Gal(b1-4)GlcNAc(a1-Sp0,3.225800432321675,1.0032360452555504,8.068126671249862
Neu5Ac(a2-8)Neu5Ac(a2-3)Gal(b1-4)GlcNAc(a1-Sp0,5.875740174295774,4.388158561686216,6.205549447873154
GlcNAc(b1-3)Gal(b1-4)GlcNAc(b1-6)[GlcNAc(b1-3)Gal(b1-4)GlcNAc(b1-2)]Man(a1-6)[GlcNAc(b1-3)Gal(b1-4)GlcNAc(b1-2)]Man(a1-3)]Man(b1-4)GlcNAc(b1-4)GlcNAc(a1-Sp24,9.378166827752997,4.534748639395575,22.665509989022194
Gal(b1-4)GlcNAc(b1-3)Gal(b1-4)GlcNAc(b1-6)[Gal(b1-4)GlcNAc(b1-3)Gal(b1-4)GlcNAc(b1-2)]Man(a1-6)[Gal(b1-4)GlcNAc(b1-3)Gal(b1-4)GlcNAc(b1-2)Man(a1-3)]Man(a1-4)GlcNAc(b1-4)GlcNAc(a1-Sp24,6.109868600332856,4.719701406515751,43.029722201549184
Gal(a1-3)Gal(b1-4)GlcNAc(b1-2)Man(a1-6)[Gal(a1-3)Gal(b1-4)GlcNAc(b1-2)Man(a1-3)]Man(b1-4)GlcNAc(b1-4)GlcNAc(a1-Sp24,3.050531900477904,3.947217030917703,289.0270345971923
GlcNAc(b1-3)Gal(b1-4)GlcNAc(b1-6)[GlcNAc(b1-3)Gal(b1-3)]GalNAc(a1-Sp14,21.042190360063923,2.4611617641200807,10.192746353167042
GalNAc(b1-3)GlcNAc(b1-Sp0 ,5.361641250587362,2.3491236669234774,103.10547389628084
GalNAc(b1-4)GlcNAc(b1-3)GalNAc(b1-4)GlcNAc(b1-Sp0 ,17.673861183585966,4.563280608199178,91.05914099577892
GlcNAc(b1-3)Gal(b1-4)GlcNAc(b1-3)Gal(b1-4)GlcNAc(b1-3)Gal(b1-4)GlcNAc(b1-3)Gal(b1-4)GlcNAc(b1-2)Man(a1-6)[GlcNAc(b1-3)Gal(b1-4)GlcNAc(b1-3)Gal(b1-4)GlcNAc(b1-3)Gal(b1-4)GlcNAc(b1-3)Gal(b1-4)GlcNAc(b1-2)Man(a1-3)]Man(b1-4)GlcNAc(b1-4)GlcNAc(b1-Sp25,5.9995059854263655,9.646471871967831,115.559789792741
Gal(b1-4)GlcNAc(b1-3)Gal(b1-4)GlcNAc(b1-3)Gal(b1-4)GlcNAc(b1-3)Gal(b1-4)GlcNAc(b1-3)Gal(b1-4)GlcNAc(b1-2)Man(a1-6)[Gal(b1-4)GlcNAc(b1-3)Gal(b1-4)GlcNAc(b1-3)Gal(b1-4)GlcNAc(b1-3)Gal(b1-4)GlcNAc(b1-3)Gal(b1-4)GlcNAc(b1-2)Man(a1-3)]Man(b1-4)GlcNAc(b1-4)GlcNAc(b1-Sp25,2.8582339687316503,6.12995482331096,96.85075869826254
GlcNA(b1-3)Gal(b1-3)GalNAc(a1-Sp14,7.860031338943036,2.8517953869740853,7.604450278784128
Gal(b1-3)GlcNAc(b1-6)[Gal(b1-3)]GalNAc(a1-Sp14,6.372745247994256,2.6574612251796483,71.54495728155827
Gal(b1-4)GlcNAc(b1-3)Gal(b1-4)GlcNAc(b1-3)Gal(b1-4)GlcNAc(b1-3)Gal(b1-4)GlcNAc(b1-3)Gal(b1-4)GlcNAc(b1-3)Gal(b1-4)GlcNAc(b1-2)Man(a1-6)[Gal(b1-4)GlcNAc(b1-3)Gal(b1-4)GlcNAc(b1-3)Gal(b1-4)GlcNAc(b1-3)Gal(b1-4)GlcNAc(b1-3)Gal(b1-4)GlcNAc(b1-3)Gal(b1-4)GlcNAc(b1-2)Man(a1-3)]Man(b1-4)GlcNAc(b1-4)GlcNAc(b1-Sp25,3.4358195319069544,16.150451406900885,106.2244919510562
(3S)GlcA(b1-3)Gal(b1-4)GlcNAc(b1-3)Gal(b1-4)Glc(a1-Sp0,2.2826918911670933,3.6288805473130017,11.300627378011663
(3S)GlcA(b1-3)Gal(b1-4)GlcNAc(b1-2)Man(a1-Sp0,2.328922479030442,3.703377462083319,12.458700855894508
Gal(b1-3)GlcNAc(b1-3)Gal(b1-4)GlcNAc(b1-3)Gal(b1-4)GlcNAc(b1-6)[Gal(b1-3)GlcNAc(b1-3)Gal(b1-4)GlcNAc(b1-3)Gal(b1-4)GlcNA(b1-2)]Man(a1-6)[Gal(b1-3)GlcNAc(b1-3)Gal(b1-4)GlcNAc(b1-3)Gal(b1-4)GlcNAc(b1-2)Man(a1-3)]Man(b1-4)GlcNAc(b1-4)[Fuc(a1-6)]GlcNAc(b1-Sp24,4.858975855997501,3.0684027727522034,27.999952757400703
Gal(b1-3)GlcNAc(b1-3)Gal(b1-4)GlcNAc(b1-6)[Gal(b1-3)GlcNAc(b1-3)Gal(b1-4)GlcNA(b1-2)]Man(a1-6)[Gal(b1-3)GlcNAc(b1-3)Gal(b1-4)GlcNAc(b1-2)Man(a1-3)]Man(b1-4)GlcNAc(b1-4)[Fuc(a1-6)]GlcNAc(b1-Sp24,4.179659625196778,8.427356416852634,127.52539943755971
Neu5Ac(a2-8)Neu5Ac(a2-3)Gal(b1-3)GalNAc(b1-4)[Neu5Ac(a2-3)]Gal(b1-4)Glc(a1-Sp21,3.384117354643583,5.093493734167149,17.495932320494628
GlcNAc(b1-3)Gal(b1-4)GlcNAc(b1-2)Man(a1-6)[GlcNAc(b1-3)Gal(b1-4)GlcNAc(b1-2)Man(a1-3)]Man(b1-4)GlcNAc(b1-4)[Fuc(a1-6)]GlcNAc(b1-Sp24,9.635861735205618,21.00228856632852,97.52909996469442
Gal(b1-4)GlcNAc(b1-3)Gal(b1-4)GlcNAc(b1-2)Man(a1-6)[Gal(b1-4)GlcNAc(b1-3)Gal(b1-4)GlcNAc(b1-2)Man(a1-3)]Man(b1-4)GlcNAc(b1-4)[Fuc(a1-6)]GlcNAc(b1-Sp24,13.188611335289755,10.700893653647189,106.82350526566393
GlcNAc(b1-3)Gal(b1-4)GlcNAc(b1-3)Gal(b1-4)GlcNAc(b1-2)Man(a1-6)[GlcNAc(b1-3)Gal(b1-4)GlcNAc(b1-3)Gal(b1-4)GlcNAc(b1-2)Man(a1-3)]Man(b1-4)GlcNAc(b1-4)[Fuc(a1-6)]GlcNAc(b1-Sp24,8.230577414890162,4.267337823124217,23.82717707506842
Gal(b1-4)GlcNAc(b1-3)Gal(b1-4)GlcNAc(b1-3)Gal(b1-4)GlcNAc(b1-2)Man(a1-6)[Gal(b1-4)GlcNAc(b1-3)Gal(b1-4)GlcNAc(b1-3)Gal(b1-4)GlcNAc(b1-2)Man(a1-3)]Man(b1-4)GlcNAc(b1-4)[Fuc(a1-6)]GlcNAc(b1-Sp24,4.411260631233058,2.184844635780769,140.50574573959636
GlcNAc(b1-3)Gal(b1-4)GlcNAc(b1-3)Gal(b1-4)GlcNAc(b1-3)Gal(b1-4)GlcNAc(b1-2)Man(a1-6)[GlcNAc(b1-3)Gal(b1-4)GlcNAc(b1-3)Gal(b1-4)GlcNAc(b1-3)Gal(b1-4)GlcNAc(b1-2)Man(a1-3)]Man(b1-4)GlcNAc(b1-4)[Fuc(a1-6)]GlcNAc(b1-Sp24,2.059321026252745,9.322221261185597,73.10134071038533
Gal(b1-4)GlcNAc(b1-3)Gal(b1-4)GlcNAc(b1-3)Gal(b1-4)GlcNAc(b1-3)Gal(b1-4)GlcNAc(b1-2)Man(a1-6)[Gal(b1-4)GlcNAc(b1-3)Gal(b1-4)GlcNAc(b1-3)Gal(b1-4)GlcNAc(b1-3)Gal(b1-4)GlcNAc(b1-2)Man(a1-3)]Man(b1-4)GlcNAc(b1-4)[Fuc(a1-6)]GlcNAc(b1-Sp24,17.973870393991316,4.396091617467348,47.43598285186553
GlcNAc(b1-3)Gal(b1-4)GlcNAc(b1-3)Gal(b1-4)GlcNAc(b1-3)Gal(b1-4)GlcNAc(b1-3)Gal(b1-4)GlcNAc(b1-2)Man(a1-6)[GlcNAc(b1-3)Gal(b1-4)GlcNAc(b1-3)Gal(b1-4)GlcNAc(b1-3)Gal(b1-4)GlcNAc(b1-3)Gal(b1-4)GlcNAc(b1-2)Man(a1-3)]Man(b1-4)GlcNAc(b1-4)[Fuc(a1-6)]GlcNAc(b1-Sp19,7.346637048507298,1.661009276514334,40.356492093951495
Gal(b1-4)GlcNAc(b1-3)Gal(b1-4)GlcNAc(b1-3)Gal(b1-4)GlcNAc(b1-3)Gal(b1-4)GlcNAc(b1-3)Gal(b1-4)GlcNAc(b1-2)Man(a1-6)[Gal(b1-4)GlcNAc(b1-3)Gal(b1-4)GlcNAc(b1-3)Gal(b1-4)GlcNAc(b1-3)Gal(b1-4)GlcNAc(b1-3)Gal(b1-4)GlcNAc(b1-2)Man(a1-3)]Man(b1-4)GlcNAc(b1-4)[Fuc(a1-6)]GlcNAc(b1-Sp19,5.22795694511728,4.882775629615462,152.82822608592306
Gal(b1-4)GlcNAc(b1-3)Gal(b1-4)GlcNAc(b1-6)[Gal(b1-4)GlcNAc(b1-3)Gal(b1-4)GlcNA(b1-2)]Man(a1-6)[Gal(b1-4)GlcNAc(b1-3)Gal(b1-4)GlcNAc(b1-2)Man(a1-3)]Man(b1-4)GlcNAc(b1-4)[Fuc(a1-6)]GlcNAc(b1-Sp24,7.992977497518258,4.9806276876848905,98.22692117834444
GlcNAc(b1-3)Gal(b1-4)GlcNAc(b1-3)Gal(b1-4)GlcNAc(b1-6)[GlcNAc(b1-3)Gal(b1-4)GlcNAc(b1-3)Gal(b1-4)GlcNA(b1-2)]Man(a1-6)[GlcNAc(b1-3)Gal(b1-4)GlcNAc(b1-3)Gal(b1-4)GlcNAc(b1-2)Man(a1-3)]Man(b1-4)GlcNAc(b1-4)[Fuc(a1-6)]GlcNAc(b1-Sp24,3.6364083846564896,6.501511372686088,15.078752196247294
Gal(b1-4)GlcNAc(b1-3)Gal(b1-4)GlcNAc(b1-3)Gal(b1-4)GlcNAc(b1-6)[Gal(b1-4)GlcNAc(b1-3)Gal(b1-4)GlcNAc(b1-3)Gal(b1-4)GlcNA(b1-2)]Man(a1-6)[Gal(b1-4)GlcNAc(b1-3)Gal(b1-4)GlcNAc(b1-3)Gal(b1-4)GlcNAc(b1-2)Man(a1-3)]Man(b1-4)GlcNAc(b1-4)[Fuc(a1-6)]GlcNAc(b1-Sp24,12.783699506891566,6.518088303585137,85.08869832754428
GlcNAc(b1-3)Gal(b1-4)GlcNAc(b1-3)Gal(b1-4)GlcNAc(b1-3)Gal(b1-4)GlcNAc(b1-6)[GlcNAc(b1-3)Gal(b1-4)GlcNAc(b1-3)Gal(b1-4)GlcNAc(b1-3)Gal(b1-4)GlcNA(b1-2)]Man(a1-6)[GlcNAc(b1-3)Gal(b1-4)GlcNAc(b1-3)Gal(b1-4)GlcNAc(b1-3)Gal(b1-4)GlcNAc(b1-2)Man(a1-3)]Man(b1-4)GlcNAc(b1-4)[Fuc(a1-6)]GlcNAc(b1-Sp24,6.882049444448455,12.238136649561202,89.71199212150606
Gal(b1-4)GlcNAc(b1-3)Gal(b1-4)GlcNAc(b1-3)Gal(b1-4)GlcNAc(b1-3)Gal(b1-4)GlcNAc(b1-6)[Gal(b1-4)GlcNAc(b1-3)Gal(b1-4)GlcNAc(b1-3)Gal(b1-4)GlcNAc(b1-3)Gal(b1-4)GlcNA(b1-2)]Man(a1-6)[Gal(b1-4)GlcNAc(b1-3)Gal(b1-4)GlcNAc(b1-3)Gal(b1-4)GlcNAc(b1-3)Gal(b1-4)GlcNAc(b1-2)Man(a1-3)]Man(b1-4)GlcNAc(b1-4)[Fuc(a1-6)]GlcNAc(b1-Sp24,9.260045786918832,8.51709469493559,52.05581359291185
GlcNAc(b1-3)Gal(b1-4)GlcNAc(b1-3)Gal(b1-4)GlcNAc(b1-3)Gal(b1-4)GlcNAc(b1-3)Gal(b1-4)GlcNAc(b1-6)[GlcNAc(b1-3)Gal(b1-4)GlcNAc(b1-3)Gal(b1-4)GlcNAc(b1-3)Gal(b1-4)GlcNAc(b1-3)Gal(b1-4)GlcNA(b1-2)]Man(a1-6)[GlcNAc(b1-3)Gal(b1-4)GlcNAc(b1-3)Gal(b1-4)GlcNAc(b1-3)Gal(b1-4)GlcNAc(b1-3)Gal(b1-4)GlcNAc(b1-2)Man(a1-3)]Man(b1-4)GlcNAc(b1-4)[Fuc(a1-6)]GlcNAc(b1-Sp24,3.3969213889197083,4.945234486772762,28.437866228953126
Gal(b1-4)GlcNAc(b1-3)Gal(b1-4)GlcNAc(b1-3)Gal(b1-4)GlcNAc(b1-3)Gal(b1-4)GlcNAc(b1-3)Gal(b1-4)GlcNAc(b1-6)[Gal(b1-4)GlcNAc(b1-3)Gal(b1-4)GlcNAc(b1-3)Gal(b1-4)GlcNAc(b1-3)Gal(b1-4)GlcNAc(b1-3)Gal(b1-4)GlcNA(b1-2)]Man(a1-6)[Gal(b1-4)GlcNAc(b1-3)Gal(b1-4)GlcNAc(b1-3)Gal(b1-4)GlcNAc(b1-3)Gal(b1-4)GlcNAc(b1-3)Gal(b1-4)GlcNAc(b1-2)Man(a1-3)]Man(b1-4)GlcNAc(b1-4)[Fuc(a1-6)]GlcNAc(b1-Sp24,13.618847420272632,11.722647485245535,87.72809050493763
Gal(b1-4)GlcNAc(b1-3)Gal(b1-4)GlcNAc(b1-3)GalNAc(a1-Sp14,16.530930209055516,7.413157191777143,31.24757752705327
Gal(b1-4)GlcNAc(b1-3)Gal(b1-4)GlcNAc(b1-6)[Gal(b1-3)]GalNAc(a1-Sp14,12.609103364467845,11.052318077029591,208.5309510763097
Gal(b1-4)GlcNAc(b1-3)Gal(b1-4)GlcNAc(b1-6)[Gal(b1-4)GlcNAc(b1-3)Gal(b1-4)GlcNAc(b1-3)]GalNAc(a1-Sp14,14.033984193705091,5.6522162522773325,70.5838392733527
Neu5Ac(a2-3)Gal(b1-4)GlcNAc(b1-3)Gal(b1-4)GlcNAc(b1-3)GalNAc(a1-Sp14,2.4398921239814406,2.1553948770082343,8.196750246845804
GlcNAc(b1-3)Gal(b1-4)GlcNAc(b1-3)GalNAc(a1-Sp14,2.046295816632249,10.154718770888406,681.6666068963497
GlcNAc(b1-3)Gal(b1-4)GlcNAc(b1-6)[Gal(b1-3)]GalNAc(a1-Sp14,2.524955826016237,4.763276107453078,6.989934773837272
GlcNAc(b1-3)Gal(b1-4)GlcNAc(b1-6)[GlcNAc(b1-3)Gal(b1-4)GlcNAc(b1-3)]GalNAc(a1-Sp14,2.305137739919243,8.239898280521025,17.457432682098187
Neu5Ac(a2-3)Gal(b1-4)GlcNAc(b1-3)Gal(b1-4)GlcNAc(b1-6)[Neu5Ac(a2-3)Gal(b1-4)GlcNAc(b1-3)Gal(b1-4)GlcNAc(b1-3)]GalNAc(a1-Sp14,16.20097672590555,6.9433312629217605,41.82949044318696
Neu5Ac(a2-6)Gal(b1-4)GlcNAc(b1-3)Gal(b1-4)GlcNAc(b1-3)GalNAc(a1-Sp14,6.247251756305863,2.233518578946683,5.590223452301967
GlcNAc(b1-3)Gal(b1-4)GlcNAc(b1-3)Gal(b1-4)GlcNAc(b1-3)GalNAc(a1-Sp14,5.659198067085126,4.027389937664338,3.689745894593104
Gal(b1-4)GlcNAc(b1-3)Gal(b1-3)GalNAc(a1-Sp14,5.073315769461493,12.032958149010296,96.70151006049495
Neu5Ac(a2-3)Gal(b1-4)GlcNAc(b1-3)Gal(b1-4)GlcNAc(b1-6)[Gal(b1-3)]GalNAc(a1-Sp14,14.371325919111754,10.978594914347338,119.29613457449764
Neu5Ac(a2-6)Gal(b1-4)GlcNAc(b1-3)Gal(b1-4)GlcNAc(b1-6)[Gal(b1-3)]GalNAc(a1-Sp14,14.307174798913548,6.130489336300983,49.021016967589205
Neu5Ac(a2-6)Gal(b1-4)GlcNAc(b1-6)[Gal(b1-3)]GalNAc(a1-Sp14,4.744503257718348,5.395352054623807,27.473061323473505
Neu5Ac(a2-3)Gal(b1-4)GlcNAc(b1-3)Gal(b1-4)GlcNAc(b1-2)Man(a1-6)[Neu5Ac(a2-3)Gal(b1-4)GlcNAc(b1-3)Gal(b1-4)GlcNAc(b1-2)Man(a1-3)]Man(b1-4)GlcNAc(b1-4)GlcNAc(b1-Sp12,2.260174190189695,11.801391464392552,60.03553695073714
GlcNAc(b1-6)[Neu5Ac(a2-3)Gal(b1-3)]GalNAc(a1-Sp14,8.512938053486572,0.2911802820705193,10.663350729601824
Neu5Ac(a2-6)Gal(b1-4)GlcNAc(b1-3)Gal(b1-4)GlcNAc(b1-6)[Neu5Ac(a2-6)Gal(b1-4)GlcNAc(b1-3)Gal(b1-4)GlcNAc(b1-3)]GalNAc(a1-Sp14,17.342033421790305,28.796598611106305,80.17257260345761
Neu5Ac(a2-6)Gal(b1-4)GlcNAc(b1-3)Gal(b1-4)GlcNAc(b1-3)Gal(b1-4)GlcNAc(b1-2)Man(a1-6)[Neu5Ac(a2-6)Gal(b1-4)GlcNAc(b1-3)Gal(b1-4)GlcNAc(b1-3)Gal(b1-4)GlcNAc(b1-2)Man(a1-3)]Man(b1-4)GlcNAc(b1-4)GlcNAc(b1-Sp12,7.277218896151306,12.88106669919718,137.10565993681368
Neu5Ac(a2-3)Gal(b1-4)GlcNAc(b1-3)Gal(b1-4)GlcNAc(b1-3)Gal(b1-4)GlcNAc(b1-2)Man(a1-6)[Neu5Ac(a2-3)Gal(b1-4)GlcNAc(b1-3)Gal(b1-4)GlcNAc(b1-3)Gal(b1-4)GlcNAc(b1-2)Man(a1-3)]Man(b1-4)GlcNAc(b1-4)GlcNAc(b1-Sp12,10.447240866811594,29.31295759949921,99.83474361820856
Neu5Ac(a2-6)Gal(b1-4)GlcNAc(b1-3)Gal(b1-4)GlcNAc(b1-2)Man(a1-6)[Neu5Ac(a2-6)Gal(b1-4)GlcNAc(b1-3)Gal(b1-4)GlcNAc(b1-2)Man(a1-3)]Man(b1-4)GlcNAc(b1-4)GlcNAc(b1-Sp12,11.066796947137254,6.250559606680581,41.39203958946497
GlcNAc(b1-3)Fuc(a1-Sp21,3.0581899737971354,1.9601470267984071,9.378212217110818
Gal(b1-3)GalNAc(b1-4)[Neu5Ac(a2-8)Neu5Ac(a2-8)Neu5Ac(a2-3)]Gal(b1-4)Glc(b1-Sp21,16.924792668424818,7.504893213264268,38.84901923020933
