IUPAC,VVL (0.1ug/ml),VVL (1ug/ml),VVL (10ug/ml),VVL (100ug/ml)
Gal(a1-Sp8,8.673162117,8.345843464,3.673521889,13.81300914
Glc(a1-Sp8,12.54848697,10.73274838,7.83927462,19.24195889
Man(a1-Sp8,12.63037868,11.76193257,2.9540925689999997,18.41233621
GalNAc(a1-Sp8,450.78733150000005,777.7372267000003,686.8881122,678.453513
GalNAc(a1-Sp15,228.2202441,1422.098336,1039.184475,6920.911085
Fuc(a1-Sp8,2.0656835719999997,10.30975717,1.773645469,5.758873938
Fuc(a1-Sp9,7.833930313,10.84295114,4.995077623,27.69215321
Rha(a1-Sp8,23.61526196,9.975214745,19.88886528,7.597628264
Neu5Ac(a1-Sp8,17.85574468,7.373571367,18.13483505,23.13025659
Neu5Ac(a1-Sp11,20.44055797,21.35528188,13.14420478,6.406377915
Neu5Ac(b1-Sp8,5.4499125070000005,4.617319315,7.189014507,14.26419142
Gal(b1-Sp8,9.859017316000001,14.17353679,8.303405382000001,8.673215137
Glc(b1-Sp8,13.85926064,7.036489242999999,5.061295024,8.157289056
Man(b1-Sp8,3.7446982319999997,4.15563019,17.01971908,4.505774125
GalNAc(b1-Sp8,386.93360739999997,1828.646206,1018.473853,1072.222433
GlcNAc(b1-Sp0,3.492773578,5.145308401,4.171508805,12.58774923
GlcNAc(b1-Sp8,5.2389200989999996,2.33659739,3.7521403039999996,5.011460957
GlcN[Gc](b1-Sp8,6.1605686010000005,8.822769175,15.04658982,5.681935792000001
Gal(b1-4)GlcNAc(b1-6)[Gal(b1-4)GlcNAc(b1-3)]GalNAc(a1-Sp8,9.028588066000001,6.784696919,5.47818385,13.3097122
Gal(b1-4)GlcNAc(b1-6)[Gal(b1-4)GlcNAc(b1-3)]GalNAc(a1-Sp14,4.0368767210000005,3.54139214,14.90613479,17.27765903
GlcNAc(b1-6)[GlcNAc(b1-4)][GlcNAc(b1-3)]GlcNAc(a1-Sp8,11.43866939,4.0532716419999995,7.394536733,16.68070092
6S(3S)Gal(b1-4)(6S)GlcNAc(b1-Sp0,9.659523282,6.451772169,5.075924529,7.872234092999999
6S(3S)Gal(b1-4)GlcNAc(b1-Sp0,16.0751311,5.970656203,11.66156953,19.46899766
(3S)Gal(b1-4)[Fuc(a1-3)](6S)Glc(a1-Sp0,9.279247046,7.713312309,11.44948087,16.18464168
(3S)Gal(b1-4)Glc(b1-Sp8,8.465753383,3.257338732,8.520377851000001,6.213831107000001
(3S)Gal(b1-4)(6S)Glc(b1-Sp0,7.2815148579999995,4.990455107,5.305501533,11.67641122
(3S)Gal(b1-4)(6S)Glc(b1-Sp8,5.4884083,13.12245149,3.47566882,2.239785562
(3S)Gal(b1-3)[Fuc(a1-4)]GlcNAc(b1-Sp8,2.841202022,3.7520655830000003,11.3842062,7.34257873
(3S)Gal(b1-3)GalNAc(a1-Sp8,9.081766409,6.345181107999999,19.03694475,12.55983211
(3S)Gal(b1-3)GlcNAc(b1-Sp0,5.48135608,10.06065845,3.855438978,0.949384118
(3S)Gal(b1-3)GlcNAc(b1-Sp8,7.818785717999999,0.648254983,16.055212599999994,5.666985791
(3S)Gal(b1-4)[Fuc(a1-3)]GlcNAc(a1-Sp0 ,3.618515912,4.998195771000001,6.247100487000001,5.395976276
(3S)Gal(b1-4)[Fuc(a1-3)]GlcNAc(a1-Sp8,6.315262859,3.215826172,11.61401954,1.164869363
(3S)Gal(b1-4)(6S)GlcNAc(b1-Sp0,3.8775197319999997,4.297546306,6.184903843,22.10452164
(3S)Gal(b1-4)(6S)GlcNAc(b1-Sp8,3.303149257,7.159423454,14.07220994,9.251545768
(3S)Gal(b1-4)GlcNAc(b1-Sp0,10.92936857,7.092490806,9.219371944,7.469419802999999
(3S)Gal(b1-4)GlcNAc(b1-Sp8,4.770460024,4.262348762,7.653416686,6.550585511
(3S)Gal(b1-Sp8,3.6685478469999997,3.1569531860000004,13.59203838,5.581436556
(6S)(4S)Gal(b1-4)GlcNAc(b1-Sp0,2.712784177,9.398765806,7.694610891,4.135989986
(4S)Gal(b1-4)GlcNAc(b1-Sp8,2.285094338,0.852752607,9.309887191,2.456697128
(6P)Man(a1-Sp8,5.647720825,5.423573226,1.996636679,4.203014312
(6S)Gal(b1-4)Glc(b1-Sp0,13.44422329,1.312537724,18.30636855,1.064934316
(6S)Gal(b1-4)Glc(b1-Sp8,6.488505825,19.35041439,4.643739956,9.695685892
(6S)Gal(b1-4)GlcNAc(b1-Sp8,7.23332209,8.770374607,4.595342859,5.839319163
(6S)Gal(b1-4)(6S)Glc(b1-Sp8,34.69324407,6.2891978029999995,5.0143506030000005,4.259257594
Neu5Ac(a2-3)(6S)Gal(b1-4)GlcNAc(b1-Sp8,6.180436431,4.885308695,8.021563002999999,3.827834376
(6S)GlcNAc(b1-Sp8,13.55131097,37.42780425,8.912337419,9.417142631
"Neu5,9Ac2(a1-Sp8",9.041955906,6.8586811370000005,2.674849511,7.265600752999999
"Neu5,9Ac2(a2-6)Gal(b1-4)GlcNAc(b1-Sp8",3.02922519,2.297671738,6.5395346110000006,14.82456178
Man(a1-6)[Man(a1-3)]Man(b1-4)GlcNAc(b1-4)GlcNAc(b1-Sp12,8.270770795,10.19176967,7.1370227129999995,10.60773177
Man(a1-6)[Man(a1-3)]Man(b1-4)GlcNAc(b1-4)GlcNAc(b1-Sp13,12.64857371,13.55133676,13.42064666,7.460607972000001
GlcNAc(b1-2)Man(a1-6)[GlcNAc(b1-2)Man(a1-3)]Man(b1-4)GlcNAc(b1-4)GlcNAc(b1-Sp12,2.09342051,4.892209308,2.2869085819999997,24.55230697
GlcNAc(b1-2)Man(a1-6)[GlcNAc(b1-2)Man(a1-3)]Man(b1-4)GlcNAc(b1-4)GlcNAc(b1-Sp13,6.188090183,6.2201428760000015,3.004329185,1.153735309
Gal(b1-4)GlcNAc(b1-2)Man(a1-6)[Gal(b1-4)GlcNAc(b1-2)Man(a1-3)]Man(b1-4)GlcNAc(b1-4)GlcNAc(b1-Sp12,6.707350719,1.165327946,6.03328756,11.04994854
Neu5Ac(a2-6)Gal(b1-4)GlcNAc(b1-2)Man(a1-6)[Neu5Ac(a2-6)Gal(b1-4)GlcNAc(b1-2)Man(a1-3)]Man(b1-4)GlcNAc(b1-4)GlcNAc(b1-Sp12,10.02530286,12.57346751,2.344378685,4.618893551
Neu5Ac(a2-6)Gal(b1-4)GlcNAc(b1-2)Man(a1-6)[Neu5Ac(a2-6)Gal(b1-4)GlcNAc(b1-2)Man(a1-3)]Man(b1-4)GlcNAc(b1-4)GlcNAc(b1-Sp13,4.484684615,5.534748844,8.323456672999999,6.002308692000001
Neu5Ac(a2-6)Gal(b1-4)GlcNAc(b1-2)Man(a1-6)[Neu5Ac(a2-6)Gal(b1-4)GlcNAc(b1-2)M(an-a)(a1-3)]Man(b1-4)GlcNAc(b1-4)GlcNAc(b1-Sp21,1.7762168809999999,6.439631335,16.23838161,4.194154332
Neu5Ac(a2-6)Gal(b1-4)GlcNAc(b1-2)Man(a1-6)[Neu5Ac(a2-6)Gal(b1-4)GlcNAc(b1-2)Man(a1-3)]Man(b1-4)GlcNAc(b1-4)GlcNAc(b1-Sp24,6.425074034,8.101955957000001,12.55794381,7.930127781
Fuc(a1-2)Gal(b1-3)GalNAc(b1-3)Gal(a1-Sp9,17.11495022,10.8778968,9.321760102,11.85455692
Fuc(a1-2)Gal(b1-3)GalNAc(b1-3)Gal(a1-4)Gal(b1-4)Glc(b1-Sp9,10.23546822,2.425746374,2.977419072,4.620301703
Fuc(a1-2)Gal(b1-3)[Fuc(a1-4)]GlcNAc(b1-Sp8,4.208345857,3.9905157719999997,5.360093904,8.67527414
Fuc(a1-2)Gal(b1-3)GalNAc(a1-Sp8,4.91009666,4.512379657,4.577941303,5.408298768
Fuc(a1-2)Gal(b1-3)GalNAc(a1-Sp14,2.134218149,9.201818807999999,3.207799222,3.061451646
Fuc(a1-2)Gal(b1-3)GalNAc(b1-4)[Neu5Ac(a2-3)]Gal(b1-4)Glc(b1-Sp0,10.71353363,1.109196305,4.429055694,9.30981662
Fuc(a1-2)Gal(b1-3)GalNAc(b1-4)[Neu5Ac(a2-3)]Gal(b1-4)Glc(b1-Sp9,4.085964582,3.0528286560000004,1.9711321569999998,3.3347484830000003
Fuc(a1-2)Gal(b1-3)GlcNAc(b1-3)Gal(b1-4)Glc(b1-Sp8,5.3268797569999995,2.7268942889999996,1.82048019,2.8977725860000003
Fuc(a1-2)Gal(b1-3)GlcNAc(b1-3)Gal(b1-4)Glc(b1-Sp10,4.341745751,5.790825104,7.049873444,4.551878416
Fuc(a1-2)Gal(b1-3)GlcNAc(b1-Sp0,10.46993149,5.553862632,5.027642975,5.437948498
Fuc(a1-2)Gal(b1-3)GlcNAc(b1-Sp8,5.105762734,7.768967002,8.822076049,12.34818024
Fuc(a1-2)Gal(b1-4)[Fuc(a1-3)]GlcNAc(b1-3)Gal(b1-4)[Fuc(a1-3)]GlcNAc(b1-Sp0,5.813129428,12.95262269,9.998213525,6.16140199
Fuc(a1-2)Gal(b1-4)[Fuc(a1-3)]GlcNAc(b1-3)Gal(b1-4)[Fuc(a1-3)]GlcNAc(b1-3)Gal(b1-4)[Fuc(a1-3)]GlcNAc(b1-Sp0,9.457716669,1.755326641,5.3180824719999995,2.146321105
Fuc(a1-2)Gal(b1-4)[Fuc(a1-3)]GlcNAc(b1-Sp0,1.726247818,6.075045677,5.888358147999999,11.67788355
Fuc(a1-2)Gal(b1-4)[Fuc(a1-3)]GlcNAc(b1-Sp8,8.363950629,10.96651197,16.96559205,0.703394187
Fuc(a1-2)Gal(b1-4)GlcNAc(b1-3)Gal(b1-4)GlcNAc(b1-Sp0,14.28571733,5.253540007,4.643602738,6.352535569
Fuc(a1-2)Gal(b1-4)GlcNAc(b1-3)Gal(b1-4)GlcNAc(b1-3)Gal(b1-4)GlcNAc(b1-Sp0,11.90269357,9.683347617,4.918967694,6.220548867000001
Fuc(a1-2)Gal(b1-4)GlcNAc(b1-Sp0,11.17875471,8.584089099,1.8718454880000002,6.742747686
Fuc(a1-2)Gal(b1-4)GlcNAc(b1-Sp8,9.982841199,3.6455358939999996,10.85330458,5.466555975
Fuc(a1-2)Gal(b1-4)Glc(b1-Sp0,11.13346711,5.30185028,4.145095184,13.59426492
Fuc(a1-2)Gal(b1-Sp8,3.256083794,13.03879843,14.69265968,14.41797824
Fuc(a1-3)GlcNAc(b1-Sp8,8.308327242,2.6441512680000003,10.19258649,5.962865721
Fuc(a1-4)GlcNAc(b1-Sp8,3.567302752,13.69818116,3.7457099169999997,3.8953528110000004
Fuc(b1-3)GlcNAc(b1-Sp8,9.487147551,7.425983679,5.331926157,14.23444194
GalNAc(a1-3)[Fuc(a1-2)]Gal(b1-3)GlcNAc(b1-Sp0,14.19289954,14.55410539,4.991183005,13.68891445
GalNAc(a1-3)[Fuc(a1-2)]Gal(b1-4)[Fuc(a1-3)]GlcNAc(b1-Sp0,1.989636206,8.44522172,8.647606993,3.705752135
(3S)Gal(b1-4)[Fuc(a1-3)]Glc(b1-Sp0,3.0931542010000004,8.095671474,10.60380467,2.143931888
GalNAc(a1-3)[Fuc(a1-2)]Gal(b1-4)GlcNAc(b1-Sp0,5.472428262999999,9.158862112000001,10.42143414,15.04685418
GalNAc(a1-3)[Fuc(a1-2)]Gal(b1-4)GlcNAc(b1-Sp8,7.600048523,2.378880517,4.79953406,68.29454701
GalNAc(a1-3)[Fuc(a1-2)]Gal(b1-4)Glc(b1-Sp0,2.732303822,2.2785399319999997,4.438985445,19.69976471
GlcNAc(b1-3)Gal(b1-3)GalNAc(a1-Sp8,16.68130337,3.5861405239999997,5.5564080260000015,10.54381624
GalNAc(a1-3)[Fuc(a1-2)]Gal(b1-Sp8,3.854235977,3.3092050410000002,7.664383097999999,21.67011161
GalNAc(a1-3)[Fuc(a1-2)]Gal(b1-Sp18,5.08388535,2.365039012,9.868184999,134.4162498
GalNAc(a1-3)GalNAc(b1-Sp8,4.073411753999999,12.65891994,16.03631822,1300.344637
GalNAc(a1-3)Gal(b1-Sp8,127.88302069999999,697.4252061000003,2338.369062,2883.725149
GalNAc(a1-4)[Fuc(a1-2)]Gal(b1-4)GlcNAc(b1-Sp8,10.94775835,5.688089286,32.00787227,654.8069555
GalNAc(b1-3)GalNAc(a1-Sp8,1.488082857,2.942773442,5.302502355,9.555722456
GalNAc(b1-3)[Fuc(a1-2)]Gal(b1-Sp8,38.75398781,410.96056960000004,1462.324404,5670.125057
GalNAc(b1-3)Gal(a1-4)Gal(b1-4)GlcNAc(b1-Sp0,25.41621163,151.5416095,1445.187134,2042.3199670000001
GalNAc(b1-4)[Fuc(a1-3)]GlcNAc(b1-Sp0,4.078891135,7.10156922,2.8792792510000003,2.755963847
GalNAc(b1-4)GlcNAc(b1-Sp0,119.9373102,759.5639437000003,815.47684,1330.672695
GalNAc(b1-4)GlcNAc(b1-Sp8,166.94079490000001,769.7464269,1368.263884,889.1756298
Gal(a1-2)Gal(b1-Sp8,13.96273609,1.6694526840000001,7.829525867999999,20.22930699
Gal(a1-3)[Fuc(a1-2)]Gal(b1-3)GlcNAc(b1-Sp0,7.944572715,3.58080262,1.3711059019999998,27.93676944
Gal(a1-3)[Fuc(a1-2)]Gal(b1-3)GlcNAc(b1-Sp8,10.69461577,8.828834361,15.49047104,16.69778583
Gal(a1-3)[Fuc(a1-2)]Gal(b1-4)[Fuc(a1-3)]GlcNAc(b1-Sp0,9.602689707,14.26196558,15.10222441,17.12614455
Gal(a1-3)[Fuc(a1-2)]Gal(b1-4)[Fuc(a1-3)]GlcNAc(b1-Sp8,2.257552783,2.3839898369999997,6.140538418999999,20.51009737
Gal(a1-3)[Fuc(a1-2)]Gal(b1-4)GlcNAc(a1-Sp0,3.9453974260000004,5.337309682,9.417194517,4.510068438999999
Gal(a1-3)[Fuc(a1-2)]Gal(b1-4)Glc(b1-Sp0,1.2232620029999999,12.10795071,5.449916729,7.828232887
Gal(a1-3)[Fuc(a1-2)]Gal(b1-Sp8,5.354318955,2.797444356,5.353384683,2.840695344
Gal(a1-3)[Fuc(a1-2)]Gal(b1-Sp18,5.949685164,4.89899149,11.52277986,5.303691306
Gal(a1-4)[Gal(a1-3)]Gal(b1-4)GlcNAc(b1-Sp8,5.253723189,3.270545792,19.52466312,7.254395213
Gal(a1-3)GalNAc(a1-Sp8,31.75622653,17.06578537,5.966311942000001,22.22475801
Gal(a1-3)GalNAc(a1-Sp16,7.7321192629999995,6.2269436879999995,16.4881889,9.438891566
Gal(a1-3)GalNAc(b1-Sp8,2.572215811,9.516911981,9.335248548,3.187599149
Gal(a1-3)Gal(b1-4)[Fuc(a1-3)]GlcNAc(b1-Sp8,2.807740512,7.0711303,5.263720338,1.7766691559999999
Gal(a1-3)Gal(b1-3)GlcNAc(b1-Sp0,3.207501602,4.882857484,4.914661913,5.4337756760000016
Gal(a1-3)Gal(b1-4)GlcNAc(b1-Sp8,4.832681827,3.142538444,5.412322082,2.953645085
Gal(a1-3)Gal(b1-4)Glc(b1-Sp0,9.579022092999999,9.509955302,3.2554530689999996,21.70702395
Gal(a1-3)Gal(b1-4)Glc(a1-Sp10,3.918619498,5.22620191,5.260324139,7.322049791
Gal(a1-3)Gal(b1-Sp8,8.06751101,9.869812355,8.00864366,7.1268255179999995
Gal(a1-4)[Fuc(a1-2)]Gal(b1-4)GlcNAc(b1-Sp8,6.354746185,5.838808775,12.33583319,10.75040359
Gal(a1-4)Gal(b1-4)GlcNAc(b1-Sp0,10.70013195,11.14566081,11.51811738,15.23785126
Gal(a1-4)Gal(b1-4)GlcNAc(b1-Sp8,9.898424364,4.63842938,6.489943234,7.9895580310000005
Gal(a1-4)Gal(b1-4)Glc(b1-Sp0,18.05081953,15.20513088,9.107159961,4.721657924
Gal(a1-4)GlcNAc(b1-Sp8,8.531858072999999,6.835469115,8.090554178,31.95570569
Gal(a1-6)Glc(b1-Sp8,2.76959508,9.814767389,7.660338887999999,11.10426936
Gal(b1-2)Gal(b1-Sp8,20.94226471,8.610552052000001,1.843528747,18.01540383
Gal(b1-3)[Fuc(a1-4)]GlcNAc(b1-3)Gal(b1-4)[Fuc(a1-3)]GlcNAc(b1-Sp0,22.33454327,4.241077234,4.556698741,5.251745454
Gal(b1-3)[Fuc(a1-4)]GlcNAc(b1-3)Gal(b1-4)GlcNAc(b1-Sp0,6.341121107999999,6.808615722000001,4.602857988999999,1.4276140169999998
Gal(b1-3)[Fuc(a1-4)]GlcNAc(a1-Sp0,7.966615029,6.7133832579999995,1.087290693,5.277066478
Gal(b1-3)[Fuc(a1-4)]GlcNAc(a1-Sp8 ,5.233934986,8.041731039,1.458759959,2.526370665
Fuc(a1-4)[Gal(b1-3)]GlcNAc(b1-Sp8,10.73139116,6.581285966,6.3778605960000005,5.676382661
Gal(b1-4)GlcNAc(b1-6)GalNAc(a1-Sp8,1.8969485609999999,5.24710705,1.785013514,7.897665412
Gal(b1-4)GlcNAc(b1-6)GalNAc(a1-Sp14,3.141440919,5.609924405,9.375537134,5.0259953269999995
GlcNAc(b1-6)[Gal(b1-3)]GalNAc(a1-Sp8,4.45346302,3.0956311380000003,11.73872192,9.57855368
GlcNAc(b1-6)[Gal(b1-3)]GalNAc(a1-Sp14,2.238015163,1.7475079880000002,10.17808514,3.130207253
Neu5Ac(a2-6)[Gal(b1-3)]GalNAc(a1-Sp8,5.7140569160000005,10.04149309,4.747882775,1.879094417
Neu5Ac(a2-6)[Gal(b1-3)]GalNAc(a1-Sp14,4.060332355,2.995090825,5.4196064160000015,9.71206438
Neu5Ac(b2-6)[Gal(b1-3)]GalNAc(a1-Sp8,6.08983643,5.94108879,1.527868534,9.860456086000001
Neu5Ac(a2-6)[Gal(b1-3)]GlcNAc(b1-4)Gal(b1-4)Glc(b1-Sp10,4.3287774310000025,5.656489955,1.745832881,4.581481739
Gal(b1-3)GalNAc(a1-Sp8,4.485722212,7.289918707000001,2.38215607,7.044166402
Gal(b1-3)GalNAc(a1-Sp14,8.962145064,7.570928747999999,3.948655123,9.662172351
Gal(b1-3)GalNAc(a1-Sp16,18.35539738,12.15434769,1.576782044,22.55371657
Gal(b1-3)GalNAc(b1-Sp8,6.262760051,10.56111454,11.01824843,13.77429656
Gal(b1-3)GalNAc(b1-3)Gal(a1-4)Gal(b1-4)Glc(b1-Sp0,9.515099354,0.970374321,2.8330180339999997,8.627931528
Gal(b1-3)GalNAc(b1-4)[Neu5Ac(a2-3)]Gal(b1-4)Glc(b1-Sp0,7.961277168,2.000133799,23.72168787,3.8808481739999996
Gal(b1-3)GalNAc(b1-4)Gal(b1-4)Glc(b1-Sp8,6.2924952560000005,11.93358105,6.169613749,12.13392226
Gal(b1-3)Gal(b1-Sp8,4.898356746,7.321042156,2.7417592969999998,15.82245921
Gal(b1-3)GlcNAc(b1-3)Gal(b1-4)GlcNAc(b1-Sp0,3.629058229,2.585471421,6.587860427000001,3.8330865430000003
Gal(b1-3)GlcNAc(b1-3)Gal(b1-4)Glc(b1-Sp10,15.20114945,8.5686166,7.14312231,3.036812327
Gal(b1-3)GlcNAc(b1-Sp0,10.76810878,9.184393585,10.43434868,11.19762156
Gal(b1-3)GlcNAc(b1-Sp8,8.118427599,7.982772229,10.17689434,5.72021279
Gal(b1-4)[Fuc(a1-3)]GlcNAc(b1-Sp0,2.6595230969999997,8.18397266,5.301966769,11.17243075
Gal(b1-4)[Fuc(a1-3)]GlcNAc(b1-Sp8,18.34248983,5.2071134269999995,7.3998683189999985,11.42726524
Gal(b1-4)[Fuc(a1-3)]GlcNAc(b1-4)Gal(b1-4)[Fuc(a1-3)]GlcNAc(b1-Sp0,4.118140838,5.863329819,2.952413719,7.09260437
Gal(b1-4)[Fuc(a1-3)]GlcNAc(b1-4)Gal(b1-4)[Fuc(a1-3)]GlcNAc(b1-4)Gal(b1-4)[Fuc(a1-3)]GlcNAc(b1-Sp0,5.603245404,3.190262917,5.690104289,4.990992574
Gal(b1-4)(6S)Glc(b1-Sp0,1.479352075,4.73974997,3.6188892239999997,7.353776801
Gal(b1-4)(6S)Glc(b1-Sp8,9.625101779,3.572154775,8.786602576,12.29595213
Gal(b1-4)GalNAc(a1-3)[Fuc(a1-2)]Gal(b1-4)GlcNAc(b1-Sp8,6.209195798,5.452068307,6.2312139539999984,7.2537606860000015
Gal(b1-4)GalNAc(b1-3)[Fuc(a1-2)]Gal(b1-4)GlcNAc(b1-Sp8,5.636329169,6.0490883989999995,4.823412386,9.695969138999999
Gal(b1-4)GlcNAc(b1-3)GalNAc(a1-Sp8,6.7004072379999995,3.961183824,3.9540917330000003,14.28914545
Gal(b1-4)GlcNAc(b1-3)GalNAc(a1-Sp14,3.4535847439999996,9.995652813,7.4890417010000006,8.498677752
Gal(b1-4)GlcNAc(b1-3)Gal(b1-4)[Fuc(a1-3)]GlcNAc(b1-3)Gal(b1-4)[Fuc(a1-3)]GlcNAc(b1-Sp0,2.66886482,4.406119642,7.07166638,5.312361063
Gal(b1-4)GlcNAc(b1-3)Gal(b1-4)GlcNAc(b1-3)Gal(b1-4)GlcNAc(b1-Sp0,7.140438603,1.0348763890000001,6.591499464,2.824128095
Gal(b1-4)GlcNAc(b1-3)Gal(b1-4)GlcNAc(b1-Sp0,7.207984972,5.312546532,3.061759038,7.375529521
Gal(b1-4)GlcNAc(b1-3)Gal(b1-4)Glc(b1-Sp0,5.809109943999999,6.196581388999999,6.7065291579999995,5.544777535
Gal(b1-4)GlcNAc(b1-3)Gal(b1-4)Glc(b1-Sp8,3.4829009010000003,4.379160328,7.324110642999999,16.98780619
Gal(b1-4)GlcNAc(b1-6)[Gal(b1-3)]GalNAc(a1-Sp8,4.046677392,3.756470901,9.589136,14.46449938
Gal(b1-4)GlcNAc(b1-6)[Gal(b1-3)]GalNAc(a1-Sp14,4.937386605,4.45571631,13.82651842,16.12116771
Gal(b1-4)GlcNAc(b1-Sp0,45.30070744,2.269462458,7.584339746,13.8364465
Gal(b1-4)GlcNAc(b1-Sp8,4.522724858999999,2.302527971,6.186388395,25.58914982
Gal(b1-4)GlcNAc(b1-Sp23,8.615863753,4.749040593999999,4.177740114,3.145895111
Gal(b1-4)Glc(b1-Sp0,4.307899713,1.537381343,6.0280557429999995,38.85099449
Gal(b1-4)Glc(b1-Sp8,7.955144781,3.786079275,0.757384065,21.61909707
GlcNAc(a1-3)Gal(b1-4)GlcNAc(b1-Sp8,5.424300876,14.06162774,4.334456891,8.895509498
GlcNAc(a1-6)Gal(b1-4)GlcNAc(b1-Sp8,5.955413002,7.073882594,6.347667424,8.805278821
GlcNAc(b1-2)Gal(b1-3)GalNAc(a1-Sp8,8.005027181,6.979002691,14.27539895,2.868191605
GlcNAc(b1-6)[GlcNAc(b1-3)]GalNAc(a1-Sp8,5.72867558,4.945950237,3.6840353880000003,3.645335358
GlcNAc(b1-6)[GlcNAc(b1-3)]GalNAc(a1-Sp14,10.74244101,3.07837171,2.341838165,4.106403059
GlcNAc(b1-6)[GlcNAc(b1-3)]Gal(b1-4)GlcNAc(b1-Sp8,6.456171586,11.45704957,8.339771322,3.496922568
GlcNAc(b1-3)GalNAc(a1-Sp8,5.41547201,1.153835102,1.273775633,12.13274114
GlcNAc(b1-3)GalNAc(a1-Sp14,3.066622123,10.18780676,13.2005809,15.12662606
GlcNAc(b1-3)Gal(b1-Sp8,6.176900787999999,6.393263435,11.58607185,3.056455713
GlcNAc(b1-3)Gal(b1-4)GlcNAc(b1-Sp0,5.378586285,7.0311013560000015,9.530226413,4.594396338999999
GlcNAc(b1-3)Gal(b1-4)GlcNAc(b1-Sp8,7.07146793,3.893391054,4.429297832,10.70813431
GlcNAc(b1-3)Gal(b1-4)GlcNAc(b1-3)Gal(b1-4)GlcNAc(b1-Sp0,4.10662536,4.085717221,9.33025873,7.551735234
GlcNAc(b1-3)Gal(b1-4)Glc(b1-Sp0,9.743007858,3.3775448110000004,4.182794595,3.797105433
GlcNAc(b1-4)(a1-MDPLys,11.69217152,5.068976453,2.63542607,5.018394485
GlcNAc(b1-6)[GlcNAc(b1-4)]GalNAc(a1-Sp8,2.0238797490000002,7.0366309560000015,10.51977269,10.81239394
GlcNAc(b1-4)Gal(b1-4)GlcNAc(b1-Sp8,11.33641401,7.792046817,2.954393402,1.5730649330000002
GlcNAc(b1-4)GlcNAc(b1-4)GlcNAc(b1-4)GlcNAc(b1-4)GlcNAc(b1-4)GlcNAc(b1-Sp8,5.5598643160000005,7.644997445,1.820107331,3.358941747
GlcNAc(b1-4)GlcNAc(b1-4)GlcNAc(b1-4)GlcNAc(b1-4)GlcNAc(b1-Sp8,19.53932008,2.99060305,4.523950355,10.4595933
GlcNAc(b1-4)GlcNAc(b1-4)GlcNAc(b1-Sp8,3.0952204539999997,7.335978901,4.627663763999999,10.34431611
GlcNAc(b1-6)GalNAc(a1-Sp8,12.30256881,2.493944885,10.10948477,41.39922756
GlcNAc(b1-6)GalNAc(a1-Sp14,6.4279131110000005,11.68364547,6.675389676,10.24548058
GlcNAc(b1-6)Gal(b1-4)GlcNAc(b1-Sp8,4.552820735,10.47213599,12.0864769,7.166069242000001
Glc(a1-4)Glc(b1-Sp8,19.59611515,4.267409023,6.934590504,9.204227936
Glc(a1-4)Glc(a1-Sp8,6.29385608,4.949793375,3.934829146,5.288188594
Glc(a1-6)Glc(a1-6)Glc(b1-Sp8,5.620612024,4.446782048,4.376450891,1.2863565559999999
Glc(b1-4)Glc(b1-Sp8,6.045422246,7.935249757,3.9676139160000004,3.942599672
Glc(b1-6)Glc(b1-Sp8,6.000743543,5.2113797889999995,9.14452996,2.873398505
G-ol(a1-Sp8,2.466021039,1.692015089,7.526866826,10.23920945
GlcA(a1-Sp8,7.090449775,1.90818969,13.24940577,4.712871400000001
GlcA(b1-Sp8,6.627349444,38.33577261,8.624918087000001,25.98751008
GlcA(b1-3)Gal(b1-Sp8,3.564289275,11.44473054,3.866200125,7.496242883
GlcA(b1-6)Gal(b1-Sp8,12.66010773,7.439709195,4.321204748,11.05335886
KDN(a2-3)Gal(b1-3)GlcNAc(b1-Sp0,10.56672725,7.367284662,2.9473189630000003,4.818671411
KDN(a2-3)Gal(b1-4)GlcNAc(b1-Sp0,4.3083740939999995,3.728701076,7.913548183,23.53827879
Man(a1-2)Man(a1-2)Man(a1-3)Man(a1-Sp9,4.009707213,5.148889163,14.79883425,1.999165246
Man(a1-2)Man(a1-6)[Man(a1-2)Man(a1-3)]Man(a1-Sp9,4.565364648,9.491541838,3.4143804269999998,2.739140584
Man(a1-2)Man(a1-3)Man(a1-Sp9,7.281934793,4.061954388999999,4.9452487210000005,8.094422696
Man(a1-6)[Man(a1-2)Man(a1-3)]Man(a1-6)[Man(a1-2)Man(a1-3)]Man(b1-4)GlcNAc(b1-4)GlcNAc(b1-Sp12,7.263151696,2.530948173,7.9091422489999985,2.530668924
Man(a1-2)Man(a1-6)[Man(a1-3)]Man(a1-6)[Man(a1-2)Man(a1-2)Man(a1-3)]Man(b1-4)GlcNAc(b1-4)GlcNAc(b1-Sp12,1.9322903580000002,4.0019675160000014,7.595978839,10.13145998
Man(a1-2)Man(a1-6)[Man(a1-2)Man(a1-3)]Man(a1-6)[Man(a1-2)Man(a1-2)Man(a1-3)]Man(b1-4)GlcNAc(b1-4)GlcNAc(b1-Sp12,8.417525027,5.670620676,24.60932556,10.52037447
Man(a1-6)[Man(a1-3)]Man(a1-Sp9,8.513275429,10.49000199,17.43684503,3.4828997139999998
Man(a1-2)Man(a1-2)Man(a1-6)[Man(a1-3)]Man(a1-Sp9,2.9939564880000002,1.739313264,8.984193158,3.725542121
Man(a1-6)[Man(a1-3)]Man(a1-6)[Man(a1-2)Man(a1-3)]Man(b1-4)GlcNAc(b1-4)GlcNAc(b1-Sp12,25.41983098,23.99869593,22.32040248,14.15680599
Man(a1-6)[Man(a1-3)]Man(a1-6)[Man(a1-3)]Man(b1-4)GlcNAc(b1-4)GlcNAc(b1-Sp12,10.40438584,10.91314487,3.21254409,7.0294848
Man(b1-4)GlcNAc(b1-Sp0,6.137781049,8.426112676,9.315320206,6.596842773
Neu5Ac(a2-3)Gal(b1-4)GlcNAc(b1-3)Gal(b1-4)[Fuc(a1-3)]GlcNAc(b1-Sp0,6.938397257999999,0.920714811,5.9181103760000004,4.479425582
(3S)Gal(b1-4)[Fuc(a1-3)](6S)GlcNAc(b1-Sp8,9.352991393,5.245924512,6.949617677000001,2.9346214919999998
Fuc(a1-2)(6S)Gal(b1-4)GlcNAc(b1-Sp0,4.912109749,1.6751420680000002,4.527473344,4.027807605
Fuc(a1-2)Gal(b1-4)(6S)GlcNAc(b1-Sp8,6.494793675,2.426609328,4.494708019,14.58475919
Fuc(a1-2)(6S)Gal(b1-4)(6S)Glc(b1-Sp0,4.09106017,16.464982199999998,5.872177506,1.014903468
Neu5Ac(a2-3)Gal(b1-3)GalNAc(a1-Sp8,4.695339201,25.74810333,5.273348379,2.594869658
Neu5Ac(a2-3)Gal(b1-3)GalNAc(a1-Sp14,5.589855356,3.867622949,4.073592582,4.141113863
GalNAc(b1-4)[Neu5Ac(a2-8)Neu5Ac(a2-8)Neu5Ac(a2-8)Neu5Ac(a2-3)]Gal(b1-4)Glc(b1-Sp0,7.613087151,2.354738232,18.8409102,91.02081952
GalNAc(b1-4)[Neu5Ac(a2-8)Neu5Ac(a2-8)Neu5Ac(a2-3)]Gal(b1-4)Glc(b1-Sp0,7.0443426339999995,3.6442604760000004,20.51422021,160.74094630000005
Neu5Ac(a2-8)Neu5Ac(a2-8)Neu5Ac(a2-3)Gal(b1-4)Glc(b1-Sp0,4.815629523,3.574855587,5.6208690589999994,2.50084499
GalNAc(b1-4)[Neu5Ac(a2-8)Neu5Ac(a2-3)]Gal(b1-4)Glc(b1-Sp0,10.92114923,89.11022687,477.90149230000003,366.5434396
Neu5Ac(a2-8)Neu5Ac(a2-8)Neu5Ac(a1-Sp8,3.614715258,2.390575966,4.535647443,2.695494698
Neu5Ac(a2-3)(6S)Gal(b1-4)[Fuc(a1-3)]GlcNAc(b1-Sp8,15.52311854,5.134328562,3.3965659089999996,14.94325311
GalNAc(b1-4)[Neu5Ac(a2-3)]Gal(b1-4)GlcNAc(b1-Sp0,7.143191889,16.94769606,125.2485398,709.3466567
GalNAc(b1-4)[Neu5Ac(a2-3)]Gal(b1-4)GlcNAc(b1-Sp8,4.570735737,23.50269153,128.3238803,438.8410937
GalNAc(b1-4)[Neu5Ac(a2-3)]Gal(b1-4)Glc(b1-Sp0,4.779836305,20.12727528,441.59573550000016,2117.143376
Neu5Ac(a2-3)Gal(b1-3)GalNAc(b1-4)[Neu5Ac(a2-3)]Gal(b1-4)Glc(b1-Sp0,6.6255145970000004,6.796474919,8.987487565,10.23893291
Neu5Ac(a2-6)[Neu5Ac(a2-3)]GalNAc(a1-Sp8,11.7774859,4.286671151,3.9501202419999997,19.90923082
Neu5Ac(a2-3)GalNAc(a1-Sp8,2.426094257,6.648582994,6.972274615,6.7091439920000004
Neu5Ac(a2-3)GalNAc(b1-4)GlcNAc(b1-Sp0,14.35049215,6.1398396570000005,4.617083132,3.11197503
Neu5Ac(a2-3)Gal(b1-3)(6S)GlcNAc(a1-Sp8,13.44049986,2.447773476,9.005941651,19.64438063
Neu5Ac(a2-3)Gal(b1-3)[ Fuc(a1-4)]GlcNAc(b1-Sp8,3.4943862360000004,2.409830178,2.197368214,11.5510897
Neu5Ac(a2-3)Gal(b1-3)[Fuc(a1-4)]GlcNAc(b1-3)Gal(b1-4)[Fuc(a1-3)]GlcNAc(b1-Sp0,1.905163434,12.38473133,16.68041849,9.770084302999999
Neu5Ac(a2-3)Gal(b1-4)[Neu5Ac(a2-3)Gal(b1-3)]GlcNAc(b1-Sp8,19.21066256,6.992342034,5.201358041000001,7.1762871960000005
Neu5Ac(a2-3)Gal(b1-3)(6S)GalNAc(a1-Sp8,5.950162692,8.390602898,10.98052706,2.167845539
Neu5Ac(a2-6)[Neu5Ac(a2-3)Gal(b1-3)]GalNAc(a1-Sp8,5.3904929489999995,14.34434451,9.235765601,8.35065587
Neu5Ac(a2-6)[Neu5Ac(a2-3)Gal(b1-3)]GalNAc(a1-Sp14,8.159750723,3.460928837,14.97447927,13.56140737
Neu5Ac(a2-3)Gal(b1-Sp8,10.79819157,3.2551691989999996,6.855095945,12.73680609
Neu5Ac(a2-3)Gal(b1-3)GalNAc(b1-3)Gal(a1-4)Gal(b1-4)Glc(b1-Sp0,7.126936937000001,16.54598554,8.676647121,12.41962626
Neu5Ac(a2-3)Gal(b1-3)GlcNAc(b1-3)Gal(b1-4)GlcNAc(b1-Sp0,2.775054748,8.184689921,0.9530080190000001,12.52701346
Fuc(a1-2)(6S)Gal(b1-4)Glc(b1-Sp0,4.6122116989999995,7.356106994,5.142173947,9.033951436
Neu5Ac(a2-3)Gal(b1-3)GlcNAc(b1-Sp0,5.8136891120000005,19.34260575,9.136195213999999,7.560389463
Neu5Ac(a2-3)Gal(b1-3)GlcNAc(b1-Sp8,7.558953226,1.423656403,4.445353692,6.321503431
Neu5Ac(a2-3)Gal(b1-4)(6S)GlcNAc(b1-Sp8,9.975112513,6.389739617999999,3.7677502310000004,5.416784152000001
Neu5Ac(a2-3)Gal(b1-4)[Fuc(a1-3)](6S)GlcNAc(b1-Sp8,2.798911954,2.531315827,18.71822941,11.64120611
Neu5Ac(a2-3)Gal(b1-4)[Fuc(a1-3)]GlcNAc(b1-3)Gal(b1-4)[Fuc(a1-3)]GlcNAc(b1-3)Gal(b1-4)[Fuc(a1-3)]GlcNAc(b1-Sp0,4.2411773230000005,7.111166969,3.976082481,2.830480449
Neu5Ac(a2-3)Gal(b1-4)[Fuc(a1-3)]GlcNAc(b1-Sp0,2.3069894619999998,2.52386827,7.803125505,3.210270944
Neu5Ac(a2-3)Gal(b1-4)[Fuc(a1-3)]GlcNAc(b1-Sp8,12.23381134,13.37795666,3.6360429560000003,8.828227594
Neu5Ac(a2-3)Gal(b1-4)[Fuc(a1-3)]GlcNAc(b1-3)Gal(b1-Sp8,1.685228165,6.247589484,3.9757909139999996,5.923316185
Neu5Ac(a2-3)Gal(b1-4)[Fuc(a1-3)]GlcNAc(b1-3)Gal(b1-4)GlcNAc(b1-Sp8,13.414369,21.83243119,6.847367677,15.00810771
Neu5Ac(a2-3)Gal(b1-4)GlcNAc(b1-3)Gal(b1-4)GlcNAc(b1-3)Gal(b1-4)GlcNAc(b1-Sp0,1.455552318,7.084859327,9.05396556,9.428066624
Neu5Ac(a2-3)Gal(b1-4)GlcNAc(b1-Sp0,4.0354710869999995,5.744090705,3.753169077,4.273803869
Neu5Ac(a2-3)Gal(b1-4)GlcNAc(b1-Sp8,13.36191956,2.80961083,5.096811555,4.704358526
Neu5Ac(a2-3)Gal(b1-4)GlcNAc(b1-3)Gal(b1-4)GlcNAc(b1-Sp0,1.075953526,12.73793886,9.026619396000001,7.3267144129999995
Fuc(a1-2)Gal(b1-4)(6S)Glc(b1-Sp0,9.995811825,3.923272994,9.985491162999999,10.779958599999999
Neu5Ac(a2-3)Gal(b1-4)Glc(b1-Sp0,10.0668007,5.426148597,47.82377475,3.724246846
Neu5Ac(a2-3)Gal(b1-4)Glc(b1-Sp8,3.021643253,9.148892615,14.4573781,11.0949552
Neu5Ac(a2-6)GalNAc(a1-Sp8,6.75374105,1.697448569,4.2085439639999995,3.243777021
Neu5Ac(a2-6)GalNAc(b1-4)GlcNAc(b1-Sp0,12.42198218,6.05428909,7.900453664,4.598619811
Neu5Ac(a2-6)Gal(b1-4)(6S)GlcNAc(b1-Sp8,1.4795270109999998,8.469820653,3.3040803210000003,8.881375637
Neu5Ac(a2-6)Gal(b1-4)GlcNAc(b1-Sp0,16.86325215,4.952598325,7.137572079,3.186640198
Neu5Ac(a2-6)Gal(b1-4)GlcNAc(b1-Sp8,7.4351117879999995,8.08974867,5.537807677999999,4.877508878
Neu5Ac(a2-6)Gal(b1-4)GlcNAc(b1-3)Gal(b1-4)[Fuc(a1-3)]GlcNAc(b1-3)Gal(b1-4)[Fuc(a1-3)]GlcNAc(b1-Sp0,3.1815555580000003,6.334286444,6.601505637000001,11.31476078
Neu5Ac(a2-6)Gal(b1-4)GlcNAc(b1-3)Gal(b1-4)GlcNAc(b1-Sp0,2.0508815190000003,7.4389853960000005,8.185681176000001,1.225714555
Neu5Ac(a2-6)Gal(b1-4)Glc(b1-Sp0,6.296050879,2.69652755,8.653834544,7.863559369
Neu5Ac(a2-6)Gal(b1-4)Glc(b1-Sp8,5.143333987,3.941187727,3.504578315,2.879258306
Neu5Ac(a2-6)Gal(b1-Sp8,7.386784544,3.455315775,6.804274037999999,11.17716373
Neu5Ac(a2-8)Neu5Ac(a1-Sp8,10.53483358,2.590422783,5.152788295,9.977688482000001
Neu5Ac(a2-8)Neu5Ac(a2-3)Gal(b1-4)Glc(b1-Sp0,3.206354984,0.871714764,10.27930412,2.4459870059999997
Gal(b1-3)[Fuc(a1-4)]GlcNAc(b1-3)Gal(b1-3)[Fuc(a1-4)]GlcNAc(b1-Sp0,3.653397001,4.394633405,7.507155403,10.89825069
Neu5Ac(b2-6)GalNAc(a1-Sp8,8.603474811,8.952814745,8.13892109,5.691152449
Neu5Ac(b2-6)Gal(b1-4)GlcNAc(b1-Sp8,3.36286609,4.421496067,9.450681513,5.38082781
Neu5Gc(a2-3)Gal(b1-3)[Fuc(a1-4)]GlcNAc(b1-Sp0,2.8694511169999997,18.05517245,11.55113869,11.34936402
Neu5Gc(a2-3)Gal(b1-3)GlcNAc(b1-Sp0,2.820875735,3.5709432480000003,9.582479917,6.029288812000001
Neu5Gc(a2-3)Gal(b1-4)[Fuc(a1-3)]GlcNAc(b1-Sp0,5.303469988,0.99783055,6.160501421,3.4305546739999997
Neu5Gc(a2-3)Gal(b1-4)GlcNAc(b1-Sp0,4.607269538,5.7082045379999995,11.85082811,2.58433541
Neu5Gc(a2-3)Gal(b1-4)Glc(b1-Sp0,16.228932099999998,12.42075911,2.8499573939999996,25.16875784
Neu5Gc(a2-6)GalNAc(a1-Sp0,20.7276456,5.2638042160000005,3.184586421,14.67774714
Neu5Gc(a2-6)Gal(b1-4)GlcNAc(b1-Sp0,7.929762695,2.990830799,1.397818578,8.105064536
Neu5Gc(a1-Sp8,5.382463396,4.516808579,5.957143051,8.676832651
Neu5Ac(a2-3)Gal(b1-4)GlcNAc(b1-6)[Gal(b1-3)]GalNAc(a1-Sp14,6.32343666,15.91831794,1.577964591,3.2619286080000003
Gal(b1-3)GlcNAc(b1-3)Gal(b1-3)GlcNAc(b1-Sp0,7.6051197010000005,14.95058871,3.777375158,1.8520520480000002
Gal(b1-4)[Fuc(a1-3)](6S)GlcNAc(b1-Sp0 ,8.579446658,8.63843437,4.38327727,11.68382115
Gal(b1-4)[Fuc(a1-3)](6S)Glc(b1-Sp0,11.720090800000001,11.90109939,8.417039472999999,10.54367446
Gal(b1-4)[Fuc(a1-3)]GlcNAc(b1-3)Gal(b1-3)[Fuc(a1-4)]GlcNAc(b1-Sp0,8.796590047,3.540620577,9.488203576,13.27703002
Gal(b1-4)GlcNAc(b1-3)Gal(b1-3)GlcNAc(b1-Sp0,12.29411418,5.554012938,7.609906025,15.55795723
Neu5Ac(a2-3)Gal(b1-3)GlcNAc(b1-3)Gal(b1-3)GlcNAc(b1-Sp0,7.9921024,8.646149178,7.3461963689999985,7.018850652999999
Neu5Ac(a2-3)Gal(b1-4)GlcNAc(b1-3)Gal(b1-3)GlcNAc(b1-Sp0,1.724694401,1.904555641,5.208701661,4.779041108
4S(3S)Gal(b1-4)GlcNAc(b1-Sp0,3.8037289710000004,1.819511783,1.117423431,1.559271528
(6S)Gal(b1-4)(6S)GlcNAc(b1-Sp0,4.536176185,4.550758984,2.253309358,7.828429653
(6P)Glc(b1-Sp10,5.5844298760000015,4.974108934,9.880476151,13.52804672
Neu5Ac(a2-3)Gal(b1-4)[Fuc(a1-3)]GlcNAc(b1-6)[Gal(b1-3)]GalNAc(a1-Sp14,12.71603765,3.969076675,7.68114966,9.80068425
Gal(b1-3)Gal(b1-4)GlcNAc(b1-Sp8,2.351447003,5.400065134,8.806492049,13.08368801
Neu5Ac(a2-6)Gal(b1-4)GlcNAc(b1-2)Man(a1-6)[Gal(b1-4)GlcNAc(b1-2)Man(a1-3)]Man(b1-4)GlcNAc(b1-4)GlcNAc(b1-Sp12,7.226013524,11.86061349,6.486925191,3.805629042
Gal(b1-4)GlcNAc(b1-6)[Gal(b1-4)GlcNAc(b1-3)]Gal(b1-4)GlcNAc(a1-Sp0,11.30723642,5.122379846,16.65250493,9.238828404
GlcNAc(b1-6)[Gal(b1-4)GlcNAc(b1-3)]Gal(b1-4)GlcNAc(a1-Sp0,5.807790466,8.063084432,3.3830209210000004,6.050328315
Gal(b1-4)GlcNAc(a1-6)Gal(b1-4)GlcNAc(b1-Sp0,7.939491356,8.320481706,4.707458745,10.99354996
Gal(b1-4)GlcNAc(b1-6)Gal(b1-4)GlcNAc(b1-Sp0,5.525200826,3.732554325,6.346800915,18.79626377
GalNAc(b1-3)Gal(b1-Sp8,14.38318519,72.84654443,543.4817731,1274.610546
GlcA(b1-3)GlcNAc(b1-Sp8,4.354353685,2.857616693,10.01247781,15.21691374
Neu5Ac(a2-6)Gal(b1-4)GlcNAc(b1-2)Man(a1-6)[GlcNAc(b1-2)Man(a1-3)]Man(b1-4)GlcNAc(b1-4)GlcNAc(b1-Sp12,3.582368985,5.626611629,4.502799805,8.676418279
GlcNAc(b1-3)Ma(n1-Sp10,7.324474774,2.9911299789999997,5.3174664730000005,24.4772747
GlcNAc(b1-4)GlcNAc(b1-Sp10,2.454522116,10.07734913,4.386258293,8.473771829
GlcNAc(b1-4)GlcNAc(b1-Sp12,15.77250244,9.233181978,7.786269902000001,2.003153656
MurNAc(b1-4)GlcNAc(b1-Sp10,8.435847544,10.31240692,9.955096079,3.30310435
Man(a1-6)Man(b1-Sp10,7.238688073,8.645204039,7.369225405,16.0810881
Man(a1-6)[Man(a1-3)]Man(a1-6)[Man(a1-3)]Man(b1-Sp10,8.091784029,2.9483487619999997,6.8107154770000005,7.756895085
Man(a1-2)Man(a1-6)[Man(a1-3)]Man(a1-6)[Man(a1-2)Man(a1-2)Man(a1-3)]Man(a1-Sp9,3.9689689739999996,3.0743842619999997,8.112538138,6.4663734139999995
Man(a1-2)Man(a1-6)[Man(a1-2)Man(a1-3)]Man(a1-6)[Man(a1-2)Man(a1-2)Man(a1-3)]Man(a1-Sp9,3.523694587,6.035522318,1.329231634,4.60896661
Neu5Ac(a2-3)Gal(b1-4)GlcNAc(b1-6)[Neu5Ac(a2-3)Gal(b1-3)]GalNAc(a1-Sp14,2.785918585,1.72843784,13.14324545,2.857147622
Neu5Ac(a2-6)Gal(b1-4)GlcNAc(b1-2)Man(a1-6)[Neu5Ac(a2-3)Gal(b1-4)GlcNAc(b1-2)Man(a1-3)]Man(b1-4)GlcNAc(b1-4)GlcNAc(b1-Sp12,11.78467701,6.261204137000001,2.068750259,59.84329608
Gal(b1-4)GlcNAc(b1-2)Man(a1-6)[Neu5Ac(a2-6)Gal(b1-4)GlcNAc(b1-2)Man(a1-3)]Man(b1-4)GlcNAc(b1-4)GlcNAc(b1-Sp12,6.98907527,2.430057859,4.047542233,3.7902526080000003
GlcNAc(b1-2)Man(a1-6)[Neu5Ac(a2-6)Gal(b1-4)GlcNAc(b1-2)Man(a1-3)]Man(b1-4)GlcNAc(b1-4)GlcNAc(b1-Sp12,9.013367557999999,4.194414643,7.49972366,3.272737335
Neu5Ac(a2-8)Neu5Ac(b1-Sp17,10.32626674,2.457331375,6.014395695,30.84987958
Neu5Ac(a2-8)Neu5Ac(a2-8)Neu5Ac(b1-Sp8,17.45712398,3.175373371,5.964003077999999,4.342875154
Neu5Gc(b2-6)Gal(b1-4)GlcNAc(a1-Sp8,25.27332179,2.3627511780000003,6.2402066760000015,4.279920044
Gal(b1-3)GlcNAc(b1-2)Man(a1-6)[Gal(b1-3)GlcNAc(b1-2)Man(a1-3)]Man(b1-4)GlcNAc(b1-4)GlcNAc(b1-Sp19,11.43281422,7.372981396,8.623673845,1.984033428
Neu5Ac(a2-3)Gal(b1-4)GlcNAc(b1-2)Man(a1-6)[Neu5Ac(a2-3)Gal(b1-4)GlcNAc(b1-2)Man(a1-3)]Man(b1-4)GlcNAc(b1-4)GlcNAc(b1-Sp12,10.06247721,7.042278679,8.490201355,3.644720967
Neu5Ac(a2-3)Gal(b1-4)GlcNAc(b1-2)Man(a1-6)[Neu5Ac(a2-6)Gal(b1-4)GlcNAc(b1-2)Man(a1-3)]Man(b1-4)GlcNAc(b1-4)GlcNAc(b1-Sp12,3.59897778,2.937667062,2.832166712,4.688777773
Gal(b1-4)[Fuc(a1-3)]GlcNAc(b1-2)Man(a1-6)[Gal(b1-4)[Fuc(a1-3)]GlcNAc(b1-2)Man(a1-3)]Man(b1-4)GlcNAc(b1-4)GlcNAc(b1-Sp20,11.36162744,11.2950225,5.492352502,13.37666471
"Neu5,9Ac2(a2-3)Gal(b1-4)GlcNAc(b1-Sp0",8.21560625,15.72869048,10.43790896,11.25309682
"Neu5,9Ac2(a2-3)Gal(b1-4)GlcNAc(b1-Sp0",3.18469116,1.237605951,4.951944861,8.720506544
Neu5Ac(a2-6)Gal(b1-4)GlcNAc(b1-3)Gal(b1-3)GlcNAc(b1-Sp0,5.922142887000001,4.7424598,7.030726265,5.6080731870000005
Neu5Ac(a2-3)Gal(b1-3)[Fuc(a1-4)]GlcNAc(b1-3)Gal(b1-3)[Fuc(a1-4)]GlcNAc(b1-Sp0,51.96284352,5.569173148,4.393394772,22.00605165
Neu5Ac(a2-6)Gal(b1-4)GlcNAc(b1-3)Gal(b1-4)GlcNAc(b1-3)Gal(b1-4)GlcNAc(b1-Sp0,10.16530143,5.8774500760000015,2.181050251,4.9725872980000005
Gal(a1-4)Gal(b1-4)GlcNAc(b1-3)Gal(b1-4)Glc(b1-Sp0,2.068657686,11.17253691,4.336608541,16.60871684
GalNAc(b1-3)Gal(a1-4)Gal(b1-4)GlcNAc(b1-3)Gal(b1-4)Glc(b1-Sp0,9.946752837,104.8980866,3297.727329,9558.064988
GalNAc(a1-3)[Fuc(a1-2)]Gal(b1-4)GlcNAc(b1-3)Gal(b1-4)GlcNAc(b1-Sp0,5.427350054,4.154787389,4.537963723,21.62332778
GalNAc(a1-3)[Fuc(a1-2)]Gal(b1-4)GlcNAc(b1-3)Gal(b1-4)GlcNAc(b1-3)Gal(b1-4)GlcNAc(b1-Sp0,17.38453164,27.85658481,4.621039985,28.78679496
Neu5Ac(a2-3)Gal(b1-4)[Fuc(a1-3)]GlcNAc(b1-6)[Neu5Ac(a2-3)Gal(b1-3)]GalNAc(a1-Sp14,4.820619693,6.334392724,11.11421094,13.34644259
GlcNAc(a1-4)Gal(b1-4)GlcNAc(b1-3)Gal(b1-4)GlcNAc(b1-3)Gal(b1-4)GlcNAc(b1-Sp0,6.537842842000001,6.950669498,2.216219385,7.512186376
GlcNAc(a1-4)Gal(b1-4)GlcNAc(b1-Sp0,4.388504408,4.122204115,5.709205226,5.232100041
GlcNAc(a1-4)Gal(b1-3)GlcNAc(b1-Sp0,12.789006599999999,8.601819055,7.0759451460000005,7.467858217000001
GlcNAc(a1-4)Gal(b1-4)GlcNAc(b1-3)Gal(b1-4)Glc(b1-Sp0,5.627378532000001,2.971137812,10.03501238,36.90007911
GlcNAc(a1-4)Gal(b1-4)GlcNAc(b1-3)Gal(b1-4)[Fuc(a1-3)]GlcNAc(b1-3)Gal(b1-4)[Fuc(a1-3)]GlcNAc(b1-Sp0,19.86616103,8.747702976,6.017875967999999,13.52003507
GlcNAc(a1-4)Gal(b1-4)GlcNAc(b1-3)Gal(b1-4)GlcNAc(b1-Sp0,6.801032417999999,5.847785705,14.12528932,11.74201095
GlcNAc(a1-4)Gal(b1-3)GalNAc(a1-Sp14,4.574556111000001,5.072827943,4.59941171,8.456717515
Neu5Ac(a2-6)Gal(b1-4)GlcNAc(b1-2)Man(a1-6)[Man(a1-3)]Man(b1-4)GlcNAc(b1-4)GlcNAc(a1-Sp12,11.78258868,5.368659097,5.662207867999999,4.294194213
Man(a1-6)[Neu5Ac(a2-6)Gal(b1-4)GlcNAc(b1-2)Man(a1-3)]Man(b1-4)GlcNAc(b1-4)GlcNAc(a1-Sp12,3.735179596,9.164317222000001,2.6867496810000002,11.33085829
Neu5Ac(a2-6)Gal(b1-4)GlcNAc(b1-2)Man(a1-6)Man(b1-4)GlcNAc(b1-4)GlcNAc(a1-Sp12,3.958218167,8.978305585,2.359351404,3.976469634
Neu5Ac(a2-6)Gal(b1-4)GlcNAc(b1-2)Man(a1-3)Man(b1-4)GlcNAc(b1-4)GlcNAc(a1-Sp12,10.29386049,4.297601257,2.324905029,7.594101707999999
Gal(b1-4)GlcNAc(b1-2)Man(a1-3)Man(b1-4)GlcNAc(b1-4)GlcNAc(a1-Sp12,2.075242729,9.11292912,7.306609432999999,7.256523847
Gal(b1-4)GlcNAc(b1-2)Man(a1-6)Man(b1-4)GlcNAc(b1-4)GlcNAc(a1-Sp12,14.65052706,4.34805043,5.27858395,5.7290879110000015
Man(a1-6)[Gal(b1-4)GlcNAc(b1-2)Man(a1-3)]Man(b1-4)GlcNAc(b1-4)GlcNAc(b1-Sp12,3.5137048269999998,15.00999011,4.148796226,5.758562218
GlcNAc(b1-2)Man(a1-6)[GlcNAc(b1-2)Man(a1-3)]Man(b1-4)GlcNAc(b1-4)[Fuc(a1-6)]GlcNAc(b1-Sp22,5.0993607789999995,10.82211204,12.59470271,10.123807000000001
Gal(b1-4)GlcNAc(b1-2)Man(a1-6)[Gal(b1-4)GlcNAc(b1-2)Man(a1-3)]Man(b1-4)GlcNAc(b1-4)[Fuc(a1-6)]GlcNAc(b1-Sp22,7.161230842999999,18.14876265,7.940464362,7.127322264
Gal(b1-3)GlcNAc(b1-2)Man(a1-6)[Gal(b1-3)GlcNAc(b1-2)Man(a1-3)]Man(b1-4)GlcNAc(b1-4)[Fuc(a1-6)]GlcNAc(b1-Sp22,18.895340899999997,4.612807495,2.197185544,19.15730096
(6S)GlcNAc(b1-3)Gal(b1-4)GlcNAc(b1-Sp0,6.087114992,12.50561877,9.130296808999999,10.81754811
KDN(a2-3)Gal(b1-4)[Fuc(a1-3)]GlcNAc(a1-Sp0,9.677053074,3.9913940510000003,4.745162289,15.84061359
KDN(a2-6)Gal(b1-4)GlcNAc(a1-Sp0,9.019202644,1.289132041,12.068286099999998,17.64750693
KDN(a2-3)Gal(b1-4)Glc(a1-Sp0,4.59189588,1.349962388,4.932625793,5.999956857999999
KDN(a2-3)Gal(b1-3)GalNAc(a1-Sp14,10.71379669,4.3548397119999995,19.23559491,5.58831245
Fuc(a1-2)Gal(b1-3)GlcNAc(b1-2)Man(a1-6)[Fuc(a1-2)Gal(b1-3)GlcNAc(b1-2)Man(a1-3)]Man(b1-4)GlcNAc(b1-4)GlcNAc(b1-Sp20,4.713948312,2.550770167,6.80829586,12.1697559
Fuc(a1-2)Gal(b1-4)GlcNAc(b1-2)Man(a1-6)[Fuc(a1-2)Gal(b1-4)GlcNAc(b1-2)Man(a1-3)]Man(b1-4)GlcNAc(b1-4)GlcNAc(b1-Sp20,4.2786011330000004,5.6012529110000004,4.775374802,17.80122694
Fuc(a1-2)Gal(b1-4)[Fuc(a1-3)]GlcNAc(b1-2)Man(a1-6)[Fuc(a1-2)Gal(b1-4)[Fuc(a1-3)]GlcNAc(b1-2)Man(a1-3)]Man(b1-4)GlcNAc(b1-4)GlcNA(b1-Sp20,5.2660267439999995,3.023752973,11.08200199,13.55962412
Gal(a1-3)Gal(b1-4)GlcNAc(b1-2)Man(a1-6)[Gal(a1-3)Gal(b1-4)GlcNAc(b1-2)Man(a1-3)]Man(b1-4)GlcNAc(b1-4)GlcNAc(b1-Sp20,4.9479121169999996,7.308517572,0.863262943,24.6798492
Gal(b1-4)GlcNAc(b1-2)Man(a1-6)[Man(a1-3)]Man(b1-4)GlcNAc(b1-4)GlcNAc(b1-Sp12,4.65686495,3.6436717880000002,3.050098269,14.93742744
Fuc(a1-4)[Gal(b1-3)]GlcNAc(b1-2)Man(a1-6)[Fuc(a1-4)[Gal(b1-3)]GlcNAc(b1-2)Man(a1-3)]Man(b1-4)GlcNAc(b1-4)[Fuc(a1-6)]GlcNAc(b1-Sp22,17.89760756,11.19572203,10.40304329,20.5914625
Neu5Ac(a2-6)GlcNAc(b1-4)GlcNAc(a1-Sp21,4.907222078,13.03186491,8.211031551,5.816059792000001
Neu5Ac(a2-6)GlcNAc(b1-4)GlcNAc(b1-4)GlcNAc(a1-Sp21,4.169884066,3.391789455,5.787564399,8.9327481
Gal(b1-4)[Fuc(a1-3)]GlcNAc(b1-6)[Fuc(a1-2)Gal(b1-4)GlcNAc(b1-3)]Gal(b1-4)Glc(a1-Sp21,4.743453327,3.4572960360000002,12.96902983,17.43391195
Gal(b1-4)GlcNAc(b1-2)Man(a1-6)[Gal(b1-4)GlcNAc(b1-4)[Gal(b1-4)GlcNAc(b1-2)]Man(a1-3)]Man(b1-4)GlcNAc(b1-4)GlcNAc(a1-Sp21,14.51757391,12.44416515,5.751348491,13.10935262
GalNAc(a1-3)[Fuc(a1-2)]Gal(b1-4)GlcNAc(b1-2)Man(a1-6)[GalNAc(a1-3)[Fuc(a1-2)]Gal(b1-4)GlcNAc(b1-2)Man(a1-3)]Man(b1-4)GlcNAc(b1-4)GlcNAc(b1-Sp20,4.18341002,1.8951626430000001,2.6408356019999997,4.190334049
Gal(a1-3)[Fuc(a1-2)]Gal(b1-4)GlcNAc(b1-2)Man(a1-6)[Gal(a1-3)[Fuc(a1-2)]Gal(b1-4)GlcNAc(b1-2)Man(a1-3)]Man(b1-4)GlcNAc(b1-4)GlcNAc(b1-Sp20,11.74476559,1.959158035,4.074356016,7.61355209
Gal(a1-3)Gal(b1-4)[Fuc(a1-3)]GlcNAc(b1-2)Man(a1-6)[Gal(a1-3)Gal(b1-4)[Fuc(a1-3)]GlcNAc(b1-2)Man(a1-3)]Man(b1-4)GlcNAc(b1-4)GlcNAc(b1-Sp20,5.045277179,4.391795292,12.09304652,23.00024753
GalNAc(a1-3)[Fuc(a1-2)]Gal(b1-3)GlcNAc(b1-2)Man(a1-6)[GalNAc(a1-3)[Fuc(a1-2)]Gal(b1-3)GlcNAc(b1-2)Man(a1-3)]Man(b1-4)GlcNAc(b1-4)GlcNAc(b1-Sp20,0.467062287,2.7326088019999997,11.09192839,18.02874358
Gal(a1-3)[Fuc(a1-2)]Gal(b1-3)GlcNAc(b1-2)Man(a1-6)[Gal(a1-3)[Fuc(a1-2)]Gal(b1-3)GlcNAc(b1-2)Man(a1-3)]Man(b1-4)GlcNAc(b1-4)GlcNAc(b1-Sp20,4.857099512,10.1430254,3.0410516110000003,11.75284837
Fuc(a1-4)[Fuc(a1-2)Gal(b1-3)]GlcNAc(b1-2)Man(a1-3)[Fuc(a1-4)[Fuc(a1-2)Gal(b1-3)]GlcNAc(b1-2)Man(a1-3)]Man(b1-4)GlcNAc(b1-4)GlcNAc(b1-Sp19,13.41196996,6.683895043,4.9077805230000004,22.38692325
Neu5Ac(a2-3)Gal(b1-4)GlcNAc(b1-3)GalNAc(a1-Sp14,3.3017466489999996,3.210755458,3.652537691,4.160181253
Neu5Ac(a2-6)Gal(b1-4)GlcNAc(b1-3)GalNAc(a1-Sp14,10.32076117,7.192902978999999,9.617935615,31.22918339
Neu5Ac(a2-3)Gal(b1-4)[Fuc(a1-3)]GlcNAc(b1-3)GalNAc(a1-Sp14,19.65740254,5.18800291,16.52590887,26.34112389
GalNAc(b1-4)GlcNAc(b1-2)Man(a1-6)[GalNAc(b1-4)GlcNAc(b1-2)Man(a1-3)]Man(b1-4)GlcNAc(b1-4)GlcNAc(a1-Sp12,309.21163019999995,330.5129915,2163.523463,3662.56921
Gal(b1-3)GalNAc(a1-3)[Fuc(a1-2)]Gal(b1-4)Glc(a1-Sp0,11.173300300000001,9.88017427,6.760857356,2.240512912
Gal(b1-3)GalNAc(a1-3)[Fuc(a1-2)]Gal(b1-4)GlcNAc(a1-Sp0,7.387923582000001,10.89972271,6.090555964,3.01622547
Gal(b1-3)GlcNac(b1-3)Gal(b1-4)GlcNac(b1-6)[Gal(b1-3)GlcNac(b1-3)]Gal(b1-4)Glc(b1-Sp0,8.533465722999999,4.436587671,5.026111282,6.768386122000001
Gal(b1-4)[Fuc(a1-3)]GlcNAc(b1-6)[Gal(b1-3)GlcNAc(b1-3)]Gal(b1-4)Glc(a1-Sp21,6.787412323,17.79290422,8.580171955,6.2719409939999995
Gal(b1-4)GlcNAc(b1-6)[Fuc(a1-4)[Fuc(a1-2)Gal(b1-3)]GlcNAc(b1-3)]Gal(b1-4)Glc(a1-Sp21,4.0280238630000005,9.41697664,2.3223950330000003,6.601367885
Gal(b1-4)[Fuc(a1-3)]GlcNAc(b1-6)[Fuc(a1-4)[Fuc(a1-2)Gal(b1-3)]GlcNAc(b1-3)]Gal(b1-4)Glc(a1-Sp21,2.3634654680000002,4.668107352,3.563911425,10.80830138
Gal(b1-3)GlcNAc(b1-3)Gal(b1-4)[Fuc(a1-3)]GlcNAc(b1-6)[Gal(b1-3)GlcNAc(b1-3)]Gal(b1-4)Glc(a1-Sp21,5.081294174,2.2137226780000003,1.712544916,6.323673747000001
Gal(b1-4)GlcNac(b1-6)[Gal(b1-4)GlcNac(b1-2)]Man(a1-6)[Gal(b1-4)GlcNac(b1-4)[Gal(b1-4)GlcNac(b1-2)]Man(a1-3)]Man(b1-4)GlcNac(b1-4)GlcNac(b1-Sp21,6.848575315,3.6409613039999997,5.904984084,6.1888413479999995
GlcNac(b1-2)Man(a1-6)[GlcNac(b1-4)[GlcNac(b1-2)]Man(a1-3)]Man(b1-4)GlcNac(b1-4)GlcNac(a1-Sp21,6.3707087410000005,4.143798321,2.7493387769999997,1.9356123219999999
Fuc(a1-2)Gal(b1-3)GalNAc(a1-3)[Fuc(a1-2)]Gal(b1-4)Glc(b1-Sp0,17.97674898,7.379184461,6.792449025,8.105425315
Fuc(a1-2)Gal(b1-3)GalNAc(a1-3)[Fuc(a1-2)]Gal(b1-4)GlcNAc(b1-Sp0,15.72855552,2.290113815,1.997009146,5.884385095
Gal(b1-3)GlcNAc(b1-3)GalNAc(a1-Sp14,7.546299939,6.36129381,6.17075221,5.065829316
GalNAc(b1-4)[Neu5Ac(a2-3)]Gal(b1-4)GlcNAc(b1-3)GalNAc(a1-Sp14,17.30505039,6.0710253839999995,32.735229,125.35015890000001
GalNAc(a1-3)[Fuc(a1-2)]Gal(b1-3)GalNAc(a1-3)[Fuc(a1-2)]Gal(b1-4)GlcNAc(b1-Sp0,6.556960885,1.8015003859999998,3.2644529789999996,17.38453189
Gal(a1-3)Gal(b1-3)GlcNAc(b1-2)Man(a1-6)[Gal(a1-3)Gal(b1-3)GlcNAc(b1-2)Man(a1-3)]Man(b1-4)GlcNAc(b1-4)GlcNAc(a1-Sp19,10.80970246,10.20059544,11.66719554,8.977232958
Gal(a1-3)Gal(b1-3)[Fuc(a1-4)]GlcNAc(b1-2)Man(a1-6)[Gal(a1-3)Gal(b1-3)[Fuc(a1-4)]GlcNAc(b1-2)Man(a1-3)]Man(b1-4)GlcNAc(b1-4)GlcNAc(a1-Sp19,23.78262643,5.263143787,8.34177726,15.31351571
Neu5Ac(a2-3)Gal(b1-3)GlcNAc(b1-2)Man(a1-6)[Neu5Ac(a2-3)Gal(b1-3)GlcNAc(b1-2)Man(a1-3)]Man(b1-4)GlcNAc(b1-4)GlcNAc(a1-Sp19,12.25307856,12.61504714,7.3573182789999985,9.616838602
GlcNAc(b1-2)Man(a1-6)[Gal(b1-4)GlcNAc(b1-2)Man(a1-3)]Man(b1-4)GlcNAc(b1-4)GlcNAc(a1-Sp12,5.0217946719999995,4.58142986,5.349366117,4.562872146
Gal(b1-4)GlcNAc(b1-2)Man(a1-6)[GlcNAc(b1-2)Man(a1-3)]Man(b1-4)GlcNAc(b1-4)GlcNAc(a1-Sp12,3.328858823,4.404471574,8.993874341,4.865205233999999
Neu5Ac(a2-3)Gal(b1-3)GlcNAc(b1-3)GalNAc(a1-Sp14,1.839101303,12.29917424,10.42141712,22.825676899999998
Fuc(a1-2)Gal(b1-4)GlcNac(b1-3)GalNac(a1-Sp14,16.87065302,5.590965654,7.333533865,15.91742306
Gal(b1-4)[Fuc(a1-3)]GlcNac(b1-3)GalNac(a1-Sp14,16.87389567,5.153843806999999,8.09570829,21.6612439
GalNac(a1-3)GalNac(b1-3)Gal(a1-4)Gal(b1-4)GlcNac(b1-Sp0,5.025008785,12.23135696,74.82890839,999.3136261
Gal(a1-4)Gal(b1-3)GlcNac(b1-2)Man(a1-6)[Gal(a1-4)Gal(b1-3)GlcNac(b1-2)Man(a1-3)]Man(b1-4)GlcNac(b1-4)GlcNac(b1-Sp19,11.27581743,0.300419318,4.969303363,6.8873160470000006
Gal(a1-4)Gal(b1-4)GlcNac(b1-2)Man(a1-6)[Gal(a1-4)Gal(b1-4)GlcNac(b1-2)Man(a1-3)]Man(b1-4)GlcNac(b1-4)GlcNac(b1-Sp24,21.44212385,11.62124256,6.5994969470000004,7.875789146
Gal(a1-3)Gal(b1-4)GlcNac(b1-3)GalNac(a1-Sp14,6.08524737,6.605006575,3.878437392,3.55351951
Gal(b1-3)GlcNAc(b1-6)Gal(b1-4)GlcNAc(b1-Sp0,6.088480247000001,8.917579992,8.404859933,2.912990797
Gal(b1-3)GlcNAc(a1-6)Gal(b1-4)GlcNAc(b1-Sp0,1.378738595,10.581583300000002,6.673074136,18.89907946
GalNAc(b1-3)Gal(a1-6)Gal(b1-4)Glc(b1-Sp8,25.91113627,124.0055195,1615.39051,2087.228541
Gal(a1-3)[Fuc(a1-2)]Gal(b1-4)[Fuc(a1-3)]Glc(b1-Sp21,3.463651236,6.800374132000001,1.520076386,1.9136124730000001
Gal(b1-4)GlcNAc(b1-6)[Neu5Ac(a2-6)Gal(b1-3)GlcNAc(b1-3)]Gal(b1-4)Glc(a1-Sp21,5.3517717010000005,3.814065363,9.523657099,8.616778103
Gal(b1-3)GalNAc(b1-4)[Neu5Ac(a2-8)Neu5Ac(a2-3)]Gal(b1-4)Glc(b1-Sp0,7.430226033999999,6.196893685,7.034648555,8.909273675
Neu5Ac(a2-3)Gal(b1-3)GalNAc(b1-4)[Neu5Ac(a2-8)Neu5Ac(a2-3)]Gal(b1-4)Glc(b1-Sp0,10.71875883,5.36530266,3.70479697,17.07035248
Gal(a1-3)[Fuc(a1-2)]Gal(b1-4)GlcNAc(b1-3)GalNAc(a1-Sp14,4.637839321,9.269511787999999,3.060088205,9.870365927
GalNAc(a1-3)[Fuc(a1-2)]Gal(b1-4)GlcNAc(b1-3)GalNAc(a1-Sp14,3.6680788019999997,2.312809464,6.275319173,13.65997079
GalNAc(a1-3)GalNAc(b1-3)Gal(a1-4)Gal(b1-4)Glc(b1-Sp0,11.83273057,10.932431900000001,77.80015025,702.6172502000003
Fuc(a1-2)Gal(b1-4)[Fuc(a1-3)]GlcNAc(b1-3)GalNAc(a1-Sp14,6.881313914,5.188003729,13.11207068,17.39349585
Gal(a1-3)[Fuc(a1-2)]Gal(b1-4)[Fuc(a1-3)]GlcNAc(b1-3)GalNAc(a1-Sp14,9.248451895,6.282191977999999,1.862999004,6.069691562
GalNAc(a1-3)[Fuc(a1-2)]Gal(b1-4)[Fuc(a1-3)]GlcNAc(b1-3)GalNAc(a1-Sp14,18.09218444,4.5250279980000006,9.903168808,42.03100931
Gal(b1-4)[Fuc(a1-3)]GlcNAc(b1-2)Man(a1-6)[Gal(b1-4)[Fuc(a1-3)]GlcNAc(b1-2)Man(a1-3)]Man(b1-4)GlcNAc(b1-4)[Fuc(a1-6)]GlcNAc(b1-Sp22,2.6654290919999997,20.66575273,8.59494952,15.59879589
Fuc(a1-2)Gal(b1-4)GlcNAc(b1-2)Man(a1-6)[Fuc(a1-2)Gal(b1-4)GlcNAc(b1-2)Man(a1-3)]Man(b1-4)GlcNAc(b1-4)[Fuc(a1-6)]GlcNAc(b1-Sp22,6.763998132999999,20.13009198,9.555224669,43.0842364
GlcNAc(b1-2)[GlcNAc(b1-6)]Man(a1-6)[GlcNAc(b1-2)Man(a1-3)]Man(b1-4)GlcNAc(b1-4)GlcNAc(b1-Sp19,4.634668088,12.3077209,20.822748699999998,2.939843784
Fuc(a1-2)Gal(b1-3)GlcNAc(b1-3)GalNAc(a1-Sp14,11.726513,0.9722941340000001,11.00441164,12.11965189
Gal(a1-3)[Fuc(a1-2)]Gal(b1-3)GlcNAc(b1-3)GalNAc(a1-Sp14,6.049759229,4.159113694,5.165419391,7.2124991970000005
GalNAc(a1-3)[Fuc(a1-2)]Gal(b1-3)GlcNAc(b1-3)GalNAc(a1-Sp14,3.7381729339999996,9.066866453,5.745124402999999,6.797852509
Gal(a1-3)Gal(b1-3)GlcNAc(b1-3)GalNAc(a1-Sp14,8.949437155,14.511792800000002,4.420636301,4.242738332
Fuc(a1-2)Gal(b1-3)GlcNAc(b1-2)Man(a1-6)[Fuc(a1-2)Gal(b1-3)GlcNAc(b1-2)Man(a1-3)]Man(b1-4)GlcNAc(b1-4)[Fuc(a1-6)]GlcNAc(b1-Sp22,8.867232944,10.37094555,9.73557701,2.6893497
Gal(a1-3)[Fuc(a1-2)]Gal(b1-4)GlcNAc(b1-2)Man(a1-6)[Gal(a1-3)[Fuc(a1-2)]Gal(b1-4)GlcNAc(b1-2)Man(a1-3)]Man(b1-4)GlcNAc(b1-4)[Fuc(a1-6)]GlcNAc(b1-Sp22,6.861258749,3.944928642,5.913969204,20.43368978
Gal(b1-3)GlcNAc(b1-6)[Gal(b1-3)GlcNAc(b1-2)]Man(a1-6)[Gal(b1-3)GlcNAc(b1-2)Man(a1-3)]Man(b1-4)GlcNAc(b1-4)GlcNAc(b1-Sp19,8.405894292000001,3.5752172110000005,2.8253256010000003,17.22187319
Gal(b1-4)GlcNAc(b1-6)[Fuc(a1-2)Gal(b1-3)GlcNAc(b1-3)]Gal(b1-4)Glc(a1-Sp21,6.681519646,12.37822437,4.317399447,5.911338635
Fuc(a1-3)GlcNAc(b1-6)[Gal(b1-4)GlcNAc(b1-3)]Gal(b1-4)Glc(a1-Sp21,15.62003283,10.45236272,14.07941594,23.17935522
GlcNAc(b1-2)Man(a1-6)[GlcNAc(b1-4)][GlcNAc(b1-2)Man(a1-3)]Man(b1-4)GlcNac(b1-4)GlcNAc(a1-Sp21,10.02141995,1.4146825490000001,6.081643155,3.638407193
GlcNAc(b1-2)Man(a1-6)[GlcNAc(b1-4)][GlcNAc(b1-4)[GlcNAc(b1-2)]Man(a1-3)]Man(b1-4)GlcNAc(b1-4)GlcNAc(a1-Sp21,8.553724132000001,4.734105321,8.017173445,3.18150859
GlcNAc(b1-6)[GlcNAc(b1-2)]Man(a1-6)[GlcNAc(b1-4)][GlcNAc(b1-2)Man(a1-3)]Man(b1-4)GlcNAc(b1-4)GlcNAc(a1-Sp21,2.741417626,0.749499412,5.919884124,11.85207727
GlcNAc(b1-6)[GlcNAc(b1-2)]Man(a1-6)[GlcNAc(b1-4)][GlcNAc(b1-4)[GlcNAc(b1-2)]Man(a1-3)]Man(b1-4)GlcNAc(b1-4)GlcNAc(a1-Sp21,4.368503437,3.553249835,4.430703732,3.399885542
Gal(b1-4)GlcNAc(b1-2)Man(a1-6)[GlcNAc(b1-4)][Gal(b1-4)GlcNAc(b1-2)Man(a1-3)]Man(b1-4)GlcNAc(b1-4)GlcNAc(a1-Sp21,12.38450789,4.60486893,2.412763829,2.603746433
Gal(b1-4)GlcNAc(b1-2)Man(a1-6)[GlcNAc(b1-4)][Gal(b1-4)GlcNAc(b1-4)[Gal(b1-4)GlcNAc(b1-2)]Man(a1-3)]Man(b1-4)GlcNAc(b1-4)GlcNAc(a1-Sp21,2.945055532,2.571659403,3.242209682,16.29252999
Gal(b1-4)GlcNAc(b1-6)[Gal(b1-4)GlcNAc(b1-2)]Man(a1-6)[GlcNAc(b1-4)][Gal(b1-4)GlcNAc(b1-2)Man(a1-3)]Man(b1-4)GlcNAc(b1-4)GlcNAc(a1-Sp21,5.9206843760000005,4.933655142,4.645003383,5.249367698
Gal(b1-4)GlcNAc(b1-6)[Gal(b1-4)GlcNAc(b1-2)]Man(a1-6)[GlcNAc(b1-4)][Gal(b1-4)GlcNAc(b1-4)[Gal(b1-4)GlcNAc(b1-2)]Man(a1-3)]Man(b1-4)GlcNAc(b1-4)GlcNAc(a1-Sp21,6.82805955,10.51194453,4.1695828189999995,15.513673800000001
Gal(b1-4)Gal(b1-Sp10,4.966145654,5.858957151,6.57218717,13.93422208
Gal(b1-6)Gal(b1-Sp10,2.060989364,1.680828344,17.60426926,16.53721122
Neu5Ac(a2-3)Gal(b1-4)GlcNAc(b1-3)Gal(b1-Sp8,2.9202347289999997,3.525197025,1.7047400330000002,3.001588801
GalNAc(b1-6)GalNAc(b1-Sp8,8.537040559,6.007026624,6.869088398,23.19220678
(6S)Gal(b1-3)GlcNAc(b1-Sp0,3.018516818,3.401834268,5.112424958,3.5655830710000003
(6S)Gal(b1-3)(6S)GlcNAc(a1-Sp0,8.908870618,3.3832769380000003,4.925065945,7.535845335
Fuc(a1-2)Gal(b1-4) GlcNAc(b1-2)Man(a1-6)[Fuc(a1-2)Gal(b1-4)GlcNAc(b1-2)[Fuc(a1-2)Gal(b1-4)GlcNAc(b1-4)]Man(a1-3)]Man(b1-4)GlcNAc(b1-4)GlcNAc(b1-N,10.32176443,11.50857596,6.612623352999999,4.367328468
Fuc(a1-2)Gal(b1-4)[Fuc(a1-3)]GlcNAc(b1-2)Man(a1-6)[Fuc(a1-2)Gal(b1-4)[Fuc(a1-3)]GlcNAc(b1-4)[Fuc(a1-2)Gal(b1-4)[Fuc(a1-3)]GlcNAc(b1-2)]Man(a1-3)]Man(b1-4)GlcNAc(b1-4)GlcNAc(b1-N,4.54776067,10.35724389,18.03097047,23.31804977
Gal(b1-4)[Fuc(a1-3)]GlcNAc(b1-6)GalNAc(a1-Sp14,11.16543108,10.16384638,19.37172437,10.81978688
Gal(b1-4)GlcNAc(b1-2)Man(a1-Sp0,7.5715733929999995,5.298171733999999,21.28512839,7.385882312000001
Fuc(a1-2)Gal(b1-4)GlcNAc(b1-6)[Fuc(a1-2)Gal(b1-4)GlcNAc(b1-3)]GalNAc(a1-Sp14,5.053151042,3.615593669,14.11552953,13.28856905
Gal(a1-3)Fuc(a1-2)Gal(b1-4)GlcNAc(b1-6)[Gal(a1-3)Fuc(a1-2)Gal(b1-4)GlcNAc(b1-3)]GalNAc(a1-Sp14,3.2583875069999997,3.272355942,6.391338193999999,19.18254698
GalNAc(a1-3)[Fuc(a1-2)]Gal(b1-4)GlcNAc(b1-6)[GalNAc(a1-3)[Fuc(a1-2)]Gal(b1-4)GlcNAc(b1-3)]GalNAc(a1-Sp14,4.238657344,11.94713257,2.620537663,27.59368358
Neu5Ac(a2-8)Neu5Ac(a2-3)Gal(b1-3)GalNAc(b1-4)[Neu5Ac(a2-8)Neu5Ac(a2-3)]Gal(b1-4)Glc(b1-Sp0,6.4950598920000004,5.2392198830000005,3.2972574160000003,20.68143161
GalNAc(b1-4)Gal(b1-4)Glc(b1-Sp0,13.26862946,10.97254663,12.0811868,2.207102458
GalNAc(a1-3)[Fuc(a1-2)]Gal(b1-4)GlcNAc(b1-2)Man(a1-6)[GalNAc(a1-3)[Fuc(a1-2)]Gal(b1-4)GlcNAc(b1-2)Man(a1-3)]Man(b1-4)GlcNAc(b1-4)[Fuc(a1-6)]GlcNAc(b1-Sp22,14.19744974,9.684927257,15.67107093,15.42732348
Gal(a1-3)[Fuc(a1-2)]Gal(b1-3)GlcNAc(b1-2)Man(a1-6)[Gal(a1-3)[Fuc(a1-2)]Gal(b1-3)GlcNAc(b1-2)Man(a1-3)]Man(b1-4)GlcNAc(b1-4)[Fuc(a1-6)]GlcNAc(b1-Sp22,13.62520099,8.9769401,12.48170093,16.88386126
Neu5Ac(a2-6)Gal(b1-4)GlcNAc(b1-6)[Fuc(a1-2)Gal(b1-3)GlcNAc(b1-3)]Gal(b1-4)Glc(a1-Sp21,9.769262229,8.089238045,5.279080344,9.133694747
GalNAc(a1-3)[Fuc(a1-2)]Gal(b1-3)GlcNAc(b1-2)Man(a1-6)[GalNAc(a1-3)[Fuc(a1-2)]Gal(b1-3)GlcNAc(b1-2)Man(a1-3)]Man(b1-4)GlcNAc(b1-4)[Fuc(a1-6)]GlcNAc(b1-Sp22,5.263314361,2.3732274369999997,12.48616584,4.980572111
Gal(b1-4)GlcNAc(b1-6)[Gal(b1-4)GlcNAc(b1-2)]Man(a1-6)[Gal(b1-4)GlcNAc(b1-2)Man(a1-3)]Man(b1-4)GlcNAc(b1-4)GlcNAc(b1-Sp19,5.856849088,2.341756005,11.28884914,9.433023092
Neu5Ac(a2-3)Gal(b1-4)GlcNAc(b1-2)Man(a1-6)[GlcNAc(b1-4)][Neu5Ac(a2-3)Gal(b1-4)GlcNAc(b1-2)Man(a1-3)]Man(b1-4)GlcNAc(b1-4)GlcNAc(b1-Sp21,3.4141859119999998,4.148817082,2.167990789,2.430624066
Neu5Ac(a2-3)Gal(b1-4)GlcNAc(b1-4)Man(a1-6)[GlcNAc(b1-4)][Neu5Ac(a2-3)Gal(b1-4)GlcNAc(b1-4)[Neu5Ac(a2-3)Gal(b1-4)GlcNAc(b1-2)]Man(a1-3)]Man(b1-4)GlcNAc(b1-4)GlcNAc(b1-Sp21,13.30416833,1.6976750459999999,15.11051371,4.845187684
Neu5Ac(a2-3)Gal(b1-4)GlcNAc(b1-6)[Neu5Ac(a2-3)Gal(b1-4)GlcNAc(b1-2)]Man(a1-6)[GlcNAc(b1-4)][Neu5Ac(a2-3)Gal(b1-4)GlcNAc(b1-2)Man(a1-3)]Man(b1-4)GlcNAc(b1-4)GlcNAc(b1-Sp21,2.473958899,2.4517303619999997,1.2348002340000002,7.624303857999999
Neu5Ac(a2-3)Gal(b1-4)GlcNAc(b1-6)[Neu5Ac(a2-3)Gal(b1-4)GlcNAc(b1-2)]Man(a1-6)[GlcNAc(b1-4)][Neu5Ac(a2-3)Gal(b1-4)GlcNAc(b1-4)[Neu5Ac(a2-3)Gal(b1-4)GlcNAc(b1-2)]Man(a1-3)]Man(b1-4)GlcNAc(b1-4)GlcNAc(b1-Sp21,8.422110989,3.502603164,8.623901655,5.741695693
Neu5Ac(a2-6)Gal(b1-4)GlcNAc(b1-2)Man(a1-6)[GlcNAc(b1-4)][Neu5Ac(a2-6)Gal(b1-4)GlcNAc(b1-2)Man(a1-3)]Man(b1-4)GlcNAc(b1-4)GlcNAc(b1-Sp21,2.615896545,10.12606116,4.261246765,4.948966963
Neu5Ac(a2-6)Gal(b1-4)GlcNAc(b1-4)Man(a1-6)[GlcNAc(b1-4)][Neu5Ac(a2-6)Gal(b1-4)GlcNAc(b1-4)[Neu5Ac(a2-6)Gal(b1-4)GlcNAc(b1-2)]Man(a1-3)]Man(b1-4)GlcNAc(b1-4)GlcNAc(b1-Sp21,4.2681558489999984,8.205899442,5.398622108,17.1479513
Neu5Ac(a2-6)Gal(b1-4)GlcNAc(b1-6)[Neu5Ac(a2-6)Gal(b1-4)GlcNAc(b1-2)]Man(a1-6)[GlcNAc(b1-4)][Neu5Ac(a2-6)Gal(b1-4)GlcNAc(b1-2)Man(a1-3)]Man(b1-4)GlcNAc(b1-4)GlcNAc(b1-Sp21,3.353107827,10.43815786,7.388971982,5.0028577389999995
Neu5Ac(a2-6)Gal(b1-4)GlcNAc(b1-6)[Neu5Ac(a2-6)Gal(b1-4)GlcNAc(b1-2)]Man(a1-6)[GlcNAc(b1-4)][Neu5Ac(a2-6)Gal(b1-4)GlcNAc(b1-4)[Neu5Ac(a2-6)Gal(b1-4)GlcNAc(b1-2)]Man(a1-3)]Man(b1-4)GlcNAc(b1-4)GlcNAc(b1-Sp21,6.142975319,3.351901826,10.06236229,7.1912923829999995
Gal(a1-3)[Fuc(a1-2)]Gal(b1-3)GalNAc(a1-Sp8,8.445284774,13.07343988,7.958861343,6.100536246
Gal(a1-3)[Fuc(a1-2)]Gal(b1-3)GalNAc(b1-Sp8,10.05755518,1.541133525,5.5267008460000016,11.74377886
Glc(a1-6)Glc(a1-6)Glc(a1-6)Glc(b1-Sp10,8.323183789,7.89951198,4.677994378999999,8.651861253
Glc(a1-4)Glc(a1-4)Glc(a1-4)Glc(b1-Sp10,19.92844572,6.925550369,3.4509339039999998,14.12221061
Neu5Ac(a2-3)Gal(b1-4)GlcNAc(b1-6)[Neu5Ac(a2-3)Gal(b1-4)GlcNAc(b1-3)]GalNAc(a1-Sp14,7.833822232999999,2.601144861,4.262733205,4.6010895419999995
Fuc(a1-2)Gal(b1-4)[Fuc(a1-3)]GlcNAc(b1-2)Man(a1-6)[Fuc(a1-2)Gal(b1-4)[Fuc(a1-3)]GlcNAc(b1-2)Man(a1-3)]Man(b1-4)GlcNAc(b1-4)[Fuc(a1-6)]GlcNAc(b1-Sp24,18.71712629,8.292957104,14.1311811,14.93094163
Fuc(a1-2)Gal(b1-3)[Fuc(a1-4)]GlcNAc(b1-2)Man(a1-6)[Fuc(a1-2)Gal(b1-3)[Fuc(a1-4)]GlcNAc(b1-2)Man(a1-3)]Man(b1-4)GlcNAc(b1-4)[Fuc(a1-6)]GlcNA(cb-S)p(1-4)[Fuc(a1-6)]GlcNAc(b1-Sp19,4.407870065,11.26393326,14.14433185,21.742175399999997
Neu5Ac(a2-3)Gal(b1-3)GlcNAc(b1-6)[Neu5Ac(a2-3)Gal(b1-4)GlcNAc(b1-2)]Man(a1-6)[Neu5Ac(a2-3)Gal(b1-3)GlcNAc(b1-2)Man(a1-3)]Man(b1-4)GlcNAc(b1-4)GlcNAc(b1-Sp19,9.46755254,14.68689831,18.84431029,36.07343233
GlcNAc(b1-6)[GlcNAc(b1-2)]Man(a1-6)[GlcNAc(b1-2)Man(a1-3)]Man(b1-4)GlcNAc(b1-4)[Fuc(a1-6)]GlcNAc(b1-Sp24,14.72303809,19.95063535,3.240314101,23.82464506
Gal(b1-3)GlcNAc(b1-2)Man(a1-6)[GlcNAc(b1-4)][Gal(b1-3)GlcNAc(b1-2)Man(a1-3)]Man(b1-4)GlcNAc(b1-4)GlcNAc(b1-Sp21,4.703547785,11.29902477,8.007615756,20.2708039
Neu5Ac(a2-6)Gal(b1-4)GlcNAc(b1-6)[Gal(b1-3)GlcNAc(b1-3)]Gal(b1-4)Glc(b1-Sp21,11.4278847,6.138062003,8.817894801,5.952982177999999
Neu5Ac(a2-3)Gal(b1-4)GlcNAc(b1-2)Man(a1-Sp0,20.78779055,23.34540096,7.802105639,78.7287079
Neu5Ac(a2-3)Gal(b1-4)GlcNAc(b1-6)GalNAc(a1-Sp14,3.334992373,14.52639472,5.431069739,8.427863418
Neu5Ac(a2-6)Gal(b1-4)GlcNAc(b1-6)GalNAc(a1-Sp14,9.913793027,10.77355155,9.391190111,6.005305542
Neu5Ac(a2-6)Gal(b1-4)GlcNAc(b1-6)[Neu5Ac(a2-6)Gal(b1-4)GlcNAc(b1-3)]GalNAc(a1-Sp14,5.967743587999999,5.553395077999999,7.7646557529999995,9.320913237000001
Neu5Ac(a2-6)Gal(b1-4)GlcNAc(b1-2)Man(a1-6)[Neu5Ac(a2-6)Gal(b1-4)GlcNAc(b1-2)Man(a1-3)]Man(b1-4)GlcNAc(b1-4)[Fuc(a1-6)]GlcNAc(b1-Sp24,5.4211302,3.0186305780000002,19.79119055,8.110670771
Neu5Ac(a2-3)Gal(b1-4)GlcNAc(b1-2)Man(a1-6)[Neu5Ac(a2-3)Gal(b1-4)GlcNAc(b1-2)Man(a1-3)]Man(b1-4)GlcNAc(b1-4)[Fuc(a1-6)]GlcNAc(b1-Sp24,2.309315104,4.197471578,5.154863536000001,3.667339778
Man(a1-6)[Man(a1-3)]Man(b1-4)GlcNAc(b1-4)[Fuc(a1-6)]GlcNAc(b1-Sp19,2.663499368,4.86497548,7.380410425,10.78469509
Gal(b1-4)GlcNAc(b1-6)[Gal(b1-4)GlcNAc(b1-2)]Man(a1-6)[Gal(b1-4)GlcNAc(b1-2)Man(a1-3)]Man(b1-4)GlcNAc(b1-4)[Fuc(a1-6)]GlcNAc(b1-Sp24,13.80947425,9.107040143999999,3.805793425,19.54889966
Neu5Ac(a2-3)Gal(b1-3)GlcNAc(b1-2)Man(a1-6)[GlcNAc(b1-4)][Neu5Ac(a2-3)Gal(b1-3)GlcNAc(b1-2)Man(a1-3)]Man(b1-4)GlcNAc(b1-4)GlcNAc(a1-Sp21,10.20245821,1.039013336,4.661204289,8.624774034
Neu5Ac(a2-6)Gal(b1-4)GlcNAc(b1-6)[Fuc(a1-2)Gal(b1-4)[Fuc(a1-3)]GlcNAc(b1-3)]Gal(b1-4)Glc(a1-Sp21,2.91450617,5.295453742,6.81033327,5.651203504
Gal(b1-3)GlcNAc(b1-6)GalNAc(a1-Sp14,5.603561002999999,4.694791008999999,5.6548013379999995,4.096241054
Gal(a1-3)Gal(b1-3)GlcNAc(b1-6)GalNAc(a1-Sp14,9.304920522,9.632886803,8.300919301,22.23781957
Gal(b1-3)[Fuc(a1-4)]GlcNAc(b1-6)GalNAc(a1-Sp14,1.780181044,6.460056545,7.2824361820000005,8.3735443
Neu5Ac(a2-3)Gal(b1-3)GlcNAc(b1-6)GalNAc(a1-Sp14,5.019138758,5.715542665,2.240916231,1.54422441
(3S)Gal(b1-3)[Fuc(a1-4)]GlcNAc(b1-Sp0,9.401062915,7.851631692000001,3.525495062,5.7339834629999995
Gal(b1-4)[Fuc(a1-3)]GlcNAc(b1-6)[Neu5Ac(a2-6)[Neu5Ac(a2-3)Gal(b1-3)]GlcNAc(b1-3)]Gal(b1-4)Glc(a1-Sp21,4.966587616,4.332805352,6.04530838,4.20756042
Fuc(a1-2)Gal(b1-4)GlcNAc(b1-6)GalNAc(a1-Sp14,5.658523112,5.721845577000001,11.51830991,26.34789337
Gal(a1-3)Gal(b1-4)GlcNAc(b1-6)GalNAc(a1-Sp14,3.043705048,6.6750994760000015,4.6494754469999995,2.262131901
Gal(b1-4)[Fuc(a1-3)]GlcNAc(b1-2)Man(a1-Sp0,5.435142329,22.36893019,10.23429775,5.6397311629999995
Fuc(a1-2)(6S)Gal(b1-3)GlcNAc(b1-Sp0,2.873787001,5.110697955,10.1116652,1.974539
Gal(a1-3)[Fuc(a1-2)]Gal(b1-4)GlcNAc(b1-6)GalNAc(a1-Sp14,8.188101645,2.6867306269999998,5.972107706,6.875436919
Fuc(a1-2)Gal(b1-4)GlcNAc(b1-2)Man(a1-Sp0,20.99178595,6.58024733,5.934138633,7.021071448
Fuc(a1-2)Gal(b1-3)(6S)GlcNAc(b1-Sp0,12.14643463,10.25234162,3.674902997,73.69928187
Fuc(a1-2)(6S)Gal(b1-3)(6S)GlcNAc(b1-Sp0,20.56201422,8.16534923,14.30982946,14.98123489
Neu5Ac(a2-6)GalNAc(b1-4)(6S)GlcNAc(b1-Sp8,4.711660375,9.905719924,2.655350511,63.588421999999994
GalNAc(b1-4)[Fuc(a1-3)](6S)GlcNAc(b1-Sp8,14.83390905,2.65552944,11.77909578,36.71772317
(3S)GalNAc(b1-4)[Fuc(a1-3)]GlcNAc(b1-Sp8,3.3333979819999997,3.429465738,6.820349704,6.0114948360000025
Fuc(a1-2)Gal(b1-3)GlcNAc(b1-6)[Fuc(a1-2)Gal(b1-3)GlcNAc(b1-3)]GalNAc(a1-Sp14,19.92699058,5.388456221,10.69535223,6.07671321
GalNAc(a1-3)[Fuc(a1-2)]Gal(b1-3)GlcNAc(b1-6)GalNAc(a1-Sp14,4.112777923,11.31716994,6.631059265,12.40110149
GlcNAc(b1-6)[GlcNAc(b1-2)]Man(a1-6)[GlcNAc(b1-4)][GlcNAc(b1-4)[GlcNAc(b1-2)]Man(a1-3)]Man(b1-4)GlcNAc(b1-4)[Fuc(a1-6)]GlcNAc(a1-Sp21,2.7261144180000003,6.275971192,2.677257182,9.62828475
Gal(b1-4)GlcNAc(b1-6)[Gal(b1-4)GlcNAc(b1-2)]Man(a1-6)[GlcNAc(b1-4)]Gal(b1-4)GlcNAc(b1-4)[Gal (b1-4)GlcNAc(b1-2)]Man(a1-3)]Man(b1-4)GlcNAc(b1-4)[Fuc(a1-6)]GlcNAc(a1-Sp21,6.935887052000001,6.254504892999999,2.3068483459999998,1.185068783
Gal(b1-3)GlcNAc(a1-3)Gal(b1-4)GlcNAc(b1-Sp8 ,5.89116182,1.968374609,5.657019748,11.58664649
Gal(b1-3)(6S)GlcNAc(b1-Sp8 ,4.804285799,7.181623357,8.250213079,7.026798862000001
(6S)(4S)GalNAc(b1-4)GlcNAc(a1-Sp8,4.31072124,6.6473375489999995,10.83793423,3.49138427
(6S)GalNAc(b1-4)GlcNAc(a1-Sp8 ,3.3834932419999997,11.767713,36.81443231,163.8596417
(3S)GalNAc(b1-4)(3S)GlcNAc(a1-Sp8,5.023041005,5.7950414010000015,5.594123971,20.40509204
GalNAc(b1-4)(6S)GlcNAc(a1-Sp8 ,481.9476404,2304.160908,1981.700693,2560.340091
(3S)GalNAc(b1-4)GlcNAc(a1-Sp8 ,0.524839044,3.3973981760000003,6.946406065,4.284311799
(4S)GalNac(b1-Sp10,5.228102967,4.044582781,5.313777783,5.157966808
Gal(b1-4)(6P)GlcNAc(b1-Sp0 ,4.3957655760000005,10.35395896,6.867138162000001,19.40134588
(6P)Gal(b1-4)GlcNAc(b1-SP0 ,13.14391388,5.3745161679999995,5.674019073999999,6.824640125
GalNAc(a1-3)[Fuc(a1-2)]Gal(b1-4)GlcNAc(b1-6)GalNAc(a1-Sp14,10.45990021,10.90404469,32.09711277,182.792715
Neu5Ac(a2-6)Gal(b1-4)GlcNAc(b1-2)Ma(n1-Sp0,9.822988015,6.258209427000001,4.207818518,11.59239014
Gal(a1-3)Gal(b1-4)GlcNAc(b1-2)Man(a1-Sp0,8.941939266,3.882499754,4.344171992,5.274695686
Gal(a1-3)[Fuc(a1-2)]Gal(b1-4)GlcNAc(b1-2)Man(a1-Sp0,11.564994,6.852527485,7.747188248,10.41152611
GalNAc(a1-3)[Fuc(a1-2)]Gal(b1-4) GlcNAc(b1-2)Man(a1-Sp0,10.66570613,7.35580696,3.643596292,31.11529503
 Gal(b1-3)GlcNAc(b1-2)Man(a1-Sp0,6.767193893,9.490269558,6.61554666,31.95632267
Gal(a1-3)[Fuc(a1-2)]Gal(b1-3)GlcNAc(b1-6)GalNAc(a1-Sp14,6.241031556,2.912147216,14.08490786,3.008453683
Neu5Ac(a2-3)Gal(b1-3)GlcNAc(b1-2)Man(a1-Sp0,15.98613014,7.807007792,2.977411678,13.56336694
Gal(a1-3)Gal(b1-3)GlcNAc(b1-2)Man(a1-Sp0,10.39060694,5.018492139,8.906689874,11.56187092
GalNAc(b1-4)GlcNAc(b1-2)Man(a1-Sp0,72.03370986,267.4499009,2465.5239309999997,1022.883042
Neu5Ac(a2-3)Gal(b1-3)GlcNAc(b1-4)Gal(b1-4)Glc(b1-Sp0,2.599593516,3.7960996710000003,1.047486583,14.62945155
GlcNAc(b1-2) Man(a1-6)[GlcNAc(b1-4)][GlcNAc(b1-2)Man(a1-3)]Man(b1-4)GlcNAc(b1-4)[Fuc(a1-6)]GlcNAc(a1-Sp21,16.77116765,4.444831543,6.173691145,14.82865324
Gal(b1-4)GlcNAc(b1-2)Man(a1-6)[GlcNAc(b1-4)][Gal(b1-4)GlcNAc(b1-2)Man(a1-3)]Man(b1-4)GlcNAc(b1-4)[Fuc(a1-6)]GlcNAc(a1-Sp21,2.133672919,1.556497824,1.331898402,4.805825268
Gal(b1-4)GlcNAc(b1-2)Man(a1-6)[Gal(b1-4)GlcNAc(b1-4)][Gal(b1-4)GlcNAc(b1-2)Man(a1-3)]Man(b1-4)GlcNAc(b1-4)[Fuc(a1-6)]GlcNAc(a1-Sp21,5.5805355410000015,7.676498204,4.870176722,14.8916677
Fuc(a1-4)[Gal(b1-3)]GlcNAc(b1-2)Man(a1-Sp0,32.68984766,20.05130601,80.41174772,120.612427
Neu5Ac(a2-3)Gal(b1-4)[Fuc(a1-3)]GlcNAc(b1-2)Man(a1-Sp0,7.820026164,3.522798125,2.879320257,14.19184028
GlcNAc(b1-3)Gal(b1-4)GlcNAc(b1-6)[GlcNAc(b1-3)]Gal(b1-4)GlcNAc(a1-Sp0,3.3299087810000003,5.760243678999999,5.618872782,3.4711864919999997
GalNAc(a1-3)[Fuc(a1-2)]Gal(b1-3)GalNAc(b1-3)Gal(a1-4)Gal(b1-4)Glc(a1-Sp21,5.845158014,3.6049150389999998,17.65383833,1.874774968
Gal(a1-3)[Fuc(a1-2)]Gal(b1-3)GalNAc(b1-3)Gal(a1-4)Gal(b1-4)Glc(a1-Sp21,14.29052549,3.817978202,1.716001455,8.806393478
Gal(b1-3)GalNAc(b1-3)Ga(l1-Sp21,11.1337797,9.797289096,21.73037463,12.12742529
GlcNAc(b1-3)Gal(b1-4)GlcNAc(b1-2)Man(a1-6)[GlcNAc(b1-3)Gal(b1-4)GlcNAc(b1-2)Man(a1-3)]Man(b1-4)GlcNAc(b1-4)GlcNAc(b1-Sp12,1.587532274,1.987528662,2.470126924,5.49431189
GlcNAc(b1-3)Gal(b1-4)GlcNAc(b1-2)Man(a1-6)[GlcNAc(b1-3)Gal(b1-4)GlcNAc(b1-2)Man(a1-3)]Man(b1-4)GlcNAc(b1-4)GlcNAc(b1-Sp25,4.4286224789999995,16.09358083,3.4147353060000003,7.185626302999999
Gal(b1-4)GlcNAc(b1-3)Gal(b1-4)GlcNAc(b1-2)Man(a1-6)[Gal(b1-4)GlcNAc(b1-3)Gal(b1-4)GlcNAc(b1-2)Man(a1-3)]Man(b1-4)GlcNAc(b1-4)GlcNAc(b1-Sp12,20.89722577,17.40225406,24.997568899999997,14.28348674
Gal(b1-4)GlcNAc(b1-3)Gal(b1-4)GlcNAc(b1-2)Man(a1-6)[Gal(b1-4)GlcNAc(b1-3)Gal(b1-4)GlcNAc(b1-2)Man(a1-3)]Man(b1-4)GlcNAc(b1-4)GlcNAc(b1-Sp24,4.3100637289999995,8.820008591,8.279778767,16.281427700000002
Neu5Gc(a2-3)Gal(b1-4)GlcNAc(b1-3)Gal(b1-4)GlcNAc(b1-2)Man(a1-6)[Neu5Gc(a2-3)Gal(b1-4)GlcNAc(b1-3)Gal(b1-4)GlcNAc(b1-2)Man(a1-3)]Man(b1-4)GlcNAc(b1-4)GlcNAc(b1-Sp24,9.977250261,6.669284332,17.27119645,47.22952716
Fuc(a1-2)Gal(b1-4)GlcNAc(b1-3)Gal(b1-4)GlcNAc(b1-2)Man(a1-6)[Fuc(a1-2)Gal(b1-4)GlcNAc(b1-3)Gal(b1-4)GlcNAc(b1-2)Man(a1-3)]Man(b1-4)GlcNAc(b1-4)GlcNAc(b1-Sp24,12.0799438,1.418703656,8.724807222,30.84458644
GlcNAc(b1-3)Gal(b1-4)GlcNAc(b1-3)Gal(b1-4)GlcNAc(b1-2)Man(a1-6)[GlcNAc(b1-3)Gal(b1-4)GlcNAc(b1-3)Gal(b1-4)GlcNAc(b1-2)Man(a1-3)]Man(b1-4)GlcNAc(b1-4)GlcNAc(b1-Sp12,6.58935936,33.7527403,16.77319246,85.80913938
GlcNAc(b1-3)Gal(b1-4)GlcNAc(b1-3)Gal(b1-4)GlcNAc(b1-2)Man(a1-6)[GlcNAc(b1-3)Gal(b1-4)GlcNAc(b1-3)Gal(b1-4)GlcNAc(b1-2)Man(a1-3)]Man(b1-4)GlcNAc(b1-4)GlcNAc(b1-Sp25,5.9857556060000014,5.9572247360000015,4.792437795,20.56998558
Gal(b1-4)GlcNAc(b1-3)Gal(b1-4)GlcNAc(b1-3)Gal(b1-4)GlcNAc(b1-2)Man(a1-6)[Gal(b1-4)GlcNAc(b1-3)Gal(b1-4)GlcNAc(b1-3)Gal(b1-4)GlcNAc(b1-2)Man(a1-3)]Man(b1-4)GlcNAc(b1-4)GlcNAc(b1-Sp12,15.43713284,12.20931058,24.86429851,21.01168798
Gal(b1-4)GlcNAc(b1-3)Gal(b1-4)GlcNAc(b1-3)Gal(b1-4)GlcNAc(b1-2)Man(a1-6)[Gal(b1-4)GlcNAc(b1-3)Gal(b1-4)GlcNAc(b1-3)Gal(b1-4)GlcNAc(b1-2)Man(a1-3)]Man(b1-4)GlcNAc(b1-4)GlcNAc(b1-Sp24,4.296033916,2.410133449,22.16800086,9.801175935
GlcNAc(b1-3)Gal(b1-4)GlcNAc(b1-3)Gal(b1-4)GlcNAc(b1-3)Gal(b1-4)GlcNAc(b1-2)Man(a1-6)[GlcNAc(b1-3)Gal(b1-4)GlcNAc(b1-3)Gal(b1-4)GlcNAc(b1-3)Gal(b1-4)GlcNAc(b1-2)Man(a1-3)]Man(b1-4)GlcNAc(b1-4)GlcNAc(b1-Sp25,14.40158853,3.0655378460000002,3.621357703,6.319281902999999
Gal(b1-4)GlcNAc(b1-3)Gal(b1-4)GlcNAc(b1-3)Gal(b1-4)GlcNAc(b1-3)Gal(b1-4)GlcNAc(b1-2)Man(a1-6)[Gal(b1-4)GlcNAc(b1-3)Gal(b1-4)GlcNAc(b1-3)Gal(b1-4)GlcNAc(b1-3)Gal(b1-4)GlcNAc(b1-2)Man(a1-3)]Man(b1-4)GlcNAc(b1-4)GlcNAc(b1-Sp25,5.748903759,14.809423800000001,12.871825,12.09236557
Gal(b1-3)GlcNAc(b1-3)Gal(b1-4)GlcNAc(b1-2)Man(a1-6)[Gal(b1-3)GlcNAc(b1-3)Gal(b1-4)GlcNAc(b1-2)Man(a1-3)]Man(b1-4)GlcNAc(b1-4)GlcNAc(a1-Sp25,35.3378309,1.1830672340000001,10.18044895,22.19570749
Neu5Gc(a2-8)Neu5Gc(a2-3)Gal(b1-4)GlcNAc(a1-Sp0,2.467525072,4.861940432,4.181089738,7.226639476
Neu5Ac(a2-8)Neu5Gc(a2-3)Gal(b1-4)GlcNAc(a1-Sp0,4.113709536,3.670567661,7.068249754,11.2549517
Neu5Gc(a2-8)Neu5Ac(a2-3)Gal(b1-4)GlcNAc(a1-Sp0,5.449409152,5.353133856,10.1573116,19.62099345
Neu5Gc(a2-8)Neu5Gc(a2-3)Gal(b1-4)GlcNAc(b1-3)Gal(b1-4)GlcNAc(a1-Sp0,3.147664273,4.037353198,5.670571591,4.991898206
Neu5Gc(a2-8)Neu5Gc(a2-6)Gal(b1-4)GlcNAc(a1-Sp0,2.059172713,3.329613914,3.332120539,11.65479072
Neu5Ac(a2-8)Neu5Ac(a2-3)Gal(b1-4)GlcNAc(a1-Sp0,4.6798512930000005,4.926417186,7.5618616460000005,6.2158515460000014
GlcNAc(b1-3)Gal(b1-4)GlcNAc(b1-6)[GlcNAc(b1-3)Gal(b1-4)GlcNAc(b1-2)]Man(a1-6)[GlcNAc(b1-3)Gal(b1-4)GlcNAc(b1-2)]Man(a1-3)]Man(b1-4)GlcNAc(b1-4)GlcNAc(a1-Sp24,14.12484877,6.2520379429999995,11.03433692,28.53958367
Gal(b1-4)GlcNAc(b1-3)Gal(b1-4)GlcNAc(b1-6)[Gal(b1-4)GlcNAc(b1-3)Gal(b1-4)GlcNAc(b1-2)]Man(a1-6)[Gal(b1-4)GlcNAc(b1-3)Gal(b1-4)GlcNAc(b1-2)Man(a1-3)]Man(a1-4)GlcNAc(b1-4)GlcNAc(a1-Sp24,7.39878701,3.373282795,13.59372192,30.0112305
Gal(a1-3)Gal(b1-4)GlcNAc(b1-2)Man(a1-6)[Gal(a1-3)Gal(b1-4)GlcNAc(b1-2)Man(a1-3)]Man(b1-4)GlcNAc(b1-4)GlcNAc(a1-Sp24,4.171277805,9.209103928,15.51839262,4.708551886
GlcNAc(b1-3)Gal(b1-4)GlcNAc(b1-6)[GlcNAc(b1-3)Gal(b1-3)]GalNAc(a1-Sp14,6.177798144,4.012243944,4.789024984,7.979834443
GalNAc(b1-3)GlcNAc(b1-Sp0 ,32.60690808,289.309809,1881.322823,2035.2651899999998
GalNAc(b1-4)GlcNAc(b1-3)GalNAc(b1-4)GlcNAc(b1-Sp0 ,271.5152643,1679.395975,1092.293865,714.3700649
GlcNAc(b1-3)Gal(b1-4)GlcNAc(b1-3)Gal(b1-4)GlcNAc(b1-3)Gal(b1-4)GlcNAc(b1-3)Gal(b1-4)GlcNAc(b1-2)Man(a1-6)[GlcNAc(b1-3)Gal(b1-4)GlcNAc(b1-3)Gal(b1-4)GlcNAc(b1-3)Gal(b1-4)GlcNAc(b1-3)Gal(b1-4)GlcNAc(b1-2)Man(a1-3)]Man(b1-4)GlcNAc(b1-4)GlcNAc(b1-Sp25,12.54163503,3.400763228,3.53640316,5.4741225810000005
Gal(b1-4)GlcNAc(b1-3)Gal(b1-4)GlcNAc(b1-3)Gal(b1-4)GlcNAc(b1-3)Gal(b1-4)GlcNAc(b1-3)Gal(b1-4)GlcNAc(b1-2)Man(a1-6)[Gal(b1-4)GlcNAc(b1-3)Gal(b1-4)GlcNAc(b1-3)Gal(b1-4)GlcNAc(b1-3)Gal(b1-4)GlcNAc(b1-3)Gal(b1-4)GlcNAc(b1-2)Man(a1-3)]Man(b1-4)GlcNAc(b1-4)GlcNAc(b1-Sp25,6.271632604,3.945516857,5.275829604,13.47215167
GlcNA(b1-3)Gal(b1-3)GalNAc(a1-Sp14,1.2267549999999998,5.767495684,3.681651369,5.314590585
Gal(b1-3)GlcNAc(b1-6)[Gal(b1-3)]GalNAc(a1-Sp14,3.179764902,4.297138122,7.142675157999999,12.05851785
Gal(b1-4)GlcNAc(b1-3)Gal(b1-4)GlcNAc(b1-3)Gal(b1-4)GlcNAc(b1-3)Gal(b1-4)GlcNAc(b1-3)Gal(b1-4)GlcNAc(b1-3)Gal(b1-4)GlcNAc(b1-2)Man(a1-6)[Gal(b1-4)GlcNAc(b1-3)Gal(b1-4)GlcNAc(b1-3)Gal(b1-4)GlcNAc(b1-3)Gal(b1-4)GlcNAc(b1-3)Gal(b1-4)GlcNAc(b1-3)Gal(b1-4)GlcNAc(b1-2)Man(a1-3)]Man(b1-4)GlcNAc(b1-4)GlcNAc(b1-Sp25,11.05461986,4.316154435,18.05069284,19.12195123
(3S)GlcA(b1-3)Gal(b1-4)GlcNAc(b1-3)Gal(b1-4)Glc(a1-Sp0,6.089647579,7.302556217999999,6.7556845,2.209399649
(3S)GlcA(b1-3)Gal(b1-4)GlcNAc(b1-2)Man(a1-Sp0,4.070478535,7.163064642,2.834401555,14.30046449
Gal(b1-3)GlcNAc(b1-3)Gal(b1-4)GlcNAc(b1-3)Gal(b1-4)GlcNAc(b1-6)[Gal(b1-3)GlcNAc(b1-3)Gal(b1-4)GlcNAc(b1-3)Gal(b1-4)GlcNA(b1-2)]Man(a1-6)[Gal(b1-3)GlcNAc(b1-3)Gal(b1-4)GlcNAc(b1-3)Gal(b1-4)GlcNAc(b1-2)Man(a1-3)]Man(b1-4)GlcNAc(b1-4)[Fuc(a1-6)]GlcNAc(b1-Sp24,11.86436461,17.704166600000004,9.031228429,18.252426800000002
Gal(b1-3)GlcNAc(b1-3)Gal(b1-4)GlcNAc(b1-6)[Gal(b1-3)GlcNAc(b1-3)Gal(b1-4)GlcNA(b1-2)]Man(a1-6)[Gal(b1-3)GlcNAc(b1-3)Gal(b1-4)GlcNAc(b1-2)Man(a1-3)]Man(b1-4)GlcNAc(b1-4)[Fuc(a1-6)]GlcNAc(b1-Sp24,14.00139203,6.468823026,16.5008038,10.69176019
Neu5Ac(a2-8)Neu5Ac(a2-3)Gal(b1-3)GalNAc(b1-4)[Neu5Ac(a2-3)]Gal(b1-4)Glc(a1-Sp21,2.165079455,13.73745802,8.91972881,14.09574599
GlcNAc(b1-3)Gal(b1-4)GlcNAc(b1-2)Man(a1-6)[GlcNAc(b1-3)Gal(b1-4)GlcNAc(b1-2)Man(a1-3)]Man(b1-4)GlcNAc(b1-4)[Fuc(a1-6)]GlcNAc(b1-Sp24,13.22193398,20.73052313,13.72361926,32.83904374
Gal(b1-4)GlcNAc(b1-3)Gal(b1-4)GlcNAc(b1-2)Man(a1-6)[Gal(b1-4)GlcNAc(b1-3)Gal(b1-4)GlcNAc(b1-2)Man(a1-3)]Man(b1-4)GlcNAc(b1-4)[Fuc(a1-6)]GlcNAc(b1-Sp24,23.59083444,4.625129145,6.383277022000001,10.24220645
GlcNAc(b1-3)Gal(b1-4)GlcNAc(b1-3)Gal(b1-4)GlcNAc(b1-2)Man(a1-6)[GlcNAc(b1-3)Gal(b1-4)GlcNAc(b1-3)Gal(b1-4)GlcNAc(b1-2)Man(a1-3)]Man(b1-4)GlcNAc(b1-4)[Fuc(a1-6)]GlcNAc(b1-Sp24,5.0016538960000005,9.464283584,6.0882792860000015,7.361698475
Gal(b1-4)GlcNAc(b1-3)Gal(b1-4)GlcNAc(b1-3)Gal(b1-4)GlcNAc(b1-2)Man(a1-6)[Gal(b1-4)GlcNAc(b1-3)Gal(b1-4)GlcNAc(b1-3)Gal(b1-4)GlcNAc(b1-2)Man(a1-3)]Man(b1-4)GlcNAc(b1-4)[Fuc(a1-6)]GlcNAc(b1-Sp24,3.674682565,4.291081815,9.09477575,6.85034171
GlcNAc(b1-3)Gal(b1-4)GlcNAc(b1-3)Gal(b1-4)GlcNAc(b1-3)Gal(b1-4)GlcNAc(b1-2)Man(a1-6)[GlcNAc(b1-3)Gal(b1-4)GlcNAc(b1-3)Gal(b1-4)GlcNAc(b1-3)Gal(b1-4)GlcNAc(b1-2)Man(a1-3)]Man(b1-4)GlcNAc(b1-4)[Fuc(a1-6)]GlcNAc(b1-Sp24,12.29417798,13.52425379,8.090124428,11.01228832
Gal(b1-4)GlcNAc(b1-3)Gal(b1-4)GlcNAc(b1-3)Gal(b1-4)GlcNAc(b1-3)Gal(b1-4)GlcNAc(b1-2)Man(a1-6)[Gal(b1-4)GlcNAc(b1-3)Gal(b1-4)GlcNAc(b1-3)Gal(b1-4)GlcNAc(b1-3)Gal(b1-4)GlcNAc(b1-2)Man(a1-3)]Man(b1-4)GlcNAc(b1-4)[Fuc(a1-6)]GlcNAc(b1-Sp24,11.50805287,6.9533828689999995,23.56875287,19.87232251
GlcNAc(b1-3)Gal(b1-4)GlcNAc(b1-3)Gal(b1-4)GlcNAc(b1-3)Gal(b1-4)GlcNAc(b1-3)Gal(b1-4)GlcNAc(b1-2)Man(a1-6)[GlcNAc(b1-3)Gal(b1-4)GlcNAc(b1-3)Gal(b1-4)GlcNAc(b1-3)Gal(b1-4)GlcNAc(b1-3)Gal(b1-4)GlcNAc(b1-2)Man(a1-3)]Man(b1-4)GlcNAc(b1-4)[Fuc(a1-6)]GlcNAc(b1-Sp19,6.801774621,10.55481334,18.04444222,54.05499508
Gal(b1-4)GlcNAc(b1-3)Gal(b1-4)GlcNAc(b1-3)Gal(b1-4)GlcNAc(b1-3)Gal(b1-4)GlcNAc(b1-3)Gal(b1-4)GlcNAc(b1-2)Man(a1-6)[Gal(b1-4)GlcNAc(b1-3)Gal(b1-4)GlcNAc(b1-3)Gal(b1-4)GlcNAc(b1-3)Gal(b1-4)GlcNAc(b1-3)Gal(b1-4)GlcNAc(b1-2)Man(a1-3)]Man(b1-4)GlcNAc(b1-4)[Fuc(a1-6)]GlcNAc(b1-Sp19,6.217953932,16.53949192,15.28287393,66.42227624
Gal(b1-4)GlcNAc(b1-3)Gal(b1-4)GlcNAc(b1-6)[Gal(b1-4)GlcNAc(b1-3)Gal(b1-4)GlcNA(b1-2)]Man(a1-6)[Gal(b1-4)GlcNAc(b1-3)Gal(b1-4)GlcNAc(b1-2)Man(a1-3)]Man(b1-4)GlcNAc(b1-4)[Fuc(a1-6)]GlcNAc(b1-Sp24,7.7323773660000015,12.21563388,4.786512507,25.85676458
GlcNAc(b1-3)Gal(b1-4)GlcNAc(b1-3)Gal(b1-4)GlcNAc(b1-6)[GlcNAc(b1-3)Gal(b1-4)GlcNAc(b1-3)Gal(b1-4)GlcNA(b1-2)]Man(a1-6)[GlcNAc(b1-3)Gal(b1-4)GlcNAc(b1-3)Gal(b1-4)GlcNAc(b1-2)Man(a1-3)]Man(b1-4)GlcNAc(b1-4)[Fuc(a1-6)]GlcNAc(b1-Sp24,6.290150509,3.489153871,7.901579448,15.8429031
Gal(b1-4)GlcNAc(b1-3)Gal(b1-4)GlcNAc(b1-3)Gal(b1-4)GlcNAc(b1-6)[Gal(b1-4)GlcNAc(b1-3)Gal(b1-4)GlcNAc(b1-3)Gal(b1-4)GlcNA(b1-2)]Man(a1-6)[Gal(b1-4)GlcNAc(b1-3)Gal(b1-4)GlcNAc(b1-3)Gal(b1-4)GlcNAc(b1-2)Man(a1-3)]Man(b1-4)GlcNAc(b1-4)[Fuc(a1-6)]GlcNAc(b1-Sp24,6.875171336,6.090446626,14.74722435,29.24310558
GlcNAc(b1-3)Gal(b1-4)GlcNAc(b1-3)Gal(b1-4)GlcNAc(b1-3)Gal(b1-4)GlcNAc(b1-6)[GlcNAc(b1-3)Gal(b1-4)GlcNAc(b1-3)Gal(b1-4)GlcNAc(b1-3)Gal(b1-4)GlcNA(b1-2)]Man(a1-6)[GlcNAc(b1-3)Gal(b1-4)GlcNAc(b1-3)Gal(b1-4)GlcNAc(b1-3)Gal(b1-4)GlcNAc(b1-2)Man(a1-3)]Man(b1-4)GlcNAc(b1-4)[Fuc(a1-6)]GlcNAc(b1-Sp24,3.768846356,4.524824304,4.300841366,21.74709623
Gal(b1-4)GlcNAc(b1-3)Gal(b1-4)GlcNAc(b1-3)Gal(b1-4)GlcNAc(b1-3)Gal(b1-4)GlcNAc(b1-6)[Gal(b1-4)GlcNAc(b1-3)Gal(b1-4)GlcNAc(b1-3)Gal(b1-4)GlcNAc(b1-3)Gal(b1-4)GlcNA(b1-2)]Man(a1-6)[Gal(b1-4)GlcNAc(b1-3)Gal(b1-4)GlcNAc(b1-3)Gal(b1-4)GlcNAc(b1-3)Gal(b1-4)GlcNAc(b1-2)Man(a1-3)]Man(b1-4)GlcNAc(b1-4)[Fuc(a1-6)]GlcNAc(b1-Sp24,5.415463894,3.5073407619999997,15.55805685,6.322698598
GlcNAc(b1-3)Gal(b1-4)GlcNAc(b1-3)Gal(b1-4)GlcNAc(b1-3)Gal(b1-4)GlcNAc(b1-3)Gal(b1-4)GlcNAc(b1-6)[GlcNAc(b1-3)Gal(b1-4)GlcNAc(b1-3)Gal(b1-4)GlcNAc(b1-3)Gal(b1-4)GlcNAc(b1-3)Gal(b1-4)GlcNA(b1-2)]Man(a1-6)[GlcNAc(b1-3)Gal(b1-4)GlcNAc(b1-3)Gal(b1-4)GlcNAc(b1-3)Gal(b1-4)GlcNAc(b1-3)Gal(b1-4)GlcNAc(b1-2)Man(a1-3)]Man(b1-4)GlcNAc(b1-4)[Fuc(a1-6)]GlcNAc(b1-Sp24,8.142190669,14.54329784,6.448457424,64.54073018
Gal(b1-4)GlcNAc(b1-3)Gal(b1-4)GlcNAc(b1-3)Gal(b1-4)GlcNAc(b1-3)Gal(b1-4)GlcNAc(b1-3)Gal(b1-4)GlcNAc(b1-6)[Gal(b1-4)GlcNAc(b1-3)Gal(b1-4)GlcNAc(b1-3)Gal(b1-4)GlcNAc(b1-3)Gal(b1-4)GlcNAc(b1-3)Gal(b1-4)GlcNA(b1-2)]Man(a1-6)[Gal(b1-4)GlcNAc(b1-3)Gal(b1-4)GlcNAc(b1-3)Gal(b1-4)GlcNAc(b1-3)Gal(b1-4)GlcNAc(b1-3)Gal(b1-4)GlcNAc(b1-2)Man(a1-3)]Man(b1-4)GlcNAc(b1-4)[Fuc(a1-6)]GlcNAc(b1-Sp24,10.080353,8.217001125,19.58140652,15.61489986
Gal(b1-4)GlcNAc(b1-3)Gal(b1-4)GlcNAc(b1-3)GalNAc(a1-Sp14,26.08359497,25.18924113,53.30990007,44.50911762
Gal(b1-4)GlcNAc(b1-3)Gal(b1-4)GlcNAc(b1-6)[Gal(b1-3)]GalNAc(a1-Sp14,20.89915218,8.850365085,22.36432082,11.60856119
Gal(b1-4)GlcNAc(b1-3)Gal(b1-4)GlcNAc(b1-6)[Gal(b1-4)GlcNAc(b1-3)Gal(b1-4)GlcNAc(b1-3)]GalNAc(a1-Sp14,29.94660693,19.54246297,13.52662016,50.19387328
Neu5Ac(a2-3)Gal(b1-4)GlcNAc(b1-3)Gal(b1-4)GlcNAc(b1-3)GalNAc(a1-Sp14,5.7588041279999995,5.991136259,10.12887156,8.888780375
GlcNAc(b1-3)Gal(b1-4)GlcNAc(b1-3)GalNAc(a1-Sp14,9.346902287999999,7.759109242,21.39233901,9.644198032
GlcNAc(b1-3)Gal(b1-4)GlcNAc(b1-6)[Gal(b1-3)]GalNAc(a1-Sp14,3.697976858,5.414528732999999,5.381610375,6.112018127000001
GlcNAc(b1-3)Gal(b1-4)GlcNAc(b1-6)[GlcNAc(b1-3)Gal(b1-4)GlcNAc(b1-3)]GalNAc(a1-Sp14,6.613757027,4.888326641,4.0738831310000005,14.25133411
Neu5Ac(a2-3)Gal(b1-4)GlcNAc(b1-3)Gal(b1-4)GlcNAc(b1-6)[Neu5Ac(a2-3)Gal(b1-4)GlcNAc(b1-3)Gal(b1-4)GlcNAc(b1-3)]GalNAc(a1-Sp14,15.84635547,13.85902256,15.52334122,11.34823288
Neu5Ac(a2-6)Gal(b1-4)GlcNAc(b1-3)Gal(b1-4)GlcNAc(b1-3)GalNAc(a1-Sp14,8.092254353,4.326594421,5.587170605,8.725429322
GlcNAc(b1-3)Gal(b1-4)GlcNAc(b1-3)Gal(b1-4)GlcNAc(b1-3)GalNAc(a1-Sp14,7.008260152,5.403807605,14.49245526,5.8902430589999994
Gal(b1-4)GlcNAc(b1-3)Gal(b1-3)GalNAc(a1-Sp14,8.79376677,9.514449824,1.076917801,11.53808836
Neu5Ac(a2-3)Gal(b1-4)GlcNAc(b1-3)Gal(b1-4)GlcNAc(b1-6)[Gal(b1-3)]GalNAc(a1-Sp14,6.69914288,14.62030225,8.252025668,9.606913711
Neu5Ac(a2-6)Gal(b1-4)GlcNAc(b1-3)Gal(b1-4)GlcNAc(b1-6)[Gal(b1-3)]GalNAc(a1-Sp14,23.48211948,3.124022935,17.59433682,18.87342746
Neu5Ac(a2-6)Gal(b1-4)GlcNAc(b1-6)[Gal(b1-3)]GalNAc(a1-Sp14,3.173701543,7.235925091,10.53181963,15.60655811
Neu5Ac(a2-3)Gal(b1-4)GlcNAc(b1-3)Gal(b1-4)GlcNAc(b1-2)Man(a1-6)[Neu5Ac(a2-3)Gal(b1-4)GlcNAc(b1-3)Gal(b1-4)GlcNAc(b1-2)Man(a1-3)]Man(b1-4)GlcNAc(b1-4)GlcNAc(b1-Sp12,31.42037857,24.67690961,21.1643995,65.04004271
GlcNAc(b1-6)[Neu5Ac(a2-3)Gal(b1-3)]GalNAc(a1-Sp14,6.42535603,0.8876097959999999,4.311031442,5.306583961
Neu5Ac(a2-6)Gal(b1-4)GlcNAc(b1-3)Gal(b1-4)GlcNAc(b1-6)[Neu5Ac(a2-6)Gal(b1-4)GlcNAc(b1-3)Gal(b1-4)GlcNAc(b1-3)]GalNAc(a1-Sp14,18.34182114,13.48680081,18.04543334,38.31199971
Neu5Ac(a2-6)Gal(b1-4)GlcNAc(b1-3)Gal(b1-4)GlcNAc(b1-3)Gal(b1-4)GlcNAc(b1-2)Man(a1-6)[Neu5Ac(a2-6)Gal(b1-4)GlcNAc(b1-3)Gal(b1-4)GlcNAc(b1-3)Gal(b1-4)GlcNAc(b1-2)Man(a1-3)]Man(b1-4)GlcNAc(b1-4)GlcNAc(b1-Sp12,42.2349235,19.27471994,27.06964974,43.19831322
Neu5Ac(a2-3)Gal(b1-4)GlcNAc(b1-3)Gal(b1-4)GlcNAc(b1-3)Gal(b1-4)GlcNAc(b1-2)Man(a1-6)[Neu5Ac(a2-3)Gal(b1-4)GlcNAc(b1-3)Gal(b1-4)GlcNAc(b1-3)Gal(b1-4)GlcNAc(b1-2)Man(a1-3)]Man(b1-4)GlcNAc(b1-4)GlcNAc(b1-Sp12,47.22108821,26.83490078,27.37464566,64.16259985
Neu5Ac(a2-6)Gal(b1-4)GlcNAc(b1-3)Gal(b1-4)GlcNAc(b1-2)Man(a1-6)[Neu5Ac(a2-6)Gal(b1-4)GlcNAc(b1-3)Gal(b1-4)GlcNAc(b1-2)Man(a1-3)]Man(b1-4)GlcNAc(b1-4)GlcNAc(b1-Sp12,7.409740366,10.10052904,5.427208669,13.7765568
GlcNAc(b1-3)Fuc(a1-Sp21,7.403312527000001,1.079224472,2.960683265,6.077204416
Gal(b1-3)GalNAc(b1-4)[Neu5Ac(a2-8)Neu5Ac(a2-8)Neu5Ac(a2-3)]Gal(b1-4)Glc(b1-Sp21,4.6845148530000005,6.077826965,8.874648298,19.20536973
