Sample,MSE,R-Squared,Score
MpL-1 (87ug/ml),0.14476761399483276,0.6611297516027672,0.4836378623920655
MpL-2 (145ug/ml),0.17446077661266576,0.6679037661523819,0.5065570104602839
MpL-2 (10ug/ml),0.10418977201678888,0.594548981240377,0.5096407907764119
MpL-1 (10ug/ml),0.10987766101734701,0.534033935471959,0.575843725545388
MJW lectin 200ug/ml,0.1090626182355147,0.529687802686788,0.5793748155487267
Threefoil 200ug/ml,0.14613199045522796,0.6113609193915408,0.5347710710636872
Blon 2468 Mut (100ug/ml),0.08329210511868167,-0.016850206324499073,1.1001423114431808
NV VLP-3step (200ug/ml),0.07030910249778012,-0.12781732500742748,1.1981264275052077
rNV VLP-4step (200ug/ml),0.0604651034418846,-0.12584062411194963,1.1863057275538342
CBM13 2b+BME (200ug/ml),0.07702805091537063,-0.15569353453618207,1.2327215854515527
CBM13 2b (200ug/ml),0.06630095153940967,-0.05549975262831208,1.1218007041677218
CBM13 2a (200ug/ml),0.06817312820485193,-0.28520707663666545,1.3533802048415173
PSL 200ug/ml,0.06584972061777493,0.6496596899184266,0.41619003069934835
Galectin-7 (20ug/ml),0.15971768294840535,0.31362247449180913,0.8460952084565962
Galectin-8 (20ug/ml),0.32360458593645364,0.689669728439553,0.6339348574969006
Galectin-9 (20ug/ml),0.14553496880173436,0.5303440464879804,0.6151909223137539
Siglec-F-hFc 5ug/ml,0.10543774733011958,0.020923572946444646,1.084514174383675
Siglec-F-hFc (50ug/ml),0.42033675811439963,0.36097483099143546,1.0593619271229642
Siglec-8-hFc (20ug/ml),0.04844754618524468,-0.0357826181735017,1.0842301643587464
Siglec-8-hFc (200ug/ml),0.06816324849052761,-0.11815378823598266,1.1863170367265103
Threefoil (2ug/ml),0.05505781871394443,0.20361611830184867,0.8514417004120958
Threefoil (10ug/ml),0.049639090818787736,0.23524860126351088,0.8143904895552768
Threefoil (50ug/ml),0.0635735923509565,0.4052799321036886,0.6582936602472679
Fm1D 200ug/ml,0.12686760908598374,0.5125230344126714,0.6143445746733123
FimH 2.2ug/ml,0.17756799729022174,0.7018239433790814,0.4757440539111404
FimH 220ug/ml,0.2210181576235548,0.6145278536745203,0.6064903039490345
Langerin (200ug/ml),0.13060210093353147,0.17517817008382153,0.9554239308497099
Langerin K313I (200ug/ml),0.17315425105376728,0.2897402763671838,0.8834139746865834
InfluenzaB/Yamagata/1/1973 HA T196P (200ug/ml),0.20891432562528295,0.3728676410255297,0.8360466845997532
InfluenzaB/Yamagata/1/1973 HA G141V (200ug/ml),0.4376397363742948,0.51620731002027,0.9214324263540248
InfluenzaB/Yamagata/1/1973 HA G141E (200ug/ml),0.2653822130972228,0.17597035709917308,1.0894118559980497
InfluenzaB/Yamagata/1/1973 HA P238S (200ug/ml),0.24833352974263548,0.45550304973938516,0.7928304800032503
InfluenzaB/Yamagata/1/1973 HA P238T (200ug/ml),0.30795476945701866,0.3653781160074523,0.9425766534495663
InfluenzaB/Yamagata/1/1973 HA-11 D194S (200ug/ml),0.37333638349485343,0.5561896955569803,0.8171466879378732
InfluenzaB/Yamagata/1/1973 HA-12 D194K (200ug/ml),0.39435439490706764,0.565417340227037,0.8289370546800305
InfluenzaB/Yamagata/1/1973 HA-13 D194Y (200ug/ml),0.36725351146331764,0.5586545204878117,0.8085989909755059
InfluenzaB/Yamagata/1/1973 HA-21 T196A (200ug/ml),0.24182107233846484,0.40535635802415193,0.8364647143143129
InfluenzaB/Yamagata/1/1973 HA-22 T196I (200ug/ml),0.3043664175914794,0.47118971413103616,0.8331767034604433
InfluenzaB/Yamagata/1/1973 HA-23 T196N (200ug/ml),0.29982687019762505,0.45357133553722406,0.846255534660401
InfluenzaB/Yamagata/1/1973 HA P238K (200ug/ml),0.3264822335725555,0.27033227031377194,1.0561499632587836
PToV-p4 HE0-cIg (100ug/ml),0.037311009203020065,-0.25364568972826884,1.2909566989312888
BCoV-Mebus HE0-cIg (100ug/ml),0.05016705153309172,-0.2477919643375297,1.2979590158706213
mCC1-Hexahis-Precomplexed (ug/ml),0.12888747489189156,0.041387107871018514,1.0875003670208732
mCC1-Hexahis-Precomplexed formation (ug/ml),0.15170792147374376,0.06661041039329718,1.0850975110804466
Microvirin 200ug/ml,0.1773570334041153,0.4339240704042474,0.7434329629998679
Microvirin 20ug/ml,0.12023498990786254,0.5508744271269935,0.569360562780869
Microvirin 2ug/ml,0.07696980032476392,0.4287961137927535,0.6481736865320105
LSECtin pH7.4 5ug/ml,0.12887496929462883,0.4785857980511403,0.6502891712434885
LSECtin pH6.4 5ug/ml,0.08348261523065438,0.0176084138811754,1.065874201349479
LSECtin pH5.4 5ug/ml,0.07091304065866508,-0.18703653368775086,1.257949574346416
Mouse Clrb (200ug/ml),0.08638307029712046,0.30757096350170243,0.778812106795418
Mouse NKR-P1C (200ug/ml),0.4584903374052823,0.5671575961484965,0.8913327412567857
Mouse NKR-P1C (20ug/ml),0.2549918487980532,0.5534984827116847,0.7014933660863685
Mouse NKR-P1C (2ug/ml),0.1492363575338088,0.4642397776516892,0.6849965798821196
Mouse NKR-P1C (0.2ug/ml),0.07370492497065122,0.2572759688470626,0.8164289561235886
Coronavirus 3 200ug/ml,0.07025317843917542,-0.23727952117470652,1.3075326996138819
FliD (180ug/ml),0.1767219833269834,0.07374207732669069,1.1029799060002927
Human Galectin1 (0.1ug/ml),0.048333512325942816,0.2641301354104294,0.7842033769155135
Human Galectin1 (10ug/ml),0.17389008065499525,0.6061702520307641,0.5677198286242311
Mouse Galectin1 (0.1ug/ml),0.10003517975137077,0.1869010540922449,0.9131341256591259
Mouse Galectin1 (10ug/ml),0.13248616244364592,0.4954904934439197,0.6369956689997263
Human Galectin1 (0.5ug/ml),0.1427362120645972,0.5511851171796955,0.5915510948849017
Human Galectin1 (1ug/ml),0.129326237080053,0.655421399066809,0.473904838013244
Human Galectin1 (5ug/ml),0.2002414188645445,0.685095500519088,0.5151459183454565
Mouse Galectin1 (0.5ug/ml),0.09394730167497187,0.4585679402219124,0.6353793614530595
Mouse Galectin1 (1ug/ml),0.08093718572162613,0.5753429902000478,0.5055941955215784
Mouse Galectin1 (5ug/ml),0.10395214623050796,0.643493566453269,0.4604585797772389
AMA(EY Lab) (1ug/ml),0.10156494138831014,0.41760196076340983,0.6839629806249004
AMA(EY Lab) (10ug/ml),0.1661596984038037,0.6419521180856123,0.5242075803181915
ACL (0.1ug/ml),0.10764900270476455,0.09205079595793242,1.015598206746832
ACL (1ug/ml),0.17640107076111766,0.30067182478307775,0.8757292459780399
ACL (10ug/ml),0.21931101542657436,0.47127062559471644,0.7480403898318579
ACL (100ug/ml),0.262729534695538,0.5399371032274758,0.7227924314680623
ACL(Vector) (0.3ug/ml),0.1612204702968968,0.3198905738083162,0.8413298964885806
ACL(Vector) (0.01ug/ml),0.06385294299243303,-0.0036463139162998814,1.067499256908733
AMA (EY Lab) (0.1ug/ml),0.06925764127773615,0.17758563103982772,0.8916720102379084
AMA (EY Lab) (100ug/ml),0.22464765511424617,0.744729590795189,0.4799180643190572
AIA (0.1 ug/ml),0.04060464998495114,-0.2149601300206334,1.2555647800055845
CNL 1ug/ml,0.17703800008918968,0.5021388084312082,0.6748991916579815
AIA (10 ug/ml),0.22539324701757654,0.5725305626853628,0.6528626843322137
rCNL 100ug/ml,0.2673596773388917,0.6563359867296107,0.611023690609281
CNL 0.1ug/ml,0.1689990217556481,0.26454060354050957,0.9044584182151385
AIA (0.01ug/ml),0.05104834740305689,-0.1467758425539325,1.1978241899569895
rCNL 10ug/ml,0.17097875284990782,0.6154402945481772,0.5555384583017307
Mono1-CNL 1ug/ml,0.10067589580534234,0.06453176185159282,1.0361441339537496
AIA (1 ug/ml),0.04626338684199163,-0.20128676130116974,1.2475501481431615
Mono1-CNL 100ug/ml,0.23420519699632053,0.5522160419320166,0.681989155064304
Mono1-CNL 5ug/ml,0.1606563433568084,0.25939733956192956,0.9012590037948789
Mono1-CNL 50ug/ml,0.20951606197051198,0.5475302196296761,0.6619858423408359
MpL-2-lac 1ug/ml,0.12265891150103846,0.11022129287937454,1.012437618621664
AAL (0.01 ug/ml),0.07923036935282173,0.3576839410936339,0.7215464282591878
AAL (0.1ug/ml),0.1745897268301122,0.7281799898373882,0.446409736992724
AAL (1ug/ml),0.2803797302003847,0.7841482597089277,0.49623147049145705
AAL (10ug/ml),0.3099656382346893,0.7966774656072504,0.513288172627439
AAL (100 ug/ml),0.18870201380450166,0.7789487369814243,0.4097532768230774
AOL (Mahal Lab) (0.1ug/ml),0.1514851248741693,0.7352575196325781,0.4162276052415912
AOL (Mahal Lab) (1ug/ml),0.30223381836512325,0.7731947504506868,0.5290390679144366
AOL (Mahal Lab) (10ug/ml),0.32835417653174787,0.7890719061454822,0.5392822703862656
AOL (100ug/ml),0.3266723013743906,0.7751381334712275,0.5515341679031631
MpL-2-lac 100ug/ml,0.5271717375275229,0.40105370065671897,1.126118036870804
MpL-2-Lac 5ug/ml,0.09407262324091031,0.4327403058111168,0.6613323174297936
MpL-2-Lac 50ug/ml,0.17845096434429905,0.5512023158631243,0.6272486484811748
ABA 1ug/ml,0.07481517677307332,-0.1741711975266429,1.2489863742997163
ABA 100ug/ml,0.25996066086633146,0.43521587718208554,0.8247447836842459
ABA 10ug/ml,0.07851546575794797,0.18553749850883516,0.8929779672491128
Mono2R-CNL 1ug/ml,0.11559506819569151,0.07365005416331516,1.0419450140323763
Mono2R-CNL 100ug/ml,0.20049060786614484,0.5066275413413598,0.693863066524785
Mono2R-CNL 10ug/ml,0.12177462825499345,0.24155735289108582,0.8802172753639076
Mono2R-CNL 200ug/ml,0.1454062239276535,0.5086066122727,0.6367996116549535
Mono2W-CNL 1ug/ml,0.1016869259891243,0.14503577276232382,0.9566511532268005
Mono2W-CNL 100ug/ml,0.14134761133788462,0.43402766495764533,0.7073199463802393
Mono2W-CNL 200ug/ml,0.19685575699180063,0.4237591409165723,0.7730966160752284
Influenza HA (A/Puerto Rico/8/34) (H1N1) 200ug/ml,0.1660490562625364,0.31530088110438725,0.8507481751581492
Influenza HA (A/Puerto Rico/8/34) (H1N1) D190E 200ug/ml,0.17095386225425288,0.27241542067404134,0.8985384415802116
CvGal2 200ug/ml,0.26805619560974503,0.656646887792812,0.611409307816933
CvGal2 20ug/ml,0.17710943701573678,0.4143427071766824,0.7627667298390544
Az-ArtB 200ug/ml,0.08423461271284755,0.12507627417817224,0.9591583385346754
P11 VP8 (200ug/ml),0.14338389458953113,0.6147857584368778,0.5285981361526534
P11 VP8 (20ug/ml),0.133588087801376,0.6599157999485625,0.47367228785281346
P11 VP8 (2ug/ml),0.08690201274636006,0.5985111013133778,0.48839091143298224
P11 VP8 (0.2ug/ml),0.09671020911352389,0.26672230201967284,0.8299879070938511
GNL (200ug/ml),0.09885339243490904,0.4207172936298471,0.678136098805062
tcdA (200ug/ml),0.19127806264564456,0.11443021721260738,1.0768478454330372
PFL (200ug/ml),0.1561813089063173,0.5270651835215245,0.6291161253847928
PFL (10ug/ml),0.15925529511243156,0.4938266319271053,0.6654286631853262
PFL (1ug/ml),0.13930594099834223,0.45559100785013806,0.6837149331482042
PFL (0.1ug/ml),0.11900456509144372,0.41580916108134125,0.7031954040101025
Alexa488 At2g02360/C5 (200ug/ml),0.2712014536863825,0.1016102885176079,1.1695911651687747
Alexa488 At2g02360/C2 (200ug/ml),0.2251062945629916,0.1318168281779084,1.0932894663850832
WT (200ug/ml),0.21377666815366655,0.7785559844907435,0.4352206836629231
WT (50ug/ml),0.19047470363712277,0.7843661254186112,0.4061085782185116
BPL (1ug/ml),0.23038644950273787,0.49739532050814994,0.732991128994588
BPL (10ug/ml),0.42905182709746253,0.5452474673794016,0.8838043597180609
BPL (100ug/ml),0.5132284903902382,0.5959147254226532,0.917313764967585
CA 0.1ug/ml,0.15740175814015234,0.535707668402158,0.6216940897379943
CA 1ug/ml,0.11981751677687233,0.5959472990868936,0.5238702176899788
CA 10ug/ml,0.14592110164058772,0.6689454621141248,0.47697563952646294
CA 100ug/ml,0.09986594292016719,0.6836683519199165,0.4161975910002507
CAA 0.1ug/ml,0.09065331488359774,0.48690606128334246,0.6037472536002553
CAA 1ug/ml,0.15913624337317706,0.6439666806066495,0.5151695627665276
CAA 10ug/ml,0.17066142080082433,0.7174220268476788,0.4532393939531456
CAA 100ug/ml,0.18933544305142036,0.7184611905366357,0.47087425251478465
ConA (1ug/ml),0.1721978266765853,0.7861300476934219,0.38606777898316347
ConA (5ug/ml),0.22143859126213375,0.8079682151772432,0.41347037608489057
ConA (10ug/ml),0.2740061392106593,0.8037320404669722,0.4702740987436871
ConA (50ug/ml),0.2026601440513365,0.7954137602241216,0.4072463838272149
ConA 0.1ug/ml,0.03432870840500479,0.28862928843594815,0.7456994199690566
ConA 0.5ug/ml,0.061752282381428936,0.6853036416259917,0.37644864075543727
ConA 1ug/ml,0.06795661105918996,0.6903781166871208,0.37757849437206914
ConA 10ug/ml,0.11137991676051158,0.7747217589886335,0.3366581577718781
ConA 50ug/ml,0.17236404689953502,0.783506773102022,0.388857273797513
ConA 100ug/ml ,0.151460925620445,0.7817520485585945,0.3697088770618505
GS-II (EY Lab) (0.1ug/ml),0.06991053344293699,0.07881234808309334,0.9910981853598436
GS-II (EY Lab) (1ug/ml),0.06032964355387714,0.4831841999711374,0.5771454435827398
GS-II (EY Lab) (10ug/ml),0.14876768818184524,0.6391836995430977,0.5095839886387475
GS-II(EYLab) (100ug/ml),0.249727780853355,0.7332137909379205,0.5165139899154345
EEA(EY Lab) (0.1ug/ml),0.07606000596848088,-0.041429103882840046,1.1174891098513209
EEA(EY Lab) (1ug/ml),0.08093540634340693,0.2291253053756379,0.851810100967769
EEA(EY Lab) (10ug/ml),0.10762926205357141,0.38613090610000944,0.7214983559535619
EEA(EYLab) (100ug/ml),0.11361192497970779,0.5288956380090206,0.5847162869706872
DSA(EYLab) (100ug/ml),0.24127582184075777,0.6803099890416173,0.5609658327991405
GSL-2 (0.1ug/ml),0.10178729454023235,0.5515541414947309,0.5502331530455015
GSL-2 (1ug/ml),0.11511901098585237,0.6804280690013174,0.434690941984535
GSL-2 (10ug/ml),0.16371713951708333,0.673996932775982,0.4897202067411013
GSL-2 (100ug/ml),0.1781530797185047,0.601330531061073,0.5768225486574317
GSL-1 (0.1ug/ml),0.06144126185372502,-0.01778786745479688,1.0792291293085219
GSL-1 (1ug/ml),0.13679406839187025,0.2215107391435882,0.915283329248282
GSL-1 (10ug/ml),0.2561293671693158,0.38737514098891734,0.8687542261803984
GSL-1 (100ug/ml),0.30591082063490244,0.49118617242957874,0.8147246482053236
GNA (EY Lab) (0.1ug/ml),0.09606770769050171,0.3695038723679469,0.7265638353225548
GNA (EY Lab) (1ug/ml),0.11832256533331649,0.5546394312140165,0.5636831341193
GNA (EY Lab) (10ug/ml),0.16737487539251672,0.6282907376908101,0.5390841377017066
GNA(EYLab) (100ug/ml),0.1884127446050626,0.7388908027524036,0.44952194185265903
GNL (0.1ug/ml),0.05445374978752075,0.21336892725165735,0.8410848225358634
GNL (1ug/ml),0.07858421449077396,0.3911803908577637,0.6874038236330102
GNL (10 ug/ml),0.06535560433622419,0.5032773637875823,0.562078240548642
GNL (100ug/ml),0.10061758865137421,0.5615192404716098,0.5390983481797644
EEL (0.1ug/ml),0.07368259354683761,0.3604101134852501,0.7132724800615875
EEL (1ug/ml),0.1102144412159674,0.4889136494881521,0.6213007917278153
EEL (10ug/ml),0.16582358274698297,0.4926957040180122,0.6731278787289707
EEL (100ug/ml),0.19375935813365042,0.5018394377717659,0.6919199203618845
ECL 0.01ug/ml,0.06228560004124357,0.03859914023336686,1.0236864598078768
ECL 0.1ug/ml,0.04342916662701131,0.030909268067617957,1.0125198985593933
ECL 0.5ug/ml,0.06408110117851724,0.40534585611160856,0.6587352450669087
ECL 1ug/ml,0.07549785722856217,0.4847657510113408,0.5907321062172214
ECL 5ug/ml,0.1296511490506902,0.6060619605466908,0.5235891885039994
ECL 50ug/ml,0.18609745308275064,0.6189766730739472,0.5671207800088034
DSL (0.1ug/ml),0.07081792138808653,0.5832561178612768,0.48756180352680967
DSL (1ug/ml),0.10984386783311924,0.6596885396562253,0.4501553281768939
DSL (10ug/ml),0.2054239138834284,0.6585117315050095,0.5469121823784189
DSL (100ug/ml),0.2759357104470026,0.6787248820418859,0.5972108284051167
DBA (0.1ug/ml),0.05952780504953565,-0.05010666960228849,1.109634474651824
DBA (1ug/ml),0.07092425400158084,-0.07618938087128702,1.1471136348728679
DBA (10ug/ml),0.14530972416603116,0.0732661071206554,1.0720436170453758
DBA (100 ug/ml),0.14606006023114249,0.07359445231351514,1.0724656079176274
CF-05/27/2011 (0.1ug/ml),0.2424974183130964,0.33307121574591125,0.9094262025671851
CF-(05/27/2011) (1ug/ml),0.17510368364054563,0.4219113767246929,0.7531923069158527
CF-05/27/2011 (10ug/ml),0.39098096907178165,0.5330559800897763,0.8579249889820053
CF-(05/27/2011) (100ug/ml),0.3789825921054763,0.5475460922965498,0.8314364998089265
HHA(EY Lab) (0.1ug/ml),0.06678585644096766,0.5413237784207418,0.5254620780202259
HHA(EY Lab) (1ug/ml),0.14436697762141512,0.6230715896889184,0.5212953879324967
HHA(EY Lab) (10ug/ml),0.15365204904292634,0.6633182800089912,0.49033376903393516
HHA(EYLab) (100ug/ml),0.1570111827549004,0.6896372917190832,0.4673738910358172
HHL (0.1ug/ml),0.09578359555306742,0.3595262358231869,0.7362573597298805
HHL (1ug/ml),0.11349235752891862,0.49166078288956905,0.6218315746393496
HHL (10ug/ml),0.1103314126328103,0.5269250064043701,0.5834064062284402
HHL (100ug/ml),0.16999276254265022,0.5553170016389297,0.6146757609037206
HAA(Sigma) 0.01ug/ml,0.14894467657598331,0.3698000956360741,0.7791445809399092
HAA Sigma 0.1ug/ml,0.2572412581033377,0.4682957111580953,0.7889455469452424
HAA(Sigma) 1ug/ml,0.3395026473929137,0.4796650865270823,0.8598375608658314
HAA 0.1ug/ml,0.07115072369017583,0.03763279933266972,1.0335179243575061
HAA 1ug/ml,0.11685284177710988,0.2114388511181743,0.9054139906589356
HAA 10ug/ml,0.22020801492627812,0.41909446715690357,0.8011135477693745
HAA 100ug/ml,0.22051116192995907,0.43915358688230854,0.7813575750476505
HPA (0.1ug/ml),0.17414612481948977,0.46658632828539215,0.7075597965340976
HPA (1ug/ml),0.23798635541454966,0.552411744550888,0.6855746108636616
HPA (10ug/ml),0.28256336265159276,0.5714023956626219,0.7111609669889709
HPA (100ug/ml),0.3005782674384584,0.5677163418266096,0.7328619256118488
CSA(EY Lab) (0.1ug/ml),0.06069373383976133,0.15848919390520066,0.9022045399345606
CSA(EY Lab) (1ug/ml),0.11024181310679843,0.3422557373270214,0.767986075779777
CSA(EY Lab) (10ug/ml),0.12121863950694137,0.4692563074940145,0.6519623320129269
CSA(EY Lab) (100ug/ml),0.17498505589186952,0.5414724063250758,0.6335126495667938
GSL-I-B4 (0.1ug/ml),0.06366253997299742,-0.10367357751682205,1.1673361174898194
GSL-I-B4 (1ug/ml),0.09146996701326704,0.17215855692199056,0.9193114100912765
GSL-I-B4 (10ug/ml),0.13377616176496565,0.5111860624862892,0.6225900992786765
GSL-I-B4 (100 ug/ml),0.22384459559843634,0.6069635373525268,0.6168810582459094
GSL-2 (0.1ug/ml).1,0.10193924166885336,0.5508847056790955,0.5510545359897578
GSL-2 (1ug/ml).1,0.11525950373710162,0.6800380592242741,0.4352214445128275
GSL-2 (10ug/ml).1,0.16406607599572168,0.673302110214105,0.49076396578161663
GSL-2 (100ug/ml).1,0.17832020176890004,0.6009565467371176,0.5773636550317824
Jacalin (EY Lab) (1ug/ml),0.05093215354695876,-0.19800104171967647,1.2489331952666352
Jacalin(EY Lab) (1ug/ml),0.3108822761659573,0.5230222998878562,0.7878599762781011
Jacalin(EY Lab) (100ug/ml),0.38760193916735425,0.5197403314410368,0.8678616077263175
LAA(EY Lab) (1ug/ml),0.14755574020000098,0.0103666655986695,1.1371890746013316
LAA (EY Lab)  (10ug/ml),0.10605124687394805,0.1896746295061872,0.9163766173677609
LAA(EY Lab) (100ug/ml),0.1681269663869094,0.2983127525663338,0.8698142138205756
LBA(EY Lab) (1ug/ml),0.13743181649581443,-0.0607397481298948,1.1981715646257092
LBA (EY Lab)  (10ug/ml),0.1449609245970425,0.20043721395634206,0.9445237106407004
LBA(EY Lab) (100ug/ml),0.2266803265928507,0.2711169632852781,0.9555633633075726
LCA (0.1ug/ml),0.07392894208093721,0.4087090205775217,0.6652199215034156
LCA (1ug/ml),0.09289308323251429,0.7554346006603946,0.3374584825721197
LCA (10ug/ml),0.11015954756739847,0.8275076030187318,0.28265194454866666
LCA (100 ug/ml),0.1545510828132774,0.8013303886185104,0.35322069419476704
LcH (0.1ug/ml),0.04106614816182146,-0.2035388450069464,1.244604993168768
LcH (1ug/ml),0.08495670613352266,0.5813231954388727,0.50363351069465
LcH (10ug/ml),0.11563325686212302,0.7295597432540354,0.3860735136080876
LcH (100ug/ml),0.24510520413614273,0.7121843238745604,0.5329208802615824
LEL (0.1ug/ml),0.07996319988156673,0.16660219173490343,0.9133610081466633
LEL (1ug/ml),0.2714591747377822,0.5651429768568756,0.7063161978809065
LEL (10ug/ml),0.4621267816905307,0.6433020849259834,0.8188246967645473
LEL (100 ug/ml),0.5589569222619293,0.6521160346567796,0.9068408876051497
LEA 100ug/ml,0.2926049382835703,0.5521100122083772,0.7404949260751932
LEA 1ug/ml,0.10325916921635656,0.0389052749093608,1.0643538943069957
NPA 0.1ug/ml,0.05973925424246091,0.40022886697085147,0.6595103872716095
NPA 1ug/ml,0.08559503431798636,0.5611342357897281,0.5244607985282582
LFA(EY Lab) (1ug/ml),0.12247336726865195,0.009660266781366444,1.1128131004872854
NPA 10ug/ml,0.09163600290514205,0.5919985981392125,0.49963740476592955
NPA 100ug/ml,0.12594232229593316,0.6464330201312473,0.4795093021646859
LFA (EY Lab)  (10ug/ml),0.09692164854717354,0.16002516094872876,0.9368964875984448
LFA(EY Lab) (100ug/ml),0.1712259790618074,0.137279466552247,1.0339465125095604
LTL (0.1ug/ml),0.06295513200720103,0.023498229629962397,1.0394569023772386
LTL (1ug/ml),0.07728598531780277,0.09044396906065877,0.986842016257144
LTL (10ug/ml),0.1199999215291532,0.10521610983098029,1.0147838116981729
LTL (100ug/ml),0.13285768175740145,0.14196771433599675,0.9908899674214047
MAL I (0.1ug/ml),0.06248169111950324,0.07536794180470852,0.9871137493147947
MAL I (1ug/ml),0.11388781287940518,0.2701180150124717,0.8437697978669335
MAL I (10ug/ml),0.15430907253001602,0.4946591570670581,0.6596499154629579
MAL I (100ug/ml),0.21437432544677246,0.5597594837855591,0.6546148416612134
MAA 0.1ug/ml,0.04238795698188222,-0.20882594053296888,1.251213897514851
MAA 1ug/ml,0.037069590725707875,-0.13251016280807404,1.169579753533782
MAA 10ug/ml,0.07599622595676446,0.2430706584216935,0.832925567535071
MAA 100ug/ml,0.10313738480714614,-0.2002449076305599,1.303382292437706
PHA-E (0.1ug/ml),0.10127164755799889,0.46320190036248954,0.6380697471955094
PHA-E (1ug/ml),0.1774853479636559,0.6862382138075585,0.49124713415609744
PHA-E (10ug/ml),0.22013496437666244,0.7726166501641496,0.44751831421251287
PHA-E (100ug/ml),0.19132270036052726,0.7974577873081906,0.3938649130523366
MAA(Seikagaku) (0.1ug/ml),0.10485284863432459,0.44285629437311835,0.6619965542612063
MAA(Seikagaku) (1ug/ml),0.1723370294838294,0.5088495420591463,0.663487487424683
MAA(Seikagaku) (10ug/ml),0.21550081809468874,0.5930002535864136,0.6225005645082751
MAA(Seikagaku) (100ug/ml),0.32163942752164887,0.622378654345018,0.6992607731766308
MAL II (0.1ug/ml),0.05868738245873445,-0.14035973714396,1.1990471196026944
MAL II (1ug/ml),0.09318200067501356,0.1818106169640039,0.9113713837110097
PHA-E (0.1ug/ml).1,0.08282368045215203,0.2248722849581355,0.8579513954940166
MAL II (10ug/ml),0.13071250225518033,0.41317965817785973,0.7175328440773205
MAL II (100 ug/ml),0.15420813735802444,0.3605238125983976,0.7936843247596268
PHA-E (1ug/ml).1,0.057435169256750476,-0.10113880643427486,1.1585739756910254
MPL (0.1ug/ml),0.08130470461376492,0.00899462863020295,1.072310075983562
PHA-E (10 ug/ml),0.0968373550361736,0.24496267647279735,0.8518746785633763
MPL (1ug/ml),0.20545898417079092,0.29625534391018593,0.909203640260605
PHA-E (100ug/ml).1,0.07225627969799969,0.3411967542131027,0.731059525484897
MPL (0.5ug/ml),0.08259911911709192,0.15950571522645063,0.9230934038906413
MPL (10ug/ml),0.3137391937827878,0.5489183882864366,0.7648208054963512
MPL (100ug/ml),0.3960194879995084,0.5210967123201666,0.8749227756793418
PSL 0.1ug/ml,0.04511817951530291,-0.21926010828024212,1.264378287795545
PSL 1ug/ml,0.052977621071865245,0.3541302482101675,0.6988473728616977
PHA-L (0.1ug/ml),0.06368967395413319,0.02639569298755029,1.0372939809665829
PHA-L (1ug/ml),0.10099981984653308,0.4931082959932398,0.6078915238532933
PSL 10ug/ml,0.12526176792504215,0.7376999985027262,0.387561769422316
PSL 100ug/ml,0.17575586054766945,0.7569412744821407,0.4188145860655288
PHA-L (10ug/ml),0.12705466954560632,0.6058020113719529,0.5212526581736534
PHA-L (100ug/ml),0.1018043348716723,0.683731871916422,0.41807246295525025
PHA_L (10ug/ml),0.13276356637474915,0.37038493211699386,0.7623786342577553
PTA-Gal 0.1ug/ml,0.049860880232043096,-0.19282289071588465,1.2426837709479277
PTA-Gal 1ug/ml,0.08551095017067709,-0.044993583571984797,1.1305045337426618
PTA-Gal 10ug/ml,0.1567146076989804,0.3277212884599213,0.8289933192390591
PTA-Gal 100ug/ml,0.17795265920986483,0.49971036922025147,0.6782422899896133
PTL-I (0.1ug/ml),0.09245537822841761,0.12617155796912682,0.9662838202592908
PTL-I (1ug/ml),0.0988665613440904,0.4100279767641629,0.6888385845799275
PTL-I (10ug/ml),0.15264603738804824,0.5582681497412585,0.5943778876467898
PTL-I (100ug/ml),0.19039393478945357,0.6386685374565622,0.5517253973328914
PTL-II (0.1ug/ml),0.08109575790565586,0.135199021981665,0.9458967359239908
PTL-II (1ug/ml),0.15068235754151302,0.24147080485837658,0.9092115526831365
PTL-II (10ug/ml),0.15646905617988024,0.2997588508886796,0.8567102052912007
PTL-II (100ug/ml),0.16762222487242032,0.2976212911495023,0.870000933722918
RCA I (EY Lab) (0.1ug/ml),0.22062102336724693,0.6580073223866136,0.5626137009806333
RCA I (EY Lab) (1ug/ml),0.3894184727190167,0.6670874224506287,0.722331050268388
RCA-I(EY Lab) (10ug/ml),0.5755714974741316,0.6425235787112134,0.9330479187629183
RCAI (Vector) (0.1 ug/ml),0.11537225846723567,0.6026120362069531,0.5127602222602825
PHA-L (0.1ug/ml).1,0.04530644943602621,-0.07139895602120006,1.1167054054572263
RCAI (Vector) (1 ug/ml),0.31363748129989577,0.6910784312355892,0.6225590500643066
PHA-L (1ug/ml).1,0.04176273091996131,-0.21363518810881832,1.2553979190287796
RCAI (Vector) (10 ug/ml),0.5627708766668033,0.6832304809722116,0.8795403956945916
PHA-L (10ug/ml).1,0.05697713951346222,0.25422513135873204,0.8027520081547301
PHA-L (100ug/ml).1,0.07479302050141433,0.59991290095853,0.47488011954288434
RCAI (Vector) (100ug/ml),0.5091785001817377,0.6204910914695918,0.8886874087121459
RPA (0.1ug/ml),0.044326552282930226,-0.10189793164392347,1.1462244839268536
PNA (EY lab) (10ug/ml),0.17208245445362094,0.5453722308698629,0.626710223583758
RPA(EY Lab) (1ug/ml),0.02998454802320883,-0.32672459026885625,1.356709138292065
RPA(EY Lab) (10ug/ml),0.08970566215531449,0.39581896675281825,0.6938866954024963
RPA (100ug/ml),0.13318361703545212,0.6261574322258261,0.507026184809626
PNA 0.1ug/ml,0.05145618784736573,0.010239895291673129,1.0412162925556927
PNA 1ug/ml,0.12859156059551866,0.44938760979665815,0.6792039507988605
PNA 10ug/ml,0.2041682990077809,0.5899300373565415,0.6142382616512394
PNA100ug/ml,0.1677346146618288,0.5913459636914677,0.5763886509703611
PNA (1 ug/ml),0.027018333717942097,-1.2069930070264192,2.2340113407443614
PNA (10 ug/ml),0.049297070962703624,-0.22733928071391785,1.2766363516766215
PNA (100 ug/ml),0.14243449818074688,0.2776937485380926,0.8647407496426542
PSA 0.1ug/ml,0.06296010497512723,0.24037222392669189,0.8225878810484354
PSA 1ug/ml,0.08443091848791913,0.7115511706722601,0.37287974781565897
PSA 10ug/ml,0.07328726141857077,0.806220299794964,0.26706696162360677
PSA 100ug/ml,0.14028977115650462,0.7769712930481185,0.36331847810838613
PSA 10ug/ml.1,0.05503605367078299,0.612520092432112,0.442515961238671
SBA 0.1ug/ml,0.06174590793412121,0.04384403032158024,1.017901877612541
SBA 1ug/ml,0.17422936762417163,0.28129664264413257,0.8929327249800391
SBA 10ug/ml,0.16266303003401658,0.5017100910209498,0.6609529390130668
SBA 100ug/ml,0.15554257515045308,0.45166518203002193,0.7038773931204312
SBA(EY lab) (10ug/ml),0.0900250117406507,0.2397403879163048,0.8502846238243459
SBA (1 ug/ml),0.04316726941298794,-0.23522697156663663,1.2783942409796245
SBA (10 ug/ml),0.0582498025166605,-0.05209108201241697,1.1103408845290774
SBA (100 ug/ml),0.1283496113064703,0.38271663194329675,0.7456329793631735
SJA 1ug/ml,0.03912199278895791,-0.08014401307196906,1.119266005860927
SJA 10ug/ml,0.08118998759665332,0.4946956162847831,0.5864943713118702
SJA 100ug/ml,0.12730959500975958,0.6716828433737847,0.4556267516359749
SNA (0.005ug/ml),0.05677112158677839,0.24033762062009145,0.816433500966687
SNA (0.001ug/ml),0.05725363514648144,0.2763180334468818,0.7809356016995996
SNA (0.1ug/ml),0.10210240251361624,0.5332093983460418,0.5688930041675745
SNA (0.5ug/ml),0.12891247079125004,0.6612738111120519,0.46763865967919815
SNA (1ug/ml),0.0957214733849049,0.6037987776062907,0.49192269577861414
SNA (5ug/ml),0.1708905245937915,0.7141921082990417,0.45669841629474983
SNA 10ug/ml,0.3285235680772355,0.43464038340698985,0.8938831846702456
SNA 0.5ug/ml,0.20751987665479088,0.4953894677617745,0.7121304088930164
SNA 100ug/ml,0.16081120123025297,0.5482976040220094,0.6125135972082435
SNA II (EY Lab)  (0.1ug/ml),0.1300832796213904,0.35402405175443274,0.7760592278669577
SNA II(EY Lab) (1ug/ml),0.15684774274978455,0.36698563872976797,0.7898621040200166
SNA II (EY Lab) (10ug/ml),0.2700795944582295,0.3984779682257431,0.8716016262324864
SNA II(EY Lab) (100ug/ml),0.31173146378662375,0.4547705908429943,0.8569608729436294
STL (0.1ug/ml),0.28158297063622,0.5684636752585879,0.7131192953776322
STL (1ug/ml),0.40985758355109575,0.617089867609965,0.7927677159411308
STL (10ug/ml),0.4478760596288144,0.6866220004342045,0.7612540591946099
STL (100ug/ml),0.36803085960546716,0.6718214047232822,0.6962094548821849
STA(EY Lab) (10ug/ml),0.38243003471197057,0.5302499603547932,0.8521800743571774
TJA-I 0.1ug/ml,0.053530659796300915,-0.1177248420750554,1.1712555018713564
TJA-I 1ug/ml,0.05819877264371949,0.4585845464250804,0.5996142262186391
TJA-I 10ug/ml,0.11729214688186067,0.6899156475343797,0.42737649934748095
TJA-I 100ug/ml,0.21084571517650935,0.6575018377873225,0.5533438773891868
TJA-II 0.1ug/ml,0.0600939343152312,-0.06698044342219855,1.1270743777374297
TJA-II 1ug/ml,0.07209439356430547,0.24355092317334281,0.8285434703909627
TJA-II 10ug/ml,0.17511457832682653,0.4731722804687667,0.7019422978580598
TJA-II 100ug/ml,0.3277757232261221,0.512259517211331,0.8155162060147911
TL(EY Lab) (1ug/ml),0.07256971914040132,0.2728661155056642,0.7997036036347371
TL(EY Lab) (3ug/ml),0.12292913161945307,0.4219133073477712,0.7010158242716819
TL(EY Lab) (10ug/ml),0.21779537246543035,0.6236308572058291,0.5941645152596012
TL(EY Lab) (100ug/ml),0.20421222757131238,0.7447994039850288,0.45941282358628366
UDA 0.1ug/ml,0.07371569635726545,0.4550297334602593,0.6186859628970062
UDA 1ug/ml,0.08077901404266402,0.5301215856609813,0.5506574283816827
UDA 10ug/ml,0.1396524338381045,0.5013293508062174,0.6383230830318871
UDA 100ug/ml,0.29008015241583407,0.593528581940485,0.6965515704753491
UEA I 0.1ug/ml,0.0786534565233665,0.26568060888380307,0.8129728476395635
UEA I 1ug/ml,0.13532875475220388,0.37351436632677704,0.7618143884254268
UEA I 100ug/ml,0.1634616746094251,0.5229974924900387,0.6404641821193864
UEA I 100ug/ml.1,0.16366969325806477,0.5223904669151017,0.6412792263429631
UEA I (EY lab) (10ug/ml),0.1606355514820265,0.4786597393412553,0.6819758121407712
UEAII 1ug/ml,0.045789310027092016,-0.09888202507124566,1.1446713350983377
UEAII 5ug/ml,0.07066767899335397,0.3735199140435994,0.6971477649497546
UEAII 10ug/ml,0.10012541598547668,0.5219950000532709,0.5781304159322057
UEAII 100ug/ml,0.13972084640114446,0.4675406043380578,0.6721802420630867
VFA 100ug/ml,0.13803947258139546,0.3569107088500746,0.7811287637313209
VGA(EY Lab) (1ug/ml),0.07460903466220029,-0.04568396745958725,1.1202930021217876
VGA(EY Lab) (10ug/ml),0.09580811591033905,0.03718361471001308,1.058624501200326
VGA(EY Lab) (100ug/ml),0.16383299147925362,0.23190751238255936,0.9319254790966942
VVL (0.1ug/ml),0.10197085210333183,0.22154449922946962,0.8804263528738622
VVL (1ug/ml),0.1432459905779546,0.3923064626130284,0.7509395279649262
VVL (10ug/ml),0.13733232225045455,0.517902997586033,0.6194293246644216
VVL (1ooug/ml),0.15201893165797153,0.5877169581402506,0.5643019735177209
VVA (EY lab) (1 ug/ml),0.0400829305057352,-0.4694154981002836,1.509498428606019
VVA (EY Lab) (10ug/ml),0.08522341959645391,0.20928052527733143,0.8759428943191225
VVA (EY lab) (100 ug/ml),0.14012821798408306,0.3280903431320843,0.8120378748519987
WFL (0.1ug/ml),0.07978461571705756,0.4501635167741608,0.6296210989428968
WFL (1ug/ml),0.23485037395873662,0.6447394360610115,0.5901109378977252
WFL (10ug/ml),0.3895966790962594,0.6653709254440837,0.7242257536521757
WFL (100ug/ml),0.4432209280664807,0.6229500813222564,0.8202708467442243
WFA(EY Lab) (10ug/ml),0.3385888753604296,0.5813563991804351,0.7572324761799945
WGA 0.01ug,0.10787785879145365,0.29708626674601457,0.810791592045439
WGA 0.1ug/ml,0.3042020274119013,0.5001553424418547,0.8040466849700466
WGA 1ug/ml,0.5104603745024185,0.5330558363230303,0.9774045381793882
WGA 10ug/ml,0.5793140081452467,0.5955654894319513,0.9837485187132954
WGA 100ug/ml,0.5153460445838719,0.594234327894656,0.9211117166892159
WGA 0.1ug/ml.1,0.03125148153292077,-0.5757758238830479,1.6070273054159687
WGA 0.5ug/ml,0.05304710712517579,0.10820808109666291,0.9448390260285129
WGA 1ug/ml.1,0.05580148576882228,0.2443046774436709,0.8114968083251514
WGA 50ug/ml,0.2648020904007474,0.4436705477727677,0.8211315426279797
WGA 100ug/ml.1,0.2468541606054054,0.4995667039232483,0.7472874566821571
WGA 0.1ug/ml.2,0.21666978568260986,0.40086309735153447,0.8158066883310754
WGA 1ug/ml.2,0.40793311561100687,0.5346315702882442,0.8733015453227627
CTB 0.001ug/ml,0.09131934275949163,-0.03626178325908147,1.127581126018573
CTB 0.01ug/ml,0.08304580277633651,0.011626377524395437,1.0714194252519411
CTB 0.1ug/ml,0.10378131739085424,0.0972917709288863,1.0064895464619679
CTB 1ug/ml,0.09543811374994729,0.029287901533216476,1.0661502122167308
CTB 10ug/ml,0.13435126393871488,0.09710554442568531,1.0372457195130296
SNA I (EY Lab) (0.1 ug/ml),0.056542663755121556,0.3314306936688761,0.7251119700862454
SNA I (EY Lab) (100 ug/ml),0.219391461512601,0.6343906651220133,0.5850007963905878
DSA(Seikagaku) (10ug/ml),0.20845878149943936,0.6781149217379772,0.5303438597614623
PA-IL (0.1ug/ml),0.07962435487354366,0.35131347572776417,0.7283108791457795
PA-IL (1ug/ml),0.12477370050174083,0.43488724650384325,0.6898864539978976
PA-IL (10ug/ml),0.2011163752134161,0.48228591105175356,0.7188304641616625
PA-IL (100ug/ml),0.22832371242734373,0.5353882913042403,0.6929354211231035
MNA-M (10ug/ml),0.051647877030130115,0.026378601736629204,1.0252692752935009
MNA-M (50ug/ml),0.1002283995456805,0.6431203547335593,0.4571080448121212
MNA-M (100ug/ml),0.16216133001429678,0.6908686898262065,0.47129264018809025
MOA (0.1ug/ml),0.06907841567380271,0.2308102335254364,0.8382681821483663
MOA (1ug/ml),0.13154318609188853,0.4186807026308218,0.7128624834610667
MOA (10ug/ml),0.265621002973913,0.5951941965284551,0.6704268064454579
UEA I (0.01ug/ml),0.057894585606663836,0.01711026651869929,1.0407843190879646
UEA I (0.1 ug/ml),0.04234151689395174,0.033032417328425434,1.0093090995655263
UEA I (0.5ug/ml),0.07551877658035722,0.19592965376579285,0.8795891228145644
UEA I (1ug/ml),0.10485829808175,0.30070668929445743,0.8041516087872925
UEA I (50 ug/ml),0.22764417981470975,0.4882558571088388,0.739388322705871
UEA I (100 ug/ml),0.3481343190423945,0.4609981654068861,0.8871361536355085
UEA I (10ug/ml),0.12966586082195503,0.4479707840872579,0.6816950767346972
WGA(Seikagaku Bio) (0.01ug/ml),0.10494611565390881,0.06747575913501291,1.0374703565188959
WGA(Seikagaku Bio) (0.2ug/ml),0.21339474994521376,0.45488115113966443,0.7585135988055494
WGA(Seikagaku Bio) (0.04ug/ml),0.1315203045603453,0.3863500410128926,0.7451702635474526
WGA(Seikagaku Bio) (1ug/ml),0.3893378585691899,0.5061743527275051,0.8831635058416848
WGA(Seikagaku) (10ug/ml),0.6126949280843942,0.5313760527545996,1.0813188753297944
WT-VCC (180ug/ml),0.13771031295925518,0.7698858544192206,0.36782445854003454
WT-VCC (10ug/ml),0.11536631313355654,0.5783462354426343,0.5370200776909222
WT-VCC (1ug/ml),0.08976525729023971,0.3307071973592757,0.759058059930964
Gal-7hFc (200ug/ml),0.18404808184345073,0.17767022183461068,1.00637786000884
Gal-7hFc (2ug/ml),0.23666604877730643,-0.21773710213529052,1.454403150912597
IL-2-Gal-7hFc (200ug/ml),0.18588078828627508,0.08099433112722032,1.1048864571590546
IL-2-Gal-7hFc (2ug/ml),0.1075760442936024,-0.9403013087570093,2.0478773530506116
ME5(detected with a-HUD) (20ug/ml),0.13815554862414947,0.24546006332431902,0.8926954852998304
Native HPA 0.1ug/ml,0.14386194678603312,0.37289574911577916,0.770966197670254
Native HPA 1ug/ml,0.27808872469875523,0.427256040560966,0.8508326841377892
Native HPA 10ug/ml,0.35818940095081664,0.4683898653831924,0.8897995355676243
Native HPA 180ug/ml,0.31380185117290493,0.5456894794234673,0.7681123717494376
HPAIIITrx 200ug/ml,0.12049905399776425,0.2098195617002181,0.9106794922975462
HPAIIIH 200ug/ml,0.1588503746871547,0.22602030290760344,0.9328300717795512
HPAIIIHS 37ug/ml,0.15155284577058345,0.3387067258087144,0.8128461199618691
AAL-2 (0.1ug/ml),0.12086374122804663,0.39105073361795406,0.7298130076100926
AAL-2 (10ug/ml),0.2105829143063187,0.5259803202503719,0.6846025940559468
AAL-2 (200ug/ml),0.2773012758429675,0.6028660664179175,0.67443520942505
AAL (100ug/ml),0.13992173765962604,0.35768670215566467,0.7822350355039613
AAL (200ug/ml),0.17826090596140418,0.3631766356848197,0.8150842702765845
MSMEG3662-2b 200ug/ml,0.08518714526366293,0.17812958411257795,0.9070575611510849
AAL (20ug/ml),0.0709374751614919,-0.00021554651590816043,1.0711530216774001
LSL-150 2ug/ml,0.1636981468141844,0.8042510267101002,0.3594471201040842
ME5(detected with a-HUD) (2ug/ml),0.1440045331477879,0.28816164930393606,0.8558428838438519
LSL-150 0.2ug/ml,0.11636963652168776,0.7614306793442963,0.35493895717739143
LSL-150 0.02ug/ml,0.06835823906166004,0.6168820564749834,0.45147618258667666
ME5(detected with a-HUD) (0.2ug/ml),0.12303456269922286,0.16263822275469553,0.9603963399445273
LBL-152 2ug/ml,0.11231130223374738,0.7651357561877722,0.3471755460459752
LBL-152 0.2ug/ml,0.08579107672556731,0.7022193256436713,0.383571751081896
ME7(detected with a-HUD) (20ug/ml),0.12904156049709714,0.2797878987985556,0.8492536616985416
LBL-152 0.02ug/ml,0.08716539030696396,0.514179280867068,0.572986109439896
ME7(detected with a-HUD) (2ug/ml),0.12770070906649517,0.3252962627942241,0.802404446272271
SGA (0.1ug/ml),0.09996930318684658,0.36622120131051983,0.7337481018763268
ME7(detected with a-HUD) (0.2ug/ml),0.1182638133877533,0.14742946172093108,0.9708343516668222
SGA (1ug/ml),0.10203004335849365,0.4672027883131451,0.6348272550453485
SGA (10ug/ml),0.17057789315224203,0.6657264161507233,0.5048514770015188
SGA (200ug/ml),0.22139385013717724,0.7607958967228505,0.46059795341432674
AHL (0.1ug/ml),0.12419293719279942,0.5159732325681456,0.6082197046246538
hGal-1-488 185ug/ml,0.34263812626217627,0.5978165864301599,0.7448215398320164
Gal-1-488+L5 185ug/ml,0.3161277521248786,0.6015689571055989,0.7145587950192798
hGal-1-488+L5-UR 185ug/ml,0.2863434377683259,0.6345753156984886,0.6517681220698373
hGal-1-488+L5-UR(22-45) 185ug/ml,0.3319147052968136,0.5762256475668062,0.7556890577300075
AHL (1ug/ml),0.1118904013160109,0.47960608714918673,0.6322843141668242
AHL (10ug/ml),0.19974358058651623,0.6941412787217314,0.5056023018647848
AHL (200ug/ml),0.21077850808243814,0.7407037876652667,0.47007472041717147
SSR1 200ug/ml,0.5986895034338211,0.6202145363624365,0.9784749670713846
SSR2 200ug/ml,0.47166596630360524,0.626927281529513,0.8447386847740922
SSR3 200ug/ml,0.14788118703666642,0.42302306748661855,0.7248581195500479
Als3-41 200ug/ml,0.14958526292372876,-0.01636295225898321,1.1659482151827119
Als3-N 200ug/ml,0.1498450861881572,-0.03291164755086995,1.1827567337390272
CrataBL (200ug/ml),0.24864928380509327,0.057602146143324706,1.1910471376617686
CrataBL (20ug/ml),0.16398624825795868,0.33905859887363543,0.8249276493843233
PpFlo2 200ug/ml,0.2560999902696932,0.6366060125948921,0.6194939776748011
PpFlo2 20ug/ml,0.18083369924129314,0.6687822038535977,0.5120514953876955
EPa3 (200ug/ml),0.09404825997930027,0.21075186706013194,0.8832963929191684
EPa3-Lac (200ug/ml),0.09111333112724654,0.0903061648415866,1.00080716628566
EPa6 (200ug/ml),0.14967470027909924,0.5431022151316227,0.6065724851474765
EPa7 (200ug/ml),0.12973675128411088,0.5886196901922345,0.5411170610918764
EPa9 (200ug/ml),0.1617660464204566,0.6986414838169315,0.46312456260352514
CFEM-SCL (200ug/ml),0.12122948077240828,0.26611265466259126,0.855116826109817
CFEM-PPm (200ug/ml),0.09005038561669601,0.18413462709425743,0.9059157585224386
CFEM-PPL (200ug/ml),0.10637012230844546,0.2883332594746212,0.8180368628338243
CFEM-CGL (200ug/ml),0.08500190920538953,0.01939482717187413,1.0656070820335155
EUL S2 WT (200ug/ml),0.09397022156682655,0.5651466718601702,0.5288235497066563
Gal-12 200ug/ml,0.0696193150156842,0.13859413091589678,0.9310251840997874
SSL0-488 (200ug/ml),0.1818106952666343,0.36389046357530785,0.8179202316913264
SSL0-488 (200ug/ml).1,0.12730286379008915,0.4137460315176994,0.7135568322723898
SSL0-488 (500ug/ml),0.18854372838075872,0.3877845350514404,0.8007591933293183
VLRB.aGPA.23 (200ug/ml),0.15737459355347908,0.06476982009242338,1.0926047734610558
VLRB.aGPA.23 (20ug/ml),0.12865296635613951,0.02884132173177356,1.099811644624366
VLRB.aGPA.23 (2ug/ml),0.11216160261356133,-0.044758822380273955,1.1569204249938352
rNV VLP-Cy3 (200ug/ml),0.18045833597068273,0.492943867648329,0.6875144683223537
rNV VLP-Cy3 (20ug/ml),0.1714012137808943,0.48164615072464156,0.6897550630562528
rNV VLP-Cy3 (2ug/ml),0.10829187453965576,0.290193621719814,0.8180982528198417
CtxB T49I 200ug/ml,0.13216977553578974,0.291840509017664,0.8403292665181257
CtxB H20Y 200ug/ml,0.3323931425929895,0.34966194217798674,0.9827312004150028
CtxB dm 200ug/ml,0.18915094296600857,0.4401640725221736,0.7489868704438349
CtxB classical 200ug/ml,0.23012553986995835,0.3417499630544435,0.8883755768155148
Human DC-Sigh-AF488 200ug/ml,0.16847943712858482,0.16777273674241833,1.0007067003861665
Human DC-Sign-tetramer 200ug/ml,0.16772162533034252,0.2603348570736752,0.9073867682566673
Cp16-#1(50ug/ml),0.1748088292939702,0.3318549129994254,0.8429539162945449
Cp16-#1 (1000ug/ml),0.05813039352296978,0.02954562087201451,1.0285847726509552
XJO6HA(200ug/ml),0.13325186125943334,0.4874410563710221,0.6458108048884112
QHO5HA (200ug/ml),0.15752506392730847,0.45503408398494616,0.7024909799423623
77H1HA (200ug/ml),0.18479884071280855,0.1845735908865216,1.000225249826287
Influenza H16(H16WT) (200ug/ml),0.09029489533942744,-0.01313276226792004,1.1034276576073474
H16F98Y (200ug/ml),0.24297030229180222,0.39342272984673987,0.8495475724450623
GST-P(11)VP8* (200ug/ml),0.21824070831297068,0.7028557512296987,0.515384957083272
GST-P(11)VP8* (20ug/ml),0.11304314459415214,0.6350863066155823,0.47795683797856986
Langerin N288D/K3131 (200ug/ml+20mmCaCl2),0.11024055429545858,0.13118722717790132,0.9790533271175572
drgal3 200ug/ml,0.08432620184613007,0.31596947028262135,0.7683567315635087
drgal9 200ug/ml,0.18142697828245324,0.5365808106026698,0.6448461676797834
AgI/II C123-GFP 200ug/ml,0.07585057666274403,-0.13681935420366975,1.2126699308664137
AgI/II Vhelical-GFP 200ug/ml,0.28803562005057637,-0.16691535739667263,1.454950977447249
MLH13HA (200ug/ml),0.14637964683681173,0.26626125087707275,0.880118395959739
SZHA (200ug/ml),0.16174134766538414,0.5825324345644407,0.5792089131009435
WSNHA (200ug/ml),0.10486711909076131,0.17970255319009032,0.925164565900671
1968H#HA (200ug/ml),0.05706718475061624,0.037246721628334645,1.0198204631222816
BHGHA (200ug/ml),0.23672986173806967,0.48835792759332386,0.7483719341447458
TAstV2 capsid (pH3) (207ug/ml),0.1447953788464025,0.33366139511794424,0.8111339837284582
Galectin-1 (200ug/ml),0.1998826587397187,0.4761818848887296,0.7237007738509891
Galectin-1 (20ug/ml),0.11707289230846891,0.6481185546359032,0.4689543376725657
Galectin-1 (2ug/ml),0.04679518834791344,0.057860832985454747,0.9889343553624587
Gal-3 (0.5ug/ml),0.0957669279651183,-0.02422951553368291,1.1199964434988012
Gal-3 2ug/ml,0.1590761503998315,0.675961476907593,0.48311467349223847
Gal-3 (5ug/ml),0.18613205160345975,0.6559774619109804,0.5301545896924793
Gal-3 (10ug/ml),0.28277454888098336,0.6489426606903719,0.6338318881906115
Gal-3C (0.5ug/ml),0.07723288585602252,0.18432974552425152,0.892903140331771
Gal-3C (2ug/ml),0.09528747215815057,0.6312247544563423,0.4640627177018083
Gal-3C (5ug/ml),0.14355120334887905,0.6006466746887238,0.5429045286601553
Gal-3C (20ug/ml),0.17097575786041758,0.7311696367736782,0.4398061210867394
Gal-3C (50ug/ml),0.254274513153939,0.6910576403785031,0.5632168727754359
MVMp-VLP-old (200ug/ml),0.25098145556881796,0.38069164775854314,0.8702898078102748
MVMp-VLP-new (200ug/ml),0.15873172091635182,0.42684204933962944,0.7318896715767224
MVMi-VLP-new (200ug/ml),0.18731137176492269,0.4314852840756165,0.7558260876893061
MVMi-VLP-old (200ug/ml),0.2107370383480634,0.3500018779116658,0.8607351604363975
